ISO-10303-21;
HEADER;
FILE_DESCRIPTION(('Open CASCADE Model'),'2;1');
FILE_NAME('foot_right_bonded','2026-09-24T00:49:28',('Author'),(
    'Open CASCADE'),'Open CASCADE STEP processor 7.9','build123d',
  'Unknown');
FILE_SCHEMA(('AUTOMOTIVE_DESIGN { 1 0 10303 214 1 1 1 1 }'));
ENDSEC;
DATA;
#1 = APPLICATION_PROTOCOL_DEFINITION('international standard',
  'automotive_design',2000,#2);
#2 = APPLICATION_CONTEXT(
  'core data for automotive mechanical design processes');
#3 = SHAPE_DEFINITION_REPRESENTATION(#4,#10);
#4 = PRODUCT_DEFINITION_SHAPE('','',#5);
#5 = PRODUCT_DEFINITION('design','',#6,#9);
#6 = PRODUCT_DEFINITION_FORMATION('','',#7);
#7 = PRODUCT('foot_right_bonded','foot_right_bonded','',(#8));
#8 = PRODUCT_CONTEXT('',#2,'mechanical');
#9 = PRODUCT_DEFINITION_CONTEXT('part definition',#2,'design');
#10 = ADVANCED_BREP_SHAPE_REPRESENTATION('',(#11,#15),#7205);
#11 = AXIS2_PLACEMENT_3D('',#12,#13,#14);
#12 = CARTESIAN_POINT('',(0.,0.,0.));
#13 = DIRECTION('',(0.,0.,1.));
#14 = DIRECTION('',(1.,0.,-0.));
#15 = MANIFOLD_SOLID_BREP('',#16);
#16 = CLOSED_SHELL('',(#17,#137,#220,#1888,#1943,#2017,#2071,#2120,#2174
    ,#2246,#2318,#2367,#2416,#2465,#2514,#2563,#2612,#2689,#2761,#2788,
    #2864,#2911,#2960,#3007,#3054,#3101,#3148,#3193,#3240,#3289,#3334,
    #3361,#3437,#3486,#3535,#3562,#3638,#3687,#3734,#3783,#3830,#3877,
    #3924,#3949,#4025,#4074,#4123,#4150,#4222,#4267,#4314,#4361,#4408,
    #4453,#4500,#4549,#4594,#4621,#4691,#4740,#4785,#4812,#4888,#4937,
    #4984,#5031,#5076,#5103,#5152,#5231,#5238,#5245,#5252,#5373,#5380,
    #5497,#5504,#5517,#5524,#5639,#5713,#5760,#5807,#5832,#5906,#5953,
    #6000,#6025,#6099,#6146,#6193,#6218,#6339,#6460,#6581,#6657,#6706,
    #6755,#6782,#6858,#6907,#6956,#6983,#7059,#7108,#7157,#7184,#7191,
    #7198));
#17 = ADVANCED_FACE('',(#18),#32,.T.);
#18 = FACE_BOUND('',#19,.T.);
#19 = EDGE_LOOP('',(#20,#55,#83,#111));
#20 = ORIENTED_EDGE('',*,*,#21,.T.);
#21 = EDGE_CURVE('',#22,#24,#26,.T.);
#22 = VERTEX_POINT('',#23);
#23 = CARTESIAN_POINT('',(172.5,161.25,5.));
#24 = VERTEX_POINT('',#25);
#25 = CARTESIAN_POINT('',(172.5,161.25,9.));
#26 = SURFACE_CURVE('',#27,(#31,#43),.PCURVE_S1.);
#27 = LINE('',#28,#29);
#28 = CARTESIAN_POINT('',(172.5,161.25,0.));
#29 = VECTOR('',#30,1.);
#30 = DIRECTION('',(0.,0.,1.));
#31 = PCURVE('',#32,#37);
#32 = PLANE('',#33);
#33 = AXIS2_PLACEMENT_3D('',#34,#35,#36);
#34 = CARTESIAN_POINT('',(172.5,2.5,0.));
#35 = DIRECTION('',(1.,0.,0.));
#36 = DIRECTION('',(0.,0.,1.));
#37 = DEFINITIONAL_REPRESENTATION('',(#38),#42);
#38 = LINE('',#39,#40);
#39 = CARTESIAN_POINT('',(0.,-158.75));
#40 = VECTOR('',#41,1.);
#41 = DIRECTION('',(1.,0.));
#42 = ( GEOMETRIC_REPRESENTATION_CONTEXT(2) 
PARAMETRIC_REPRESENTATION_CONTEXT() REPRESENTATION_CONTEXT('2D SPACE',''
  ) );
#43 = PCURVE('',#44,#49);
#44 = CYLINDRICAL_SURFACE('',#45,7.);
#45 = AXIS2_PLACEMENT_3D('',#46,#47,#48);
#46 = CARTESIAN_POINT('',(165.5,161.25,0.));
#47 = DIRECTION('',(0.,0.,1.));
#48 = DIRECTION('',(1.,0.,0.));
#49 = DEFINITIONAL_REPRESENTATION('',(#50),#54);
#50 = LINE('',#51,#52);
#51 = CARTESIAN_POINT('',(0.,0.));
#52 = VECTOR('',#53,1.);
#53 = DIRECTION('',(0.,1.));
#54 = ( GEOMETRIC_REPRESENTATION_CONTEXT(2) 
PARAMETRIC_REPRESENTATION_CONTEXT() REPRESENTATION_CONTEXT('2D SPACE',''
  ) );
#55 = ORIENTED_EDGE('',*,*,#56,.F.);
#56 = EDGE_CURVE('',#57,#24,#59,.T.);
#57 = VERTEX_POINT('',#58);
#58 = CARTESIAN_POINT('',(172.5,14.,9.));
#59 = SURFACE_CURVE('',#60,(#64,#71),.PCURVE_S1.);
#60 = LINE('',#61,#62);
#61 = CARTESIAN_POINT('',(172.5,2.5,9.));
#62 = VECTOR('',#63,1.);
#63 = DIRECTION('',(0.,1.,0.));
#64 = PCURVE('',#32,#65);
#65 = DEFINITIONAL_REPRESENTATION('',(#66),#70);
#66 = LINE('',#67,#68);
#67 = CARTESIAN_POINT('',(9.,0.));
#68 = VECTOR('',#69,1.);
#69 = DIRECTION('',(0.,-1.));
#70 = ( GEOMETRIC_REPRESENTATION_CONTEXT(2) 
PARAMETRIC_REPRESENTATION_CONTEXT() REPRESENTATION_CONTEXT('2D SPACE',''
  ) );
#71 = PCURVE('',#72,#77);
#72 = PLANE('',#73);
#73 = AXIS2_PLACEMENT_3D('',#74,#75,#76);
#74 = CARTESIAN_POINT('',(0.,2.5,9.));
#75 = DIRECTION('',(0.,0.,1.));
#76 = DIRECTION('',(1.,0.,0.));
#77 = DEFINITIONAL_REPRESENTATION('',(#78),#82);
#78 = LINE('',#79,#80);
#79 = CARTESIAN_POINT('',(172.5,0.));
#80 = VECTOR('',#81,1.);
#81 = DIRECTION('',(0.,1.));
#82 = ( GEOMETRIC_REPRESENTATION_CONTEXT(2) 
PARAMETRIC_REPRESENTATION_CONTEXT() REPRESENTATION_CONTEXT('2D SPACE',''
  ) );
#83 = ORIENTED_EDGE('',*,*,#84,.F.);
#84 = EDGE_CURVE('',#85,#57,#87,.T.);
#85 = VERTEX_POINT('',#86);
#86 = CARTESIAN_POINT('',(172.5,14.,5.));
#87 = SURFACE_CURVE('',#88,(#92,#99),.PCURVE_S1.);
#88 = LINE('',#89,#90);
#89 = CARTESIAN_POINT('',(172.5,14.,0.));
#90 = VECTOR('',#91,1.);
#91 = DIRECTION('',(0.,0.,1.));
#92 = PCURVE('',#32,#93);
#93 = DEFINITIONAL_REPRESENTATION('',(#94),#98);
#94 = LINE('',#95,#96);
#95 = CARTESIAN_POINT('',(0.,-11.5));
#96 = VECTOR('',#97,1.);
#97 = DIRECTION('',(1.,0.));
#98 = ( GEOMETRIC_REPRESENTATION_CONTEXT(2) 
PARAMETRIC_REPRESENTATION_CONTEXT() REPRESENTATION_CONTEXT('2D SPACE',''
  ) );
#99 = PCURVE('',#100,#105);
#100 = CYLINDRICAL_SURFACE('',#101,11.5);
#101 = AXIS2_PLACEMENT_3D('',#102,#103,#104);
#102 = CARTESIAN_POINT('',(161.,14.,0.));
#103 = DIRECTION('',(0.,0.,1.));
#104 = DIRECTION('',(1.,0.,0.));
#105 = DEFINITIONAL_REPRESENTATION('',(#106),#110);
#106 = LINE('',#107,#108);
#107 = CARTESIAN_POINT('',(6.28318530718,0.));
#108 = VECTOR('',#109,1.);
#109 = DIRECTION('',(-0.,1.));
#110 = ( GEOMETRIC_REPRESENTATION_CONTEXT(2) 
PARAMETRIC_REPRESENTATION_CONTEXT() REPRESENTATION_CONTEXT('2D SPACE',''
  ) );
#111 = ORIENTED_EDGE('',*,*,#112,.T.);
#112 = EDGE_CURVE('',#85,#22,#113,.T.);
#113 = SURFACE_CURVE('',#114,(#118,#125),.PCURVE_S1.);
#114 = LINE('',#115,#116);
#115 = CARTESIAN_POINT('',(172.5,14.,5.));
#116 = VECTOR('',#117,1.);
#117 = DIRECTION('',(0.,1.,0.));
#118 = PCURVE('',#32,#119);
#119 = DEFINITIONAL_REPRESENTATION('',(#120),#124);
#120 = LINE('',#121,#122);
#121 = CARTESIAN_POINT('',(5.,-11.5));
#122 = VECTOR('',#123,1.);
#123 = DIRECTION('',(0.,-1.));
#124 = ( GEOMETRIC_REPRESENTATION_CONTEXT(2) 
PARAMETRIC_REPRESENTATION_CONTEXT() REPRESENTATION_CONTEXT('2D SPACE',''
  ) );
#125 = PCURVE('',#126,#131);
#126 = PLANE('',#127);
#127 = AXIS2_PLACEMENT_3D('',#128,#129,#130);
#128 = CARTESIAN_POINT('',(170.,14.,2.5));
#129 = DIRECTION('',(-0.707106781187,-1.011079321253E-17,0.707106781187)
  );
#130 = DIRECTION('',(-7.149410443757E-18,1.,7.149410443757E-18));
#131 = DEFINITIONAL_REPRESENTATION('',(#132),#136);
#132 = LINE('',#133,#134);
#133 = CARTESIAN_POINT('',(7.703719777549E-34,-3.535533905933));
#134 = VECTOR('',#135,1.);
#135 = DIRECTION('',(1.,-4.140771889992E-34));
#136 = ( GEOMETRIC_REPRESENTATION_CONTEXT(2) 
PARAMETRIC_REPRESENTATION_CONTEXT() REPRESENTATION_CONTEXT('2D SPACE',''
  ) );
#137 = ADVANCED_FACE('',(#138),#44,.T.);
#138 = FACE_BOUND('',#139,.T.);
#139 = EDGE_LOOP('',(#140,#141,#170,#198));
#140 = ORIENTED_EDGE('',*,*,#21,.F.);
#141 = ORIENTED_EDGE('',*,*,#142,.T.);
#142 = EDGE_CURVE('',#22,#143,#145,.T.);
#143 = VERTEX_POINT('',#144);
#144 = CARTESIAN_POINT('',(165.5,168.25,5.));
#145 = SURFACE_CURVE('',#146,(#151,#158),.PCURVE_S1.);
#146 = CIRCLE('',#147,7.);
#147 = AXIS2_PLACEMENT_3D('',#148,#149,#150);
#148 = CARTESIAN_POINT('',(165.5,161.25,5.));
#149 = DIRECTION('',(0.,0.,1.));
#150 = DIRECTION('',(1.,0.,0.));
#151 = PCURVE('',#44,#152);
#152 = DEFINITIONAL_REPRESENTATION('',(#153),#157);
#153 = LINE('',#154,#155);
#154 = CARTESIAN_POINT('',(0.,5.));
#155 = VECTOR('',#156,1.);
#156 = DIRECTION('',(1.,0.));
#157 = ( GEOMETRIC_REPRESENTATION_CONTEXT(2) 
PARAMETRIC_REPRESENTATION_CONTEXT() REPRESENTATION_CONTEXT('2D SPACE',''
  ) );
#158 = PCURVE('',#159,#164);
#159 = CONICAL_SURFACE('',#160,7.,0.785398163397);
#160 = AXIS2_PLACEMENT_3D('',#161,#162,#163);
#161 = CARTESIAN_POINT('',(165.5,161.25,5.));
#162 = DIRECTION('',(0.,0.,1.));
#163 = DIRECTION('',(1.,0.,0.));
#164 = DEFINITIONAL_REPRESENTATION('',(#165),#169);
#165 = LINE('',#166,#167);
#166 = CARTESIAN_POINT('',(0.,-0.));
#167 = VECTOR('',#168,1.);
#168 = DIRECTION('',(1.,-0.));
#169 = ( GEOMETRIC_REPRESENTATION_CONTEXT(2) 
PARAMETRIC_REPRESENTATION_CONTEXT() REPRESENTATION_CONTEXT('2D SPACE',''
  ) );
#170 = ORIENTED_EDGE('',*,*,#171,.T.);
#171 = EDGE_CURVE('',#143,#172,#174,.T.);
#172 = VERTEX_POINT('',#173);
#173 = CARTESIAN_POINT('',(165.5,168.25,9.));
#174 = SURFACE_CURVE('',#175,(#179,#186),.PCURVE_S1.);
#175 = LINE('',#176,#177);
#176 = CARTESIAN_POINT('',(165.5,168.25,0.));
#177 = VECTOR('',#178,1.);
#178 = DIRECTION('',(0.,0.,1.));
#179 = PCURVE('',#44,#180);
#180 = DEFINITIONAL_REPRESENTATION('',(#181),#185);
#181 = LINE('',#182,#183);
#182 = CARTESIAN_POINT('',(1.570796326795,0.));
#183 = VECTOR('',#184,1.);
#184 = DIRECTION('',(0.,1.));
#185 = ( GEOMETRIC_REPRESENTATION_CONTEXT(2) 
PARAMETRIC_REPRESENTATION_CONTEXT() REPRESENTATION_CONTEXT('2D SPACE',''
  ) );
#186 = PCURVE('',#187,#192);
#187 = PLANE('',#188);
#188 = AXIS2_PLACEMENT_3D('',#189,#190,#191);
#189 = CARTESIAN_POINT('',(0.,168.25,0.));
#190 = DIRECTION('',(0.,1.,0.));
#191 = DIRECTION('',(0.,0.,1.));
#192 = DEFINITIONAL_REPRESENTATION('',(#193),#197);
#193 = LINE('',#194,#195);
#194 = CARTESIAN_POINT('',(0.,165.5));
#195 = VECTOR('',#196,1.);
#196 = DIRECTION('',(1.,0.));
#197 = ( GEOMETRIC_REPRESENTATION_CONTEXT(2) 
PARAMETRIC_REPRESENTATION_CONTEXT() REPRESENTATION_CONTEXT('2D SPACE',''
  ) );
#198 = ORIENTED_EDGE('',*,*,#199,.F.);
#199 = EDGE_CURVE('',#24,#172,#200,.T.);
#200 = SURFACE_CURVE('',#201,(#206,#213),.PCURVE_S1.);
#201 = CIRCLE('',#202,7.);
#202 = AXIS2_PLACEMENT_3D('',#203,#204,#205);
#203 = CARTESIAN_POINT('',(165.5,161.25,9.));
#204 = DIRECTION('',(-0.,0.,1.));
#205 = DIRECTION('',(0.,-1.,0.));
#206 = PCURVE('',#44,#207);
#207 = DEFINITIONAL_REPRESENTATION('',(#208),#212);
#208 = LINE('',#209,#210);
#209 = CARTESIAN_POINT('',(-1.570796326795,9.));
#210 = VECTOR('',#211,1.);
#211 = DIRECTION('',(1.,0.));
#212 = ( GEOMETRIC_REPRESENTATION_CONTEXT(2) 
PARAMETRIC_REPRESENTATION_CONTEXT() REPRESENTATION_CONTEXT('2D SPACE',''
  ) );
#213 = PCURVE('',#72,#214);
#214 = DEFINITIONAL_REPRESENTATION('',(#215),#219);
#215 = CIRCLE('',#216,7.);
#216 = AXIS2_PLACEMENT_2D('',#217,#218);
#217 = CARTESIAN_POINT('',(165.5,158.75));
#218 = DIRECTION('',(0.,-1.));
#219 = ( GEOMETRIC_REPRESENTATION_CONTEXT(2) 
PARAMETRIC_REPRESENTATION_CONTEXT() REPRESENTATION_CONTEXT('2D SPACE',''
  ) );
#220 = ADVANCED_FACE('',(#221,#610,#924,#1038,#1248,#1362,#1624,#1730),
  #72,.T.);
#221 = FACE_BOUND('',#222,.T.);
#222 = EDGE_LOOP('',(#223,#224,#225,#248,#276,#304,#332,#360,#388,#416,
    #444,#472,#500,#528,#556,#584));
#223 = ORIENTED_EDGE('',*,*,#56,.T.);
#224 = ORIENTED_EDGE('',*,*,#199,.T.);
#225 = ORIENTED_EDGE('',*,*,#226,.F.);
#226 = EDGE_CURVE('',#227,#172,#229,.T.);
#227 = VERTEX_POINT('',#228);
#228 = CARTESIAN_POINT('',(118.,168.25,9.));
#229 = SURFACE_CURVE('',#230,(#234,#241),.PCURVE_S1.);
#230 = LINE('',#231,#232);
#231 = CARTESIAN_POINT('',(0.,168.25,9.));
#232 = VECTOR('',#233,1.);
#233 = DIRECTION('',(1.,0.,0.));
#234 = PCURVE('',#72,#235);
#235 = DEFINITIONAL_REPRESENTATION('',(#236),#240);
#236 = LINE('',#237,#238);
#237 = CARTESIAN_POINT('',(0.,165.75));
#238 = VECTOR('',#239,1.);
#239 = DIRECTION('',(1.,0.));
#240 = ( GEOMETRIC_REPRESENTATION_CONTEXT(2) 
PARAMETRIC_REPRESENTATION_CONTEXT() REPRESENTATION_CONTEXT('2D SPACE',''
  ) );
#241 = PCURVE('',#187,#242);
#242 = DEFINITIONAL_REPRESENTATION('',(#243),#247);
#243 = LINE('',#244,#245);
#244 = CARTESIAN_POINT('',(9.,0.));
#245 = VECTOR('',#246,1.);
#246 = DIRECTION('',(0.,1.));
#247 = ( GEOMETRIC_REPRESENTATION_CONTEXT(2) 
PARAMETRIC_REPRESENTATION_CONTEXT() REPRESENTATION_CONTEXT('2D SPACE',''
  ) );
#248 = ORIENTED_EDGE('',*,*,#249,.F.);
#249 = EDGE_CURVE('',#250,#227,#252,.T.);
#250 = VERTEX_POINT('',#251);
#251 = CARTESIAN_POINT('',(118.,95.,9.));
#252 = SURFACE_CURVE('',#253,(#257,#264),.PCURVE_S1.);
#253 = LINE('',#254,#255);
#254 = CARTESIAN_POINT('',(118.,48.75,9.));
#255 = VECTOR('',#256,1.);
#256 = DIRECTION('',(0.,1.,0.));
#257 = PCURVE('',#72,#258);
#258 = DEFINITIONAL_REPRESENTATION('',(#259),#263);
#259 = LINE('',#260,#261);
#260 = CARTESIAN_POINT('',(118.,46.25));
#261 = VECTOR('',#262,1.);
#262 = DIRECTION('',(0.,1.));
#263 = ( GEOMETRIC_REPRESENTATION_CONTEXT(2) 
PARAMETRIC_REPRESENTATION_CONTEXT() REPRESENTATION_CONTEXT('2D SPACE',''
  ) );
#264 = PCURVE('',#265,#270);
#265 = PLANE('',#266);
#266 = AXIS2_PLACEMENT_3D('',#267,#268,#269);
#267 = CARTESIAN_POINT('',(118.,95.,-1.));
#268 = DIRECTION('',(1.,0.,0.));
#269 = DIRECTION('',(0.,0.,1.));
#270 = DEFINITIONAL_REPRESENTATION('',(#271),#275);
#271 = LINE('',#272,#273);
#272 = CARTESIAN_POINT('',(10.,46.25));
#273 = VECTOR('',#274,1.);
#274 = DIRECTION('',(0.,-1.));
#275 = ( GEOMETRIC_REPRESENTATION_CONTEXT(2) 
PARAMETRIC_REPRESENTATION_CONTEXT() REPRESENTATION_CONTEXT('2D SPACE',''
  ) );
#276 = ORIENTED_EDGE('',*,*,#277,.T.);
#277 = EDGE_CURVE('',#250,#278,#280,.T.);
#278 = VERTEX_POINT('',#279);
#279 = CARTESIAN_POINT('',(66.,95.,9.));
#280 = SURFACE_CURVE('',#281,(#285,#292),.PCURVE_S1.);
#281 = LINE('',#282,#283);
#282 = CARTESIAN_POINT('',(20.,95.,9.));
#283 = VECTOR('',#284,1.);
#284 = DIRECTION('',(-1.,0.,0.));
#285 = PCURVE('',#72,#286);
#286 = DEFINITIONAL_REPRESENTATION('',(#287),#291);
#287 = LINE('',#288,#289);
#288 = CARTESIAN_POINT('',(20.,92.5));
#289 = VECTOR('',#290,1.);
#290 = DIRECTION('',(-1.,0.));
#291 = ( GEOMETRIC_REPRESENTATION_CONTEXT(2) 
PARAMETRIC_REPRESENTATION_CONTEXT() REPRESENTATION_CONTEXT('2D SPACE',''
  ) );
#292 = PCURVE('',#293,#298);
#293 = PLANE('',#294);
#294 = AXIS2_PLACEMENT_3D('',#295,#296,#297);
#295 = CARTESIAN_POINT('',(40.,95.,-1.));
#296 = DIRECTION('',(0.,1.,0.));
#297 = DIRECTION('',(0.,0.,1.));
#298 = DEFINITIONAL_REPRESENTATION('',(#299),#303);
#299 = LINE('',#300,#301);
#300 = CARTESIAN_POINT('',(10.,-20.));
#301 = VECTOR('',#302,1.);
#302 = DIRECTION('',(0.,-1.));
#303 = ( GEOMETRIC_REPRESENTATION_CONTEXT(2) 
PARAMETRIC_REPRESENTATION_CONTEXT() REPRESENTATION_CONTEXT('2D SPACE',''
  ) );
#304 = ORIENTED_EDGE('',*,*,#305,.F.);
#305 = EDGE_CURVE('',#306,#278,#308,.T.);
#306 = VERTEX_POINT('',#307);
#307 = CARTESIAN_POINT('',(66.,67.,9.));
#308 = SURFACE_CURVE('',#309,(#313,#320),.PCURVE_S1.);
#309 = LINE('',#310,#311);
#310 = CARTESIAN_POINT('',(66.,34.75,9.));
#311 = VECTOR('',#312,1.);
#312 = DIRECTION('',(0.,1.,0.));
#313 = PCURVE('',#72,#314);
#314 = DEFINITIONAL_REPRESENTATION('',(#315),#319);
#315 = LINE('',#316,#317);
#316 = CARTESIAN_POINT('',(66.,32.25));
#317 = VECTOR('',#318,1.);
#318 = DIRECTION('',(0.,1.));
#319 = ( GEOMETRIC_REPRESENTATION_CONTEXT(2) 
PARAMETRIC_REPRESENTATION_CONTEXT() REPRESENTATION_CONTEXT('2D SPACE',''
  ) );
#320 = PCURVE('',#321,#326);
#321 = PLANE('',#322);
#322 = AXIS2_PLACEMENT_3D('',#323,#324,#325);
#323 = CARTESIAN_POINT('',(66.,67.,-1.));
#324 = DIRECTION('',(1.,0.,0.));
#325 = DIRECTION('',(0.,0.,1.));
#326 = DEFINITIONAL_REPRESENTATION('',(#327),#331);
#327 = LINE('',#328,#329);
#328 = CARTESIAN_POINT('',(10.,32.25));
#329 = VECTOR('',#330,1.);
#330 = DIRECTION('',(0.,-1.));
#331 = ( GEOMETRIC_REPRESENTATION_CONTEXT(2) 
PARAMETRIC_REPRESENTATION_CONTEXT() REPRESENTATION_CONTEXT('2D SPACE',''
  ) );
#332 = ORIENTED_EDGE('',*,*,#333,.T.);
#333 = EDGE_CURVE('',#306,#334,#336,.T.);
#334 = VERTEX_POINT('',#335);
#335 = CARTESIAN_POINT('',(35.,67.,9.));
#336 = SURFACE_CURVE('',#337,(#341,#348),.PCURVE_S1.);
#337 = LINE('',#338,#339);
#338 = CARTESIAN_POINT('',(17.5,67.,9.));
#339 = VECTOR('',#340,1.);
#340 = DIRECTION('',(-1.,0.,0.));
#341 = PCURVE('',#72,#342);
#342 = DEFINITIONAL_REPRESENTATION('',(#343),#347);
#343 = LINE('',#344,#345);
#344 = CARTESIAN_POINT('',(17.5,64.5));
#345 = VECTOR('',#346,1.);
#346 = DIRECTION('',(-1.,0.));
#347 = ( GEOMETRIC_REPRESENTATION_CONTEXT(2) 
PARAMETRIC_REPRESENTATION_CONTEXT() REPRESENTATION_CONTEXT('2D SPACE',''
  ) );
#348 = PCURVE('',#349,#354);
#349 = PLANE('',#350);
#350 = AXIS2_PLACEMENT_3D('',#351,#352,#353);
#351 = CARTESIAN_POINT('',(35.,67.,-1.));
#352 = DIRECTION('',(0.,1.,0.));
#353 = DIRECTION('',(0.,0.,1.));
#354 = DEFINITIONAL_REPRESENTATION('',(#355),#359);
#355 = LINE('',#356,#357);
#356 = CARTESIAN_POINT('',(10.,-17.5));
#357 = VECTOR('',#358,1.);
#358 = DIRECTION('',(0.,-1.));
#359 = ( GEOMETRIC_REPRESENTATION_CONTEXT(2) 
PARAMETRIC_REPRESENTATION_CONTEXT() REPRESENTATION_CONTEXT('2D SPACE',''
  ) );
#360 = ORIENTED_EDGE('',*,*,#361,.T.);
#361 = EDGE_CURVE('',#334,#362,#364,.T.);
#362 = VERTEX_POINT('',#363);
#363 = CARTESIAN_POINT('',(35.,168.25,9.));
#364 = SURFACE_CURVE('',#365,(#369,#376),.PCURVE_S1.);
#365 = LINE('',#366,#367);
#366 = CARTESIAN_POINT('',(35.,34.75,9.));
#367 = VECTOR('',#368,1.);
#368 = DIRECTION('',(0.,1.,0.));
#369 = PCURVE('',#72,#370);
#370 = DEFINITIONAL_REPRESENTATION('',(#371),#375);
#371 = LINE('',#372,#373);
#372 = CARTESIAN_POINT('',(35.,32.25));
#373 = VECTOR('',#374,1.);
#374 = DIRECTION('',(0.,1.));
#375 = ( GEOMETRIC_REPRESENTATION_CONTEXT(2) 
PARAMETRIC_REPRESENTATION_CONTEXT() REPRESENTATION_CONTEXT('2D SPACE',''
  ) );
#376 = PCURVE('',#377,#382);
#377 = PLANE('',#378);
#378 = AXIS2_PLACEMENT_3D('',#379,#380,#381);
#379 = CARTESIAN_POINT('',(35.,67.,-1.));
#380 = DIRECTION('',(1.,0.,0.));
#381 = DIRECTION('',(0.,0.,1.));
#382 = DEFINITIONAL_REPRESENTATION('',(#383),#387);
#383 = LINE('',#384,#385);
#384 = CARTESIAN_POINT('',(10.,32.25));
#385 = VECTOR('',#386,1.);
#386 = DIRECTION('',(0.,-1.));
#387 = ( GEOMETRIC_REPRESENTATION_CONTEXT(2) 
PARAMETRIC_REPRESENTATION_CONTEXT() REPRESENTATION_CONTEXT('2D SPACE',''
  ) );
#388 = ORIENTED_EDGE('',*,*,#389,.F.);
#389 = EDGE_CURVE('',#390,#362,#392,.T.);
#390 = VERTEX_POINT('',#391);
#391 = CARTESIAN_POINT('',(0.,168.25,9.));
#392 = SURFACE_CURVE('',#393,(#397,#404),.PCURVE_S1.);
#393 = LINE('',#394,#395);
#394 = CARTESIAN_POINT('',(0.,168.25,9.));
#395 = VECTOR('',#396,1.);
#396 = DIRECTION('',(1.,0.,0.));
#397 = PCURVE('',#72,#398);
#398 = DEFINITIONAL_REPRESENTATION('',(#399),#403);
#399 = LINE('',#400,#401);
#400 = CARTESIAN_POINT('',(0.,165.75));
#401 = VECTOR('',#402,1.);
#402 = DIRECTION('',(1.,0.));
#403 = ( GEOMETRIC_REPRESENTATION_CONTEXT(2) 
PARAMETRIC_REPRESENTATION_CONTEXT() REPRESENTATION_CONTEXT('2D SPACE',''
  ) );
#404 = PCURVE('',#405,#410);
#405 = PLANE('',#406);
#406 = AXIS2_PLACEMENT_3D('',#407,#408,#409);
#407 = CARTESIAN_POINT('',(0.,168.25,0.));
#408 = DIRECTION('',(0.,1.,0.));
#409 = DIRECTION('',(0.,0.,1.));
#410 = DEFINITIONAL_REPRESENTATION('',(#411),#415);
#411 = LINE('',#412,#413);
#412 = CARTESIAN_POINT('',(9.,0.));
#413 = VECTOR('',#414,1.);
#414 = DIRECTION('',(0.,1.));
#415 = ( GEOMETRIC_REPRESENTATION_CONTEXT(2) 
PARAMETRIC_REPRESENTATION_CONTEXT() REPRESENTATION_CONTEXT('2D SPACE',''
  ) );
#416 = ORIENTED_EDGE('',*,*,#417,.F.);
#417 = EDGE_CURVE('',#418,#390,#420,.T.);
#418 = VERTEX_POINT('',#419);
#419 = CARTESIAN_POINT('',(0.,146.,9.));
#420 = SURFACE_CURVE('',#421,(#425,#432),.PCURVE_S1.);
#421 = LINE('',#422,#423);
#422 = CARTESIAN_POINT('',(0.,2.5,9.));
#423 = VECTOR('',#424,1.);
#424 = DIRECTION('',(0.,1.,0.));
#425 = PCURVE('',#72,#426);
#426 = DEFINITIONAL_REPRESENTATION('',(#427),#431);
#427 = LINE('',#428,#429);
#428 = CARTESIAN_POINT('',(0.,0.));
#429 = VECTOR('',#430,1.);
#430 = DIRECTION('',(0.,1.));
#431 = ( GEOMETRIC_REPRESENTATION_CONTEXT(2) 
PARAMETRIC_REPRESENTATION_CONTEXT() REPRESENTATION_CONTEXT('2D SPACE',''
  ) );
#432 = PCURVE('',#433,#438);
#433 = PLANE('',#434);
#434 = AXIS2_PLACEMENT_3D('',#435,#436,#437);
#435 = CARTESIAN_POINT('',(0.,2.5,0.));
#436 = DIRECTION('',(1.,0.,0.));
#437 = DIRECTION('',(0.,0.,1.));
#438 = DEFINITIONAL_REPRESENTATION('',(#439),#443);
#439 = LINE('',#440,#441);
#440 = CARTESIAN_POINT('',(9.,0.));
#441 = VECTOR('',#442,1.);
#442 = DIRECTION('',(0.,-1.));
#443 = ( GEOMETRIC_REPRESENTATION_CONTEXT(2) 
PARAMETRIC_REPRESENTATION_CONTEXT() REPRESENTATION_CONTEXT('2D SPACE',''
  ) );
#444 = ORIENTED_EDGE('',*,*,#445,.F.);
#445 = EDGE_CURVE('',#446,#418,#448,.T.);
#446 = VERTEX_POINT('',#447);
#447 = CARTESIAN_POINT('',(11.,146.,9.));
#448 = SURFACE_CURVE('',#449,(#453,#460),.PCURVE_S1.);
#449 = LINE('',#450,#451);
#450 = CARTESIAN_POINT('',(-0.5,146.,9.));
#451 = VECTOR('',#452,1.);
#452 = DIRECTION('',(-1.,0.,0.));
#453 = PCURVE('',#72,#454);
#454 = DEFINITIONAL_REPRESENTATION('',(#455),#459);
#455 = LINE('',#456,#457);
#456 = CARTESIAN_POINT('',(-0.5,143.5));
#457 = VECTOR('',#458,1.);
#458 = DIRECTION('',(-1.,0.));
#459 = ( GEOMETRIC_REPRESENTATION_CONTEXT(2) 
PARAMETRIC_REPRESENTATION_CONTEXT() REPRESENTATION_CONTEXT('2D SPACE',''
  ) );
#460 = PCURVE('',#461,#466);
#461 = PLANE('',#462);
#462 = AXIS2_PLACEMENT_3D('',#463,#464,#465);
#463 = CARTESIAN_POINT('',(-1.,146.,-1.));
#464 = DIRECTION('',(0.,1.,0.));
#465 = DIRECTION('',(0.,0.,1.));
#466 = DEFINITIONAL_REPRESENTATION('',(#467),#471);
#467 = LINE('',#468,#469);
#468 = CARTESIAN_POINT('',(10.,0.5));
#469 = VECTOR('',#470,1.);
#470 = DIRECTION('',(0.,-1.));
#471 = ( GEOMETRIC_REPRESENTATION_CONTEXT(2) 
PARAMETRIC_REPRESENTATION_CONTEXT() REPRESENTATION_CONTEXT('2D SPACE',''
  ) );
#472 = ORIENTED_EDGE('',*,*,#473,.F.);
#473 = EDGE_CURVE('',#474,#446,#476,.T.);
#474 = VERTEX_POINT('',#475);
#475 = CARTESIAN_POINT('',(11.,126.,9.));
#476 = SURFACE_CURVE('',#477,(#481,#488),.PCURVE_S1.);
#477 = LINE('',#478,#479);
#478 = CARTESIAN_POINT('',(11.,64.25,9.));
#479 = VECTOR('',#480,1.);
#480 = DIRECTION('',(0.,1.,0.));
#481 = PCURVE('',#72,#482);
#482 = DEFINITIONAL_REPRESENTATION('',(#483),#487);
#483 = LINE('',#484,#485);
#484 = CARTESIAN_POINT('',(11.,61.75));
#485 = VECTOR('',#486,1.);
#486 = DIRECTION('',(0.,1.));
#487 = ( GEOMETRIC_REPRESENTATION_CONTEXT(2) 
PARAMETRIC_REPRESENTATION_CONTEXT() REPRESENTATION_CONTEXT('2D SPACE',''
  ) );
#488 = PCURVE('',#489,#494);
#489 = PLANE('',#490);
#490 = AXIS2_PLACEMENT_3D('',#491,#492,#493);
#491 = CARTESIAN_POINT('',(11.,126.,-1.));
#492 = DIRECTION('',(1.,0.,0.));
#493 = DIRECTION('',(0.,0.,1.));
#494 = DEFINITIONAL_REPRESENTATION('',(#495),#499);
#495 = LINE('',#496,#497);
#496 = CARTESIAN_POINT('',(10.,61.75));
#497 = VECTOR('',#498,1.);
#498 = DIRECTION('',(0.,-1.));
#499 = ( GEOMETRIC_REPRESENTATION_CONTEXT(2) 
PARAMETRIC_REPRESENTATION_CONTEXT() REPRESENTATION_CONTEXT('2D SPACE',''
  ) );
#500 = ORIENTED_EDGE('',*,*,#501,.T.);
#501 = EDGE_CURVE('',#474,#502,#504,.T.);
#502 = VERTEX_POINT('',#503);
#503 = CARTESIAN_POINT('',(0.,126.,9.));
#504 = SURFACE_CURVE('',#505,(#509,#516),.PCURVE_S1.);
#505 = LINE('',#506,#507);
#506 = CARTESIAN_POINT('',(-0.5,126.,9.));
#507 = VECTOR('',#508,1.);
#508 = DIRECTION('',(-1.,0.,0.));
#509 = PCURVE('',#72,#510);
#510 = DEFINITIONAL_REPRESENTATION('',(#511),#515);
#511 = LINE('',#512,#513);
#512 = CARTESIAN_POINT('',(-0.5,123.5));
#513 = VECTOR('',#514,1.);
#514 = DIRECTION('',(-1.,0.));
#515 = ( GEOMETRIC_REPRESENTATION_CONTEXT(2) 
PARAMETRIC_REPRESENTATION_CONTEXT() REPRESENTATION_CONTEXT('2D SPACE',''
  ) );
#516 = PCURVE('',#517,#522);
#517 = PLANE('',#518);
#518 = AXIS2_PLACEMENT_3D('',#519,#520,#521);
#519 = CARTESIAN_POINT('',(-1.,126.,-1.));
#520 = DIRECTION('',(0.,1.,0.));
#521 = DIRECTION('',(0.,0.,1.));
#522 = DEFINITIONAL_REPRESENTATION('',(#523),#527);
#523 = LINE('',#524,#525);
#524 = CARTESIAN_POINT('',(10.,0.5));
#525 = VECTOR('',#526,1.);
#526 = DIRECTION('',(0.,-1.));
#527 = ( GEOMETRIC_REPRESENTATION_CONTEXT(2) 
PARAMETRIC_REPRESENTATION_CONTEXT() REPRESENTATION_CONTEXT('2D SPACE',''
  ) );
#528 = ORIENTED_EDGE('',*,*,#529,.F.);
#529 = EDGE_CURVE('',#530,#502,#532,.T.);
#530 = VERTEX_POINT('',#531);
#531 = CARTESIAN_POINT('',(0.,2.5,9.));
#532 = SURFACE_CURVE('',#533,(#537,#544),.PCURVE_S1.);
#533 = LINE('',#534,#535);
#534 = CARTESIAN_POINT('',(0.,2.5,9.));
#535 = VECTOR('',#536,1.);
#536 = DIRECTION('',(0.,1.,0.));
#537 = PCURVE('',#72,#538);
#538 = DEFINITIONAL_REPRESENTATION('',(#539),#543);
#539 = LINE('',#540,#541);
#540 = CARTESIAN_POINT('',(0.,0.));
#541 = VECTOR('',#542,1.);
#542 = DIRECTION('',(0.,1.));
#543 = ( GEOMETRIC_REPRESENTATION_CONTEXT(2) 
PARAMETRIC_REPRESENTATION_CONTEXT() REPRESENTATION_CONTEXT('2D SPACE',''
  ) );
#544 = PCURVE('',#545,#550);
#545 = PLANE('',#546);
#546 = AXIS2_PLACEMENT_3D('',#547,#548,#549);
#547 = CARTESIAN_POINT('',(0.,2.5,0.));
#548 = DIRECTION('',(1.,0.,0.));
#549 = DIRECTION('',(0.,0.,1.));
#550 = DEFINITIONAL_REPRESENTATION('',(#551),#555);
#551 = LINE('',#552,#553);
#552 = CARTESIAN_POINT('',(9.,0.));
#553 = VECTOR('',#554,1.);
#554 = DIRECTION('',(0.,-1.));
#555 = ( GEOMETRIC_REPRESENTATION_CONTEXT(2) 
PARAMETRIC_REPRESENTATION_CONTEXT() REPRESENTATION_CONTEXT('2D SPACE',''
  ) );
#556 = ORIENTED_EDGE('',*,*,#557,.T.);
#557 = EDGE_CURVE('',#530,#558,#560,.T.);
#558 = VERTEX_POINT('',#559);
#559 = CARTESIAN_POINT('',(161.,2.5,9.));
#560 = SURFACE_CURVE('',#561,(#565,#572),.PCURVE_S1.);
#561 = LINE('',#562,#563);
#562 = CARTESIAN_POINT('',(0.,2.5,9.));
#563 = VECTOR('',#564,1.);
#564 = DIRECTION('',(1.,0.,0.));
#565 = PCURVE('',#72,#566);
#566 = DEFINITIONAL_REPRESENTATION('',(#567),#571);
#567 = LINE('',#568,#569);
#568 = CARTESIAN_POINT('',(0.,0.));
#569 = VECTOR('',#570,1.);
#570 = DIRECTION('',(1.,0.));
#571 = ( GEOMETRIC_REPRESENTATION_CONTEXT(2) 
PARAMETRIC_REPRESENTATION_CONTEXT() REPRESENTATION_CONTEXT('2D SPACE',''
  ) );
#572 = PCURVE('',#573,#578);
#573 = PLANE('',#574);
#574 = AXIS2_PLACEMENT_3D('',#575,#576,#577);
#575 = CARTESIAN_POINT('',(0.,2.5,0.));
#576 = DIRECTION('',(0.,1.,0.));
#577 = DIRECTION('',(0.,0.,1.));
#578 = DEFINITIONAL_REPRESENTATION('',(#579),#583);
#579 = LINE('',#580,#581);
#580 = CARTESIAN_POINT('',(9.,0.));
#581 = VECTOR('',#582,1.);
#582 = DIRECTION('',(0.,1.));
#583 = ( GEOMETRIC_REPRESENTATION_CONTEXT(2) 
PARAMETRIC_REPRESENTATION_CONTEXT() REPRESENTATION_CONTEXT('2D SPACE',''
  ) );
#584 = ORIENTED_EDGE('',*,*,#585,.F.);
#585 = EDGE_CURVE('',#57,#558,#586,.T.);
#586 = SURFACE_CURVE('',#587,(#592,#603),.PCURVE_S1.);
#587 = CIRCLE('',#588,11.5);
#588 = AXIS2_PLACEMENT_3D('',#589,#590,#591);
#589 = CARTESIAN_POINT('',(161.,14.,9.));
#590 = DIRECTION('',(-0.,-0.,-1.));
#591 = DIRECTION('',(0.,-1.,0.));
#592 = PCURVE('',#72,#593);
#593 = DEFINITIONAL_REPRESENTATION('',(#594),#602);
#594 = ( BOUNDED_CURVE() B_SPLINE_CURVE(2,(#595,#596,#597,#598,#599,#600
,#601),.UNSPECIFIED.,.T.,.F.) B_SPLINE_CURVE_WITH_KNOTS((1,2,2,2,2,1),(
    -2.094395102393,0.,2.094395102393,4.188790204786,6.28318530718,
8.377580409573),.UNSPECIFIED.) CURVE() GEOMETRIC_REPRESENTATION_ITEM() 
RATIONAL_B_SPLINE_CURVE((1.,0.5,1.,0.5,1.,0.5,1.)) REPRESENTATION_ITEM(
  '') );
#595 = CARTESIAN_POINT('',(161.,0.));
#596 = CARTESIAN_POINT('',(141.08141571295,0.));
#597 = CARTESIAN_POINT('',(151.04070785647,17.25));
#598 = CARTESIAN_POINT('',(161.,34.5));
#599 = CARTESIAN_POINT('',(170.95929214352,17.25));
#600 = CARTESIAN_POINT('',(180.91858428704,1.7763568394E-14));
#601 = CARTESIAN_POINT('',(161.,0.));
#602 = ( GEOMETRIC_REPRESENTATION_CONTEXT(2) 
PARAMETRIC_REPRESENTATION_CONTEXT() REPRESENTATION_CONTEXT('2D SPACE',''
  ) );
#603 = PCURVE('',#100,#604);
#604 = DEFINITIONAL_REPRESENTATION('',(#605),#609);
#605 = LINE('',#606,#607);
#606 = CARTESIAN_POINT('',(10.995574287565,9.));
#607 = VECTOR('',#608,1.);
#608 = DIRECTION('',(-1.,0.));
#609 = ( GEOMETRIC_REPRESENTATION_CONTEXT(2) 
PARAMETRIC_REPRESENTATION_CONTEXT() REPRESENTATION_CONTEXT('2D SPACE',''
  ) );
#610 = FACE_BOUND('',#611,.T.);
#611 = EDGE_LOOP('',(#612,#640,#666,#692,#718,#744,#770,#796,#822,#848,
    #874,#900));
#612 = ORIENTED_EDGE('',*,*,#613,.T.);
#613 = EDGE_CURVE('',#614,#616,#618,.T.);
#614 = VERTEX_POINT('',#615);
#615 = CARTESIAN_POINT('',(78.,13.,9.));
#616 = VERTEX_POINT('',#617);
#617 = CARTESIAN_POINT('',(10.,13.,9.));
#618 = SURFACE_CURVE('',#619,(#623,#629),.PCURVE_S1.);
#619 = LINE('',#620,#621);
#620 = CARTESIAN_POINT('',(5.,13.,9.));
#621 = VECTOR('',#622,1.);
#622 = DIRECTION('',(-1.,-0.,0.));
#623 = PCURVE('',#72,#624);
#624 = DEFINITIONAL_REPRESENTATION('',(#625),#628);
#625 = B_SPLINE_CURVE_WITH_KNOTS('',1,(#626,#627),.UNSPECIFIED.,.F.,.F.,
  (2,2),(-73.,-5.),.PIECEWISE_BEZIER_KNOTS.);
#626 = CARTESIAN_POINT('',(78.,10.5));
#627 = CARTESIAN_POINT('',(10.,10.5));
#628 = ( GEOMETRIC_REPRESENTATION_CONTEXT(2) 
PARAMETRIC_REPRESENTATION_CONTEXT() REPRESENTATION_CONTEXT('2D SPACE',''
  ) );
#629 = PCURVE('',#630,#635);
#630 = PLANE('',#631);
#631 = AXIS2_PLACEMENT_3D('',#632,#633,#634);
#632 = CARTESIAN_POINT('',(10.,13.,2.4));
#633 = DIRECTION('',(-0.,1.,0.));
#634 = DIRECTION('',(0.,0.,1.));
#635 = DEFINITIONAL_REPRESENTATION('',(#636),#639);
#636 = B_SPLINE_CURVE_WITH_KNOTS('',1,(#637,#638),.UNSPECIFIED.,.F.,.F.,
  (2,2),(-73.,-5.),.PIECEWISE_BEZIER_KNOTS.);
#637 = CARTESIAN_POINT('',(6.6,68.));
#638 = CARTESIAN_POINT('',(6.6,0.));
#639 = ( GEOMETRIC_REPRESENTATION_CONTEXT(2) 
PARAMETRIC_REPRESENTATION_CONTEXT() REPRESENTATION_CONTEXT('2D SPACE',''
  ) );
#640 = ORIENTED_EDGE('',*,*,#641,.T.);
#641 = EDGE_CURVE('',#616,#642,#644,.T.);
#642 = VERTEX_POINT('',#643);
#643 = CARTESIAN_POINT('',(10.,76.,9.));
#644 = SURFACE_CURVE('',#645,(#649,#655),.PCURVE_S1.);
#645 = LINE('',#646,#647);
#646 = CARTESIAN_POINT('',(10.,7.75,9.));
#647 = VECTOR('',#648,1.);
#648 = DIRECTION('',(-0.,1.,0.));
#649 = PCURVE('',#72,#650);
#650 = DEFINITIONAL_REPRESENTATION('',(#651),#654);
#651 = B_SPLINE_CURVE_WITH_KNOTS('',1,(#652,#653),.UNSPECIFIED.,.F.,.F.,
  (2,2),(5.25,68.25),.PIECEWISE_BEZIER_KNOTS.);
#652 = CARTESIAN_POINT('',(10.,10.5));
#653 = CARTESIAN_POINT('',(10.,73.5));
#654 = ( GEOMETRIC_REPRESENTATION_CONTEXT(2) 
PARAMETRIC_REPRESENTATION_CONTEXT() REPRESENTATION_CONTEXT('2D SPACE',''
  ) );
#655 = PCURVE('',#656,#661);
#656 = PLANE('',#657);
#657 = AXIS2_PLACEMENT_3D('',#658,#659,#660);
#658 = CARTESIAN_POINT('',(10.,13.,2.4));
#659 = DIRECTION('',(1.,0.,-0.));
#660 = DIRECTION('',(0.,0.,1.));
#661 = DEFINITIONAL_REPRESENTATION('',(#662),#665);
#662 = B_SPLINE_CURVE_WITH_KNOTS('',1,(#663,#664),.UNSPECIFIED.,.F.,.F.,
  (2,2),(5.25,68.25),.PIECEWISE_BEZIER_KNOTS.);
#663 = CARTESIAN_POINT('',(6.6,0.));
#664 = CARTESIAN_POINT('',(6.6,-63.));
#665 = ( GEOMETRIC_REPRESENTATION_CONTEXT(2) 
PARAMETRIC_REPRESENTATION_CONTEXT() REPRESENTATION_CONTEXT('2D SPACE',''
  ) );
#666 = ORIENTED_EDGE('',*,*,#667,.F.);
#667 = EDGE_CURVE('',#668,#642,#670,.T.);
#668 = VERTEX_POINT('',#669);
#669 = CARTESIAN_POINT('',(32.,76.,9.));
#670 = SURFACE_CURVE('',#671,(#675,#681),.PCURVE_S1.);
#671 = LINE('',#672,#673);
#672 = CARTESIAN_POINT('',(5.,76.,9.));
#673 = VECTOR('',#674,1.);
#674 = DIRECTION('',(-1.,-0.,0.));
#675 = PCURVE('',#72,#676);
#676 = DEFINITIONAL_REPRESENTATION('',(#677),#680);
#677 = B_SPLINE_CURVE_WITH_KNOTS('',1,(#678,#679),.UNSPECIFIED.,.F.,.F.,
  (2,2),(-27.,-5.),.PIECEWISE_BEZIER_KNOTS.);
#678 = CARTESIAN_POINT('',(32.,73.5));
#679 = CARTESIAN_POINT('',(10.,73.5));
#680 = ( GEOMETRIC_REPRESENTATION_CONTEXT(2) 
PARAMETRIC_REPRESENTATION_CONTEXT() REPRESENTATION_CONTEXT('2D SPACE',''
  ) );
#681 = PCURVE('',#682,#687);
#682 = PLANE('',#683);
#683 = AXIS2_PLACEMENT_3D('',#684,#685,#686);
#684 = CARTESIAN_POINT('',(10.,76.,2.4));
#685 = DIRECTION('',(-0.,1.,0.));
#686 = DIRECTION('',(0.,0.,1.));
#687 = DEFINITIONAL_REPRESENTATION('',(#688),#691);
#688 = B_SPLINE_CURVE_WITH_KNOTS('',1,(#689,#690),.UNSPECIFIED.,.F.,.F.,
  (2,2),(-27.,-5.),.PIECEWISE_BEZIER_KNOTS.);
#689 = CARTESIAN_POINT('',(6.6,22.));
#690 = CARTESIAN_POINT('',(6.6,0.));
#691 = ( GEOMETRIC_REPRESENTATION_CONTEXT(2) 
PARAMETRIC_REPRESENTATION_CONTEXT() REPRESENTATION_CONTEXT('2D SPACE',''
  ) );
#692 = ORIENTED_EDGE('',*,*,#693,.F.);
#693 = EDGE_CURVE('',#694,#668,#696,.T.);
#694 = VERTEX_POINT('',#695);
#695 = CARTESIAN_POINT('',(32.,64.,9.));
#696 = SURFACE_CURVE('',#697,(#701,#707),.PCURVE_S1.);
#697 = LINE('',#698,#699);
#698 = CARTESIAN_POINT('',(32.,33.25,9.));
#699 = VECTOR('',#700,1.);
#700 = DIRECTION('',(-0.,1.,0.));
#701 = PCURVE('',#72,#702);
#702 = DEFINITIONAL_REPRESENTATION('',(#703),#706);
#703 = B_SPLINE_CURVE_WITH_KNOTS('',1,(#704,#705),.UNSPECIFIED.,.F.,.F.,
  (2,2),(30.75,42.75),.PIECEWISE_BEZIER_KNOTS.);
#704 = CARTESIAN_POINT('',(32.,61.5));
#705 = CARTESIAN_POINT('',(32.,73.5));
#706 = ( GEOMETRIC_REPRESENTATION_CONTEXT(2) 
PARAMETRIC_REPRESENTATION_CONTEXT() REPRESENTATION_CONTEXT('2D SPACE',''
  ) );
#707 = PCURVE('',#708,#713);
#708 = PLANE('',#709);
#709 = AXIS2_PLACEMENT_3D('',#710,#711,#712);
#710 = CARTESIAN_POINT('',(32.,64.,-1.));
#711 = DIRECTION('',(1.,0.,-0.));
#712 = DIRECTION('',(0.,0.,1.));
#713 = DEFINITIONAL_REPRESENTATION('',(#714),#717);
#714 = B_SPLINE_CURVE_WITH_KNOTS('',1,(#715,#716),.UNSPECIFIED.,.F.,.F.,
  (2,2),(30.75,42.75),.PIECEWISE_BEZIER_KNOTS.);
#715 = CARTESIAN_POINT('',(10.,0.));
#716 = CARTESIAN_POINT('',(10.,-12.));
#717 = ( GEOMETRIC_REPRESENTATION_CONTEXT(2) 
PARAMETRIC_REPRESENTATION_CONTEXT() REPRESENTATION_CONTEXT('2D SPACE',''
  ) );
#718 = ORIENTED_EDGE('',*,*,#719,.F.);
#719 = EDGE_CURVE('',#720,#694,#722,.T.);
#720 = VERTEX_POINT('',#721);
#721 = CARTESIAN_POINT('',(69.,64.,9.));
#722 = SURFACE_CURVE('',#723,(#727,#733),.PCURVE_S1.);
#723 = LINE('',#724,#725);
#724 = CARTESIAN_POINT('',(16.,64.,9.));
#725 = VECTOR('',#726,1.);
#726 = DIRECTION('',(-1.,-0.,0.));
#727 = PCURVE('',#72,#728);
#728 = DEFINITIONAL_REPRESENTATION('',(#729),#732);
#729 = B_SPLINE_CURVE_WITH_KNOTS('',1,(#730,#731),.UNSPECIFIED.,.F.,.F.,
  (2,2),(-53.,-16.),.PIECEWISE_BEZIER_KNOTS.);
#730 = CARTESIAN_POINT('',(69.,61.5));
#731 = CARTESIAN_POINT('',(32.,61.5));
#732 = ( GEOMETRIC_REPRESENTATION_CONTEXT(2) 
PARAMETRIC_REPRESENTATION_CONTEXT() REPRESENTATION_CONTEXT('2D SPACE',''
  ) );
#733 = PCURVE('',#734,#739);
#734 = PLANE('',#735);
#735 = AXIS2_PLACEMENT_3D('',#736,#737,#738);
#736 = CARTESIAN_POINT('',(32.,64.,-1.));
#737 = DIRECTION('',(-0.,1.,0.));
#738 = DIRECTION('',(0.,0.,1.));
#739 = DEFINITIONAL_REPRESENTATION('',(#740),#743);
#740 = B_SPLINE_CURVE_WITH_KNOTS('',1,(#741,#742),.UNSPECIFIED.,.F.,.F.,
  (2,2),(-53.,-16.),.PIECEWISE_BEZIER_KNOTS.);
#741 = CARTESIAN_POINT('',(10.,37.));
#742 = CARTESIAN_POINT('',(10.,0.));
#743 = ( GEOMETRIC_REPRESENTATION_CONTEXT(2) 
PARAMETRIC_REPRESENTATION_CONTEXT() REPRESENTATION_CONTEXT('2D SPACE',''
  ) );
#744 = ORIENTED_EDGE('',*,*,#745,.T.);
#745 = EDGE_CURVE('',#720,#746,#748,.T.);
#746 = VERTEX_POINT('',#747);
#747 = CARTESIAN_POINT('',(69.,76.,9.));
#748 = SURFACE_CURVE('',#749,(#753,#759),.PCURVE_S1.);
#749 = LINE('',#750,#751);
#750 = CARTESIAN_POINT('',(69.,33.25,9.));
#751 = VECTOR('',#752,1.);
#752 = DIRECTION('',(-0.,1.,0.));
#753 = PCURVE('',#72,#754);
#754 = DEFINITIONAL_REPRESENTATION('',(#755),#758);
#755 = B_SPLINE_CURVE_WITH_KNOTS('',1,(#756,#757),.UNSPECIFIED.,.F.,.F.,
  (2,2),(30.75,42.75),.PIECEWISE_BEZIER_KNOTS.);
#756 = CARTESIAN_POINT('',(69.,61.5));
#757 = CARTESIAN_POINT('',(69.,73.5));
#758 = ( GEOMETRIC_REPRESENTATION_CONTEXT(2) 
PARAMETRIC_REPRESENTATION_CONTEXT() REPRESENTATION_CONTEXT('2D SPACE',''
  ) );
#759 = PCURVE('',#760,#765);
#760 = PLANE('',#761);
#761 = AXIS2_PLACEMENT_3D('',#762,#763,#764);
#762 = CARTESIAN_POINT('',(69.,64.,-1.));
#763 = DIRECTION('',(1.,0.,-0.));
#764 = DIRECTION('',(0.,0.,1.));
#765 = DEFINITIONAL_REPRESENTATION('',(#766),#769);
#766 = B_SPLINE_CURVE_WITH_KNOTS('',1,(#767,#768),.UNSPECIFIED.,.F.,.F.,
  (2,2),(30.75,42.75),.PIECEWISE_BEZIER_KNOTS.);
#767 = CARTESIAN_POINT('',(10.,0.));
#768 = CARTESIAN_POINT('',(10.,-12.));
#769 = ( GEOMETRIC_REPRESENTATION_CONTEXT(2) 
PARAMETRIC_REPRESENTATION_CONTEXT() REPRESENTATION_CONTEXT('2D SPACE',''
  ) );
#770 = ORIENTED_EDGE('',*,*,#771,.F.);
#771 = EDGE_CURVE('',#772,#746,#774,.T.);
#772 = VERTEX_POINT('',#773);
#773 = CARTESIAN_POINT('',(78.,76.,9.));
#774 = SURFACE_CURVE('',#775,(#779,#785),.PCURVE_S1.);
#775 = LINE('',#776,#777);
#776 = CARTESIAN_POINT('',(5.,76.,9.));
#777 = VECTOR('',#778,1.);
#778 = DIRECTION('',(-1.,-0.,0.));
#779 = PCURVE('',#72,#780);
#780 = DEFINITIONAL_REPRESENTATION('',(#781),#784);
#781 = B_SPLINE_CURVE_WITH_KNOTS('',1,(#782,#783),.UNSPECIFIED.,.F.,.F.,
  (2,2),(-73.,-64.),.PIECEWISE_BEZIER_KNOTS.);
#782 = CARTESIAN_POINT('',(78.,73.5));
#783 = CARTESIAN_POINT('',(69.,73.5));
#784 = ( GEOMETRIC_REPRESENTATION_CONTEXT(2) 
PARAMETRIC_REPRESENTATION_CONTEXT() REPRESENTATION_CONTEXT('2D SPACE',''
  ) );
#785 = PCURVE('',#786,#791);
#786 = PLANE('',#787);
#787 = AXIS2_PLACEMENT_3D('',#788,#789,#790);
#788 = CARTESIAN_POINT('',(10.,76.,2.4));
#789 = DIRECTION('',(-0.,1.,0.));
#790 = DIRECTION('',(0.,0.,1.));
#791 = DEFINITIONAL_REPRESENTATION('',(#792),#795);
#792 = B_SPLINE_CURVE_WITH_KNOTS('',1,(#793,#794),.UNSPECIFIED.,.F.,.F.,
  (2,2),(-73.,-64.),.PIECEWISE_BEZIER_KNOTS.);
#793 = CARTESIAN_POINT('',(6.6,68.));
#794 = CARTESIAN_POINT('',(6.6,59.));
#795 = ( GEOMETRIC_REPRESENTATION_CONTEXT(2) 
PARAMETRIC_REPRESENTATION_CONTEXT() REPRESENTATION_CONTEXT('2D SPACE',''
  ) );
#796 = ORIENTED_EDGE('',*,*,#797,.F.);
#797 = EDGE_CURVE('',#798,#772,#800,.T.);
#798 = VERTEX_POINT('',#799);
#799 = CARTESIAN_POINT('',(78.,51.,9.));
#800 = SURFACE_CURVE('',#801,(#805,#811),.PCURVE_S1.);
#801 = LINE('',#802,#803);
#802 = CARTESIAN_POINT('',(78.,7.75,9.));
#803 = VECTOR('',#804,1.);
#804 = DIRECTION('',(-0.,1.,0.));
#805 = PCURVE('',#72,#806);
#806 = DEFINITIONAL_REPRESENTATION('',(#807),#810);
#807 = B_SPLINE_CURVE_WITH_KNOTS('',1,(#808,#809),.UNSPECIFIED.,.F.,.F.,
  (2,2),(43.25,68.25),.PIECEWISE_BEZIER_KNOTS.);
#808 = CARTESIAN_POINT('',(78.,48.5));
#809 = CARTESIAN_POINT('',(78.,73.5));
#810 = ( GEOMETRIC_REPRESENTATION_CONTEXT(2) 
PARAMETRIC_REPRESENTATION_CONTEXT() REPRESENTATION_CONTEXT('2D SPACE',''
  ) );
#811 = PCURVE('',#812,#817);
#812 = PLANE('',#813);
#813 = AXIS2_PLACEMENT_3D('',#814,#815,#816);
#814 = CARTESIAN_POINT('',(78.,13.,2.4));
#815 = DIRECTION('',(1.,0.,-0.));
#816 = DIRECTION('',(0.,0.,1.));
#817 = DEFINITIONAL_REPRESENTATION('',(#818),#821);
#818 = B_SPLINE_CURVE_WITH_KNOTS('',1,(#819,#820),.UNSPECIFIED.,.F.,.F.,
  (2,2),(43.25,68.25),.PIECEWISE_BEZIER_KNOTS.);
#819 = CARTESIAN_POINT('',(6.6,-38.));
#820 = CARTESIAN_POINT('',(6.6,-63.));
#821 = ( GEOMETRIC_REPRESENTATION_CONTEXT(2) 
PARAMETRIC_REPRESENTATION_CONTEXT() REPRESENTATION_CONTEXT('2D SPACE',''
  ) );
#822 = ORIENTED_EDGE('',*,*,#823,.T.);
#823 = EDGE_CURVE('',#798,#824,#826,.T.);
#824 = VERTEX_POINT('',#825);
#825 = CARTESIAN_POINT('',(50.,51.,9.));
#826 = SURFACE_CURVE('',#827,(#831,#837),.PCURVE_S1.);
#827 = LINE('',#828,#829);
#828 = CARTESIAN_POINT('',(25.,51.,9.));
#829 = VECTOR('',#830,1.);
#830 = DIRECTION('',(-1.,-0.,0.));
#831 = PCURVE('',#72,#832);
#832 = DEFINITIONAL_REPRESENTATION('',(#833),#836);
#833 = B_SPLINE_CURVE_WITH_KNOTS('',1,(#834,#835),.UNSPECIFIED.,.F.,.F.,
  (2,2),(-53.,-25.),.PIECEWISE_BEZIER_KNOTS.);
#834 = CARTESIAN_POINT('',(78.,48.5));
#835 = CARTESIAN_POINT('',(50.,48.5));
#836 = ( GEOMETRIC_REPRESENTATION_CONTEXT(2) 
PARAMETRIC_REPRESENTATION_CONTEXT() REPRESENTATION_CONTEXT('2D SPACE',''
  ) );
#837 = PCURVE('',#838,#843);
#838 = PLANE('',#839);
#839 = AXIS2_PLACEMENT_3D('',#840,#841,#842);
#840 = CARTESIAN_POINT('',(50.,51.,-1.));
#841 = DIRECTION('',(-0.,1.,0.));
#842 = DIRECTION('',(0.,0.,1.));
#843 = DEFINITIONAL_REPRESENTATION('',(#844),#847);
#844 = B_SPLINE_CURVE_WITH_KNOTS('',1,(#845,#846),.UNSPECIFIED.,.F.,.F.,
  (2,2),(-53.,-25.),.PIECEWISE_BEZIER_KNOTS.);
#845 = CARTESIAN_POINT('',(10.,28.));
#846 = CARTESIAN_POINT('',(10.,0.));
#847 = ( GEOMETRIC_REPRESENTATION_CONTEXT(2) 
PARAMETRIC_REPRESENTATION_CONTEXT() REPRESENTATION_CONTEXT('2D SPACE',''
  ) );
#848 = ORIENTED_EDGE('',*,*,#849,.F.);
#849 = EDGE_CURVE('',#850,#824,#852,.T.);
#850 = VERTEX_POINT('',#851);
#851 = CARTESIAN_POINT('',(50.,17.,9.));
#852 = SURFACE_CURVE('',#853,(#857,#863),.PCURVE_S1.);
#853 = LINE('',#854,#855);
#854 = CARTESIAN_POINT('',(50.,9.75,9.));
#855 = VECTOR('',#856,1.);
#856 = DIRECTION('',(-0.,1.,0.));
#857 = PCURVE('',#72,#858);
#858 = DEFINITIONAL_REPRESENTATION('',(#859),#862);
#859 = B_SPLINE_CURVE_WITH_KNOTS('',1,(#860,#861),.UNSPECIFIED.,.F.,.F.,
  (2,2),(7.25,41.25),.PIECEWISE_BEZIER_KNOTS.);
#860 = CARTESIAN_POINT('',(50.,14.5));
#861 = CARTESIAN_POINT('',(50.,48.5));
#862 = ( GEOMETRIC_REPRESENTATION_CONTEXT(2) 
PARAMETRIC_REPRESENTATION_CONTEXT() REPRESENTATION_CONTEXT('2D SPACE',''
  ) );
#863 = PCURVE('',#864,#869);
#864 = PLANE('',#865);
#865 = AXIS2_PLACEMENT_3D('',#866,#867,#868);
#866 = CARTESIAN_POINT('',(50.,17.,-1.));
#867 = DIRECTION('',(1.,0.,-0.));
#868 = DIRECTION('',(0.,0.,1.));
#869 = DEFINITIONAL_REPRESENTATION('',(#870),#873);
#870 = B_SPLINE_CURVE_WITH_KNOTS('',1,(#871,#872),.UNSPECIFIED.,.F.,.F.,
  (2,2),(7.25,41.25),.PIECEWISE_BEZIER_KNOTS.);
#871 = CARTESIAN_POINT('',(10.,0.));
#872 = CARTESIAN_POINT('',(10.,-34.));
#873 = ( GEOMETRIC_REPRESENTATION_CONTEXT(2) 
PARAMETRIC_REPRESENTATION_CONTEXT() REPRESENTATION_CONTEXT('2D SPACE',''
  ) );
#874 = ORIENTED_EDGE('',*,*,#875,.F.);
#875 = EDGE_CURVE('',#876,#850,#878,.T.);
#876 = VERTEX_POINT('',#877);
#877 = CARTESIAN_POINT('',(78.,17.,9.));
#878 = SURFACE_CURVE('',#879,(#883,#889),.PCURVE_S1.);
#879 = LINE('',#880,#881);
#880 = CARTESIAN_POINT('',(25.,17.,9.));
#881 = VECTOR('',#882,1.);
#882 = DIRECTION('',(-1.,-0.,0.));
#883 = PCURVE('',#72,#884);
#884 = DEFINITIONAL_REPRESENTATION('',(#885),#888);
#885 = B_SPLINE_CURVE_WITH_KNOTS('',1,(#886,#887),.UNSPECIFIED.,.F.,.F.,
  (2,2),(-53.,-25.),.PIECEWISE_BEZIER_KNOTS.);
#886 = CARTESIAN_POINT('',(78.,14.5));
#887 = CARTESIAN_POINT('',(50.,14.5));
#888 = ( GEOMETRIC_REPRESENTATION_CONTEXT(2) 
PARAMETRIC_REPRESENTATION_CONTEXT() REPRESENTATION_CONTEXT('2D SPACE',''
  ) );
#889 = PCURVE('',#890,#895);
#890 = PLANE('',#891);
#891 = AXIS2_PLACEMENT_3D('',#892,#893,#894);
#892 = CARTESIAN_POINT('',(50.,17.,-1.));
#893 = DIRECTION('',(-0.,1.,0.));
#894 = DIRECTION('',(0.,0.,1.));
#895 = DEFINITIONAL_REPRESENTATION('',(#896),#899);
#896 = B_SPLINE_CURVE_WITH_KNOTS('',1,(#897,#898),.UNSPECIFIED.,.F.,.F.,
  (2,2),(-53.,-25.),.PIECEWISE_BEZIER_KNOTS.);
#897 = CARTESIAN_POINT('',(10.,28.));
#898 = CARTESIAN_POINT('',(10.,0.));
#899 = ( GEOMETRIC_REPRESENTATION_CONTEXT(2) 
PARAMETRIC_REPRESENTATION_CONTEXT() REPRESENTATION_CONTEXT('2D SPACE',''
  ) );
#900 = ORIENTED_EDGE('',*,*,#901,.F.);
#901 = EDGE_CURVE('',#614,#876,#902,.T.);
#902 = SURFACE_CURVE('',#903,(#907,#913),.PCURVE_S1.);
#903 = LINE('',#904,#905);
#904 = CARTESIAN_POINT('',(78.,7.75,9.));
#905 = VECTOR('',#906,1.);
#906 = DIRECTION('',(-0.,1.,0.));
#907 = PCURVE('',#72,#908);
#908 = DEFINITIONAL_REPRESENTATION('',(#909),#912);
#909 = B_SPLINE_CURVE_WITH_KNOTS('',1,(#910,#911),.UNSPECIFIED.,.F.,.F.,
  (2,2),(5.25,9.25),.PIECEWISE_BEZIER_KNOTS.);
#910 = CARTESIAN_POINT('',(78.,10.5));
#911 = CARTESIAN_POINT('',(78.,14.5));
#912 = ( GEOMETRIC_REPRESENTATION_CONTEXT(2) 
PARAMETRIC_REPRESENTATION_CONTEXT() REPRESENTATION_CONTEXT('2D SPACE',''
  ) );
#913 = PCURVE('',#914,#919);
#914 = PLANE('',#915);
#915 = AXIS2_PLACEMENT_3D('',#916,#917,#918);
#916 = CARTESIAN_POINT('',(78.,13.,2.4));
#917 = DIRECTION('',(1.,0.,-0.));
#918 = DIRECTION('',(0.,0.,1.));
#919 = DEFINITIONAL_REPRESENTATION('',(#920),#923);
#920 = B_SPLINE_CURVE_WITH_KNOTS('',1,(#921,#922),.UNSPECIFIED.,.F.,.F.,
  (2,2),(5.25,9.25),.PIECEWISE_BEZIER_KNOTS.);
#921 = CARTESIAN_POINT('',(6.6,0.));
#922 = CARTESIAN_POINT('',(6.6,-4.));
#923 = ( GEOMETRIC_REPRESENTATION_CONTEXT(2) 
PARAMETRIC_REPRESENTATION_CONTEXT() REPRESENTATION_CONTEXT('2D SPACE',''
  ) );
#924 = FACE_BOUND('',#925,.T.);
#925 = EDGE_LOOP('',(#926,#956,#984,#1012));
#926 = ORIENTED_EDGE('',*,*,#927,.T.);
#927 = EDGE_CURVE('',#928,#930,#932,.T.);
#928 = VERTEX_POINT('',#929);
#929 = CARTESIAN_POINT('',(115.,20.,9.));
#930 = VERTEX_POINT('',#931);
#931 = CARTESIAN_POINT('',(53.,20.,9.));
#932 = SURFACE_CURVE('',#933,(#937,#944),.PCURVE_S1.);
#933 = LINE('',#934,#935);
#934 = CARTESIAN_POINT('',(26.5,20.,9.));
#935 = VECTOR('',#936,1.);
#936 = DIRECTION('',(-1.,0.,0.));
#937 = PCURVE('',#72,#938);
#938 = DEFINITIONAL_REPRESENTATION('',(#939),#943);
#939 = LINE('',#940,#941);
#940 = CARTESIAN_POINT('',(26.5,17.5));
#941 = VECTOR('',#942,1.);
#942 = DIRECTION('',(-1.,0.));
#943 = ( GEOMETRIC_REPRESENTATION_CONTEXT(2) 
PARAMETRIC_REPRESENTATION_CONTEXT() REPRESENTATION_CONTEXT('2D SPACE',''
  ) );
#944 = PCURVE('',#945,#950);
#945 = PLANE('',#946);
#946 = AXIS2_PLACEMENT_3D('',#947,#948,#949);
#947 = CARTESIAN_POINT('',(53.,20.,8.7));
#948 = DIRECTION('',(0.,1.,0.));
#949 = DIRECTION('',(0.,0.,1.));
#950 = DEFINITIONAL_REPRESENTATION('',(#951),#955);
#951 = LINE('',#952,#953);
#952 = CARTESIAN_POINT('',(0.3,-26.5));
#953 = VECTOR('',#954,1.);
#954 = DIRECTION('',(0.,-1.));
#955 = ( GEOMETRIC_REPRESENTATION_CONTEXT(2) 
PARAMETRIC_REPRESENTATION_CONTEXT() REPRESENTATION_CONTEXT('2D SPACE',''
  ) );
#956 = ORIENTED_EDGE('',*,*,#957,.T.);
#957 = EDGE_CURVE('',#930,#958,#960,.T.);
#958 = VERTEX_POINT('',#959);
#959 = CARTESIAN_POINT('',(53.,48.,9.));
#960 = SURFACE_CURVE('',#961,(#965,#972),.PCURVE_S1.);
#961 = LINE('',#962,#963);
#962 = CARTESIAN_POINT('',(53.,11.25,9.));
#963 = VECTOR('',#964,1.);
#964 = DIRECTION('',(0.,1.,0.));
#965 = PCURVE('',#72,#966);
#966 = DEFINITIONAL_REPRESENTATION('',(#967),#971);
#967 = LINE('',#968,#969);
#968 = CARTESIAN_POINT('',(53.,8.75));
#969 = VECTOR('',#970,1.);
#970 = DIRECTION('',(0.,1.));
#971 = ( GEOMETRIC_REPRESENTATION_CONTEXT(2) 
PARAMETRIC_REPRESENTATION_CONTEXT() REPRESENTATION_CONTEXT('2D SPACE',''
  ) );
#972 = PCURVE('',#973,#978);
#973 = PLANE('',#974);
#974 = AXIS2_PLACEMENT_3D('',#975,#976,#977);
#975 = CARTESIAN_POINT('',(53.,20.,8.7));
#976 = DIRECTION('',(1.,0.,0.));
#977 = DIRECTION('',(0.,0.,1.));
#978 = DEFINITIONAL_REPRESENTATION('',(#979),#983);
#979 = LINE('',#980,#981);
#980 = CARTESIAN_POINT('',(0.3,8.75));
#981 = VECTOR('',#982,1.);
#982 = DIRECTION('',(0.,-1.));
#983 = ( GEOMETRIC_REPRESENTATION_CONTEXT(2) 
PARAMETRIC_REPRESENTATION_CONTEXT() REPRESENTATION_CONTEXT('2D SPACE',''
  ) );
#984 = ORIENTED_EDGE('',*,*,#985,.F.);
#985 = EDGE_CURVE('',#986,#958,#988,.T.);
#986 = VERTEX_POINT('',#987);
#987 = CARTESIAN_POINT('',(115.,48.,9.));
#988 = SURFACE_CURVE('',#989,(#993,#1000),.PCURVE_S1.);
#989 = LINE('',#990,#991);
#990 = CARTESIAN_POINT('',(26.5,48.,9.));
#991 = VECTOR('',#992,1.);
#992 = DIRECTION('',(-1.,0.,0.));
#993 = PCURVE('',#72,#994);
#994 = DEFINITIONAL_REPRESENTATION('',(#995),#999);
#995 = LINE('',#996,#997);
#996 = CARTESIAN_POINT('',(26.5,45.5));
#997 = VECTOR('',#998,1.);
#998 = DIRECTION('',(-1.,0.));
#999 = ( GEOMETRIC_REPRESENTATION_CONTEXT(2) 
PARAMETRIC_REPRESENTATION_CONTEXT() REPRESENTATION_CONTEXT('2D SPACE',''
  ) );
#1000 = PCURVE('',#1001,#1006);
#1001 = PLANE('',#1002);
#1002 = AXIS2_PLACEMENT_3D('',#1003,#1004,#1005);
#1003 = CARTESIAN_POINT('',(53.,48.,8.7));
#1004 = DIRECTION('',(0.,1.,0.));
#1005 = DIRECTION('',(0.,0.,1.));
#1006 = DEFINITIONAL_REPRESENTATION('',(#1007),#1011);
#1007 = LINE('',#1008,#1009);
#1008 = CARTESIAN_POINT('',(0.3,-26.5));
#1009 = VECTOR('',#1010,1.);
#1010 = DIRECTION('',(0.,-1.));
#1011 = ( GEOMETRIC_REPRESENTATION_CONTEXT(2) 
PARAMETRIC_REPRESENTATION_CONTEXT() REPRESENTATION_CONTEXT('2D SPACE',''
  ) );
#1012 = ORIENTED_EDGE('',*,*,#1013,.F.);
#1013 = EDGE_CURVE('',#928,#986,#1014,.T.);
#1014 = SURFACE_CURVE('',#1015,(#1019,#1026),.PCURVE_S1.);
#1015 = LINE('',#1016,#1017);
#1016 = CARTESIAN_POINT('',(115.,11.25,9.));
#1017 = VECTOR('',#1018,1.);
#1018 = DIRECTION('',(0.,1.,0.));
#1019 = PCURVE('',#72,#1020);
#1020 = DEFINITIONAL_REPRESENTATION('',(#1021),#1025);
#1021 = LINE('',#1022,#1023);
#1022 = CARTESIAN_POINT('',(115.,8.75));
#1023 = VECTOR('',#1024,1.);
#1024 = DIRECTION('',(0.,1.));
#1025 = ( GEOMETRIC_REPRESENTATION_CONTEXT(2) 
PARAMETRIC_REPRESENTATION_CONTEXT() REPRESENTATION_CONTEXT('2D SPACE',''
  ) );
#1026 = PCURVE('',#1027,#1032);
#1027 = PLANE('',#1028);
#1028 = AXIS2_PLACEMENT_3D('',#1029,#1030,#1031);
#1029 = CARTESIAN_POINT('',(115.,20.,8.7));
#1030 = DIRECTION('',(1.,0.,0.));
#1031 = DIRECTION('',(0.,0.,1.));
#1032 = DEFINITIONAL_REPRESENTATION('',(#1033),#1037);
#1033 = LINE('',#1034,#1035);
#1034 = CARTESIAN_POINT('',(0.3,8.75));
#1035 = VECTOR('',#1036,1.);
#1036 = DIRECTION('',(0.,-1.));
#1037 = ( GEOMETRIC_REPRESENTATION_CONTEXT(2) 
PARAMETRIC_REPRESENTATION_CONTEXT() REPRESENTATION_CONTEXT('2D SPACE',''
  ) );
#1038 = FACE_BOUND('',#1039,.T.);
#1039 = EDGE_LOOP('',(#1040,#1068,#1094,#1120,#1146,#1172,#1198,#1224));
#1040 = ORIENTED_EDGE('',*,*,#1041,.T.);
#1041 = EDGE_CURVE('',#1042,#1044,#1046,.T.);
#1042 = VERTEX_POINT('',#1043);
#1043 = CARTESIAN_POINT('',(162.5,13.,9.));
#1044 = VERTEX_POINT('',#1045);
#1045 = CARTESIAN_POINT('',(84.,13.,9.));
#1046 = SURFACE_CURVE('',#1047,(#1051,#1057),.PCURVE_S1.);
#1047 = LINE('',#1048,#1049);
#1048 = CARTESIAN_POINT('',(42.,13.,9.));
#1049 = VECTOR('',#1050,1.);
#1050 = DIRECTION('',(-1.,-0.,0.));
#1051 = PCURVE('',#72,#1052);
#1052 = DEFINITIONAL_REPRESENTATION('',(#1053),#1056);
#1053 = B_SPLINE_CURVE_WITH_KNOTS('',1,(#1054,#1055),.UNSPECIFIED.,.F.,
  .F.,(2,2),(-120.5,-42.),.PIECEWISE_BEZIER_KNOTS.);
#1054 = CARTESIAN_POINT('',(162.5,10.5));
#1055 = CARTESIAN_POINT('',(84.,10.5));
#1056 = ( GEOMETRIC_REPRESENTATION_CONTEXT(2) 
PARAMETRIC_REPRESENTATION_CONTEXT() REPRESENTATION_CONTEXT('2D SPACE',''
  ) );
#1057 = PCURVE('',#1058,#1063);
#1058 = PLANE('',#1059);
#1059 = AXIS2_PLACEMENT_3D('',#1060,#1061,#1062);
#1060 = CARTESIAN_POINT('',(84.,13.,2.4));
#1061 = DIRECTION('',(-0.,1.,0.));
#1062 = DIRECTION('',(0.,0.,1.));
#1063 = DEFINITIONAL_REPRESENTATION('',(#1064),#1067);
#1064 = B_SPLINE_CURVE_WITH_KNOTS('',1,(#1065,#1066),.UNSPECIFIED.,.F.,
  .F.,(2,2),(-120.5,-42.),.PIECEWISE_BEZIER_KNOTS.);
#1065 = CARTESIAN_POINT('',(6.6,78.5));
#1066 = CARTESIAN_POINT('',(6.6,0.));
#1067 = ( GEOMETRIC_REPRESENTATION_CONTEXT(2) 
PARAMETRIC_REPRESENTATION_CONTEXT() REPRESENTATION_CONTEXT('2D SPACE',''
  ) );
#1068 = ORIENTED_EDGE('',*,*,#1069,.T.);
#1069 = EDGE_CURVE('',#1044,#1070,#1072,.T.);
#1070 = VERTEX_POINT('',#1071);
#1071 = CARTESIAN_POINT('',(84.,17.,9.));
#1072 = SURFACE_CURVE('',#1073,(#1077,#1083),.PCURVE_S1.);
#1073 = LINE('',#1074,#1075);
#1074 = CARTESIAN_POINT('',(84.,7.75,9.));
#1075 = VECTOR('',#1076,1.);
#1076 = DIRECTION('',(-0.,1.,0.));
#1077 = PCURVE('',#72,#1078);
#1078 = DEFINITIONAL_REPRESENTATION('',(#1079),#1082);
#1079 = B_SPLINE_CURVE_WITH_KNOTS('',1,(#1080,#1081),.UNSPECIFIED.,.F.,
  .F.,(2,2),(5.25,9.25),.PIECEWISE_BEZIER_KNOTS.);
#1080 = CARTESIAN_POINT('',(84.,10.5));
#1081 = CARTESIAN_POINT('',(84.,14.5));
#1082 = ( GEOMETRIC_REPRESENTATION_CONTEXT(2) 
PARAMETRIC_REPRESENTATION_CONTEXT() REPRESENTATION_CONTEXT('2D SPACE',''
  ) );
#1083 = PCURVE('',#1084,#1089);
#1084 = PLANE('',#1085);
#1085 = AXIS2_PLACEMENT_3D('',#1086,#1087,#1088);
#1086 = CARTESIAN_POINT('',(84.,13.,2.4));
#1087 = DIRECTION('',(1.,0.,-0.));
#1088 = DIRECTION('',(0.,0.,1.));
#1089 = DEFINITIONAL_REPRESENTATION('',(#1090),#1093);
#1090 = B_SPLINE_CURVE_WITH_KNOTS('',1,(#1091,#1092),.UNSPECIFIED.,.F.,
  .F.,(2,2),(5.25,9.25),.PIECEWISE_BEZIER_KNOTS.);
#1091 = CARTESIAN_POINT('',(6.6,0.));
#1092 = CARTESIAN_POINT('',(6.6,-4.));
#1093 = ( GEOMETRIC_REPRESENTATION_CONTEXT(2) 
PARAMETRIC_REPRESENTATION_CONTEXT() REPRESENTATION_CONTEXT('2D SPACE',''
  ) );
#1094 = ORIENTED_EDGE('',*,*,#1095,.F.);
#1095 = EDGE_CURVE('',#1096,#1070,#1098,.T.);
#1096 = VERTEX_POINT('',#1097);
#1097 = CARTESIAN_POINT('',(118.,17.,9.));
#1098 = SURFACE_CURVE('',#1099,(#1103,#1109),.PCURVE_S1.);
#1099 = LINE('',#1100,#1101);
#1100 = CARTESIAN_POINT('',(25.,17.,9.));
#1101 = VECTOR('',#1102,1.);
#1102 = DIRECTION('',(-1.,-0.,0.));
#1103 = PCURVE('',#72,#1104);
#1104 = DEFINITIONAL_REPRESENTATION('',(#1105),#1108);
#1105 = B_SPLINE_CURVE_WITH_KNOTS('',1,(#1106,#1107),.UNSPECIFIED.,.F.,
  .F.,(2,2),(-93.,-59.),.PIECEWISE_BEZIER_KNOTS.);
#1106 = CARTESIAN_POINT('',(118.,14.5));
#1107 = CARTESIAN_POINT('',(84.,14.5));
#1108 = ( GEOMETRIC_REPRESENTATION_CONTEXT(2) 
PARAMETRIC_REPRESENTATION_CONTEXT() REPRESENTATION_CONTEXT('2D SPACE',''
  ) );
#1109 = PCURVE('',#1110,#1115);
#1110 = PLANE('',#1111);
#1111 = AXIS2_PLACEMENT_3D('',#1112,#1113,#1114);
#1112 = CARTESIAN_POINT('',(50.,17.,-1.));
#1113 = DIRECTION('',(-0.,1.,0.));
#1114 = DIRECTION('',(0.,0.,1.));
#1115 = DEFINITIONAL_REPRESENTATION('',(#1116),#1119);
#1116 = B_SPLINE_CURVE_WITH_KNOTS('',1,(#1117,#1118),.UNSPECIFIED.,.F.,
  .F.,(2,2),(-93.,-59.),.PIECEWISE_BEZIER_KNOTS.);
#1117 = CARTESIAN_POINT('',(10.,68.));
#1118 = CARTESIAN_POINT('',(10.,34.));
#1119 = ( GEOMETRIC_REPRESENTATION_CONTEXT(2) 
PARAMETRIC_REPRESENTATION_CONTEXT() REPRESENTATION_CONTEXT('2D SPACE',''
  ) );
#1120 = ORIENTED_EDGE('',*,*,#1121,.T.);
#1121 = EDGE_CURVE('',#1096,#1122,#1124,.T.);
#1122 = VERTEX_POINT('',#1123);
#1123 = CARTESIAN_POINT('',(118.,51.,9.));
#1124 = SURFACE_CURVE('',#1125,(#1129,#1135),.PCURVE_S1.);
#1125 = LINE('',#1126,#1127);
#1126 = CARTESIAN_POINT('',(118.,9.75,9.));
#1127 = VECTOR('',#1128,1.);
#1128 = DIRECTION('',(-0.,1.,0.));
#1129 = PCURVE('',#72,#1130);
#1130 = DEFINITIONAL_REPRESENTATION('',(#1131),#1134);
#1131 = B_SPLINE_CURVE_WITH_KNOTS('',1,(#1132,#1133),.UNSPECIFIED.,.F.,
  .F.,(2,2),(7.25,41.25),.PIECEWISE_BEZIER_KNOTS.);
#1132 = CARTESIAN_POINT('',(118.,14.5));
#1133 = CARTESIAN_POINT('',(118.,48.5));
#1134 = ( GEOMETRIC_REPRESENTATION_CONTEXT(2) 
PARAMETRIC_REPRESENTATION_CONTEXT() REPRESENTATION_CONTEXT('2D SPACE',''
  ) );
#1135 = PCURVE('',#1136,#1141);
#1136 = PLANE('',#1137);
#1137 = AXIS2_PLACEMENT_3D('',#1138,#1139,#1140);
#1138 = CARTESIAN_POINT('',(118.,17.,-1.));
#1139 = DIRECTION('',(1.,0.,-0.));
#1140 = DIRECTION('',(0.,0.,1.));
#1141 = DEFINITIONAL_REPRESENTATION('',(#1142),#1145);
#1142 = B_SPLINE_CURVE_WITH_KNOTS('',1,(#1143,#1144),.UNSPECIFIED.,.F.,
  .F.,(2,2),(7.25,41.25),.PIECEWISE_BEZIER_KNOTS.);
#1143 = CARTESIAN_POINT('',(10.,0.));
#1144 = CARTESIAN_POINT('',(10.,-34.));
#1145 = ( GEOMETRIC_REPRESENTATION_CONTEXT(2) 
PARAMETRIC_REPRESENTATION_CONTEXT() REPRESENTATION_CONTEXT('2D SPACE',''
  ) );
#1146 = ORIENTED_EDGE('',*,*,#1147,.T.);
#1147 = EDGE_CURVE('',#1122,#1148,#1150,.T.);
#1148 = VERTEX_POINT('',#1149);
#1149 = CARTESIAN_POINT('',(84.,51.,9.));
#1150 = SURFACE_CURVE('',#1151,(#1155,#1161),.PCURVE_S1.);
#1151 = LINE('',#1152,#1153);
#1152 = CARTESIAN_POINT('',(25.,51.,9.));
#1153 = VECTOR('',#1154,1.);
#1154 = DIRECTION('',(-1.,-0.,0.));
#1155 = PCURVE('',#72,#1156);
#1156 = DEFINITIONAL_REPRESENTATION('',(#1157),#1160);
#1157 = B_SPLINE_CURVE_WITH_KNOTS('',1,(#1158,#1159),.UNSPECIFIED.,.F.,
  .F.,(2,2),(-93.,-59.),.PIECEWISE_BEZIER_KNOTS.);
#1158 = CARTESIAN_POINT('',(118.,48.5));
#1159 = CARTESIAN_POINT('',(84.,48.5));
#1160 = ( GEOMETRIC_REPRESENTATION_CONTEXT(2) 
PARAMETRIC_REPRESENTATION_CONTEXT() REPRESENTATION_CONTEXT('2D SPACE',''
  ) );
#1161 = PCURVE('',#1162,#1167);
#1162 = PLANE('',#1163);
#1163 = AXIS2_PLACEMENT_3D('',#1164,#1165,#1166);
#1164 = CARTESIAN_POINT('',(50.,51.,-1.));
#1165 = DIRECTION('',(-0.,1.,0.));
#1166 = DIRECTION('',(0.,0.,1.));
#1167 = DEFINITIONAL_REPRESENTATION('',(#1168),#1171);
#1168 = B_SPLINE_CURVE_WITH_KNOTS('',1,(#1169,#1170),.UNSPECIFIED.,.F.,
  .F.,(2,2),(-93.,-59.),.PIECEWISE_BEZIER_KNOTS.);
#1169 = CARTESIAN_POINT('',(10.,68.));
#1170 = CARTESIAN_POINT('',(10.,34.));
#1171 = ( GEOMETRIC_REPRESENTATION_CONTEXT(2) 
PARAMETRIC_REPRESENTATION_CONTEXT() REPRESENTATION_CONTEXT('2D SPACE',''
  ) );
#1172 = ORIENTED_EDGE('',*,*,#1173,.T.);
#1173 = EDGE_CURVE('',#1148,#1174,#1176,.T.);
#1174 = VERTEX_POINT('',#1175);
#1175 = CARTESIAN_POINT('',(84.,76.,9.));
#1176 = SURFACE_CURVE('',#1177,(#1181,#1187),.PCURVE_S1.);
#1177 = LINE('',#1178,#1179);
#1178 = CARTESIAN_POINT('',(84.,7.75,9.));
#1179 = VECTOR('',#1180,1.);
#1180 = DIRECTION('',(-0.,1.,0.));
#1181 = PCURVE('',#72,#1182);
#1182 = DEFINITIONAL_REPRESENTATION('',(#1183),#1186);
#1183 = B_SPLINE_CURVE_WITH_KNOTS('',1,(#1184,#1185),.UNSPECIFIED.,.F.,
  .F.,(2,2),(43.25,68.25),.PIECEWISE_BEZIER_KNOTS.);
#1184 = CARTESIAN_POINT('',(84.,48.5));
#1185 = CARTESIAN_POINT('',(84.,73.5));
#1186 = ( GEOMETRIC_REPRESENTATION_CONTEXT(2) 
PARAMETRIC_REPRESENTATION_CONTEXT() REPRESENTATION_CONTEXT('2D SPACE',''
  ) );
#1187 = PCURVE('',#1188,#1193);
#1188 = PLANE('',#1189);
#1189 = AXIS2_PLACEMENT_3D('',#1190,#1191,#1192);
#1190 = CARTESIAN_POINT('',(84.,13.,2.4));
#1191 = DIRECTION('',(1.,0.,-0.));
#1192 = DIRECTION('',(0.,0.,1.));
#1193 = DEFINITIONAL_REPRESENTATION('',(#1194),#1197);
#1194 = B_SPLINE_CURVE_WITH_KNOTS('',1,(#1195,#1196),.UNSPECIFIED.,.F.,
  .F.,(2,2),(43.25,68.25),.PIECEWISE_BEZIER_KNOTS.);
#1195 = CARTESIAN_POINT('',(6.6,-38.));
#1196 = CARTESIAN_POINT('',(6.6,-63.));
#1197 = ( GEOMETRIC_REPRESENTATION_CONTEXT(2) 
PARAMETRIC_REPRESENTATION_CONTEXT() REPRESENTATION_CONTEXT('2D SPACE',''
  ) );
#1198 = ORIENTED_EDGE('',*,*,#1199,.F.);
#1199 = EDGE_CURVE('',#1200,#1174,#1202,.T.);
#1200 = VERTEX_POINT('',#1201);
#1201 = CARTESIAN_POINT('',(162.5,76.,9.));
#1202 = SURFACE_CURVE('',#1203,(#1207,#1213),.PCURVE_S1.);
#1203 = LINE('',#1204,#1205);
#1204 = CARTESIAN_POINT('',(42.,76.,9.));
#1205 = VECTOR('',#1206,1.);
#1206 = DIRECTION('',(-1.,-0.,0.));
#1207 = PCURVE('',#72,#1208);
#1208 = DEFINITIONAL_REPRESENTATION('',(#1209),#1212);
#1209 = B_SPLINE_CURVE_WITH_KNOTS('',1,(#1210,#1211),.UNSPECIFIED.,.F.,
  .F.,(2,2),(-120.5,-42.),.PIECEWISE_BEZIER_KNOTS.);
#1210 = CARTESIAN_POINT('',(162.5,73.5));
#1211 = CARTESIAN_POINT('',(84.,73.5));
#1212 = ( GEOMETRIC_REPRESENTATION_CONTEXT(2) 
PARAMETRIC_REPRESENTATION_CONTEXT() REPRESENTATION_CONTEXT('2D SPACE',''
  ) );
#1213 = PCURVE('',#1214,#1219);
#1214 = PLANE('',#1215);
#1215 = AXIS2_PLACEMENT_3D('',#1216,#1217,#1218);
#1216 = CARTESIAN_POINT('',(84.,76.,2.4));
#1217 = DIRECTION('',(-0.,1.,0.));
#1218 = DIRECTION('',(0.,0.,1.));
#1219 = DEFINITIONAL_REPRESENTATION('',(#1220),#1223);
#1220 = B_SPLINE_CURVE_WITH_KNOTS('',1,(#1221,#1222),.UNSPECIFIED.,.F.,
  .F.,(2,2),(-120.5,-42.),.PIECEWISE_BEZIER_KNOTS.);
#1221 = CARTESIAN_POINT('',(6.6,78.5));
#1222 = CARTESIAN_POINT('',(6.6,0.));
#1223 = ( GEOMETRIC_REPRESENTATION_CONTEXT(2) 
PARAMETRIC_REPRESENTATION_CONTEXT() REPRESENTATION_CONTEXT('2D SPACE',''
  ) );
#1224 = ORIENTED_EDGE('',*,*,#1225,.F.);
#1225 = EDGE_CURVE('',#1042,#1200,#1226,.T.);
#1226 = SURFACE_CURVE('',#1227,(#1231,#1237),.PCURVE_S1.);
#1227 = LINE('',#1228,#1229);
#1228 = CARTESIAN_POINT('',(162.5,7.75,9.));
#1229 = VECTOR('',#1230,1.);
#1230 = DIRECTION('',(-0.,1.,0.));
#1231 = PCURVE('',#72,#1232);
#1232 = DEFINITIONAL_REPRESENTATION('',(#1233),#1236);
#1233 = B_SPLINE_CURVE_WITH_KNOTS('',1,(#1234,#1235),.UNSPECIFIED.,.F.,
  .F.,(2,2),(5.25,68.25),.PIECEWISE_BEZIER_KNOTS.);
#1234 = CARTESIAN_POINT('',(162.5,10.5));
#1235 = CARTESIAN_POINT('',(162.5,73.5));
#1236 = ( GEOMETRIC_REPRESENTATION_CONTEXT(2) 
PARAMETRIC_REPRESENTATION_CONTEXT() REPRESENTATION_CONTEXT('2D SPACE',''
  ) );
#1237 = PCURVE('',#1238,#1243);
#1238 = PLANE('',#1239);
#1239 = AXIS2_PLACEMENT_3D('',#1240,#1241,#1242);
#1240 = CARTESIAN_POINT('',(162.5,13.,2.4));
#1241 = DIRECTION('',(1.,0.,-0.));
#1242 = DIRECTION('',(0.,0.,1.));
#1243 = DEFINITIONAL_REPRESENTATION('',(#1244),#1247);
#1244 = B_SPLINE_CURVE_WITH_KNOTS('',1,(#1245,#1246),.UNSPECIFIED.,.F.,
  .F.,(2,2),(5.25,68.25),.PIECEWISE_BEZIER_KNOTS.);
#1245 = CARTESIAN_POINT('',(6.6,0.));
#1246 = CARTESIAN_POINT('',(6.6,-63.));
#1247 = ( GEOMETRIC_REPRESENTATION_CONTEXT(2) 
PARAMETRIC_REPRESENTATION_CONTEXT() REPRESENTATION_CONTEXT('2D SPACE',''
  ) );
#1248 = FACE_BOUND('',#1249,.T.);
#1249 = EDGE_LOOP('',(#1250,#1280,#1308,#1336));
#1250 = ORIENTED_EDGE('',*,*,#1251,.T.);
#1251 = EDGE_CURVE('',#1252,#1254,#1256,.T.);
#1252 = VERTEX_POINT('',#1253);
#1253 = CARTESIAN_POINT('',(26.,84.,9.));
#1254 = VERTEX_POINT('',#1255);
#1255 = CARTESIAN_POINT('',(12.,84.,9.));
#1256 = SURFACE_CURVE('',#1257,(#1261,#1268),.PCURVE_S1.);
#1257 = LINE('',#1258,#1259);
#1258 = CARTESIAN_POINT('',(6.,84.,9.));
#1259 = VECTOR('',#1260,1.);
#1260 = DIRECTION('',(-1.,0.,0.));
#1261 = PCURVE('',#72,#1262);
#1262 = DEFINITIONAL_REPRESENTATION('',(#1263),#1267);
#1263 = LINE('',#1264,#1265);
#1264 = CARTESIAN_POINT('',(6.,81.5));
#1265 = VECTOR('',#1266,1.);
#1266 = DIRECTION('',(-1.,0.));
#1267 = ( GEOMETRIC_REPRESENTATION_CONTEXT(2) 
PARAMETRIC_REPRESENTATION_CONTEXT() REPRESENTATION_CONTEXT('2D SPACE',''
  ) );
#1268 = PCURVE('',#1269,#1274);
#1269 = PLANE('',#1270);
#1270 = AXIS2_PLACEMENT_3D('',#1271,#1272,#1273);
#1271 = CARTESIAN_POINT('',(12.,84.,8.7));
#1272 = DIRECTION('',(0.,1.,0.));
#1273 = DIRECTION('',(0.,0.,1.));
#1274 = DEFINITIONAL_REPRESENTATION('',(#1275),#1279);
#1275 = LINE('',#1276,#1277);
#1276 = CARTESIAN_POINT('',(0.3,-6.));
#1277 = VECTOR('',#1278,1.);
#1278 = DIRECTION('',(0.,-1.));
#1279 = ( GEOMETRIC_REPRESENTATION_CONTEXT(2) 
PARAMETRIC_REPRESENTATION_CONTEXT() REPRESENTATION_CONTEXT('2D SPACE',''
  ) );
#1280 = ORIENTED_EDGE('',*,*,#1281,.T.);
#1281 = EDGE_CURVE('',#1254,#1282,#1284,.T.);
#1282 = VERTEX_POINT('',#1283);
#1283 = CARTESIAN_POINT('',(12.,111.,9.));
#1284 = SURFACE_CURVE('',#1285,(#1289,#1296),.PCURVE_S1.);
#1285 = LINE('',#1286,#1287);
#1286 = CARTESIAN_POINT('',(12.,43.25,9.));
#1287 = VECTOR('',#1288,1.);
#1288 = DIRECTION('',(0.,1.,0.));
#1289 = PCURVE('',#72,#1290);
#1290 = DEFINITIONAL_REPRESENTATION('',(#1291),#1295);
#1291 = LINE('',#1292,#1293);
#1292 = CARTESIAN_POINT('',(12.,40.75));
#1293 = VECTOR('',#1294,1.);
#1294 = DIRECTION('',(0.,1.));
#1295 = ( GEOMETRIC_REPRESENTATION_CONTEXT(2) 
PARAMETRIC_REPRESENTATION_CONTEXT() REPRESENTATION_CONTEXT('2D SPACE',''
  ) );
#1296 = PCURVE('',#1297,#1302);
#1297 = PLANE('',#1298);
#1298 = AXIS2_PLACEMENT_3D('',#1299,#1300,#1301);
#1299 = CARTESIAN_POINT('',(12.,84.,8.7));
#1300 = DIRECTION('',(1.,0.,0.));
#1301 = DIRECTION('',(0.,0.,1.));
#1302 = DEFINITIONAL_REPRESENTATION('',(#1303),#1307);
#1303 = LINE('',#1304,#1305);
#1304 = CARTESIAN_POINT('',(0.3,40.75));
#1305 = VECTOR('',#1306,1.);
#1306 = DIRECTION('',(0.,-1.));
#1307 = ( GEOMETRIC_REPRESENTATION_CONTEXT(2) 
PARAMETRIC_REPRESENTATION_CONTEXT() REPRESENTATION_CONTEXT('2D SPACE',''
  ) );
#1308 = ORIENTED_EDGE('',*,*,#1309,.F.);
#1309 = EDGE_CURVE('',#1310,#1282,#1312,.T.);
#1310 = VERTEX_POINT('',#1311);
#1311 = CARTESIAN_POINT('',(26.,111.,9.));
#1312 = SURFACE_CURVE('',#1313,(#1317,#1324),.PCURVE_S1.);
#1313 = LINE('',#1314,#1315);
#1314 = CARTESIAN_POINT('',(6.,111.,9.));
#1315 = VECTOR('',#1316,1.);
#1316 = DIRECTION('',(-1.,0.,0.));
#1317 = PCURVE('',#72,#1318);
#1318 = DEFINITIONAL_REPRESENTATION('',(#1319),#1323);
#1319 = LINE('',#1320,#1321);
#1320 = CARTESIAN_POINT('',(6.,108.5));
#1321 = VECTOR('',#1322,1.);
#1322 = DIRECTION('',(-1.,0.));
#1323 = ( GEOMETRIC_REPRESENTATION_CONTEXT(2) 
PARAMETRIC_REPRESENTATION_CONTEXT() REPRESENTATION_CONTEXT('2D SPACE',''
  ) );
#1324 = PCURVE('',#1325,#1330);
#1325 = PLANE('',#1326);
#1326 = AXIS2_PLACEMENT_3D('',#1327,#1328,#1329);
#1327 = CARTESIAN_POINT('',(12.,111.,8.7));
#1328 = DIRECTION('',(0.,1.,0.));
#1329 = DIRECTION('',(0.,0.,1.));
#1330 = DEFINITIONAL_REPRESENTATION('',(#1331),#1335);
#1331 = LINE('',#1332,#1333);
#1332 = CARTESIAN_POINT('',(0.3,-6.));
#1333 = VECTOR('',#1334,1.);
#1334 = DIRECTION('',(0.,-1.));
#1335 = ( GEOMETRIC_REPRESENTATION_CONTEXT(2) 
PARAMETRIC_REPRESENTATION_CONTEXT() REPRESENTATION_CONTEXT('2D SPACE',''
  ) );
#1336 = ORIENTED_EDGE('',*,*,#1337,.F.);
#1337 = EDGE_CURVE('',#1252,#1310,#1338,.T.);
#1338 = SURFACE_CURVE('',#1339,(#1343,#1350),.PCURVE_S1.);
#1339 = LINE('',#1340,#1341);
#1340 = CARTESIAN_POINT('',(26.,43.25,9.));
#1341 = VECTOR('',#1342,1.);
#1342 = DIRECTION('',(0.,1.,0.));
#1343 = PCURVE('',#72,#1344);
#1344 = DEFINITIONAL_REPRESENTATION('',(#1345),#1349);
#1345 = LINE('',#1346,#1347);
#1346 = CARTESIAN_POINT('',(26.,40.75));
#1347 = VECTOR('',#1348,1.);
#1348 = DIRECTION('',(0.,1.));
#1349 = ( GEOMETRIC_REPRESENTATION_CONTEXT(2) 
PARAMETRIC_REPRESENTATION_CONTEXT() REPRESENTATION_CONTEXT('2D SPACE',''
  ) );
#1350 = PCURVE('',#1351,#1356);
#1351 = PLANE('',#1352);
#1352 = AXIS2_PLACEMENT_3D('',#1353,#1354,#1355);
#1353 = CARTESIAN_POINT('',(26.,84.,8.7));
#1354 = DIRECTION('',(1.,0.,0.));
#1355 = DIRECTION('',(0.,0.,1.));
#1356 = DEFINITIONAL_REPRESENTATION('',(#1357),#1361);
#1357 = LINE('',#1358,#1359);
#1358 = CARTESIAN_POINT('',(0.3,40.75));
#1359 = VECTOR('',#1360,1.);
#1360 = DIRECTION('',(0.,-1.));
#1361 = ( GEOMETRIC_REPRESENTATION_CONTEXT(2) 
PARAMETRIC_REPRESENTATION_CONTEXT() REPRESENTATION_CONTEXT('2D SPACE',''
  ) );
#1362 = FACE_BOUND('',#1363,.T.);
#1363 = EDGE_LOOP('',(#1364,#1392,#1418,#1444,#1470,#1496,#1522,#1548,
    #1574,#1600));
#1364 = ORIENTED_EDGE('',*,*,#1365,.T.);
#1365 = EDGE_CURVE('',#1366,#1368,#1370,.T.);
#1366 = VERTEX_POINT('',#1367);
#1367 = CARTESIAN_POINT('',(29.,114.,9.));
#1368 = VERTEX_POINT('',#1369);
#1369 = CARTESIAN_POINT('',(10.,114.,9.));
#1370 = SURFACE_CURVE('',#1371,(#1375,#1381),.PCURVE_S1.);
#1371 = LINE('',#1372,#1373);
#1372 = CARTESIAN_POINT('',(4.5,114.,9.));
#1373 = VECTOR('',#1374,1.);
#1374 = DIRECTION('',(-1.,-0.,0.));
#1375 = PCURVE('',#72,#1376);
#1376 = DEFINITIONAL_REPRESENTATION('',(#1377),#1380);
#1377 = B_SPLINE_CURVE_WITH_KNOTS('',1,(#1378,#1379),.UNSPECIFIED.,.F.,
  .F.,(2,2),(-24.5,-5.5),.PIECEWISE_BEZIER_KNOTS.);
#1378 = CARTESIAN_POINT('',(29.,111.5));
#1379 = CARTESIAN_POINT('',(10.,111.5));
#1380 = ( GEOMETRIC_REPRESENTATION_CONTEXT(2) 
PARAMETRIC_REPRESENTATION_CONTEXT() REPRESENTATION_CONTEXT('2D SPACE',''
  ) );
#1381 = PCURVE('',#1382,#1387);
#1382 = PLANE('',#1383);
#1383 = AXIS2_PLACEMENT_3D('',#1384,#1385,#1386);
#1384 = CARTESIAN_POINT('',(9.,114.,-1.));
#1385 = DIRECTION('',(-0.,1.,0.));
#1386 = DIRECTION('',(0.,0.,1.));
#1387 = DEFINITIONAL_REPRESENTATION('',(#1388),#1391);
#1388 = B_SPLINE_CURVE_WITH_KNOTS('',1,(#1389,#1390),.UNSPECIFIED.,.F.,
  .F.,(2,2),(-24.5,-5.5),.PIECEWISE_BEZIER_KNOTS.);
#1389 = CARTESIAN_POINT('',(10.,20.));
#1390 = CARTESIAN_POINT('',(10.,1.));
#1391 = ( GEOMETRIC_REPRESENTATION_CONTEXT(2) 
PARAMETRIC_REPRESENTATION_CONTEXT() REPRESENTATION_CONTEXT('2D SPACE',''
  ) );
#1392 = ORIENTED_EDGE('',*,*,#1393,.T.);
#1393 = EDGE_CURVE('',#1368,#1394,#1396,.T.);
#1394 = VERTEX_POINT('',#1395);
#1395 = CARTESIAN_POINT('',(10.,123.,9.));
#1396 = SURFACE_CURVE('',#1397,(#1401,#1407),.PCURVE_S1.);
#1397 = LINE('',#1398,#1399);
#1398 = CARTESIAN_POINT('',(10.,42.25,9.));
#1399 = VECTOR('',#1400,1.);
#1400 = DIRECTION('',(-0.,1.,0.));
#1401 = PCURVE('',#72,#1402);
#1402 = DEFINITIONAL_REPRESENTATION('',(#1403),#1406);
#1403 = B_SPLINE_CURVE_WITH_KNOTS('',1,(#1404,#1405),.UNSPECIFIED.,.F.,
  .F.,(2,2),(71.75,80.75),.PIECEWISE_BEZIER_KNOTS.);
#1404 = CARTESIAN_POINT('',(10.,111.5));
#1405 = CARTESIAN_POINT('',(10.,120.5));
#1406 = ( GEOMETRIC_REPRESENTATION_CONTEXT(2) 
PARAMETRIC_REPRESENTATION_CONTEXT() REPRESENTATION_CONTEXT('2D SPACE',''
  ) );
#1407 = PCURVE('',#1408,#1413);
#1408 = PLANE('',#1409);
#1409 = AXIS2_PLACEMENT_3D('',#1410,#1411,#1412);
#1410 = CARTESIAN_POINT('',(10.,82.,2.4));
#1411 = DIRECTION('',(1.,0.,-0.));
#1412 = DIRECTION('',(0.,0.,1.));
#1413 = DEFINITIONAL_REPRESENTATION('',(#1414),#1417);
#1414 = B_SPLINE_CURVE_WITH_KNOTS('',1,(#1415,#1416),.UNSPECIFIED.,.F.,
  .F.,(2,2),(71.75,80.75),.PIECEWISE_BEZIER_KNOTS.);
#1415 = CARTESIAN_POINT('',(6.6,-32.));
#1416 = CARTESIAN_POINT('',(6.6,-41.));
#1417 = ( GEOMETRIC_REPRESENTATION_CONTEXT(2) 
PARAMETRIC_REPRESENTATION_CONTEXT() REPRESENTATION_CONTEXT('2D SPACE',''
  ) );
#1418 = ORIENTED_EDGE('',*,*,#1419,.F.);
#1419 = EDGE_CURVE('',#1420,#1394,#1422,.T.);
#1420 = VERTEX_POINT('',#1421);
#1421 = CARTESIAN_POINT('',(14.,123.,9.));
#1422 = SURFACE_CURVE('',#1423,(#1427,#1433),.PCURVE_S1.);
#1423 = LINE('',#1424,#1425);
#1424 = CARTESIAN_POINT('',(-2.,123.,9.));
#1425 = VECTOR('',#1426,1.);
#1426 = DIRECTION('',(-1.,-0.,0.));
#1427 = PCURVE('',#72,#1428);
#1428 = DEFINITIONAL_REPRESENTATION('',(#1429),#1432);
#1429 = B_SPLINE_CURVE_WITH_KNOTS('',1,(#1430,#1431),.UNSPECIFIED.,.F.,
  .F.,(2,2),(-16.,-12.),.PIECEWISE_BEZIER_KNOTS.);
#1430 = CARTESIAN_POINT('',(14.,120.5));
#1431 = CARTESIAN_POINT('',(10.,120.5));
#1432 = ( GEOMETRIC_REPRESENTATION_CONTEXT(2) 
PARAMETRIC_REPRESENTATION_CONTEXT() REPRESENTATION_CONTEXT('2D SPACE',''
  ) );
#1433 = PCURVE('',#1434,#1439);
#1434 = PLANE('',#1435);
#1435 = AXIS2_PLACEMENT_3D('',#1436,#1437,#1438);
#1436 = CARTESIAN_POINT('',(-4.,123.,-1.));
#1437 = DIRECTION('',(-0.,1.,0.));
#1438 = DIRECTION('',(0.,0.,1.));
#1439 = DEFINITIONAL_REPRESENTATION('',(#1440),#1443);
#1440 = B_SPLINE_CURVE_WITH_KNOTS('',1,(#1441,#1442),.UNSPECIFIED.,.F.,
  .F.,(2,2),(-16.,-12.),.PIECEWISE_BEZIER_KNOTS.);
#1441 = CARTESIAN_POINT('',(10.,18.));
#1442 = CARTESIAN_POINT('',(10.,14.));
#1443 = ( GEOMETRIC_REPRESENTATION_CONTEXT(2) 
PARAMETRIC_REPRESENTATION_CONTEXT() REPRESENTATION_CONTEXT('2D SPACE',''
  ) );
#1444 = ORIENTED_EDGE('',*,*,#1445,.T.);
#1445 = EDGE_CURVE('',#1420,#1446,#1448,.T.);
#1446 = VERTEX_POINT('',#1447);
#1447 = CARTESIAN_POINT('',(14.,149.,9.));
#1448 = SURFACE_CURVE('',#1449,(#1453,#1459),.PCURVE_S1.);
#1449 = LINE('',#1450,#1451);
#1450 = CARTESIAN_POINT('',(14.,62.75,9.));
#1451 = VECTOR('',#1452,1.);
#1452 = DIRECTION('',(-0.,1.,0.));
#1453 = PCURVE('',#72,#1454);
#1454 = DEFINITIONAL_REPRESENTATION('',(#1455),#1458);
#1455 = B_SPLINE_CURVE_WITH_KNOTS('',1,(#1456,#1457),.UNSPECIFIED.,.F.,
  .F.,(2,2),(60.25,86.25),.PIECEWISE_BEZIER_KNOTS.);
#1456 = CARTESIAN_POINT('',(14.,120.5));
#1457 = CARTESIAN_POINT('',(14.,146.5));
#1458 = ( GEOMETRIC_REPRESENTATION_CONTEXT(2) 
PARAMETRIC_REPRESENTATION_CONTEXT() REPRESENTATION_CONTEXT('2D SPACE',''
  ) );
#1459 = PCURVE('',#1460,#1465);
#1460 = PLANE('',#1461);
#1461 = AXIS2_PLACEMENT_3D('',#1462,#1463,#1464);
#1462 = CARTESIAN_POINT('',(14.,123.,-1.));
#1463 = DIRECTION('',(1.,0.,-0.));
#1464 = DIRECTION('',(0.,0.,1.));
#1465 = DEFINITIONAL_REPRESENTATION('',(#1466),#1469);
#1466 = B_SPLINE_CURVE_WITH_KNOTS('',1,(#1467,#1468),.UNSPECIFIED.,.F.,
  .F.,(2,2),(60.25,86.25),.PIECEWISE_BEZIER_KNOTS.);
#1467 = CARTESIAN_POINT('',(10.,0.));
#1468 = CARTESIAN_POINT('',(10.,-26.));
#1469 = ( GEOMETRIC_REPRESENTATION_CONTEXT(2) 
PARAMETRIC_REPRESENTATION_CONTEXT() REPRESENTATION_CONTEXT('2D SPACE',''
  ) );
#1470 = ORIENTED_EDGE('',*,*,#1471,.T.);
#1471 = EDGE_CURVE('',#1446,#1472,#1474,.T.);
#1472 = VERTEX_POINT('',#1473);
#1473 = CARTESIAN_POINT('',(10.,149.,9.));
#1474 = SURFACE_CURVE('',#1475,(#1479,#1485),.PCURVE_S1.);
#1475 = LINE('',#1476,#1477);
#1476 = CARTESIAN_POINT('',(-2.,149.,9.));
#1477 = VECTOR('',#1478,1.);
#1478 = DIRECTION('',(-1.,-0.,0.));
#1479 = PCURVE('',#72,#1480);
#1480 = DEFINITIONAL_REPRESENTATION('',(#1481),#1484);
#1481 = B_SPLINE_CURVE_WITH_KNOTS('',1,(#1482,#1483),.UNSPECIFIED.,.F.,
  .F.,(2,2),(-16.,-12.),.PIECEWISE_BEZIER_KNOTS.);
#1482 = CARTESIAN_POINT('',(14.,146.5));
#1483 = CARTESIAN_POINT('',(10.,146.5));
#1484 = ( GEOMETRIC_REPRESENTATION_CONTEXT(2) 
PARAMETRIC_REPRESENTATION_CONTEXT() REPRESENTATION_CONTEXT('2D SPACE',''
  ) );
#1485 = PCURVE('',#1486,#1491);
#1486 = PLANE('',#1487);
#1487 = AXIS2_PLACEMENT_3D('',#1488,#1489,#1490);
#1488 = CARTESIAN_POINT('',(-4.,149.,-1.));
#1489 = DIRECTION('',(-0.,1.,0.));
#1490 = DIRECTION('',(0.,0.,1.));
#1491 = DEFINITIONAL_REPRESENTATION('',(#1492),#1495);
#1492 = B_SPLINE_CURVE_WITH_KNOTS('',1,(#1493,#1494),.UNSPECIFIED.,.F.,
  .F.,(2,2),(-16.,-12.),.PIECEWISE_BEZIER_KNOTS.);
#1493 = CARTESIAN_POINT('',(10.,18.));
#1494 = CARTESIAN_POINT('',(10.,14.));
#1495 = ( GEOMETRIC_REPRESENTATION_CONTEXT(2) 
PARAMETRIC_REPRESENTATION_CONTEXT() REPRESENTATION_CONTEXT('2D SPACE',''
  ) );
#1496 = ORIENTED_EDGE('',*,*,#1497,.T.);
#1497 = EDGE_CURVE('',#1472,#1498,#1500,.T.);
#1498 = VERTEX_POINT('',#1499);
#1499 = CARTESIAN_POINT('',(10.,158.25,9.));
#1500 = SURFACE_CURVE('',#1501,(#1505,#1511),.PCURVE_S1.);
#1501 = LINE('',#1502,#1503);
#1502 = CARTESIAN_POINT('',(10.,42.25,9.));
#1503 = VECTOR('',#1504,1.);
#1504 = DIRECTION('',(-0.,1.,0.));
#1505 = PCURVE('',#72,#1506);
#1506 = DEFINITIONAL_REPRESENTATION('',(#1507),#1510);
#1507 = B_SPLINE_CURVE_WITH_KNOTS('',1,(#1508,#1509),.UNSPECIFIED.,.F.,
  .F.,(2,2),(106.75,116.),.PIECEWISE_BEZIER_KNOTS.);
#1508 = CARTESIAN_POINT('',(10.,146.5));
#1509 = CARTESIAN_POINT('',(10.,155.75));
#1510 = ( GEOMETRIC_REPRESENTATION_CONTEXT(2) 
PARAMETRIC_REPRESENTATION_CONTEXT() REPRESENTATION_CONTEXT('2D SPACE',''
  ) );
#1511 = PCURVE('',#1512,#1517);
#1512 = PLANE('',#1513);
#1513 = AXIS2_PLACEMENT_3D('',#1514,#1515,#1516);
#1514 = CARTESIAN_POINT('',(10.,82.,2.4));
#1515 = DIRECTION('',(1.,0.,-0.));
#1516 = DIRECTION('',(0.,0.,1.));
#1517 = DEFINITIONAL_REPRESENTATION('',(#1518),#1521);
#1518 = B_SPLINE_CURVE_WITH_KNOTS('',1,(#1519,#1520),.UNSPECIFIED.,.F.,
  .F.,(2,2),(106.75,116.),.PIECEWISE_BEZIER_KNOTS.);
#1519 = CARTESIAN_POINT('',(6.6,-67.));
#1520 = CARTESIAN_POINT('',(6.6,-76.25));
#1521 = ( GEOMETRIC_REPRESENTATION_CONTEXT(2) 
PARAMETRIC_REPRESENTATION_CONTEXT() REPRESENTATION_CONTEXT('2D SPACE',''
  ) );
#1522 = ORIENTED_EDGE('',*,*,#1523,.F.);
#1523 = EDGE_CURVE('',#1524,#1498,#1526,.T.);
#1524 = VERTEX_POINT('',#1525);
#1525 = CARTESIAN_POINT('',(32.,158.25,9.));
#1526 = SURFACE_CURVE('',#1527,(#1531,#1537),.PCURVE_S1.);
#1527 = LINE('',#1528,#1529);
#1528 = CARTESIAN_POINT('',(5.,158.25,9.));
#1529 = VECTOR('',#1530,1.);
#1530 = DIRECTION('',(-1.,-0.,0.));
#1531 = PCURVE('',#72,#1532);
#1532 = DEFINITIONAL_REPRESENTATION('',(#1533),#1536);
#1533 = B_SPLINE_CURVE_WITH_KNOTS('',1,(#1534,#1535),.UNSPECIFIED.,.F.,
  .F.,(2,2),(-27.,-5.),.PIECEWISE_BEZIER_KNOTS.);
#1534 = CARTESIAN_POINT('',(32.,155.75));
#1535 = CARTESIAN_POINT('',(10.,155.75));
#1536 = ( GEOMETRIC_REPRESENTATION_CONTEXT(2) 
PARAMETRIC_REPRESENTATION_CONTEXT() REPRESENTATION_CONTEXT('2D SPACE',''
  ) );
#1537 = PCURVE('',#1538,#1543);
#1538 = PLANE('',#1539);
#1539 = AXIS2_PLACEMENT_3D('',#1540,#1541,#1542);
#1540 = CARTESIAN_POINT('',(10.,158.25,2.4));
#1541 = DIRECTION('',(-0.,1.,0.));
#1542 = DIRECTION('',(0.,0.,1.));
#1543 = DEFINITIONAL_REPRESENTATION('',(#1544),#1547);
#1544 = B_SPLINE_CURVE_WITH_KNOTS('',1,(#1545,#1546),.UNSPECIFIED.,.F.,
  .F.,(2,2),(-27.,-5.),.PIECEWISE_BEZIER_KNOTS.);
#1545 = CARTESIAN_POINT('',(6.6,22.));
#1546 = CARTESIAN_POINT('',(6.6,0.));
#1547 = ( GEOMETRIC_REPRESENTATION_CONTEXT(2) 
PARAMETRIC_REPRESENTATION_CONTEXT() REPRESENTATION_CONTEXT('2D SPACE',''
  ) );
#1548 = ORIENTED_EDGE('',*,*,#1549,.F.);
#1549 = EDGE_CURVE('',#1550,#1524,#1552,.T.);
#1550 = VERTEX_POINT('',#1551);
#1551 = CARTESIAN_POINT('',(32.,82.,9.));
#1552 = SURFACE_CURVE('',#1553,(#1557,#1563),.PCURVE_S1.);
#1553 = LINE('',#1554,#1555);
#1554 = CARTESIAN_POINT('',(32.,33.25,9.));
#1555 = VECTOR('',#1556,1.);
#1556 = DIRECTION('',(-0.,1.,0.));
#1557 = PCURVE('',#72,#1558);
#1558 = DEFINITIONAL_REPRESENTATION('',(#1559),#1562);
#1559 = B_SPLINE_CURVE_WITH_KNOTS('',1,(#1560,#1561),.UNSPECIFIED.,.F.,
  .F.,(2,2),(48.75,125.),.PIECEWISE_BEZIER_KNOTS.);
#1560 = CARTESIAN_POINT('',(32.,79.5));
#1561 = CARTESIAN_POINT('',(32.,155.75));
#1562 = ( GEOMETRIC_REPRESENTATION_CONTEXT(2) 
PARAMETRIC_REPRESENTATION_CONTEXT() REPRESENTATION_CONTEXT('2D SPACE',''
  ) );
#1563 = PCURVE('',#1564,#1569);
#1564 = PLANE('',#1565);
#1565 = AXIS2_PLACEMENT_3D('',#1566,#1567,#1568);
#1566 = CARTESIAN_POINT('',(32.,64.,-1.));
#1567 = DIRECTION('',(1.,0.,-0.));
#1568 = DIRECTION('',(0.,0.,1.));
#1569 = DEFINITIONAL_REPRESENTATION('',(#1570),#1573);
#1570 = B_SPLINE_CURVE_WITH_KNOTS('',1,(#1571,#1572),.UNSPECIFIED.,.F.,
  .F.,(2,2),(48.75,125.),.PIECEWISE_BEZIER_KNOTS.);
#1571 = CARTESIAN_POINT('',(10.,-18.));
#1572 = CARTESIAN_POINT('',(10.,-94.25));
#1573 = ( GEOMETRIC_REPRESENTATION_CONTEXT(2) 
PARAMETRIC_REPRESENTATION_CONTEXT() REPRESENTATION_CONTEXT('2D SPACE',''
  ) );
#1574 = ORIENTED_EDGE('',*,*,#1575,.T.);
#1575 = EDGE_CURVE('',#1550,#1576,#1578,.T.);
#1576 = VERTEX_POINT('',#1577);
#1577 = CARTESIAN_POINT('',(29.,82.,9.));
#1578 = SURFACE_CURVE('',#1579,(#1583,#1589),.PCURVE_S1.);
#1579 = LINE('',#1580,#1581);
#1580 = CARTESIAN_POINT('',(5.,82.,9.));
#1581 = VECTOR('',#1582,1.);
#1582 = DIRECTION('',(-1.,-0.,0.));
#1583 = PCURVE('',#72,#1584);
#1584 = DEFINITIONAL_REPRESENTATION('',(#1585),#1588);
#1585 = B_SPLINE_CURVE_WITH_KNOTS('',1,(#1586,#1587),.UNSPECIFIED.,.F.,
  .F.,(2,2),(-27.,-24.),.PIECEWISE_BEZIER_KNOTS.);
#1586 = CARTESIAN_POINT('',(32.,79.5));
#1587 = CARTESIAN_POINT('',(29.,79.5));
#1588 = ( GEOMETRIC_REPRESENTATION_CONTEXT(2) 
PARAMETRIC_REPRESENTATION_CONTEXT() REPRESENTATION_CONTEXT('2D SPACE',''
  ) );
#1589 = PCURVE('',#1590,#1595);
#1590 = PLANE('',#1591);
#1591 = AXIS2_PLACEMENT_3D('',#1592,#1593,#1594);
#1592 = CARTESIAN_POINT('',(10.,82.,2.4));
#1593 = DIRECTION('',(-0.,1.,0.));
#1594 = DIRECTION('',(0.,0.,1.));
#1595 = DEFINITIONAL_REPRESENTATION('',(#1596),#1599);
#1596 = B_SPLINE_CURVE_WITH_KNOTS('',1,(#1597,#1598),.UNSPECIFIED.,.F.,
  .F.,(2,2),(-27.,-24.),.PIECEWISE_BEZIER_KNOTS.);
#1597 = CARTESIAN_POINT('',(6.6,22.));
#1598 = CARTESIAN_POINT('',(6.6,19.));
#1599 = ( GEOMETRIC_REPRESENTATION_CONTEXT(2) 
PARAMETRIC_REPRESENTATION_CONTEXT() REPRESENTATION_CONTEXT('2D SPACE',''
  ) );
#1600 = ORIENTED_EDGE('',*,*,#1601,.T.);
#1601 = EDGE_CURVE('',#1576,#1366,#1602,.T.);
#1602 = SURFACE_CURVE('',#1603,(#1607,#1613),.PCURVE_S1.);
#1603 = LINE('',#1604,#1605);
#1604 = CARTESIAN_POINT('',(29.,41.75,9.));
#1605 = VECTOR('',#1606,1.);
#1606 = DIRECTION('',(-0.,1.,0.));
#1607 = PCURVE('',#72,#1608);
#1608 = DEFINITIONAL_REPRESENTATION('',(#1609),#1612);
#1609 = B_SPLINE_CURVE_WITH_KNOTS('',1,(#1610,#1611),.UNSPECIFIED.,.F.,
  .F.,(2,2),(40.25,72.25),.PIECEWISE_BEZIER_KNOTS.);
#1610 = CARTESIAN_POINT('',(29.,79.5));
#1611 = CARTESIAN_POINT('',(29.,111.5));
#1612 = ( GEOMETRIC_REPRESENTATION_CONTEXT(2) 
PARAMETRIC_REPRESENTATION_CONTEXT() REPRESENTATION_CONTEXT('2D SPACE',''
  ) );
#1613 = PCURVE('',#1614,#1619);
#1614 = PLANE('',#1615);
#1615 = AXIS2_PLACEMENT_3D('',#1616,#1617,#1618);
#1616 = CARTESIAN_POINT('',(29.,81.,-1.));
#1617 = DIRECTION('',(1.,0.,-0.));
#1618 = DIRECTION('',(0.,0.,1.));
#1619 = DEFINITIONAL_REPRESENTATION('',(#1620),#1623);
#1620 = B_SPLINE_CURVE_WITH_KNOTS('',1,(#1621,#1622),.UNSPECIFIED.,.F.,
  .F.,(2,2),(40.25,72.25),.PIECEWISE_BEZIER_KNOTS.);
#1621 = CARTESIAN_POINT('',(10.,-1.));
#1622 = CARTESIAN_POINT('',(10.,-33.));
#1623 = ( GEOMETRIC_REPRESENTATION_CONTEXT(2) 
PARAMETRIC_REPRESENTATION_CONTEXT() REPRESENTATION_CONTEXT('2D SPACE',''
  ) );
#1624 = FACE_BOUND('',#1625,.T.);
#1625 = EDGE_LOOP('',(#1626,#1654,#1680,#1706));
#1626 = ORIENTED_EDGE('',*,*,#1627,.F.);
#1627 = EDGE_CURVE('',#1628,#1630,#1632,.T.);
#1628 = VERTEX_POINT('',#1629);
#1629 = CARTESIAN_POINT('',(78.,92.,9.));
#1630 = VERTEX_POINT('',#1631);
#1631 = CARTESIAN_POINT('',(69.,92.,9.));
#1632 = SURFACE_CURVE('',#1633,(#1637,#1643),.PCURVE_S1.);
#1633 = LINE('',#1634,#1635);
#1634 = CARTESIAN_POINT('',(18.5,92.,9.));
#1635 = VECTOR('',#1636,1.);
#1636 = DIRECTION('',(-1.,-0.,0.));
#1637 = PCURVE('',#72,#1638);
#1638 = DEFINITIONAL_REPRESENTATION('',(#1639),#1642);
#1639 = B_SPLINE_CURVE_WITH_KNOTS('',1,(#1640,#1641),.UNSPECIFIED.,.F.,
  .F.,(2,2),(-59.5,-50.5),.PIECEWISE_BEZIER_KNOTS.);
#1640 = CARTESIAN_POINT('',(78.,89.5));
#1641 = CARTESIAN_POINT('',(69.,89.5));
#1642 = ( GEOMETRIC_REPRESENTATION_CONTEXT(2) 
PARAMETRIC_REPRESENTATION_CONTEXT() REPRESENTATION_CONTEXT('2D SPACE',''
  ) );
#1643 = PCURVE('',#1644,#1649);
#1644 = PLANE('',#1645);
#1645 = AXIS2_PLACEMENT_3D('',#1646,#1647,#1648);
#1646 = CARTESIAN_POINT('',(37.,92.,-1.));
#1647 = DIRECTION('',(-0.,1.,0.));
#1648 = DIRECTION('',(0.,0.,1.));
#1649 = DEFINITIONAL_REPRESENTATION('',(#1650),#1653);
#1650 = B_SPLINE_CURVE_WITH_KNOTS('',1,(#1651,#1652),.UNSPECIFIED.,.F.,
  .F.,(2,2),(-59.5,-50.5),.PIECEWISE_BEZIER_KNOTS.);
#1651 = CARTESIAN_POINT('',(10.,41.));
#1652 = CARTESIAN_POINT('',(10.,32.));
#1653 = ( GEOMETRIC_REPRESENTATION_CONTEXT(2) 
PARAMETRIC_REPRESENTATION_CONTEXT() REPRESENTATION_CONTEXT('2D SPACE',''
  ) );
#1654 = ORIENTED_EDGE('',*,*,#1655,.F.);
#1655 = EDGE_CURVE('',#1656,#1628,#1658,.T.);
#1656 = VERTEX_POINT('',#1657);
#1657 = CARTESIAN_POINT('',(78.,82.,9.));
#1658 = SURFACE_CURVE('',#1659,(#1663,#1669),.PCURVE_S1.);
#1659 = LINE('',#1660,#1661);
#1660 = CARTESIAN_POINT('',(78.,42.25,9.));
#1661 = VECTOR('',#1662,1.);
#1662 = DIRECTION('',(-0.,1.,0.));
#1663 = PCURVE('',#72,#1664);
#1664 = DEFINITIONAL_REPRESENTATION('',(#1665),#1668);
#1665 = B_SPLINE_CURVE_WITH_KNOTS('',1,(#1666,#1667),.UNSPECIFIED.,.F.,
  .F.,(2,2),(39.75,49.75),.PIECEWISE_BEZIER_KNOTS.);
#1666 = CARTESIAN_POINT('',(78.,79.5));
#1667 = CARTESIAN_POINT('',(78.,89.5));
#1668 = ( GEOMETRIC_REPRESENTATION_CONTEXT(2) 
PARAMETRIC_REPRESENTATION_CONTEXT() REPRESENTATION_CONTEXT('2D SPACE',''
  ) );
#1669 = PCURVE('',#1670,#1675);
#1670 = PLANE('',#1671);
#1671 = AXIS2_PLACEMENT_3D('',#1672,#1673,#1674);
#1672 = CARTESIAN_POINT('',(78.,82.,2.4));
#1673 = DIRECTION('',(1.,0.,-0.));
#1674 = DIRECTION('',(0.,0.,1.));
#1675 = DEFINITIONAL_REPRESENTATION('',(#1676),#1679);
#1676 = B_SPLINE_CURVE_WITH_KNOTS('',1,(#1677,#1678),.UNSPECIFIED.,.F.,
  .F.,(2,2),(39.75,49.75),.PIECEWISE_BEZIER_KNOTS.);
#1677 = CARTESIAN_POINT('',(6.6,0.));
#1678 = CARTESIAN_POINT('',(6.6,-10.));
#1679 = ( GEOMETRIC_REPRESENTATION_CONTEXT(2) 
PARAMETRIC_REPRESENTATION_CONTEXT() REPRESENTATION_CONTEXT('2D SPACE',''
  ) );
#1680 = ORIENTED_EDGE('',*,*,#1681,.T.);
#1681 = EDGE_CURVE('',#1656,#1682,#1684,.T.);
#1682 = VERTEX_POINT('',#1683);
#1683 = CARTESIAN_POINT('',(69.,82.,9.));
#1684 = SURFACE_CURVE('',#1685,(#1689,#1695),.PCURVE_S1.);
#1685 = LINE('',#1686,#1687);
#1686 = CARTESIAN_POINT('',(5.,82.,9.));
#1687 = VECTOR('',#1688,1.);
#1688 = DIRECTION('',(-1.,-0.,0.));
#1689 = PCURVE('',#72,#1690);
#1690 = DEFINITIONAL_REPRESENTATION('',(#1691),#1694);
#1691 = B_SPLINE_CURVE_WITH_KNOTS('',1,(#1692,#1693),.UNSPECIFIED.,.F.,
  .F.,(2,2),(-73.,-64.),.PIECEWISE_BEZIER_KNOTS.);
#1692 = CARTESIAN_POINT('',(78.,79.5));
#1693 = CARTESIAN_POINT('',(69.,79.5));
#1694 = ( GEOMETRIC_REPRESENTATION_CONTEXT(2) 
PARAMETRIC_REPRESENTATION_CONTEXT() REPRESENTATION_CONTEXT('2D SPACE',''
  ) );
#1695 = PCURVE('',#1696,#1701);
#1696 = PLANE('',#1697);
#1697 = AXIS2_PLACEMENT_3D('',#1698,#1699,#1700);
#1698 = CARTESIAN_POINT('',(10.,82.,2.4));
#1699 = DIRECTION('',(-0.,1.,0.));
#1700 = DIRECTION('',(0.,0.,1.));
#1701 = DEFINITIONAL_REPRESENTATION('',(#1702),#1705);
#1702 = B_SPLINE_CURVE_WITH_KNOTS('',1,(#1703,#1704),.UNSPECIFIED.,.F.,
  .F.,(2,2),(-73.,-64.),.PIECEWISE_BEZIER_KNOTS.);
#1703 = CARTESIAN_POINT('',(6.6,68.));
#1704 = CARTESIAN_POINT('',(6.6,59.));
#1705 = ( GEOMETRIC_REPRESENTATION_CONTEXT(2) 
PARAMETRIC_REPRESENTATION_CONTEXT() REPRESENTATION_CONTEXT('2D SPACE',''
  ) );
#1706 = ORIENTED_EDGE('',*,*,#1707,.T.);
#1707 = EDGE_CURVE('',#1682,#1630,#1708,.T.);
#1708 = SURFACE_CURVE('',#1709,(#1713,#1719),.PCURVE_S1.);
#1709 = LINE('',#1710,#1711);
#1710 = CARTESIAN_POINT('',(69.,33.25,9.));
#1711 = VECTOR('',#1712,1.);
#1712 = DIRECTION('',(-0.,1.,0.));
#1713 = PCURVE('',#72,#1714);
#1714 = DEFINITIONAL_REPRESENTATION('',(#1715),#1718);
#1715 = B_SPLINE_CURVE_WITH_KNOTS('',1,(#1716,#1717),.UNSPECIFIED.,.F.,
  .F.,(2,2),(48.75,58.75),.PIECEWISE_BEZIER_KNOTS.);
#1716 = CARTESIAN_POINT('',(69.,79.5));
#1717 = CARTESIAN_POINT('',(69.,89.5));
#1718 = ( GEOMETRIC_REPRESENTATION_CONTEXT(2) 
PARAMETRIC_REPRESENTATION_CONTEXT() REPRESENTATION_CONTEXT('2D SPACE',''
  ) );
#1719 = PCURVE('',#1720,#1725);
#1720 = PLANE('',#1721);
#1721 = AXIS2_PLACEMENT_3D('',#1722,#1723,#1724);
#1722 = CARTESIAN_POINT('',(69.,64.,-1.));
#1723 = DIRECTION('',(1.,0.,-0.));
#1724 = DIRECTION('',(0.,0.,1.));
#1725 = DEFINITIONAL_REPRESENTATION('',(#1726),#1729);
#1726 = B_SPLINE_CURVE_WITH_KNOTS('',1,(#1727,#1728),.UNSPECIFIED.,.F.,
  .F.,(2,2),(48.75,58.75),.PIECEWISE_BEZIER_KNOTS.);
#1727 = CARTESIAN_POINT('',(10.,-18.));
#1728 = CARTESIAN_POINT('',(10.,-28.));
#1729 = ( GEOMETRIC_REPRESENTATION_CONTEXT(2) 
PARAMETRIC_REPRESENTATION_CONTEXT() REPRESENTATION_CONTEXT('2D SPACE',''
  ) );
#1730 = FACE_BOUND('',#1731,.T.);
#1731 = EDGE_LOOP('',(#1732,#1760,#1786,#1812,#1838,#1864));
#1732 = ORIENTED_EDGE('',*,*,#1733,.T.);
#1733 = EDGE_CURVE('',#1734,#1736,#1738,.T.);
#1734 = VERTEX_POINT('',#1735);
#1735 = CARTESIAN_POINT('',(162.5,82.,9.));
#1736 = VERTEX_POINT('',#1737);
#1737 = CARTESIAN_POINT('',(84.,82.,9.));
#1738 = SURFACE_CURVE('',#1739,(#1743,#1749),.PCURVE_S1.);
#1739 = LINE('',#1740,#1741);
#1740 = CARTESIAN_POINT('',(42.,82.,9.));
#1741 = VECTOR('',#1742,1.);
#1742 = DIRECTION('',(-1.,-0.,0.));
#1743 = PCURVE('',#72,#1744);
#1744 = DEFINITIONAL_REPRESENTATION('',(#1745),#1748);
#1745 = B_SPLINE_CURVE_WITH_KNOTS('',1,(#1746,#1747),.UNSPECIFIED.,.F.,
  .F.,(2,2),(-120.5,-42.),.PIECEWISE_BEZIER_KNOTS.);
#1746 = CARTESIAN_POINT('',(162.5,79.5));
#1747 = CARTESIAN_POINT('',(84.,79.5));
#1748 = ( GEOMETRIC_REPRESENTATION_CONTEXT(2) 
PARAMETRIC_REPRESENTATION_CONTEXT() REPRESENTATION_CONTEXT('2D SPACE',''
  ) );
#1749 = PCURVE('',#1750,#1755);
#1750 = PLANE('',#1751);
#1751 = AXIS2_PLACEMENT_3D('',#1752,#1753,#1754);
#1752 = CARTESIAN_POINT('',(84.,82.,2.4));
#1753 = DIRECTION('',(-0.,1.,0.));
#1754 = DIRECTION('',(0.,0.,1.));
#1755 = DEFINITIONAL_REPRESENTATION('',(#1756),#1759);
#1756 = B_SPLINE_CURVE_WITH_KNOTS('',1,(#1757,#1758),.UNSPECIFIED.,.F.,
  .F.,(2,2),(-120.5,-42.),.PIECEWISE_BEZIER_KNOTS.);
#1757 = CARTESIAN_POINT('',(6.6,78.5));
#1758 = CARTESIAN_POINT('',(6.6,0.));
#1759 = ( GEOMETRIC_REPRESENTATION_CONTEXT(2) 
PARAMETRIC_REPRESENTATION_CONTEXT() REPRESENTATION_CONTEXT('2D SPACE',''
  ) );
#1760 = ORIENTED_EDGE('',*,*,#1761,.T.);
#1761 = EDGE_CURVE('',#1736,#1762,#1764,.T.);
#1762 = VERTEX_POINT('',#1763);
#1763 = CARTESIAN_POINT('',(84.,92.,9.));
#1764 = SURFACE_CURVE('',#1765,(#1769,#1775),.PCURVE_S1.);
#1765 = LINE('',#1766,#1767);
#1766 = CARTESIAN_POINT('',(84.,42.25,9.));
#1767 = VECTOR('',#1768,1.);
#1768 = DIRECTION('',(-0.,1.,0.));
#1769 = PCURVE('',#72,#1770);
#1770 = DEFINITIONAL_REPRESENTATION('',(#1771),#1774);
#1771 = B_SPLINE_CURVE_WITH_KNOTS('',1,(#1772,#1773),.UNSPECIFIED.,.F.,
  .F.,(2,2),(39.75,49.75),.PIECEWISE_BEZIER_KNOTS.);
#1772 = CARTESIAN_POINT('',(84.,79.5));
#1773 = CARTESIAN_POINT('',(84.,89.5));
#1774 = ( GEOMETRIC_REPRESENTATION_CONTEXT(2) 
PARAMETRIC_REPRESENTATION_CONTEXT() REPRESENTATION_CONTEXT('2D SPACE',''
  ) );
#1775 = PCURVE('',#1776,#1781);
#1776 = PLANE('',#1777);
#1777 = AXIS2_PLACEMENT_3D('',#1778,#1779,#1780);
#1778 = CARTESIAN_POINT('',(84.,82.,2.4));
#1779 = DIRECTION('',(1.,0.,-0.));
#1780 = DIRECTION('',(0.,0.,1.));
#1781 = DEFINITIONAL_REPRESENTATION('',(#1782),#1785);
#1782 = B_SPLINE_CURVE_WITH_KNOTS('',1,(#1783,#1784),.UNSPECIFIED.,.F.,
  .F.,(2,2),(39.75,49.75),.PIECEWISE_BEZIER_KNOTS.);
#1783 = CARTESIAN_POINT('',(6.6,0.));
#1784 = CARTESIAN_POINT('',(6.6,-10.));
#1785 = ( GEOMETRIC_REPRESENTATION_CONTEXT(2) 
PARAMETRIC_REPRESENTATION_CONTEXT() REPRESENTATION_CONTEXT('2D SPACE',''
  ) );
#1786 = ORIENTED_EDGE('',*,*,#1787,.F.);
#1787 = EDGE_CURVE('',#1788,#1762,#1790,.T.);
#1788 = VERTEX_POINT('',#1789);
#1789 = CARTESIAN_POINT('',(121.,92.,9.));
#1790 = SURFACE_CURVE('',#1791,(#1795,#1801),.PCURVE_S1.);
#1791 = LINE('',#1792,#1793);
#1792 = CARTESIAN_POINT('',(18.5,92.,9.));
#1793 = VECTOR('',#1794,1.);
#1794 = DIRECTION('',(-1.,-0.,0.));
#1795 = PCURVE('',#72,#1796);
#1796 = DEFINITIONAL_REPRESENTATION('',(#1797),#1800);
#1797 = B_SPLINE_CURVE_WITH_KNOTS('',1,(#1798,#1799),.UNSPECIFIED.,.F.,
  .F.,(2,2),(-102.5,-65.5),.PIECEWISE_BEZIER_KNOTS.);
#1798 = CARTESIAN_POINT('',(121.,89.5));
#1799 = CARTESIAN_POINT('',(84.,89.5));
#1800 = ( GEOMETRIC_REPRESENTATION_CONTEXT(2) 
PARAMETRIC_REPRESENTATION_CONTEXT() REPRESENTATION_CONTEXT('2D SPACE',''
  ) );
#1801 = PCURVE('',#1802,#1807);
#1802 = PLANE('',#1803);
#1803 = AXIS2_PLACEMENT_3D('',#1804,#1805,#1806);
#1804 = CARTESIAN_POINT('',(37.,92.,-1.));
#1805 = DIRECTION('',(-0.,1.,0.));
#1806 = DIRECTION('',(0.,0.,1.));
#1807 = DEFINITIONAL_REPRESENTATION('',(#1808),#1811);
#1808 = B_SPLINE_CURVE_WITH_KNOTS('',1,(#1809,#1810),.UNSPECIFIED.,.F.,
  .F.,(2,2),(-102.5,-65.5),.PIECEWISE_BEZIER_KNOTS.);
#1809 = CARTESIAN_POINT('',(10.,84.));
#1810 = CARTESIAN_POINT('',(10.,47.));
#1811 = ( GEOMETRIC_REPRESENTATION_CONTEXT(2) 
PARAMETRIC_REPRESENTATION_CONTEXT() REPRESENTATION_CONTEXT('2D SPACE',''
  ) );
#1812 = ORIENTED_EDGE('',*,*,#1813,.T.);
#1813 = EDGE_CURVE('',#1788,#1814,#1816,.T.);
#1814 = VERTEX_POINT('',#1815);
#1815 = CARTESIAN_POINT('',(121.,158.25,9.));
#1816 = SURFACE_CURVE('',#1817,(#1821,#1827),.PCURVE_S1.);
#1817 = LINE('',#1818,#1819);
#1818 = CARTESIAN_POINT('',(121.,47.25,9.));
#1819 = VECTOR('',#1820,1.);
#1820 = DIRECTION('',(-0.,1.,0.));
#1821 = PCURVE('',#72,#1822);
#1822 = DEFINITIONAL_REPRESENTATION('',(#1823),#1826);
#1823 = B_SPLINE_CURVE_WITH_KNOTS('',1,(#1824,#1825),.UNSPECIFIED.,.F.,
  .F.,(2,2),(44.75,111.),.PIECEWISE_BEZIER_KNOTS.);
#1824 = CARTESIAN_POINT('',(121.,89.5));
#1825 = CARTESIAN_POINT('',(121.,155.75));
#1826 = ( GEOMETRIC_REPRESENTATION_CONTEXT(2) 
PARAMETRIC_REPRESENTATION_CONTEXT() REPRESENTATION_CONTEXT('2D SPACE',''
  ) );
#1827 = PCURVE('',#1828,#1833);
#1828 = PLANE('',#1829);
#1829 = AXIS2_PLACEMENT_3D('',#1830,#1831,#1832);
#1830 = CARTESIAN_POINT('',(121.,92.,-1.));
#1831 = DIRECTION('',(1.,0.,-0.));
#1832 = DIRECTION('',(0.,0.,1.));
#1833 = DEFINITIONAL_REPRESENTATION('',(#1834),#1837);
#1834 = B_SPLINE_CURVE_WITH_KNOTS('',1,(#1835,#1836),.UNSPECIFIED.,.F.,
  .F.,(2,2),(44.75,111.),.PIECEWISE_BEZIER_KNOTS.);
#1835 = CARTESIAN_POINT('',(10.,0.));
#1836 = CARTESIAN_POINT('',(10.,-66.25));
#1837 = ( GEOMETRIC_REPRESENTATION_CONTEXT(2) 
PARAMETRIC_REPRESENTATION_CONTEXT() REPRESENTATION_CONTEXT('2D SPACE',''
  ) );
#1838 = ORIENTED_EDGE('',*,*,#1839,.F.);
#1839 = EDGE_CURVE('',#1840,#1814,#1842,.T.);
#1840 = VERTEX_POINT('',#1841);
#1841 = CARTESIAN_POINT('',(162.5,158.25,9.));
#1842 = SURFACE_CURVE('',#1843,(#1847,#1853),.PCURVE_S1.);
#1843 = LINE('',#1844,#1845);
#1844 = CARTESIAN_POINT('',(42.,158.25,9.));
#1845 = VECTOR('',#1846,1.);
#1846 = DIRECTION('',(-1.,-0.,0.));
#1847 = PCURVE('',#72,#1848);
#1848 = DEFINITIONAL_REPRESENTATION('',(#1849),#1852);
#1849 = B_SPLINE_CURVE_WITH_KNOTS('',1,(#1850,#1851),.UNSPECIFIED.,.F.,
  .F.,(2,2),(-120.5,-79.),.PIECEWISE_BEZIER_KNOTS.);
#1850 = CARTESIAN_POINT('',(162.5,155.75));
#1851 = CARTESIAN_POINT('',(121.,155.75));
#1852 = ( GEOMETRIC_REPRESENTATION_CONTEXT(2) 
PARAMETRIC_REPRESENTATION_CONTEXT() REPRESENTATION_CONTEXT('2D SPACE',''
  ) );
#1853 = PCURVE('',#1854,#1859);
#1854 = PLANE('',#1855);
#1855 = AXIS2_PLACEMENT_3D('',#1856,#1857,#1858);
#1856 = CARTESIAN_POINT('',(84.,158.25,2.4));
#1857 = DIRECTION('',(-0.,1.,0.));
#1858 = DIRECTION('',(0.,0.,1.));
#1859 = DEFINITIONAL_REPRESENTATION('',(#1860),#1863);
#1860 = B_SPLINE_CURVE_WITH_KNOTS('',1,(#1861,#1862),.UNSPECIFIED.,.F.,
  .F.,(2,2),(-120.5,-79.),.PIECEWISE_BEZIER_KNOTS.);
#1861 = CARTESIAN_POINT('',(6.6,78.5));
#1862 = CARTESIAN_POINT('',(6.6,37.));
#1863 = ( GEOMETRIC_REPRESENTATION_CONTEXT(2) 
PARAMETRIC_REPRESENTATION_CONTEXT() REPRESENTATION_CONTEXT('2D SPACE',''
  ) );
#1864 = ORIENTED_EDGE('',*,*,#1865,.F.);
#1865 = EDGE_CURVE('',#1734,#1840,#1866,.T.);
#1866 = SURFACE_CURVE('',#1867,(#1871,#1877),.PCURVE_S1.);
#1867 = LINE('',#1868,#1869);
#1868 = CARTESIAN_POINT('',(162.5,42.25,9.));
#1869 = VECTOR('',#1870,1.);
#1870 = DIRECTION('',(-0.,1.,0.));
#1871 = PCURVE('',#72,#1872);
#1872 = DEFINITIONAL_REPRESENTATION('',(#1873),#1876);
#1873 = B_SPLINE_CURVE_WITH_KNOTS('',1,(#1874,#1875),.UNSPECIFIED.,.F.,
  .F.,(2,2),(39.75,116.),.PIECEWISE_BEZIER_KNOTS.);
#1874 = CARTESIAN_POINT('',(162.5,79.5));
#1875 = CARTESIAN_POINT('',(162.5,155.75));
#1876 = ( GEOMETRIC_REPRESENTATION_CONTEXT(2) 
PARAMETRIC_REPRESENTATION_CONTEXT() REPRESENTATION_CONTEXT('2D SPACE',''
  ) );
#1877 = PCURVE('',#1878,#1883);
#1878 = PLANE('',#1879);
#1879 = AXIS2_PLACEMENT_3D('',#1880,#1881,#1882);
#1880 = CARTESIAN_POINT('',(162.5,82.,2.4));
#1881 = DIRECTION('',(1.,0.,-0.));
#1882 = DIRECTION('',(0.,0.,1.));
#1883 = DEFINITIONAL_REPRESENTATION('',(#1884),#1887);
#1884 = B_SPLINE_CURVE_WITH_KNOTS('',1,(#1885,#1886),.UNSPECIFIED.,.F.,
  .F.,(2,2),(39.75,116.),.PIECEWISE_BEZIER_KNOTS.);
#1885 = CARTESIAN_POINT('',(6.6,0.));
#1886 = CARTESIAN_POINT('',(6.6,-76.25));
#1887 = ( GEOMETRIC_REPRESENTATION_CONTEXT(2) 
PARAMETRIC_REPRESENTATION_CONTEXT() REPRESENTATION_CONTEXT('2D SPACE',''
  ) );
#1888 = ADVANCED_FACE('',(#1889),#100,.T.);
#1889 = FACE_BOUND('',#1890,.T.);
#1890 = EDGE_LOOP('',(#1891,#1892,#1915,#1942));
#1891 = ORIENTED_EDGE('',*,*,#585,.T.);
#1892 = ORIENTED_EDGE('',*,*,#1893,.F.);
#1893 = EDGE_CURVE('',#1894,#558,#1896,.T.);
#1894 = VERTEX_POINT('',#1895);
#1895 = CARTESIAN_POINT('',(161.,2.5,5.));
#1896 = SURFACE_CURVE('',#1897,(#1901,#1908),.PCURVE_S1.);
#1897 = LINE('',#1898,#1899);
#1898 = CARTESIAN_POINT('',(161.,2.5,0.));
#1899 = VECTOR('',#1900,1.);
#1900 = DIRECTION('',(0.,0.,1.));
#1901 = PCURVE('',#100,#1902);
#1902 = DEFINITIONAL_REPRESENTATION('',(#1903),#1907);
#1903 = LINE('',#1904,#1905);
#1904 = CARTESIAN_POINT('',(4.712388980385,0.));
#1905 = VECTOR('',#1906,1.);
#1906 = DIRECTION('',(-0.,1.));
#1907 = ( GEOMETRIC_REPRESENTATION_CONTEXT(2) 
PARAMETRIC_REPRESENTATION_CONTEXT() REPRESENTATION_CONTEXT('2D SPACE',''
  ) );
#1908 = PCURVE('',#573,#1909);
#1909 = DEFINITIONAL_REPRESENTATION('',(#1910),#1914);
#1910 = LINE('',#1911,#1912);
#1911 = CARTESIAN_POINT('',(0.,161.));
#1912 = VECTOR('',#1913,1.);
#1913 = DIRECTION('',(1.,0.));
#1914 = ( GEOMETRIC_REPRESENTATION_CONTEXT(2) 
PARAMETRIC_REPRESENTATION_CONTEXT() REPRESENTATION_CONTEXT('2D SPACE',''
  ) );
#1915 = ORIENTED_EDGE('',*,*,#1916,.T.);
#1916 = EDGE_CURVE('',#1894,#85,#1917,.T.);
#1917 = SURFACE_CURVE('',#1918,(#1923,#1930),.PCURVE_S1.);
#1918 = CIRCLE('',#1919,11.5);
#1919 = AXIS2_PLACEMENT_3D('',#1920,#1921,#1922);
#1920 = CARTESIAN_POINT('',(161.,14.,5.));
#1921 = DIRECTION('',(-0.,0.,1.));
#1922 = DIRECTION('',(0.,-1.,0.));
#1923 = PCURVE('',#100,#1924);
#1924 = DEFINITIONAL_REPRESENTATION('',(#1925),#1929);
#1925 = LINE('',#1926,#1927);
#1926 = CARTESIAN_POINT('',(4.712388980385,5.));
#1927 = VECTOR('',#1928,1.);
#1928 = DIRECTION('',(1.,-0.));
#1929 = ( GEOMETRIC_REPRESENTATION_CONTEXT(2) 
PARAMETRIC_REPRESENTATION_CONTEXT() REPRESENTATION_CONTEXT('2D SPACE',''
  ) );
#1930 = PCURVE('',#1931,#1936);
#1931 = CONICAL_SURFACE('',#1932,11.5,0.785398163397);
#1932 = AXIS2_PLACEMENT_3D('',#1933,#1934,#1935);
#1933 = CARTESIAN_POINT('',(161.,14.,5.));
#1934 = DIRECTION('',(0.,0.,1.));
#1935 = DIRECTION('',(0.,-1.,0.));
#1936 = DEFINITIONAL_REPRESENTATION('',(#1937),#1941);
#1937 = LINE('',#1938,#1939);
#1938 = CARTESIAN_POINT('',(0.,-0.));
#1939 = VECTOR('',#1940,1.);
#1940 = DIRECTION('',(1.,-0.));
#1941 = ( GEOMETRIC_REPRESENTATION_CONTEXT(2) 
PARAMETRIC_REPRESENTATION_CONTEXT() REPRESENTATION_CONTEXT('2D SPACE',''
  ) );
#1942 = ORIENTED_EDGE('',*,*,#84,.T.);
#1943 = ADVANCED_FACE('',(#1944),#126,.F.);
#1944 = FACE_BOUND('',#1945,.F.);
#1945 = EDGE_LOOP('',(#1946,#1968,#1969,#1991));
#1946 = ORIENTED_EDGE('',*,*,#1947,.F.);
#1947 = EDGE_CURVE('',#85,#1948,#1950,.T.);
#1948 = VERTEX_POINT('',#1949);
#1949 = CARTESIAN_POINT('',(167.5,14.,0.));
#1950 = SURFACE_CURVE('',#1951,(#1955,#1962),.PCURVE_S1.);
#1951 = LINE('',#1952,#1953);
#1952 = CARTESIAN_POINT('',(172.5,14.,5.));
#1953 = VECTOR('',#1954,1.);
#1954 = DIRECTION('',(-0.707106781187,4.329780281168E-17,-0.707106781187
    ));
#1955 = PCURVE('',#126,#1956);
#1956 = DEFINITIONAL_REPRESENTATION('',(#1957),#1961);
#1957 = LINE('',#1958,#1959);
#1958 = CARTESIAN_POINT('',(7.703719777549E-34,-3.535533905933));
#1959 = VECTOR('',#1960,1.);
#1960 = DIRECTION('',(4.329780281168E-17,1.));
#1961 = ( GEOMETRIC_REPRESENTATION_CONTEXT(2) 
PARAMETRIC_REPRESENTATION_CONTEXT() REPRESENTATION_CONTEXT('2D SPACE',''
  ) );
#1962 = PCURVE('',#1931,#1963);
#1963 = DEFINITIONAL_REPRESENTATION('',(#1964),#1967);
#1964 = B_SPLINE_CURVE_WITH_KNOTS('',1,(#1965,#1966),.UNSPECIFIED.,.F.,
  .F.,(2,2),(0.,7.071067811865),.PIECEWISE_BEZIER_KNOTS.);
#1965 = CARTESIAN_POINT('',(1.570796326795,0.));
#1966 = CARTESIAN_POINT('',(1.570796326795,-5.));
#1967 = ( GEOMETRIC_REPRESENTATION_CONTEXT(2) 
PARAMETRIC_REPRESENTATION_CONTEXT() REPRESENTATION_CONTEXT('2D SPACE',''
  ) );
#1968 = ORIENTED_EDGE('',*,*,#112,.T.);
#1969 = ORIENTED_EDGE('',*,*,#1970,.T.);
#1970 = EDGE_CURVE('',#22,#1971,#1973,.T.);
#1971 = VERTEX_POINT('',#1972);
#1972 = CARTESIAN_POINT('',(167.5,161.25,4.440892098501E-16));
#1973 = SURFACE_CURVE('',#1974,(#1978,#1985),.PCURVE_S1.);
#1974 = LINE('',#1975,#1976);
#1975 = CARTESIAN_POINT('',(170.,161.25,2.5));
#1976 = VECTOR('',#1977,1.);
#1977 = DIRECTION('',(-0.707106781187,2.122172191094E-34,-0.707106781187
    ));
#1978 = PCURVE('',#126,#1979);
#1979 = DEFINITIONAL_REPRESENTATION('',(#1980),#1984);
#1980 = LINE('',#1981,#1982);
#1981 = CARTESIAN_POINT('',(147.25,-6.280369834735E-16));
#1982 = VECTOR('',#1983,1.);
#1983 = DIRECTION('',(6.753933100139E-34,1.));
#1984 = ( GEOMETRIC_REPRESENTATION_CONTEXT(2) 
PARAMETRIC_REPRESENTATION_CONTEXT() REPRESENTATION_CONTEXT('2D SPACE',''
  ) );
#1985 = PCURVE('',#159,#1986);
#1986 = DEFINITIONAL_REPRESENTATION('',(#1987),#1990);
#1987 = B_SPLINE_CURVE_WITH_KNOTS('',1,(#1988,#1989),.UNSPECIFIED.,.F.,
  .F.,(2,2),(-3.535533905933,3.535533905933),.PIECEWISE_BEZIER_KNOTS.);
#1988 = CARTESIAN_POINT('',(0.,0.));
#1989 = CARTESIAN_POINT('',(0.,-5.));
#1990 = ( GEOMETRIC_REPRESENTATION_CONTEXT(2) 
PARAMETRIC_REPRESENTATION_CONTEXT() REPRESENTATION_CONTEXT('2D SPACE',''
  ) );
#1991 = ORIENTED_EDGE('',*,*,#1992,.F.);
#1992 = EDGE_CURVE('',#1948,#1971,#1993,.T.);
#1993 = SURFACE_CURVE('',#1994,(#1998,#2005),.PCURVE_S1.);
#1994 = LINE('',#1995,#1996);
#1995 = CARTESIAN_POINT('',(167.5,14.,0.));
#1996 = VECTOR('',#1997,1.);
#1997 = DIRECTION('',(0.,1.,0.));
#1998 = PCURVE('',#126,#1999);
#1999 = DEFINITIONAL_REPRESENTATION('',(#2000),#2004);
#2000 = LINE('',#2001,#2002);
#2001 = CARTESIAN_POINT('',(-7.703719777549E-34,3.535533905933));
#2002 = VECTOR('',#2003,1.);
#2003 = DIRECTION('',(1.,-4.140771889992E-34));
#2004 = ( GEOMETRIC_REPRESENTATION_CONTEXT(2) 
PARAMETRIC_REPRESENTATION_CONTEXT() REPRESENTATION_CONTEXT('2D SPACE',''
  ) );
#2005 = PCURVE('',#2006,#2011);
#2006 = PLANE('',#2007);
#2007 = AXIS2_PLACEMENT_3D('',#2008,#2009,#2010);
#2008 = CARTESIAN_POINT('',(0.,2.5,0.));
#2009 = DIRECTION('',(0.,0.,1.));
#2010 = DIRECTION('',(1.,0.,0.));
#2011 = DEFINITIONAL_REPRESENTATION('',(#2012),#2016);
#2012 = LINE('',#2013,#2014);
#2013 = CARTESIAN_POINT('',(167.5,11.5));
#2014 = VECTOR('',#2015,1.);
#2015 = DIRECTION('',(0.,1.));
#2016 = ( GEOMETRIC_REPRESENTATION_CONTEXT(2) 
PARAMETRIC_REPRESENTATION_CONTEXT() REPRESENTATION_CONTEXT('2D SPACE',''
  ) );
#2017 = ADVANCED_FACE('',(#2018),#159,.T.);
#2018 = FACE_BOUND('',#2019,.F.);
#2019 = EDGE_LOOP('',(#2020,#2021,#2022,#2049));
#2020 = ORIENTED_EDGE('',*,*,#1970,.F.);
#2021 = ORIENTED_EDGE('',*,*,#142,.T.);
#2022 = ORIENTED_EDGE('',*,*,#2023,.T.);
#2023 = EDGE_CURVE('',#143,#2024,#2026,.T.);
#2024 = VERTEX_POINT('',#2025);
#2025 = CARTESIAN_POINT('',(165.5,163.25,0.));
#2026 = SURFACE_CURVE('',#2027,(#2031,#2037),.PCURVE_S1.);
#2027 = LINE('',#2028,#2029);
#2028 = CARTESIAN_POINT('',(165.5,168.25,5.));
#2029 = VECTOR('',#2030,1.);
#2030 = DIRECTION('',(-4.329780281168E-17,-0.707106781187,
    -0.707106781187));
#2031 = PCURVE('',#159,#2032);
#2032 = DEFINITIONAL_REPRESENTATION('',(#2033),#2036);
#2033 = B_SPLINE_CURVE_WITH_KNOTS('',1,(#2034,#2035),.UNSPECIFIED.,.F.,
  .F.,(2,2),(0.,7.071067811865),.PIECEWISE_BEZIER_KNOTS.);
#2034 = CARTESIAN_POINT('',(1.570796326795,0.));
#2035 = CARTESIAN_POINT('',(1.570796326795,-5.));
#2036 = ( GEOMETRIC_REPRESENTATION_CONTEXT(2) 
PARAMETRIC_REPRESENTATION_CONTEXT() REPRESENTATION_CONTEXT('2D SPACE',''
  ) );
#2037 = PCURVE('',#2038,#2043);
#2038 = PLANE('',#2039);
#2039 = AXIS2_PLACEMENT_3D('',#2040,#2041,#2042);
#2040 = CARTESIAN_POINT('',(165.5,165.75,2.5));
#2041 = DIRECTION('',(-1.011079321253E-17,-0.707106781187,0.707106781187
    ));
#2042 = DIRECTION('',(-1.,7.149410443757E-18,-7.149410443757E-18));
#2043 = DEFINITIONAL_REPRESENTATION('',(#2044),#2048);
#2044 = LINE('',#2045,#2046);
#2045 = CARTESIAN_POINT('',(-7.703719777549E-34,-3.535533905933));
#2046 = VECTOR('',#2047,1.);
#2047 = DIRECTION('',(4.329780281168E-17,1.));
#2048 = ( GEOMETRIC_REPRESENTATION_CONTEXT(2) 
PARAMETRIC_REPRESENTATION_CONTEXT() REPRESENTATION_CONTEXT('2D SPACE',''
  ) );
#2049 = ORIENTED_EDGE('',*,*,#2050,.F.);
#2050 = EDGE_CURVE('',#1971,#2024,#2051,.T.);
#2051 = SURFACE_CURVE('',#2052,(#2057,#2064),.PCURVE_S1.);
#2052 = CIRCLE('',#2053,2.);
#2053 = AXIS2_PLACEMENT_3D('',#2054,#2055,#2056);
#2054 = CARTESIAN_POINT('',(165.5,161.25,0.));
#2055 = DIRECTION('',(0.,0.,1.));
#2056 = DIRECTION('',(1.,0.,0.));
#2057 = PCURVE('',#159,#2058);
#2058 = DEFINITIONAL_REPRESENTATION('',(#2059),#2063);
#2059 = LINE('',#2060,#2061);
#2060 = CARTESIAN_POINT('',(0.,-5.));
#2061 = VECTOR('',#2062,1.);
#2062 = DIRECTION('',(1.,-0.));
#2063 = ( GEOMETRIC_REPRESENTATION_CONTEXT(2) 
PARAMETRIC_REPRESENTATION_CONTEXT() REPRESENTATION_CONTEXT('2D SPACE',''
  ) );
#2064 = PCURVE('',#2006,#2065);
#2065 = DEFINITIONAL_REPRESENTATION('',(#2066),#2070);
#2066 = CIRCLE('',#2067,2.);
#2067 = AXIS2_PLACEMENT_2D('',#2068,#2069);
#2068 = CARTESIAN_POINT('',(165.5,158.75));
#2069 = DIRECTION('',(1.,0.));
#2070 = ( GEOMETRIC_REPRESENTATION_CONTEXT(2) 
PARAMETRIC_REPRESENTATION_CONTEXT() REPRESENTATION_CONTEXT('2D SPACE',''
  ) );
#2071 = ADVANCED_FACE('',(#2072),#187,.T.);
#2072 = FACE_BOUND('',#2073,.T.);
#2073 = EDGE_LOOP('',(#2074,#2075,#2098,#2119));
#2074 = ORIENTED_EDGE('',*,*,#171,.F.);
#2075 = ORIENTED_EDGE('',*,*,#2076,.T.);
#2076 = EDGE_CURVE('',#143,#2077,#2079,.T.);
#2077 = VERTEX_POINT('',#2078);
#2078 = CARTESIAN_POINT('',(118.,168.25,5.));
#2079 = SURFACE_CURVE('',#2080,(#2084,#2091),.PCURVE_S1.);
#2080 = LINE('',#2081,#2082);
#2081 = CARTESIAN_POINT('',(165.5,168.25,5.));
#2082 = VECTOR('',#2083,1.);
#2083 = DIRECTION('',(-1.,0.,0.));
#2084 = PCURVE('',#187,#2085);
#2085 = DEFINITIONAL_REPRESENTATION('',(#2086),#2090);
#2086 = LINE('',#2087,#2088);
#2087 = CARTESIAN_POINT('',(5.,165.5));
#2088 = VECTOR('',#2089,1.);
#2089 = DIRECTION('',(0.,-1.));
#2090 = ( GEOMETRIC_REPRESENTATION_CONTEXT(2) 
PARAMETRIC_REPRESENTATION_CONTEXT() REPRESENTATION_CONTEXT('2D SPACE',''
  ) );
#2091 = PCURVE('',#2038,#2092);
#2092 = DEFINITIONAL_REPRESENTATION('',(#2093),#2097);
#2093 = LINE('',#2094,#2095);
#2094 = CARTESIAN_POINT('',(-7.703719777549E-34,-3.535533905933));
#2095 = VECTOR('',#2096,1.);
#2096 = DIRECTION('',(1.,-3.562947887557E-34));
#2097 = ( GEOMETRIC_REPRESENTATION_CONTEXT(2) 
PARAMETRIC_REPRESENTATION_CONTEXT() REPRESENTATION_CONTEXT('2D SPACE',''
  ) );
#2098 = ORIENTED_EDGE('',*,*,#2099,.F.);
#2099 = EDGE_CURVE('',#227,#2077,#2100,.T.);
#2100 = SURFACE_CURVE('',#2101,(#2105,#2112),.PCURVE_S1.);
#2101 = LINE('',#2102,#2103);
#2102 = CARTESIAN_POINT('',(118.,168.25,-0.5));
#2103 = VECTOR('',#2104,1.);
#2104 = DIRECTION('',(0.,0.,-1.));
#2105 = PCURVE('',#187,#2106);
#2106 = DEFINITIONAL_REPRESENTATION('',(#2107),#2111);
#2107 = LINE('',#2108,#2109);
#2108 = CARTESIAN_POINT('',(-0.5,118.));
#2109 = VECTOR('',#2110,1.);
#2110 = DIRECTION('',(-1.,0.));
#2111 = ( GEOMETRIC_REPRESENTATION_CONTEXT(2) 
PARAMETRIC_REPRESENTATION_CONTEXT() REPRESENTATION_CONTEXT('2D SPACE',''
  ) );
#2112 = PCURVE('',#265,#2113);
#2113 = DEFINITIONAL_REPRESENTATION('',(#2114),#2118);
#2114 = LINE('',#2115,#2116);
#2115 = CARTESIAN_POINT('',(0.5,-73.25));
#2116 = VECTOR('',#2117,1.);
#2117 = DIRECTION('',(-1.,-0.));
#2118 = ( GEOMETRIC_REPRESENTATION_CONTEXT(2) 
PARAMETRIC_REPRESENTATION_CONTEXT() REPRESENTATION_CONTEXT('2D SPACE',''
  ) );
#2119 = ORIENTED_EDGE('',*,*,#226,.T.);
#2120 = ADVANCED_FACE('',(#2121),#573,.F.);
#2121 = FACE_BOUND('',#2122,.F.);
#2122 = EDGE_LOOP('',(#2123,#2124,#2152,#2173));
#2123 = ORIENTED_EDGE('',*,*,#1893,.F.);
#2124 = ORIENTED_EDGE('',*,*,#2125,.F.);
#2125 = EDGE_CURVE('',#2126,#1894,#2128,.T.);
#2126 = VERTEX_POINT('',#2127);
#2127 = CARTESIAN_POINT('',(0.,2.5,5.));
#2128 = SURFACE_CURVE('',#2129,(#2133,#2140),.PCURVE_S1.);
#2129 = LINE('',#2130,#2131);
#2130 = CARTESIAN_POINT('',(0.,2.5,5.));
#2131 = VECTOR('',#2132,1.);
#2132 = DIRECTION('',(1.,0.,0.));
#2133 = PCURVE('',#573,#2134);
#2134 = DEFINITIONAL_REPRESENTATION('',(#2135),#2139);
#2135 = LINE('',#2136,#2137);
#2136 = CARTESIAN_POINT('',(5.,0.));
#2137 = VECTOR('',#2138,1.);
#2138 = DIRECTION('',(0.,1.));
#2139 = ( GEOMETRIC_REPRESENTATION_CONTEXT(2) 
PARAMETRIC_REPRESENTATION_CONTEXT() REPRESENTATION_CONTEXT('2D SPACE',''
  ) );
#2140 = PCURVE('',#2141,#2146);
#2141 = PLANE('',#2142);
#2142 = AXIS2_PLACEMENT_3D('',#2143,#2144,#2145);
#2143 = CARTESIAN_POINT('',(0.,5.,2.5));
#2144 = DIRECTION('',(1.011079321253E-17,-0.707106781187,-0.707106781187
    ));
#2145 = DIRECTION('',(-1.,-7.149410443757E-18,-7.149410443757E-18));
#2146 = DEFINITIONAL_REPRESENTATION('',(#2147),#2151);
#2147 = LINE('',#2148,#2149);
#2148 = CARTESIAN_POINT('',(-7.703719777549E-34,-3.535533905933));
#2149 = VECTOR('',#2150,1.);
#2150 = DIRECTION('',(-1.,3.562947887557E-34));
#2151 = ( GEOMETRIC_REPRESENTATION_CONTEXT(2) 
PARAMETRIC_REPRESENTATION_CONTEXT() REPRESENTATION_CONTEXT('2D SPACE',''
  ) );
#2152 = ORIENTED_EDGE('',*,*,#2153,.T.);
#2153 = EDGE_CURVE('',#2126,#530,#2154,.T.);
#2154 = SURFACE_CURVE('',#2155,(#2159,#2166),.PCURVE_S1.);
#2155 = LINE('',#2156,#2157);
#2156 = CARTESIAN_POINT('',(0.,2.5,0.));
#2157 = VECTOR('',#2158,1.);
#2158 = DIRECTION('',(0.,0.,1.));
#2159 = PCURVE('',#573,#2160);
#2160 = DEFINITIONAL_REPRESENTATION('',(#2161),#2165);
#2161 = LINE('',#2162,#2163);
#2162 = CARTESIAN_POINT('',(0.,0.));
#2163 = VECTOR('',#2164,1.);
#2164 = DIRECTION('',(1.,0.));
#2165 = ( GEOMETRIC_REPRESENTATION_CONTEXT(2) 
PARAMETRIC_REPRESENTATION_CONTEXT() REPRESENTATION_CONTEXT('2D SPACE',''
  ) );
#2166 = PCURVE('',#545,#2167);
#2167 = DEFINITIONAL_REPRESENTATION('',(#2168),#2172);
#2168 = LINE('',#2169,#2170);
#2169 = CARTESIAN_POINT('',(0.,0.));
#2170 = VECTOR('',#2171,1.);
#2171 = DIRECTION('',(1.,0.));
#2172 = ( GEOMETRIC_REPRESENTATION_CONTEXT(2) 
PARAMETRIC_REPRESENTATION_CONTEXT() REPRESENTATION_CONTEXT('2D SPACE',''
  ) );
#2173 = ORIENTED_EDGE('',*,*,#557,.T.);
#2174 = ADVANCED_FACE('',(#2175),#545,.F.);
#2175 = FACE_BOUND('',#2176,.F.);
#2176 = EDGE_LOOP('',(#2177,#2178,#2201,#2224,#2245));
#2177 = ORIENTED_EDGE('',*,*,#2153,.F.);
#2178 = ORIENTED_EDGE('',*,*,#2179,.T.);
#2179 = EDGE_CURVE('',#2126,#2180,#2182,.T.);
#2180 = VERTEX_POINT('',#2181);
#2181 = CARTESIAN_POINT('',(0.,7.5,-4.440892098501E-16));
#2182 = SURFACE_CURVE('',#2183,(#2187,#2194),.PCURVE_S1.);
#2183 = LINE('',#2184,#2185);
#2184 = CARTESIAN_POINT('',(0.,5.,2.5));
#2185 = VECTOR('',#2186,1.);
#2186 = DIRECTION('',(0.,0.707106781187,-0.707106781187));
#2187 = PCURVE('',#545,#2188);
#2188 = DEFINITIONAL_REPRESENTATION('',(#2189),#2193);
#2189 = LINE('',#2190,#2191);
#2190 = CARTESIAN_POINT('',(2.5,-2.5));
#2191 = VECTOR('',#2192,1.);
#2192 = DIRECTION('',(-0.707106781187,-0.707106781187));
#2193 = ( GEOMETRIC_REPRESENTATION_CONTEXT(2) 
PARAMETRIC_REPRESENTATION_CONTEXT() REPRESENTATION_CONTEXT('2D SPACE',''
  ) );
#2194 = PCURVE('',#2141,#2195);
#2195 = DEFINITIONAL_REPRESENTATION('',(#2196),#2200);
#2196 = LINE('',#2197,#2198);
#2197 = CARTESIAN_POINT('',(-0.,0.));
#2198 = VECTOR('',#2199,1.);
#2199 = DIRECTION('',(-6.753933100139E-34,1.));
#2200 = ( GEOMETRIC_REPRESENTATION_CONTEXT(2) 
PARAMETRIC_REPRESENTATION_CONTEXT() REPRESENTATION_CONTEXT('2D SPACE',''
  ) );
#2201 = ORIENTED_EDGE('',*,*,#2202,.T.);
#2202 = EDGE_CURVE('',#2180,#2203,#2205,.T.);
#2203 = VERTEX_POINT('',#2204);
#2204 = CARTESIAN_POINT('',(0.,126.,0.));
#2205 = SURFACE_CURVE('',#2206,(#2210,#2217),.PCURVE_S1.);
#2206 = LINE('',#2207,#2208);
#2207 = CARTESIAN_POINT('',(0.,2.5,0.));
#2208 = VECTOR('',#2209,1.);
#2209 = DIRECTION('',(0.,1.,0.));
#2210 = PCURVE('',#545,#2211);
#2211 = DEFINITIONAL_REPRESENTATION('',(#2212),#2216);
#2212 = LINE('',#2213,#2214);
#2213 = CARTESIAN_POINT('',(0.,0.));
#2214 = VECTOR('',#2215,1.);
#2215 = DIRECTION('',(0.,-1.));
#2216 = ( GEOMETRIC_REPRESENTATION_CONTEXT(2) 
PARAMETRIC_REPRESENTATION_CONTEXT() REPRESENTATION_CONTEXT('2D SPACE',''
  ) );
#2217 = PCURVE('',#2006,#2218);
#2218 = DEFINITIONAL_REPRESENTATION('',(#2219),#2223);
#2219 = LINE('',#2220,#2221);
#2220 = CARTESIAN_POINT('',(0.,0.));
#2221 = VECTOR('',#2222,1.);
#2222 = DIRECTION('',(0.,1.));
#2223 = ( GEOMETRIC_REPRESENTATION_CONTEXT(2) 
PARAMETRIC_REPRESENTATION_CONTEXT() REPRESENTATION_CONTEXT('2D SPACE',''
  ) );
#2224 = ORIENTED_EDGE('',*,*,#2225,.T.);
#2225 = EDGE_CURVE('',#2203,#502,#2226,.T.);
#2226 = SURFACE_CURVE('',#2227,(#2231,#2238),.PCURVE_S1.);
#2227 = LINE('',#2228,#2229);
#2228 = CARTESIAN_POINT('',(0.,126.,-0.5));
#2229 = VECTOR('',#2230,1.);
#2230 = DIRECTION('',(0.,0.,1.));
#2231 = PCURVE('',#545,#2232);
#2232 = DEFINITIONAL_REPRESENTATION('',(#2233),#2237);
#2233 = LINE('',#2234,#2235);
#2234 = CARTESIAN_POINT('',(-0.5,-123.5));
#2235 = VECTOR('',#2236,1.);
#2236 = DIRECTION('',(1.,0.));
#2237 = ( GEOMETRIC_REPRESENTATION_CONTEXT(2) 
PARAMETRIC_REPRESENTATION_CONTEXT() REPRESENTATION_CONTEXT('2D SPACE',''
  ) );
#2238 = PCURVE('',#517,#2239);
#2239 = DEFINITIONAL_REPRESENTATION('',(#2240),#2244);
#2240 = LINE('',#2241,#2242);
#2241 = CARTESIAN_POINT('',(0.5,1.));
#2242 = VECTOR('',#2243,1.);
#2243 = DIRECTION('',(1.,0.));
#2244 = ( GEOMETRIC_REPRESENTATION_CONTEXT(2) 
PARAMETRIC_REPRESENTATION_CONTEXT() REPRESENTATION_CONTEXT('2D SPACE',''
  ) );
#2245 = ORIENTED_EDGE('',*,*,#529,.F.);
#2246 = ADVANCED_FACE('',(#2247),#265,.F.);
#2247 = FACE_BOUND('',#2248,.F.);
#2248 = EDGE_LOOP('',(#2249,#2272,#2295,#2316,#2317));
#2249 = ORIENTED_EDGE('',*,*,#2250,.F.);
#2250 = EDGE_CURVE('',#2251,#250,#2253,.T.);
#2251 = VERTEX_POINT('',#2252);
#2252 = CARTESIAN_POINT('',(118.,95.,0.));
#2253 = SURFACE_CURVE('',#2254,(#2258,#2265),.PCURVE_S1.);
#2254 = LINE('',#2255,#2256);
#2255 = CARTESIAN_POINT('',(118.,95.,-1.));
#2256 = VECTOR('',#2257,1.);
#2257 = DIRECTION('',(0.,0.,1.));
#2258 = PCURVE('',#265,#2259);
#2259 = DEFINITIONAL_REPRESENTATION('',(#2260),#2264);
#2260 = LINE('',#2261,#2262);
#2261 = CARTESIAN_POINT('',(0.,0.));
#2262 = VECTOR('',#2263,1.);
#2263 = DIRECTION('',(1.,0.));
#2264 = ( GEOMETRIC_REPRESENTATION_CONTEXT(2) 
PARAMETRIC_REPRESENTATION_CONTEXT() REPRESENTATION_CONTEXT('2D SPACE',''
  ) );
#2265 = PCURVE('',#293,#2266);
#2266 = DEFINITIONAL_REPRESENTATION('',(#2267),#2271);
#2267 = LINE('',#2268,#2269);
#2268 = CARTESIAN_POINT('',(0.,78.));
#2269 = VECTOR('',#2270,1.);
#2270 = DIRECTION('',(1.,0.));
#2271 = ( GEOMETRIC_REPRESENTATION_CONTEXT(2) 
PARAMETRIC_REPRESENTATION_CONTEXT() REPRESENTATION_CONTEXT('2D SPACE',''
  ) );
#2272 = ORIENTED_EDGE('',*,*,#2273,.T.);
#2273 = EDGE_CURVE('',#2251,#2274,#2276,.T.);
#2274 = VERTEX_POINT('',#2275);
#2275 = CARTESIAN_POINT('',(118.,163.25,0.));
#2276 = SURFACE_CURVE('',#2277,(#2281,#2288),.PCURVE_S1.);
#2277 = LINE('',#2278,#2279);
#2278 = CARTESIAN_POINT('',(118.,48.75,0.));
#2279 = VECTOR('',#2280,1.);
#2280 = DIRECTION('',(0.,1.,0.));
#2281 = PCURVE('',#265,#2282);
#2282 = DEFINITIONAL_REPRESENTATION('',(#2283),#2287);
#2283 = LINE('',#2284,#2285);
#2284 = CARTESIAN_POINT('',(1.,46.25));
#2285 = VECTOR('',#2286,1.);
#2286 = DIRECTION('',(0.,-1.));
#2287 = ( GEOMETRIC_REPRESENTATION_CONTEXT(2) 
PARAMETRIC_REPRESENTATION_CONTEXT() REPRESENTATION_CONTEXT('2D SPACE',''
  ) );
#2288 = PCURVE('',#2006,#2289);
#2289 = DEFINITIONAL_REPRESENTATION('',(#2290),#2294);
#2290 = LINE('',#2291,#2292);
#2291 = CARTESIAN_POINT('',(118.,46.25));
#2292 = VECTOR('',#2293,1.);
#2293 = DIRECTION('',(0.,1.));
#2294 = ( GEOMETRIC_REPRESENTATION_CONTEXT(2) 
PARAMETRIC_REPRESENTATION_CONTEXT() REPRESENTATION_CONTEXT('2D SPACE',''
  ) );
#2295 = ORIENTED_EDGE('',*,*,#2296,.T.);
#2296 = EDGE_CURVE('',#2274,#2077,#2297,.T.);
#2297 = SURFACE_CURVE('',#2298,(#2302,#2309),.PCURVE_S1.);
#2298 = LINE('',#2299,#2300);
#2299 = CARTESIAN_POINT('',(118.,147.1875,-16.0625));
#2300 = VECTOR('',#2301,1.);
#2301 = DIRECTION('',(0.,0.707106781187,0.707106781187));
#2302 = PCURVE('',#265,#2303);
#2303 = DEFINITIONAL_REPRESENTATION('',(#2304),#2308);
#2304 = LINE('',#2305,#2306);
#2305 = CARTESIAN_POINT('',(-15.0625,-52.1875));
#2306 = VECTOR('',#2307,1.);
#2307 = DIRECTION('',(0.707106781187,-0.707106781187));
#2308 = ( GEOMETRIC_REPRESENTATION_CONTEXT(2) 
PARAMETRIC_REPRESENTATION_CONTEXT() REPRESENTATION_CONTEXT('2D SPACE',''
  ) );
#2309 = PCURVE('',#2038,#2310);
#2310 = DEFINITIONAL_REPRESENTATION('',(#2311),#2315);
#2311 = LINE('',#2312,#2313);
#2312 = CARTESIAN_POINT('',(47.5,26.251339251551));
#2313 = VECTOR('',#2314,1.);
#2314 = DIRECTION('',(6.753933100139E-34,-1.));
#2315 = ( GEOMETRIC_REPRESENTATION_CONTEXT(2) 
PARAMETRIC_REPRESENTATION_CONTEXT() REPRESENTATION_CONTEXT('2D SPACE',''
  ) );
#2316 = ORIENTED_EDGE('',*,*,#2099,.F.);
#2317 = ORIENTED_EDGE('',*,*,#249,.F.);
#2318 = ADVANCED_FACE('',(#2319),#517,.T.);
#2319 = FACE_BOUND('',#2320,.T.);
#2320 = EDGE_LOOP('',(#2321,#2344,#2365,#2366));
#2321 = ORIENTED_EDGE('',*,*,#2322,.F.);
#2322 = EDGE_CURVE('',#2323,#474,#2325,.T.);
#2323 = VERTEX_POINT('',#2324);
#2324 = CARTESIAN_POINT('',(11.,126.,0.));
#2325 = SURFACE_CURVE('',#2326,(#2330,#2337),.PCURVE_S1.);
#2326 = LINE('',#2327,#2328);
#2327 = CARTESIAN_POINT('',(11.,126.,-1.));
#2328 = VECTOR('',#2329,1.);
#2329 = DIRECTION('',(0.,0.,1.));
#2330 = PCURVE('',#517,#2331);
#2331 = DEFINITIONAL_REPRESENTATION('',(#2332),#2336);
#2332 = LINE('',#2333,#2334);
#2333 = CARTESIAN_POINT('',(0.,12.));
#2334 = VECTOR('',#2335,1.);
#2335 = DIRECTION('',(1.,0.));
#2336 = ( GEOMETRIC_REPRESENTATION_CONTEXT(2) 
PARAMETRIC_REPRESENTATION_CONTEXT() REPRESENTATION_CONTEXT('2D SPACE',''
  ) );
#2337 = PCURVE('',#489,#2338);
#2338 = DEFINITIONAL_REPRESENTATION('',(#2339),#2343);
#2339 = LINE('',#2340,#2341);
#2340 = CARTESIAN_POINT('',(0.,0.));
#2341 = VECTOR('',#2342,1.);
#2342 = DIRECTION('',(1.,0.));
#2343 = ( GEOMETRIC_REPRESENTATION_CONTEXT(2) 
PARAMETRIC_REPRESENTATION_CONTEXT() REPRESENTATION_CONTEXT('2D SPACE',''
  ) );
#2344 = ORIENTED_EDGE('',*,*,#2345,.T.);
#2345 = EDGE_CURVE('',#2323,#2203,#2346,.T.);
#2346 = SURFACE_CURVE('',#2347,(#2351,#2358),.PCURVE_S1.);
#2347 = LINE('',#2348,#2349);
#2348 = CARTESIAN_POINT('',(-0.5,126.,0.));
#2349 = VECTOR('',#2350,1.);
#2350 = DIRECTION('',(-1.,0.,0.));
#2351 = PCURVE('',#517,#2352);
#2352 = DEFINITIONAL_REPRESENTATION('',(#2353),#2357);
#2353 = LINE('',#2354,#2355);
#2354 = CARTESIAN_POINT('',(1.,0.5));
#2355 = VECTOR('',#2356,1.);
#2356 = DIRECTION('',(0.,-1.));
#2357 = ( GEOMETRIC_REPRESENTATION_CONTEXT(2) 
PARAMETRIC_REPRESENTATION_CONTEXT() REPRESENTATION_CONTEXT('2D SPACE',''
  ) );
#2358 = PCURVE('',#2006,#2359);
#2359 = DEFINITIONAL_REPRESENTATION('',(#2360),#2364);
#2360 = LINE('',#2361,#2362);
#2361 = CARTESIAN_POINT('',(-0.5,123.5));
#2362 = VECTOR('',#2363,1.);
#2363 = DIRECTION('',(-1.,0.));
#2364 = ( GEOMETRIC_REPRESENTATION_CONTEXT(2) 
PARAMETRIC_REPRESENTATION_CONTEXT() REPRESENTATION_CONTEXT('2D SPACE',''
  ) );
#2365 = ORIENTED_EDGE('',*,*,#2225,.T.);
#2366 = ORIENTED_EDGE('',*,*,#501,.F.);
#2367 = ADVANCED_FACE('',(#2368),#293,.T.);
#2368 = FACE_BOUND('',#2369,.T.);
#2369 = EDGE_LOOP('',(#2370,#2371,#2394,#2415));
#2370 = ORIENTED_EDGE('',*,*,#2250,.F.);
#2371 = ORIENTED_EDGE('',*,*,#2372,.T.);
#2372 = EDGE_CURVE('',#2251,#2373,#2375,.T.);
#2373 = VERTEX_POINT('',#2374);
#2374 = CARTESIAN_POINT('',(66.,95.,0.));
#2375 = SURFACE_CURVE('',#2376,(#2380,#2387),.PCURVE_S1.);
#2376 = LINE('',#2377,#2378);
#2377 = CARTESIAN_POINT('',(20.,95.,0.));
#2378 = VECTOR('',#2379,1.);
#2379 = DIRECTION('',(-1.,0.,0.));
#2380 = PCURVE('',#293,#2381);
#2381 = DEFINITIONAL_REPRESENTATION('',(#2382),#2386);
#2382 = LINE('',#2383,#2384);
#2383 = CARTESIAN_POINT('',(1.,-20.));
#2384 = VECTOR('',#2385,1.);
#2385 = DIRECTION('',(0.,-1.));
#2386 = ( GEOMETRIC_REPRESENTATION_CONTEXT(2) 
PARAMETRIC_REPRESENTATION_CONTEXT() REPRESENTATION_CONTEXT('2D SPACE',''
  ) );
#2387 = PCURVE('',#2006,#2388);
#2388 = DEFINITIONAL_REPRESENTATION('',(#2389),#2393);
#2389 = LINE('',#2390,#2391);
#2390 = CARTESIAN_POINT('',(20.,92.5));
#2391 = VECTOR('',#2392,1.);
#2392 = DIRECTION('',(-1.,0.));
#2393 = ( GEOMETRIC_REPRESENTATION_CONTEXT(2) 
PARAMETRIC_REPRESENTATION_CONTEXT() REPRESENTATION_CONTEXT('2D SPACE',''
  ) );
#2394 = ORIENTED_EDGE('',*,*,#2395,.T.);
#2395 = EDGE_CURVE('',#2373,#278,#2396,.T.);
#2396 = SURFACE_CURVE('',#2397,(#2401,#2408),.PCURVE_S1.);
#2397 = LINE('',#2398,#2399);
#2398 = CARTESIAN_POINT('',(66.,95.,-1.));
#2399 = VECTOR('',#2400,1.);
#2400 = DIRECTION('',(0.,0.,1.));
#2401 = PCURVE('',#293,#2402);
#2402 = DEFINITIONAL_REPRESENTATION('',(#2403),#2407);
#2403 = LINE('',#2404,#2405);
#2404 = CARTESIAN_POINT('',(0.,26.));
#2405 = VECTOR('',#2406,1.);
#2406 = DIRECTION('',(1.,0.));
#2407 = ( GEOMETRIC_REPRESENTATION_CONTEXT(2) 
PARAMETRIC_REPRESENTATION_CONTEXT() REPRESENTATION_CONTEXT('2D SPACE',''
  ) );
#2408 = PCURVE('',#321,#2409);
#2409 = DEFINITIONAL_REPRESENTATION('',(#2410),#2414);
#2410 = LINE('',#2411,#2412);
#2411 = CARTESIAN_POINT('',(0.,-28.));
#2412 = VECTOR('',#2413,1.);
#2413 = DIRECTION('',(1.,0.));
#2414 = ( GEOMETRIC_REPRESENTATION_CONTEXT(2) 
PARAMETRIC_REPRESENTATION_CONTEXT() REPRESENTATION_CONTEXT('2D SPACE',''
  ) );
#2415 = ORIENTED_EDGE('',*,*,#277,.F.);
#2416 = ADVANCED_FACE('',(#2417),#489,.F.);
#2417 = FACE_BOUND('',#2418,.F.);
#2418 = EDGE_LOOP('',(#2419,#2420,#2443,#2464));
#2419 = ORIENTED_EDGE('',*,*,#2322,.F.);
#2420 = ORIENTED_EDGE('',*,*,#2421,.T.);
#2421 = EDGE_CURVE('',#2323,#2422,#2424,.T.);
#2422 = VERTEX_POINT('',#2423);
#2423 = CARTESIAN_POINT('',(11.,146.,0.));
#2424 = SURFACE_CURVE('',#2425,(#2429,#2436),.PCURVE_S1.);
#2425 = LINE('',#2426,#2427);
#2426 = CARTESIAN_POINT('',(11.,64.25,0.));
#2427 = VECTOR('',#2428,1.);
#2428 = DIRECTION('',(0.,1.,0.));
#2429 = PCURVE('',#489,#2430);
#2430 = DEFINITIONAL_REPRESENTATION('',(#2431),#2435);
#2431 = LINE('',#2432,#2433);
#2432 = CARTESIAN_POINT('',(1.,61.75));
#2433 = VECTOR('',#2434,1.);
#2434 = DIRECTION('',(0.,-1.));
#2435 = ( GEOMETRIC_REPRESENTATION_CONTEXT(2) 
PARAMETRIC_REPRESENTATION_CONTEXT() REPRESENTATION_CONTEXT('2D SPACE',''
  ) );
#2436 = PCURVE('',#2006,#2437);
#2437 = DEFINITIONAL_REPRESENTATION('',(#2438),#2442);
#2438 = LINE('',#2439,#2440);
#2439 = CARTESIAN_POINT('',(11.,61.75));
#2440 = VECTOR('',#2441,1.);
#2441 = DIRECTION('',(0.,1.));
#2442 = ( GEOMETRIC_REPRESENTATION_CONTEXT(2) 
PARAMETRIC_REPRESENTATION_CONTEXT() REPRESENTATION_CONTEXT('2D SPACE',''
  ) );
#2443 = ORIENTED_EDGE('',*,*,#2444,.T.);
#2444 = EDGE_CURVE('',#2422,#446,#2445,.T.);
#2445 = SURFACE_CURVE('',#2446,(#2450,#2457),.PCURVE_S1.);
#2446 = LINE('',#2447,#2448);
#2447 = CARTESIAN_POINT('',(11.,146.,-1.));
#2448 = VECTOR('',#2449,1.);
#2449 = DIRECTION('',(0.,0.,1.));
#2450 = PCURVE('',#489,#2451);
#2451 = DEFINITIONAL_REPRESENTATION('',(#2452),#2456);
#2452 = LINE('',#2453,#2454);
#2453 = CARTESIAN_POINT('',(0.,-20.));
#2454 = VECTOR('',#2455,1.);
#2455 = DIRECTION('',(1.,0.));
#2456 = ( GEOMETRIC_REPRESENTATION_CONTEXT(2) 
PARAMETRIC_REPRESENTATION_CONTEXT() REPRESENTATION_CONTEXT('2D SPACE',''
  ) );
#2457 = PCURVE('',#461,#2458);
#2458 = DEFINITIONAL_REPRESENTATION('',(#2459),#2463);
#2459 = LINE('',#2460,#2461);
#2460 = CARTESIAN_POINT('',(0.,12.));
#2461 = VECTOR('',#2462,1.);
#2462 = DIRECTION('',(1.,0.));
#2463 = ( GEOMETRIC_REPRESENTATION_CONTEXT(2) 
PARAMETRIC_REPRESENTATION_CONTEXT() REPRESENTATION_CONTEXT('2D SPACE',''
  ) );
#2464 = ORIENTED_EDGE('',*,*,#473,.F.);
#2465 = ADVANCED_FACE('',(#2466),#321,.F.);
#2466 = FACE_BOUND('',#2467,.F.);
#2467 = EDGE_LOOP('',(#2468,#2491,#2512,#2513));
#2468 = ORIENTED_EDGE('',*,*,#2469,.F.);
#2469 = EDGE_CURVE('',#2470,#306,#2472,.T.);
#2470 = VERTEX_POINT('',#2471);
#2471 = CARTESIAN_POINT('',(66.,67.,0.));
#2472 = SURFACE_CURVE('',#2473,(#2477,#2484),.PCURVE_S1.);
#2473 = LINE('',#2474,#2475);
#2474 = CARTESIAN_POINT('',(66.,67.,-1.));
#2475 = VECTOR('',#2476,1.);
#2476 = DIRECTION('',(0.,0.,1.));
#2477 = PCURVE('',#321,#2478);
#2478 = DEFINITIONAL_REPRESENTATION('',(#2479),#2483);
#2479 = LINE('',#2480,#2481);
#2480 = CARTESIAN_POINT('',(0.,0.));
#2481 = VECTOR('',#2482,1.);
#2482 = DIRECTION('',(1.,0.));
#2483 = ( GEOMETRIC_REPRESENTATION_CONTEXT(2) 
PARAMETRIC_REPRESENTATION_CONTEXT() REPRESENTATION_CONTEXT('2D SPACE',''
  ) );
#2484 = PCURVE('',#349,#2485);
#2485 = DEFINITIONAL_REPRESENTATION('',(#2486),#2490);
#2486 = LINE('',#2487,#2488);
#2487 = CARTESIAN_POINT('',(0.,31.));
#2488 = VECTOR('',#2489,1.);
#2489 = DIRECTION('',(1.,0.));
#2490 = ( GEOMETRIC_REPRESENTATION_CONTEXT(2) 
PARAMETRIC_REPRESENTATION_CONTEXT() REPRESENTATION_CONTEXT('2D SPACE',''
  ) );
#2491 = ORIENTED_EDGE('',*,*,#2492,.T.);
#2492 = EDGE_CURVE('',#2470,#2373,#2493,.T.);
#2493 = SURFACE_CURVE('',#2494,(#2498,#2505),.PCURVE_S1.);
#2494 = LINE('',#2495,#2496);
#2495 = CARTESIAN_POINT('',(66.,34.75,0.));
#2496 = VECTOR('',#2497,1.);
#2497 = DIRECTION('',(0.,1.,0.));
#2498 = PCURVE('',#321,#2499);
#2499 = DEFINITIONAL_REPRESENTATION('',(#2500),#2504);
#2500 = LINE('',#2501,#2502);
#2501 = CARTESIAN_POINT('',(1.,32.25));
#2502 = VECTOR('',#2503,1.);
#2503 = DIRECTION('',(0.,-1.));
#2504 = ( GEOMETRIC_REPRESENTATION_CONTEXT(2) 
PARAMETRIC_REPRESENTATION_CONTEXT() REPRESENTATION_CONTEXT('2D SPACE',''
  ) );
#2505 = PCURVE('',#2006,#2506);
#2506 = DEFINITIONAL_REPRESENTATION('',(#2507),#2511);
#2507 = LINE('',#2508,#2509);
#2508 = CARTESIAN_POINT('',(66.,32.25));
#2509 = VECTOR('',#2510,1.);
#2510 = DIRECTION('',(0.,1.));
#2511 = ( GEOMETRIC_REPRESENTATION_CONTEXT(2) 
PARAMETRIC_REPRESENTATION_CONTEXT() REPRESENTATION_CONTEXT('2D SPACE',''
  ) );
#2512 = ORIENTED_EDGE('',*,*,#2395,.T.);
#2513 = ORIENTED_EDGE('',*,*,#305,.F.);
#2514 = ADVANCED_FACE('',(#2515),#461,.F.);
#2515 = FACE_BOUND('',#2516,.F.);
#2516 = EDGE_LOOP('',(#2517,#2518,#2541,#2562));
#2517 = ORIENTED_EDGE('',*,*,#2444,.F.);
#2518 = ORIENTED_EDGE('',*,*,#2519,.T.);
#2519 = EDGE_CURVE('',#2422,#2520,#2522,.T.);
#2520 = VERTEX_POINT('',#2521);
#2521 = CARTESIAN_POINT('',(0.,146.,0.));
#2522 = SURFACE_CURVE('',#2523,(#2527,#2534),.PCURVE_S1.);
#2523 = LINE('',#2524,#2525);
#2524 = CARTESIAN_POINT('',(-0.5,146.,0.));
#2525 = VECTOR('',#2526,1.);
#2526 = DIRECTION('',(-1.,0.,0.));
#2527 = PCURVE('',#461,#2528);
#2528 = DEFINITIONAL_REPRESENTATION('',(#2529),#2533);
#2529 = LINE('',#2530,#2531);
#2530 = CARTESIAN_POINT('',(1.,0.5));
#2531 = VECTOR('',#2532,1.);
#2532 = DIRECTION('',(0.,-1.));
#2533 = ( GEOMETRIC_REPRESENTATION_CONTEXT(2) 
PARAMETRIC_REPRESENTATION_CONTEXT() REPRESENTATION_CONTEXT('2D SPACE',''
  ) );
#2534 = PCURVE('',#2006,#2535);
#2535 = DEFINITIONAL_REPRESENTATION('',(#2536),#2540);
#2536 = LINE('',#2537,#2538);
#2537 = CARTESIAN_POINT('',(-0.5,143.5));
#2538 = VECTOR('',#2539,1.);
#2539 = DIRECTION('',(-1.,0.));
#2540 = ( GEOMETRIC_REPRESENTATION_CONTEXT(2) 
PARAMETRIC_REPRESENTATION_CONTEXT() REPRESENTATION_CONTEXT('2D SPACE',''
  ) );
#2541 = ORIENTED_EDGE('',*,*,#2542,.T.);
#2542 = EDGE_CURVE('',#2520,#418,#2543,.T.);
#2543 = SURFACE_CURVE('',#2544,(#2548,#2555),.PCURVE_S1.);
#2544 = LINE('',#2545,#2546);
#2545 = CARTESIAN_POINT('',(0.,146.,-0.5));
#2546 = VECTOR('',#2547,1.);
#2547 = DIRECTION('',(0.,0.,1.));
#2548 = PCURVE('',#461,#2549);
#2549 = DEFINITIONAL_REPRESENTATION('',(#2550),#2554);
#2550 = LINE('',#2551,#2552);
#2551 = CARTESIAN_POINT('',(0.5,1.));
#2552 = VECTOR('',#2553,1.);
#2553 = DIRECTION('',(1.,0.));
#2554 = ( GEOMETRIC_REPRESENTATION_CONTEXT(2) 
PARAMETRIC_REPRESENTATION_CONTEXT() REPRESENTATION_CONTEXT('2D SPACE',''
  ) );
#2555 = PCURVE('',#433,#2556);
#2556 = DEFINITIONAL_REPRESENTATION('',(#2557),#2561);
#2557 = LINE('',#2558,#2559);
#2558 = CARTESIAN_POINT('',(-0.5,-143.5));
#2559 = VECTOR('',#2560,1.);
#2560 = DIRECTION('',(1.,0.));
#2561 = ( GEOMETRIC_REPRESENTATION_CONTEXT(2) 
PARAMETRIC_REPRESENTATION_CONTEXT() REPRESENTATION_CONTEXT('2D SPACE',''
  ) );
#2562 = ORIENTED_EDGE('',*,*,#445,.F.);
#2563 = ADVANCED_FACE('',(#2564),#349,.T.);
#2564 = FACE_BOUND('',#2565,.T.);
#2565 = EDGE_LOOP('',(#2566,#2567,#2590,#2611));
#2566 = ORIENTED_EDGE('',*,*,#2469,.F.);
#2567 = ORIENTED_EDGE('',*,*,#2568,.T.);
#2568 = EDGE_CURVE('',#2470,#2569,#2571,.T.);
#2569 = VERTEX_POINT('',#2570);
#2570 = CARTESIAN_POINT('',(35.,67.,0.));
#2571 = SURFACE_CURVE('',#2572,(#2576,#2583),.PCURVE_S1.);
#2572 = LINE('',#2573,#2574);
#2573 = CARTESIAN_POINT('',(17.5,67.,0.));
#2574 = VECTOR('',#2575,1.);
#2575 = DIRECTION('',(-1.,0.,0.));
#2576 = PCURVE('',#349,#2577);
#2577 = DEFINITIONAL_REPRESENTATION('',(#2578),#2582);
#2578 = LINE('',#2579,#2580);
#2579 = CARTESIAN_POINT('',(1.,-17.5));
#2580 = VECTOR('',#2581,1.);
#2581 = DIRECTION('',(0.,-1.));
#2582 = ( GEOMETRIC_REPRESENTATION_CONTEXT(2) 
PARAMETRIC_REPRESENTATION_CONTEXT() REPRESENTATION_CONTEXT('2D SPACE',''
  ) );
#2583 = PCURVE('',#2006,#2584);
#2584 = DEFINITIONAL_REPRESENTATION('',(#2585),#2589);
#2585 = LINE('',#2586,#2587);
#2586 = CARTESIAN_POINT('',(17.5,64.5));
#2587 = VECTOR('',#2588,1.);
#2588 = DIRECTION('',(-1.,0.));
#2589 = ( GEOMETRIC_REPRESENTATION_CONTEXT(2) 
PARAMETRIC_REPRESENTATION_CONTEXT() REPRESENTATION_CONTEXT('2D SPACE',''
  ) );
#2590 = ORIENTED_EDGE('',*,*,#2591,.T.);
#2591 = EDGE_CURVE('',#2569,#334,#2592,.T.);
#2592 = SURFACE_CURVE('',#2593,(#2597,#2604),.PCURVE_S1.);
#2593 = LINE('',#2594,#2595);
#2594 = CARTESIAN_POINT('',(35.,67.,-1.));
#2595 = VECTOR('',#2596,1.);
#2596 = DIRECTION('',(0.,0.,1.));
#2597 = PCURVE('',#349,#2598);
#2598 = DEFINITIONAL_REPRESENTATION('',(#2599),#2603);
#2599 = LINE('',#2600,#2601);
#2600 = CARTESIAN_POINT('',(0.,0.));
#2601 = VECTOR('',#2602,1.);
#2602 = DIRECTION('',(1.,0.));
#2603 = ( GEOMETRIC_REPRESENTATION_CONTEXT(2) 
PARAMETRIC_REPRESENTATION_CONTEXT() REPRESENTATION_CONTEXT('2D SPACE',''
  ) );
#2604 = PCURVE('',#377,#2605);
#2605 = DEFINITIONAL_REPRESENTATION('',(#2606),#2610);
#2606 = LINE('',#2607,#2608);
#2607 = CARTESIAN_POINT('',(0.,0.));
#2608 = VECTOR('',#2609,1.);
#2609 = DIRECTION('',(1.,0.));
#2610 = ( GEOMETRIC_REPRESENTATION_CONTEXT(2) 
PARAMETRIC_REPRESENTATION_CONTEXT() REPRESENTATION_CONTEXT('2D SPACE',''
  ) );
#2611 = ORIENTED_EDGE('',*,*,#333,.F.);
#2612 = ADVANCED_FACE('',(#2613),#433,.F.);
#2613 = FACE_BOUND('',#2614,.F.);
#2614 = EDGE_LOOP('',(#2615,#2616,#2617,#2640,#2668));
#2615 = ORIENTED_EDGE('',*,*,#417,.F.);
#2616 = ORIENTED_EDGE('',*,*,#2542,.F.);
#2617 = ORIENTED_EDGE('',*,*,#2618,.T.);
#2618 = EDGE_CURVE('',#2520,#2619,#2621,.T.);
#2619 = VERTEX_POINT('',#2620);
#2620 = CARTESIAN_POINT('',(0.,163.25,-1.7763568394E-15));
#2621 = SURFACE_CURVE('',#2622,(#2626,#2633),.PCURVE_S1.);
#2622 = LINE('',#2623,#2624);
#2623 = CARTESIAN_POINT('',(0.,2.5,0.));
#2624 = VECTOR('',#2625,1.);
#2625 = DIRECTION('',(0.,1.,0.));
#2626 = PCURVE('',#433,#2627);
#2627 = DEFINITIONAL_REPRESENTATION('',(#2628),#2632);
#2628 = LINE('',#2629,#2630);
#2629 = CARTESIAN_POINT('',(0.,0.));
#2630 = VECTOR('',#2631,1.);
#2631 = DIRECTION('',(0.,-1.));
#2632 = ( GEOMETRIC_REPRESENTATION_CONTEXT(2) 
PARAMETRIC_REPRESENTATION_CONTEXT() REPRESENTATION_CONTEXT('2D SPACE',''
  ) );
#2633 = PCURVE('',#2006,#2634);
#2634 = DEFINITIONAL_REPRESENTATION('',(#2635),#2639);
#2635 = LINE('',#2636,#2637);
#2636 = CARTESIAN_POINT('',(0.,0.));
#2637 = VECTOR('',#2638,1.);
#2638 = DIRECTION('',(0.,1.));
#2639 = ( GEOMETRIC_REPRESENTATION_CONTEXT(2) 
PARAMETRIC_REPRESENTATION_CONTEXT() REPRESENTATION_CONTEXT('2D SPACE',''
  ) );
#2640 = ORIENTED_EDGE('',*,*,#2641,.F.);
#2641 = EDGE_CURVE('',#2642,#2619,#2644,.T.);
#2642 = VERTEX_POINT('',#2643);
#2643 = CARTESIAN_POINT('',(0.,168.25,5.));
#2644 = SURFACE_CURVE('',#2645,(#2649,#2656),.PCURVE_S1.);
#2645 = LINE('',#2646,#2647);
#2646 = CARTESIAN_POINT('',(1.837419105755E-14,124.3125,-38.9375));
#2647 = VECTOR('',#2648,1.);
#2648 = DIRECTION('',(-0.,-0.707106781187,-0.707106781187));
#2649 = PCURVE('',#433,#2650);
#2650 = DEFINITIONAL_REPRESENTATION('',(#2651),#2655);
#2651 = LINE('',#2652,#2653);
#2652 = CARTESIAN_POINT('',(-38.9375,-121.8125));
#2653 = VECTOR('',#2654,1.);
#2654 = DIRECTION('',(-0.707106781187,0.707106781187));
#2655 = ( GEOMETRIC_REPRESENTATION_CONTEXT(2) 
PARAMETRIC_REPRESENTATION_CONTEXT() REPRESENTATION_CONTEXT('2D SPACE',''
  ) );
#2656 = PCURVE('',#2657,#2662);
#2657 = PLANE('',#2658);
#2658 = AXIS2_PLACEMENT_3D('',#2659,#2660,#2661);
#2659 = CARTESIAN_POINT('',(165.5,165.75,2.5));
#2660 = DIRECTION('',(-1.011079321253E-17,-0.707106781187,0.707106781187
    ));
#2661 = DIRECTION('',(-1.,7.149410443757E-18,-7.149410443757E-18));
#2662 = DEFINITIONAL_REPRESENTATION('',(#2663),#2667);
#2663 = LINE('',#2664,#2665);
#2664 = CARTESIAN_POINT('',(165.5,58.601474490835));
#2665 = VECTOR('',#2666,1.);
#2666 = DIRECTION('',(-6.753933100139E-34,1.));
#2667 = ( GEOMETRIC_REPRESENTATION_CONTEXT(2) 
PARAMETRIC_REPRESENTATION_CONTEXT() REPRESENTATION_CONTEXT('2D SPACE',''
  ) );
#2668 = ORIENTED_EDGE('',*,*,#2669,.T.);
#2669 = EDGE_CURVE('',#2642,#390,#2670,.T.);
#2670 = SURFACE_CURVE('',#2671,(#2675,#2682),.PCURVE_S1.);
#2671 = LINE('',#2672,#2673);
#2672 = CARTESIAN_POINT('',(0.,168.25,0.));
#2673 = VECTOR('',#2674,1.);
#2674 = DIRECTION('',(0.,0.,1.));
#2675 = PCURVE('',#433,#2676);
#2676 = DEFINITIONAL_REPRESENTATION('',(#2677),#2681);
#2677 = LINE('',#2678,#2679);
#2678 = CARTESIAN_POINT('',(0.,-165.75));
#2679 = VECTOR('',#2680,1.);
#2680 = DIRECTION('',(1.,0.));
#2681 = ( GEOMETRIC_REPRESENTATION_CONTEXT(2) 
PARAMETRIC_REPRESENTATION_CONTEXT() REPRESENTATION_CONTEXT('2D SPACE',''
  ) );
#2682 = PCURVE('',#405,#2683);
#2683 = DEFINITIONAL_REPRESENTATION('',(#2684),#2688);
#2684 = LINE('',#2685,#2686);
#2685 = CARTESIAN_POINT('',(0.,0.));
#2686 = VECTOR('',#2687,1.);
#2687 = DIRECTION('',(1.,0.));
#2688 = ( GEOMETRIC_REPRESENTATION_CONTEXT(2) 
PARAMETRIC_REPRESENTATION_CONTEXT() REPRESENTATION_CONTEXT('2D SPACE',''
  ) );
#2689 = ADVANCED_FACE('',(#2690),#377,.T.);
#2690 = FACE_BOUND('',#2691,.T.);
#2691 = EDGE_LOOP('',(#2692,#2693,#2716,#2739,#2760));
#2692 = ORIENTED_EDGE('',*,*,#2591,.F.);
#2693 = ORIENTED_EDGE('',*,*,#2694,.T.);
#2694 = EDGE_CURVE('',#2569,#2695,#2697,.T.);
#2695 = VERTEX_POINT('',#2696);
#2696 = CARTESIAN_POINT('',(35.,163.25,0.));
#2697 = SURFACE_CURVE('',#2698,(#2702,#2709),.PCURVE_S1.);
#2698 = LINE('',#2699,#2700);
#2699 = CARTESIAN_POINT('',(35.,34.75,0.));
#2700 = VECTOR('',#2701,1.);
#2701 = DIRECTION('',(0.,1.,0.));
#2702 = PCURVE('',#377,#2703);
#2703 = DEFINITIONAL_REPRESENTATION('',(#2704),#2708);
#2704 = LINE('',#2705,#2706);
#2705 = CARTESIAN_POINT('',(1.,32.25));
#2706 = VECTOR('',#2707,1.);
#2707 = DIRECTION('',(0.,-1.));
#2708 = ( GEOMETRIC_REPRESENTATION_CONTEXT(2) 
PARAMETRIC_REPRESENTATION_CONTEXT() REPRESENTATION_CONTEXT('2D SPACE',''
  ) );
#2709 = PCURVE('',#2006,#2710);
#2710 = DEFINITIONAL_REPRESENTATION('',(#2711),#2715);
#2711 = LINE('',#2712,#2713);
#2712 = CARTESIAN_POINT('',(35.,32.25));
#2713 = VECTOR('',#2714,1.);
#2714 = DIRECTION('',(0.,1.));
#2715 = ( GEOMETRIC_REPRESENTATION_CONTEXT(2) 
PARAMETRIC_REPRESENTATION_CONTEXT() REPRESENTATION_CONTEXT('2D SPACE',''
  ) );
#2716 = ORIENTED_EDGE('',*,*,#2717,.T.);
#2717 = EDGE_CURVE('',#2695,#2718,#2720,.T.);
#2718 = VERTEX_POINT('',#2719);
#2719 = CARTESIAN_POINT('',(35.,168.25,5.));
#2720 = SURFACE_CURVE('',#2721,(#2725,#2732),.PCURVE_S1.);
#2721 = LINE('',#2722,#2723);
#2722 = CARTESIAN_POINT('',(35.,140.1875,-23.0625));
#2723 = VECTOR('',#2724,1.);
#2724 = DIRECTION('',(0.,0.707106781187,0.707106781187));
#2725 = PCURVE('',#377,#2726);
#2726 = DEFINITIONAL_REPRESENTATION('',(#2727),#2731);
#2727 = LINE('',#2728,#2729);
#2728 = CARTESIAN_POINT('',(-22.0625,-73.1875));
#2729 = VECTOR('',#2730,1.);
#2730 = DIRECTION('',(0.707106781187,-0.707106781187));
#2731 = ( GEOMETRIC_REPRESENTATION_CONTEXT(2) 
PARAMETRIC_REPRESENTATION_CONTEXT() REPRESENTATION_CONTEXT('2D SPACE',''
  ) );
#2732 = PCURVE('',#2657,#2733);
#2733 = DEFINITIONAL_REPRESENTATION('',(#2734),#2738);
#2734 = LINE('',#2735,#2736);
#2735 = CARTESIAN_POINT('',(130.5,36.150834188162));
#2736 = VECTOR('',#2737,1.);
#2737 = DIRECTION('',(6.753933100139E-34,-1.));
#2738 = ( GEOMETRIC_REPRESENTATION_CONTEXT(2) 
PARAMETRIC_REPRESENTATION_CONTEXT() REPRESENTATION_CONTEXT('2D SPACE',''
  ) );
#2739 = ORIENTED_EDGE('',*,*,#2740,.F.);
#2740 = EDGE_CURVE('',#362,#2718,#2741,.T.);
#2741 = SURFACE_CURVE('',#2742,(#2746,#2753),.PCURVE_S1.);
#2742 = LINE('',#2743,#2744);
#2743 = CARTESIAN_POINT('',(35.,168.25,-0.5));
#2744 = VECTOR('',#2745,1.);
#2745 = DIRECTION('',(0.,0.,-1.));
#2746 = PCURVE('',#377,#2747);
#2747 = DEFINITIONAL_REPRESENTATION('',(#2748),#2752);
#2748 = LINE('',#2749,#2750);
#2749 = CARTESIAN_POINT('',(0.5,-101.25));
#2750 = VECTOR('',#2751,1.);
#2751 = DIRECTION('',(-1.,-0.));
#2752 = ( GEOMETRIC_REPRESENTATION_CONTEXT(2) 
PARAMETRIC_REPRESENTATION_CONTEXT() REPRESENTATION_CONTEXT('2D SPACE',''
  ) );
#2753 = PCURVE('',#405,#2754);
#2754 = DEFINITIONAL_REPRESENTATION('',(#2755),#2759);
#2755 = LINE('',#2756,#2757);
#2756 = CARTESIAN_POINT('',(-0.5,35.));
#2757 = VECTOR('',#2758,1.);
#2758 = DIRECTION('',(-1.,0.));
#2759 = ( GEOMETRIC_REPRESENTATION_CONTEXT(2) 
PARAMETRIC_REPRESENTATION_CONTEXT() REPRESENTATION_CONTEXT('2D SPACE',''
  ) );
#2760 = ORIENTED_EDGE('',*,*,#361,.F.);
#2761 = ADVANCED_FACE('',(#2762),#405,.T.);
#2762 = FACE_BOUND('',#2763,.T.);
#2763 = EDGE_LOOP('',(#2764,#2765,#2786,#2787));
#2764 = ORIENTED_EDGE('',*,*,#2740,.T.);
#2765 = ORIENTED_EDGE('',*,*,#2766,.T.);
#2766 = EDGE_CURVE('',#2718,#2642,#2767,.T.);
#2767 = SURFACE_CURVE('',#2768,(#2772,#2779),.PCURVE_S1.);
#2768 = LINE('',#2769,#2770);
#2769 = CARTESIAN_POINT('',(165.5,168.25,5.));
#2770 = VECTOR('',#2771,1.);
#2771 = DIRECTION('',(-1.,0.,0.));
#2772 = PCURVE('',#405,#2773);
#2773 = DEFINITIONAL_REPRESENTATION('',(#2774),#2778);
#2774 = LINE('',#2775,#2776);
#2775 = CARTESIAN_POINT('',(5.,165.5));
#2776 = VECTOR('',#2777,1.);
#2777 = DIRECTION('',(0.,-1.));
#2778 = ( GEOMETRIC_REPRESENTATION_CONTEXT(2) 
PARAMETRIC_REPRESENTATION_CONTEXT() REPRESENTATION_CONTEXT('2D SPACE',''
  ) );
#2779 = PCURVE('',#2657,#2780);
#2780 = DEFINITIONAL_REPRESENTATION('',(#2781),#2785);
#2781 = LINE('',#2782,#2783);
#2782 = CARTESIAN_POINT('',(-7.703719777549E-34,-3.535533905933));
#2783 = VECTOR('',#2784,1.);
#2784 = DIRECTION('',(1.,-3.562947887557E-34));
#2785 = ( GEOMETRIC_REPRESENTATION_CONTEXT(2) 
PARAMETRIC_REPRESENTATION_CONTEXT() REPRESENTATION_CONTEXT('2D SPACE',''
  ) );
#2786 = ORIENTED_EDGE('',*,*,#2669,.T.);
#2787 = ORIENTED_EDGE('',*,*,#389,.T.);
#2788 = ADVANCED_FACE('',(#2789),#630,.T.);
#2789 = FACE_BOUND('',#2790,.T.);
#2790 = EDGE_LOOP('',(#2791,#2814,#2842,#2863));
#2791 = ORIENTED_EDGE('',*,*,#2792,.F.);
#2792 = EDGE_CURVE('',#2793,#614,#2795,.T.);
#2793 = VERTEX_POINT('',#2794);
#2794 = CARTESIAN_POINT('',(78.,13.,2.4));
#2795 = SURFACE_CURVE('',#2796,(#2800,#2807),.PCURVE_S1.);
#2796 = LINE('',#2797,#2798);
#2797 = CARTESIAN_POINT('',(78.,13.,2.4));
#2798 = VECTOR('',#2799,1.);
#2799 = DIRECTION('',(0.,0.,1.));
#2800 = PCURVE('',#630,#2801);
#2801 = DEFINITIONAL_REPRESENTATION('',(#2802),#2806);
#2802 = LINE('',#2803,#2804);
#2803 = CARTESIAN_POINT('',(0.,68.));
#2804 = VECTOR('',#2805,1.);
#2805 = DIRECTION('',(1.,0.));
#2806 = ( GEOMETRIC_REPRESENTATION_CONTEXT(2) 
PARAMETRIC_REPRESENTATION_CONTEXT() REPRESENTATION_CONTEXT('2D SPACE',''
  ) );
#2807 = PCURVE('',#914,#2808);
#2808 = DEFINITIONAL_REPRESENTATION('',(#2809),#2813);
#2809 = LINE('',#2810,#2811);
#2810 = CARTESIAN_POINT('',(0.,0.));
#2811 = VECTOR('',#2812,1.);
#2812 = DIRECTION('',(1.,0.));
#2813 = ( GEOMETRIC_REPRESENTATION_CONTEXT(2) 
PARAMETRIC_REPRESENTATION_CONTEXT() REPRESENTATION_CONTEXT('2D SPACE',''
  ) );
#2814 = ORIENTED_EDGE('',*,*,#2815,.F.);
#2815 = EDGE_CURVE('',#2816,#2793,#2818,.T.);
#2816 = VERTEX_POINT('',#2817);
#2817 = CARTESIAN_POINT('',(10.,13.,2.4));
#2818 = SURFACE_CURVE('',#2819,(#2823,#2830),.PCURVE_S1.);
#2819 = LINE('',#2820,#2821);
#2820 = CARTESIAN_POINT('',(10.,13.,2.4));
#2821 = VECTOR('',#2822,1.);
#2822 = DIRECTION('',(1.,0.,-0.));
#2823 = PCURVE('',#630,#2824);
#2824 = DEFINITIONAL_REPRESENTATION('',(#2825),#2829);
#2825 = LINE('',#2826,#2827);
#2826 = CARTESIAN_POINT('',(0.,0.));
#2827 = VECTOR('',#2828,1.);
#2828 = DIRECTION('',(0.,1.));
#2829 = ( GEOMETRIC_REPRESENTATION_CONTEXT(2) 
PARAMETRIC_REPRESENTATION_CONTEXT() REPRESENTATION_CONTEXT('2D SPACE',''
  ) );
#2830 = PCURVE('',#2831,#2836);
#2831 = PLANE('',#2832);
#2832 = AXIS2_PLACEMENT_3D('',#2833,#2834,#2835);
#2833 = CARTESIAN_POINT('',(10.,13.,2.4));
#2834 = DIRECTION('',(0.,0.,1.));
#2835 = DIRECTION('',(1.,0.,-0.));
#2836 = DEFINITIONAL_REPRESENTATION('',(#2837),#2841);
#2837 = LINE('',#2838,#2839);
#2838 = CARTESIAN_POINT('',(0.,0.));
#2839 = VECTOR('',#2840,1.);
#2840 = DIRECTION('',(1.,0.));
#2841 = ( GEOMETRIC_REPRESENTATION_CONTEXT(2) 
PARAMETRIC_REPRESENTATION_CONTEXT() REPRESENTATION_CONTEXT('2D SPACE',''
  ) );
#2842 = ORIENTED_EDGE('',*,*,#2843,.T.);
#2843 = EDGE_CURVE('',#2816,#616,#2844,.T.);
#2844 = SURFACE_CURVE('',#2845,(#2849,#2856),.PCURVE_S1.);
#2845 = LINE('',#2846,#2847);
#2846 = CARTESIAN_POINT('',(10.,13.,2.4));
#2847 = VECTOR('',#2848,1.);
#2848 = DIRECTION('',(0.,0.,1.));
#2849 = PCURVE('',#630,#2850);
#2850 = DEFINITIONAL_REPRESENTATION('',(#2851),#2855);
#2851 = LINE('',#2852,#2853);
#2852 = CARTESIAN_POINT('',(0.,0.));
#2853 = VECTOR('',#2854,1.);
#2854 = DIRECTION('',(1.,0.));
#2855 = ( GEOMETRIC_REPRESENTATION_CONTEXT(2) 
PARAMETRIC_REPRESENTATION_CONTEXT() REPRESENTATION_CONTEXT('2D SPACE',''
  ) );
#2856 = PCURVE('',#656,#2857);
#2857 = DEFINITIONAL_REPRESENTATION('',(#2858),#2862);
#2858 = LINE('',#2859,#2860);
#2859 = CARTESIAN_POINT('',(0.,0.));
#2860 = VECTOR('',#2861,1.);
#2861 = DIRECTION('',(1.,0.));
#2862 = ( GEOMETRIC_REPRESENTATION_CONTEXT(2) 
PARAMETRIC_REPRESENTATION_CONTEXT() REPRESENTATION_CONTEXT('2D SPACE',''
  ) );
#2863 = ORIENTED_EDGE('',*,*,#613,.F.);
#2864 = ADVANCED_FACE('',(#2865),#914,.F.);
#2865 = FACE_BOUND('',#2866,.F.);
#2866 = EDGE_LOOP('',(#2867,#2868,#2869,#2892));
#2867 = ORIENTED_EDGE('',*,*,#901,.F.);
#2868 = ORIENTED_EDGE('',*,*,#2792,.F.);
#2869 = ORIENTED_EDGE('',*,*,#2870,.T.);
#2870 = EDGE_CURVE('',#2793,#2871,#2873,.T.);
#2871 = VERTEX_POINT('',#2872);
#2872 = CARTESIAN_POINT('',(78.,17.,2.4));
#2873 = SURFACE_CURVE('',#2874,(#2878,#2885),.PCURVE_S1.);
#2874 = LINE('',#2875,#2876);
#2875 = CARTESIAN_POINT('',(78.,13.,2.4));
#2876 = VECTOR('',#2877,1.);
#2877 = DIRECTION('',(-0.,1.,0.));
#2878 = PCURVE('',#914,#2879);
#2879 = DEFINITIONAL_REPRESENTATION('',(#2880),#2884);
#2880 = LINE('',#2881,#2882);
#2881 = CARTESIAN_POINT('',(0.,0.));
#2882 = VECTOR('',#2883,1.);
#2883 = DIRECTION('',(0.,-1.));
#2884 = ( GEOMETRIC_REPRESENTATION_CONTEXT(2) 
PARAMETRIC_REPRESENTATION_CONTEXT() REPRESENTATION_CONTEXT('2D SPACE',''
  ) );
#2885 = PCURVE('',#2831,#2886);
#2886 = DEFINITIONAL_REPRESENTATION('',(#2887),#2891);
#2887 = LINE('',#2888,#2889);
#2888 = CARTESIAN_POINT('',(68.,0.));
#2889 = VECTOR('',#2890,1.);
#2890 = DIRECTION('',(0.,1.));
#2891 = ( GEOMETRIC_REPRESENTATION_CONTEXT(2) 
PARAMETRIC_REPRESENTATION_CONTEXT() REPRESENTATION_CONTEXT('2D SPACE',''
  ) );
#2892 = ORIENTED_EDGE('',*,*,#2893,.T.);
#2893 = EDGE_CURVE('',#2871,#876,#2894,.T.);
#2894 = SURFACE_CURVE('',#2895,(#2899,#2905),.PCURVE_S1.);
#2895 = LINE('',#2896,#2897);
#2896 = CARTESIAN_POINT('',(78.,17.,0.7));
#2897 = VECTOR('',#2898,1.);
#2898 = DIRECTION('',(0.,0.,1.));
#2899 = PCURVE('',#914,#2900);
#2900 = DEFINITIONAL_REPRESENTATION('',(#2901),#2904);
#2901 = B_SPLINE_CURVE_WITH_KNOTS('',1,(#2902,#2903),.UNSPECIFIED.,.F.,
  .F.,(2,2),(1.7,9.7),.PIECEWISE_BEZIER_KNOTS.);
#2902 = CARTESIAN_POINT('',(0.,-4.));
#2903 = CARTESIAN_POINT('',(8.,-4.));
#2904 = ( GEOMETRIC_REPRESENTATION_CONTEXT(2) 
PARAMETRIC_REPRESENTATION_CONTEXT() REPRESENTATION_CONTEXT('2D SPACE',''
  ) );
#2905 = PCURVE('',#890,#2906);
#2906 = DEFINITIONAL_REPRESENTATION('',(#2907),#2910);
#2907 = B_SPLINE_CURVE_WITH_KNOTS('',1,(#2908,#2909),.UNSPECIFIED.,.F.,
  .F.,(2,2),(1.7,9.7),.PIECEWISE_BEZIER_KNOTS.);
#2908 = CARTESIAN_POINT('',(3.4,28.));
#2909 = CARTESIAN_POINT('',(11.4,28.));
#2910 = ( GEOMETRIC_REPRESENTATION_CONTEXT(2) 
PARAMETRIC_REPRESENTATION_CONTEXT() REPRESENTATION_CONTEXT('2D SPACE',''
  ) );
#2911 = ADVANCED_FACE('',(#2912),#656,.T.);
#2912 = FACE_BOUND('',#2913,.T.);
#2913 = EDGE_LOOP('',(#2914,#2915,#2938,#2959));
#2914 = ORIENTED_EDGE('',*,*,#2843,.F.);
#2915 = ORIENTED_EDGE('',*,*,#2916,.T.);
#2916 = EDGE_CURVE('',#2816,#2917,#2919,.T.);
#2917 = VERTEX_POINT('',#2918);
#2918 = CARTESIAN_POINT('',(10.,76.,2.4));
#2919 = SURFACE_CURVE('',#2920,(#2924,#2931),.PCURVE_S1.);
#2920 = LINE('',#2921,#2922);
#2921 = CARTESIAN_POINT('',(10.,13.,2.4));
#2922 = VECTOR('',#2923,1.);
#2923 = DIRECTION('',(-0.,1.,0.));
#2924 = PCURVE('',#656,#2925);
#2925 = DEFINITIONAL_REPRESENTATION('',(#2926),#2930);
#2926 = LINE('',#2927,#2928);
#2927 = CARTESIAN_POINT('',(0.,0.));
#2928 = VECTOR('',#2929,1.);
#2929 = DIRECTION('',(0.,-1.));
#2930 = ( GEOMETRIC_REPRESENTATION_CONTEXT(2) 
PARAMETRIC_REPRESENTATION_CONTEXT() REPRESENTATION_CONTEXT('2D SPACE',''
  ) );
#2931 = PCURVE('',#2831,#2932);
#2932 = DEFINITIONAL_REPRESENTATION('',(#2933),#2937);
#2933 = LINE('',#2934,#2935);
#2934 = CARTESIAN_POINT('',(0.,0.));
#2935 = VECTOR('',#2936,1.);
#2936 = DIRECTION('',(0.,1.));
#2937 = ( GEOMETRIC_REPRESENTATION_CONTEXT(2) 
PARAMETRIC_REPRESENTATION_CONTEXT() REPRESENTATION_CONTEXT('2D SPACE',''
  ) );
#2938 = ORIENTED_EDGE('',*,*,#2939,.T.);
#2939 = EDGE_CURVE('',#2917,#642,#2940,.T.);
#2940 = SURFACE_CURVE('',#2941,(#2945,#2952),.PCURVE_S1.);
#2941 = LINE('',#2942,#2943);
#2942 = CARTESIAN_POINT('',(10.,76.,2.4));
#2943 = VECTOR('',#2944,1.);
#2944 = DIRECTION('',(0.,0.,1.));
#2945 = PCURVE('',#656,#2946);
#2946 = DEFINITIONAL_REPRESENTATION('',(#2947),#2951);
#2947 = LINE('',#2948,#2949);
#2948 = CARTESIAN_POINT('',(0.,-63.));
#2949 = VECTOR('',#2950,1.);
#2950 = DIRECTION('',(1.,0.));
#2951 = ( GEOMETRIC_REPRESENTATION_CONTEXT(2) 
PARAMETRIC_REPRESENTATION_CONTEXT() REPRESENTATION_CONTEXT('2D SPACE',''
  ) );
#2952 = PCURVE('',#682,#2953);
#2953 = DEFINITIONAL_REPRESENTATION('',(#2954),#2958);
#2954 = LINE('',#2955,#2956);
#2955 = CARTESIAN_POINT('',(0.,0.));
#2956 = VECTOR('',#2957,1.);
#2957 = DIRECTION('',(1.,0.));
#2958 = ( GEOMETRIC_REPRESENTATION_CONTEXT(2) 
PARAMETRIC_REPRESENTATION_CONTEXT() REPRESENTATION_CONTEXT('2D SPACE',''
  ) );
#2959 = ORIENTED_EDGE('',*,*,#641,.F.);
#2960 = ADVANCED_FACE('',(#2961),#890,.F.);
#2961 = FACE_BOUND('',#2962,.F.);
#2962 = EDGE_LOOP('',(#2963,#2964,#2985,#3006));
#2963 = ORIENTED_EDGE('',*,*,#2893,.F.);
#2964 = ORIENTED_EDGE('',*,*,#2965,.T.);
#2965 = EDGE_CURVE('',#2871,#2966,#2968,.T.);
#2966 = VERTEX_POINT('',#2967);
#2967 = CARTESIAN_POINT('',(50.,17.,2.4));
#2968 = SURFACE_CURVE('',#2969,(#2973,#2979),.PCURVE_S1.);
#2969 = LINE('',#2970,#2971);
#2970 = CARTESIAN_POINT('',(30.,17.,2.4));
#2971 = VECTOR('',#2972,1.);
#2972 = DIRECTION('',(-1.,-0.,0.));
#2973 = PCURVE('',#890,#2974);
#2974 = DEFINITIONAL_REPRESENTATION('',(#2975),#2978);
#2975 = B_SPLINE_CURVE_WITH_KNOTS('',1,(#2976,#2977),.UNSPECIFIED.,.F.,
  .F.,(2,2),(-48.,-20.),.PIECEWISE_BEZIER_KNOTS.);
#2976 = CARTESIAN_POINT('',(3.4,28.));
#2977 = CARTESIAN_POINT('',(3.4,0.));
#2978 = ( GEOMETRIC_REPRESENTATION_CONTEXT(2) 
PARAMETRIC_REPRESENTATION_CONTEXT() REPRESENTATION_CONTEXT('2D SPACE',''
  ) );
#2979 = PCURVE('',#2831,#2980);
#2980 = DEFINITIONAL_REPRESENTATION('',(#2981),#2984);
#2981 = B_SPLINE_CURVE_WITH_KNOTS('',1,(#2982,#2983),.UNSPECIFIED.,.F.,
  .F.,(2,2),(-48.,-20.),.PIECEWISE_BEZIER_KNOTS.);
#2982 = CARTESIAN_POINT('',(68.,4.));
#2983 = CARTESIAN_POINT('',(40.,4.));
#2984 = ( GEOMETRIC_REPRESENTATION_CONTEXT(2) 
PARAMETRIC_REPRESENTATION_CONTEXT() REPRESENTATION_CONTEXT('2D SPACE',''
  ) );
#2985 = ORIENTED_EDGE('',*,*,#2986,.T.);
#2986 = EDGE_CURVE('',#2966,#850,#2987,.T.);
#2987 = SURFACE_CURVE('',#2988,(#2992,#2999),.PCURVE_S1.);
#2988 = LINE('',#2989,#2990);
#2989 = CARTESIAN_POINT('',(50.,17.,-1.));
#2990 = VECTOR('',#2991,1.);
#2991 = DIRECTION('',(0.,0.,1.));
#2992 = PCURVE('',#890,#2993);
#2993 = DEFINITIONAL_REPRESENTATION('',(#2994),#2998);
#2994 = LINE('',#2995,#2996);
#2995 = CARTESIAN_POINT('',(0.,0.));
#2996 = VECTOR('',#2997,1.);
#2997 = DIRECTION('',(1.,0.));
#2998 = ( GEOMETRIC_REPRESENTATION_CONTEXT(2) 
PARAMETRIC_REPRESENTATION_CONTEXT() REPRESENTATION_CONTEXT('2D SPACE',''
  ) );
#2999 = PCURVE('',#864,#3000);
#3000 = DEFINITIONAL_REPRESENTATION('',(#3001),#3005);
#3001 = LINE('',#3002,#3003);
#3002 = CARTESIAN_POINT('',(0.,0.));
#3003 = VECTOR('',#3004,1.);
#3004 = DIRECTION('',(1.,0.));
#3005 = ( GEOMETRIC_REPRESENTATION_CONTEXT(2) 
PARAMETRIC_REPRESENTATION_CONTEXT() REPRESENTATION_CONTEXT('2D SPACE',''
  ) );
#3006 = ORIENTED_EDGE('',*,*,#875,.F.);
#3007 = ADVANCED_FACE('',(#3008),#682,.F.);
#3008 = FACE_BOUND('',#3009,.F.);
#3009 = EDGE_LOOP('',(#3010,#3033,#3034,#3035));
#3010 = ORIENTED_EDGE('',*,*,#3011,.F.);
#3011 = EDGE_CURVE('',#2917,#3012,#3014,.T.);
#3012 = VERTEX_POINT('',#3013);
#3013 = CARTESIAN_POINT('',(32.,76.,2.4));
#3014 = SURFACE_CURVE('',#3015,(#3019,#3026),.PCURVE_S1.);
#3015 = LINE('',#3016,#3017);
#3016 = CARTESIAN_POINT('',(10.,76.,2.4));
#3017 = VECTOR('',#3018,1.);
#3018 = DIRECTION('',(1.,0.,-0.));
#3019 = PCURVE('',#682,#3020);
#3020 = DEFINITIONAL_REPRESENTATION('',(#3021),#3025);
#3021 = LINE('',#3022,#3023);
#3022 = CARTESIAN_POINT('',(0.,0.));
#3023 = VECTOR('',#3024,1.);
#3024 = DIRECTION('',(0.,1.));
#3025 = ( GEOMETRIC_REPRESENTATION_CONTEXT(2) 
PARAMETRIC_REPRESENTATION_CONTEXT() REPRESENTATION_CONTEXT('2D SPACE',''
  ) );
#3026 = PCURVE('',#2831,#3027);
#3027 = DEFINITIONAL_REPRESENTATION('',(#3028),#3032);
#3028 = LINE('',#3029,#3030);
#3029 = CARTESIAN_POINT('',(0.,63.));
#3030 = VECTOR('',#3031,1.);
#3031 = DIRECTION('',(1.,0.));
#3032 = ( GEOMETRIC_REPRESENTATION_CONTEXT(2) 
PARAMETRIC_REPRESENTATION_CONTEXT() REPRESENTATION_CONTEXT('2D SPACE',''
  ) );
#3033 = ORIENTED_EDGE('',*,*,#2939,.T.);
#3034 = ORIENTED_EDGE('',*,*,#667,.F.);
#3035 = ORIENTED_EDGE('',*,*,#3036,.T.);
#3036 = EDGE_CURVE('',#668,#3012,#3037,.T.);
#3037 = SURFACE_CURVE('',#3038,(#3042,#3048),.PCURVE_S1.);
#3038 = LINE('',#3039,#3040);
#3039 = CARTESIAN_POINT('',(32.,76.,0.7));
#3040 = VECTOR('',#3041,1.);
#3041 = DIRECTION('',(-0.,0.,-1.));
#3042 = PCURVE('',#682,#3043);
#3043 = DEFINITIONAL_REPRESENTATION('',(#3044),#3047);
#3044 = B_SPLINE_CURVE_WITH_KNOTS('',1,(#3045,#3046),.UNSPECIFIED.,.F.,
  .F.,(2,2),(-9.7,-1.7),.PIECEWISE_BEZIER_KNOTS.);
#3045 = CARTESIAN_POINT('',(8.,22.));
#3046 = CARTESIAN_POINT('',(0.,22.));
#3047 = ( GEOMETRIC_REPRESENTATION_CONTEXT(2) 
PARAMETRIC_REPRESENTATION_CONTEXT() REPRESENTATION_CONTEXT('2D SPACE',''
  ) );
#3048 = PCURVE('',#708,#3049);
#3049 = DEFINITIONAL_REPRESENTATION('',(#3050),#3053);
#3050 = B_SPLINE_CURVE_WITH_KNOTS('',1,(#3051,#3052),.UNSPECIFIED.,.F.,
  .F.,(2,2),(-9.7,-1.7),.PIECEWISE_BEZIER_KNOTS.);
#3051 = CARTESIAN_POINT('',(11.4,-12.));
#3052 = CARTESIAN_POINT('',(3.4,-12.));
#3053 = ( GEOMETRIC_REPRESENTATION_CONTEXT(2) 
PARAMETRIC_REPRESENTATION_CONTEXT() REPRESENTATION_CONTEXT('2D SPACE',''
  ) );
#3054 = ADVANCED_FACE('',(#3055),#864,.F.);
#3055 = FACE_BOUND('',#3056,.F.);
#3056 = EDGE_LOOP('',(#3057,#3058,#3079,#3100));
#3057 = ORIENTED_EDGE('',*,*,#2986,.F.);
#3058 = ORIENTED_EDGE('',*,*,#3059,.T.);
#3059 = EDGE_CURVE('',#2966,#3060,#3062,.T.);
#3060 = VERTEX_POINT('',#3061);
#3061 = CARTESIAN_POINT('',(50.,51.,2.4));
#3062 = SURFACE_CURVE('',#3063,(#3067,#3073),.PCURVE_S1.);
#3063 = LINE('',#3064,#3065);
#3064 = CARTESIAN_POINT('',(50.,15.,2.4));
#3065 = VECTOR('',#3066,1.);
#3066 = DIRECTION('',(-0.,1.,0.));
#3067 = PCURVE('',#864,#3068);
#3068 = DEFINITIONAL_REPRESENTATION('',(#3069),#3072);
#3069 = B_SPLINE_CURVE_WITH_KNOTS('',1,(#3070,#3071),.UNSPECIFIED.,.F.,
  .F.,(2,2),(2.,36.),.PIECEWISE_BEZIER_KNOTS.);
#3070 = CARTESIAN_POINT('',(3.4,0.));
#3071 = CARTESIAN_POINT('',(3.4,-34.));
#3072 = ( GEOMETRIC_REPRESENTATION_CONTEXT(2) 
PARAMETRIC_REPRESENTATION_CONTEXT() REPRESENTATION_CONTEXT('2D SPACE',''
  ) );
#3073 = PCURVE('',#2831,#3074);
#3074 = DEFINITIONAL_REPRESENTATION('',(#3075),#3078);
#3075 = B_SPLINE_CURVE_WITH_KNOTS('',1,(#3076,#3077),.UNSPECIFIED.,.F.,
  .F.,(2,2),(2.,36.),.PIECEWISE_BEZIER_KNOTS.);
#3076 = CARTESIAN_POINT('',(40.,4.));
#3077 = CARTESIAN_POINT('',(40.,38.));
#3078 = ( GEOMETRIC_REPRESENTATION_CONTEXT(2) 
PARAMETRIC_REPRESENTATION_CONTEXT() REPRESENTATION_CONTEXT('2D SPACE',''
  ) );
#3079 = ORIENTED_EDGE('',*,*,#3080,.T.);
#3080 = EDGE_CURVE('',#3060,#824,#3081,.T.);
#3081 = SURFACE_CURVE('',#3082,(#3086,#3093),.PCURVE_S1.);
#3082 = LINE('',#3083,#3084);
#3083 = CARTESIAN_POINT('',(50.,51.,-1.));
#3084 = VECTOR('',#3085,1.);
#3085 = DIRECTION('',(0.,0.,1.));
#3086 = PCURVE('',#864,#3087);
#3087 = DEFINITIONAL_REPRESENTATION('',(#3088),#3092);
#3088 = LINE('',#3089,#3090);
#3089 = CARTESIAN_POINT('',(0.,-34.));
#3090 = VECTOR('',#3091,1.);
#3091 = DIRECTION('',(1.,0.));
#3092 = ( GEOMETRIC_REPRESENTATION_CONTEXT(2) 
PARAMETRIC_REPRESENTATION_CONTEXT() REPRESENTATION_CONTEXT('2D SPACE',''
  ) );
#3093 = PCURVE('',#838,#3094);
#3094 = DEFINITIONAL_REPRESENTATION('',(#3095),#3099);
#3095 = LINE('',#3096,#3097);
#3096 = CARTESIAN_POINT('',(0.,0.));
#3097 = VECTOR('',#3098,1.);
#3098 = DIRECTION('',(1.,0.));
#3099 = ( GEOMETRIC_REPRESENTATION_CONTEXT(2) 
PARAMETRIC_REPRESENTATION_CONTEXT() REPRESENTATION_CONTEXT('2D SPACE',''
  ) );
#3100 = ORIENTED_EDGE('',*,*,#849,.F.);
#3101 = ADVANCED_FACE('',(#3102),#708,.F.);
#3102 = FACE_BOUND('',#3103,.F.);
#3103 = EDGE_LOOP('',(#3104,#3127,#3146,#3147));
#3104 = ORIENTED_EDGE('',*,*,#3105,.F.);
#3105 = EDGE_CURVE('',#3106,#694,#3108,.T.);
#3106 = VERTEX_POINT('',#3107);
#3107 = CARTESIAN_POINT('',(32.,64.,2.4));
#3108 = SURFACE_CURVE('',#3109,(#3113,#3120),.PCURVE_S1.);
#3109 = LINE('',#3110,#3111);
#3110 = CARTESIAN_POINT('',(32.,64.,-1.));
#3111 = VECTOR('',#3112,1.);
#3112 = DIRECTION('',(0.,0.,1.));
#3113 = PCURVE('',#708,#3114);
#3114 = DEFINITIONAL_REPRESENTATION('',(#3115),#3119);
#3115 = LINE('',#3116,#3117);
#3116 = CARTESIAN_POINT('',(0.,0.));
#3117 = VECTOR('',#3118,1.);
#3118 = DIRECTION('',(1.,0.));
#3119 = ( GEOMETRIC_REPRESENTATION_CONTEXT(2) 
PARAMETRIC_REPRESENTATION_CONTEXT() REPRESENTATION_CONTEXT('2D SPACE',''
  ) );
#3120 = PCURVE('',#734,#3121);
#3121 = DEFINITIONAL_REPRESENTATION('',(#3122),#3126);
#3122 = LINE('',#3123,#3124);
#3123 = CARTESIAN_POINT('',(0.,0.));
#3124 = VECTOR('',#3125,1.);
#3125 = DIRECTION('',(1.,0.));
#3126 = ( GEOMETRIC_REPRESENTATION_CONTEXT(2) 
PARAMETRIC_REPRESENTATION_CONTEXT() REPRESENTATION_CONTEXT('2D SPACE',''
  ) );
#3127 = ORIENTED_EDGE('',*,*,#3128,.T.);
#3128 = EDGE_CURVE('',#3106,#3012,#3129,.T.);
#3129 = SURFACE_CURVE('',#3130,(#3134,#3140),.PCURVE_S1.);
#3130 = LINE('',#3131,#3132);
#3131 = CARTESIAN_POINT('',(32.,38.5,2.4));
#3132 = VECTOR('',#3133,1.);
#3133 = DIRECTION('',(-0.,1.,0.));
#3134 = PCURVE('',#708,#3135);
#3135 = DEFINITIONAL_REPRESENTATION('',(#3136),#3139);
#3136 = B_SPLINE_CURVE_WITH_KNOTS('',1,(#3137,#3138),.UNSPECIFIED.,.F.,
  .F.,(2,2),(25.5,37.5),.PIECEWISE_BEZIER_KNOTS.);
#3137 = CARTESIAN_POINT('',(3.4,0.));
#3138 = CARTESIAN_POINT('',(3.4,-12.));
#3139 = ( GEOMETRIC_REPRESENTATION_CONTEXT(2) 
PARAMETRIC_REPRESENTATION_CONTEXT() REPRESENTATION_CONTEXT('2D SPACE',''
  ) );
#3140 = PCURVE('',#2831,#3141);
#3141 = DEFINITIONAL_REPRESENTATION('',(#3142),#3145);
#3142 = B_SPLINE_CURVE_WITH_KNOTS('',1,(#3143,#3144),.UNSPECIFIED.,.F.,
  .F.,(2,2),(25.5,37.5),.PIECEWISE_BEZIER_KNOTS.);
#3143 = CARTESIAN_POINT('',(22.,51.));
#3144 = CARTESIAN_POINT('',(22.,63.));
#3145 = ( GEOMETRIC_REPRESENTATION_CONTEXT(2) 
PARAMETRIC_REPRESENTATION_CONTEXT() REPRESENTATION_CONTEXT('2D SPACE',''
  ) );
#3146 = ORIENTED_EDGE('',*,*,#3036,.F.);
#3147 = ORIENTED_EDGE('',*,*,#693,.F.);
#3148 = ADVANCED_FACE('',(#3149),#838,.T.);
#3149 = FACE_BOUND('',#3150,.T.);
#3150 = EDGE_LOOP('',(#3151,#3172,#3191,#3192));
#3151 = ORIENTED_EDGE('',*,*,#3152,.F.);
#3152 = EDGE_CURVE('',#3153,#798,#3155,.T.);
#3153 = VERTEX_POINT('',#3154);
#3154 = CARTESIAN_POINT('',(78.,51.,2.4));
#3155 = SURFACE_CURVE('',#3156,(#3160,#3166),.PCURVE_S1.);
#3156 = LINE('',#3157,#3158);
#3157 = CARTESIAN_POINT('',(78.,51.,0.7));
#3158 = VECTOR('',#3159,1.);
#3159 = DIRECTION('',(0.,0.,1.));
#3160 = PCURVE('',#838,#3161);
#3161 = DEFINITIONAL_REPRESENTATION('',(#3162),#3165);
#3162 = B_SPLINE_CURVE_WITH_KNOTS('',1,(#3163,#3164),.UNSPECIFIED.,.F.,
  .F.,(2,2),(1.7,9.7),.PIECEWISE_BEZIER_KNOTS.);
#3163 = CARTESIAN_POINT('',(3.4,28.));
#3164 = CARTESIAN_POINT('',(11.4,28.));
#3165 = ( GEOMETRIC_REPRESENTATION_CONTEXT(2) 
PARAMETRIC_REPRESENTATION_CONTEXT() REPRESENTATION_CONTEXT('2D SPACE',''
  ) );
#3166 = PCURVE('',#812,#3167);
#3167 = DEFINITIONAL_REPRESENTATION('',(#3168),#3171);
#3168 = B_SPLINE_CURVE_WITH_KNOTS('',1,(#3169,#3170),.UNSPECIFIED.,.F.,
  .F.,(2,2),(1.7,9.7),.PIECEWISE_BEZIER_KNOTS.);
#3169 = CARTESIAN_POINT('',(0.,-38.));
#3170 = CARTESIAN_POINT('',(8.,-38.));
#3171 = ( GEOMETRIC_REPRESENTATION_CONTEXT(2) 
PARAMETRIC_REPRESENTATION_CONTEXT() REPRESENTATION_CONTEXT('2D SPACE',''
  ) );
#3172 = ORIENTED_EDGE('',*,*,#3173,.T.);
#3173 = EDGE_CURVE('',#3153,#3060,#3174,.T.);
#3174 = SURFACE_CURVE('',#3175,(#3179,#3185),.PCURVE_S1.);
#3175 = LINE('',#3176,#3177);
#3176 = CARTESIAN_POINT('',(30.,51.,2.4));
#3177 = VECTOR('',#3178,1.);
#3178 = DIRECTION('',(-1.,-0.,0.));
#3179 = PCURVE('',#838,#3180);
#3180 = DEFINITIONAL_REPRESENTATION('',(#3181),#3184);
#3181 = B_SPLINE_CURVE_WITH_KNOTS('',1,(#3182,#3183),.UNSPECIFIED.,.F.,
  .F.,(2,2),(-48.,-20.),.PIECEWISE_BEZIER_KNOTS.);
#3182 = CARTESIAN_POINT('',(3.4,28.));
#3183 = CARTESIAN_POINT('',(3.4,0.));
#3184 = ( GEOMETRIC_REPRESENTATION_CONTEXT(2) 
PARAMETRIC_REPRESENTATION_CONTEXT() REPRESENTATION_CONTEXT('2D SPACE',''
  ) );
#3185 = PCURVE('',#2831,#3186);
#3186 = DEFINITIONAL_REPRESENTATION('',(#3187),#3190);
#3187 = B_SPLINE_CURVE_WITH_KNOTS('',1,(#3188,#3189),.UNSPECIFIED.,.F.,
  .F.,(2,2),(-48.,-20.),.PIECEWISE_BEZIER_KNOTS.);
#3188 = CARTESIAN_POINT('',(68.,38.));
#3189 = CARTESIAN_POINT('',(40.,38.));
#3190 = ( GEOMETRIC_REPRESENTATION_CONTEXT(2) 
PARAMETRIC_REPRESENTATION_CONTEXT() REPRESENTATION_CONTEXT('2D SPACE',''
  ) );
#3191 = ORIENTED_EDGE('',*,*,#3080,.T.);
#3192 = ORIENTED_EDGE('',*,*,#823,.F.);
#3193 = ADVANCED_FACE('',(#3194),#734,.F.);
#3194 = FACE_BOUND('',#3195,.F.);
#3195 = EDGE_LOOP('',(#3196,#3219,#3238,#3239));
#3196 = ORIENTED_EDGE('',*,*,#3197,.F.);
#3197 = EDGE_CURVE('',#3198,#720,#3200,.T.);
#3198 = VERTEX_POINT('',#3199);
#3199 = CARTESIAN_POINT('',(69.,64.,2.4));
#3200 = SURFACE_CURVE('',#3201,(#3205,#3212),.PCURVE_S1.);
#3201 = LINE('',#3202,#3203);
#3202 = CARTESIAN_POINT('',(69.,64.,-1.));
#3203 = VECTOR('',#3204,1.);
#3204 = DIRECTION('',(0.,0.,1.));
#3205 = PCURVE('',#734,#3206);
#3206 = DEFINITIONAL_REPRESENTATION('',(#3207),#3211);
#3207 = LINE('',#3208,#3209);
#3208 = CARTESIAN_POINT('',(0.,37.));
#3209 = VECTOR('',#3210,1.);
#3210 = DIRECTION('',(1.,0.));
#3211 = ( GEOMETRIC_REPRESENTATION_CONTEXT(2) 
PARAMETRIC_REPRESENTATION_CONTEXT() REPRESENTATION_CONTEXT('2D SPACE',''
  ) );
#3212 = PCURVE('',#760,#3213);
#3213 = DEFINITIONAL_REPRESENTATION('',(#3214),#3218);
#3214 = LINE('',#3215,#3216);
#3215 = CARTESIAN_POINT('',(0.,0.));
#3216 = VECTOR('',#3217,1.);
#3217 = DIRECTION('',(1.,0.));
#3218 = ( GEOMETRIC_REPRESENTATION_CONTEXT(2) 
PARAMETRIC_REPRESENTATION_CONTEXT() REPRESENTATION_CONTEXT('2D SPACE',''
  ) );
#3219 = ORIENTED_EDGE('',*,*,#3220,.T.);
#3220 = EDGE_CURVE('',#3198,#3106,#3221,.T.);
#3221 = SURFACE_CURVE('',#3222,(#3226,#3232),.PCURVE_S1.);
#3222 = LINE('',#3223,#3224);
#3223 = CARTESIAN_POINT('',(21.,64.,2.4));
#3224 = VECTOR('',#3225,1.);
#3225 = DIRECTION('',(-1.,-0.,0.));
#3226 = PCURVE('',#734,#3227);
#3227 = DEFINITIONAL_REPRESENTATION('',(#3228),#3231);
#3228 = B_SPLINE_CURVE_WITH_KNOTS('',1,(#3229,#3230),.UNSPECIFIED.,.F.,
  .F.,(2,2),(-48.,-11.),.PIECEWISE_BEZIER_KNOTS.);
#3229 = CARTESIAN_POINT('',(3.4,37.));
#3230 = CARTESIAN_POINT('',(3.4,0.));
#3231 = ( GEOMETRIC_REPRESENTATION_CONTEXT(2) 
PARAMETRIC_REPRESENTATION_CONTEXT() REPRESENTATION_CONTEXT('2D SPACE',''
  ) );
#3232 = PCURVE('',#2831,#3233);
#3233 = DEFINITIONAL_REPRESENTATION('',(#3234),#3237);
#3234 = B_SPLINE_CURVE_WITH_KNOTS('',1,(#3235,#3236),.UNSPECIFIED.,.F.,
  .F.,(2,2),(-48.,-11.),.PIECEWISE_BEZIER_KNOTS.);
#3235 = CARTESIAN_POINT('',(59.,51.));
#3236 = CARTESIAN_POINT('',(22.,51.));
#3237 = ( GEOMETRIC_REPRESENTATION_CONTEXT(2) 
PARAMETRIC_REPRESENTATION_CONTEXT() REPRESENTATION_CONTEXT('2D SPACE',''
  ) );
#3238 = ORIENTED_EDGE('',*,*,#3105,.T.);
#3239 = ORIENTED_EDGE('',*,*,#719,.F.);
#3240 = ADVANCED_FACE('',(#3241),#812,.F.);
#3241 = FACE_BOUND('',#3242,.F.);
#3242 = EDGE_LOOP('',(#3243,#3244,#3245,#3268));
#3243 = ORIENTED_EDGE('',*,*,#797,.F.);
#3244 = ORIENTED_EDGE('',*,*,#3152,.F.);
#3245 = ORIENTED_EDGE('',*,*,#3246,.T.);
#3246 = EDGE_CURVE('',#3153,#3247,#3249,.T.);
#3247 = VERTEX_POINT('',#3248);
#3248 = CARTESIAN_POINT('',(78.,76.,2.4));
#3249 = SURFACE_CURVE('',#3250,(#3254,#3261),.PCURVE_S1.);
#3250 = LINE('',#3251,#3252);
#3251 = CARTESIAN_POINT('',(78.,13.,2.4));
#3252 = VECTOR('',#3253,1.);
#3253 = DIRECTION('',(-0.,1.,0.));
#3254 = PCURVE('',#812,#3255);
#3255 = DEFINITIONAL_REPRESENTATION('',(#3256),#3260);
#3256 = LINE('',#3257,#3258);
#3257 = CARTESIAN_POINT('',(0.,0.));
#3258 = VECTOR('',#3259,1.);
#3259 = DIRECTION('',(0.,-1.));
#3260 = ( GEOMETRIC_REPRESENTATION_CONTEXT(2) 
PARAMETRIC_REPRESENTATION_CONTEXT() REPRESENTATION_CONTEXT('2D SPACE',''
  ) );
#3261 = PCURVE('',#2831,#3262);
#3262 = DEFINITIONAL_REPRESENTATION('',(#3263),#3267);
#3263 = LINE('',#3264,#3265);
#3264 = CARTESIAN_POINT('',(68.,0.));
#3265 = VECTOR('',#3266,1.);
#3266 = DIRECTION('',(0.,1.));
#3267 = ( GEOMETRIC_REPRESENTATION_CONTEXT(2) 
PARAMETRIC_REPRESENTATION_CONTEXT() REPRESENTATION_CONTEXT('2D SPACE',''
  ) );
#3268 = ORIENTED_EDGE('',*,*,#3269,.T.);
#3269 = EDGE_CURVE('',#3247,#772,#3270,.T.);
#3270 = SURFACE_CURVE('',#3271,(#3275,#3282),.PCURVE_S1.);
#3271 = LINE('',#3272,#3273);
#3272 = CARTESIAN_POINT('',(78.,76.,2.4));
#3273 = VECTOR('',#3274,1.);
#3274 = DIRECTION('',(0.,0.,1.));
#3275 = PCURVE('',#812,#3276);
#3276 = DEFINITIONAL_REPRESENTATION('',(#3277),#3281);
#3277 = LINE('',#3278,#3279);
#3278 = CARTESIAN_POINT('',(0.,-63.));
#3279 = VECTOR('',#3280,1.);
#3280 = DIRECTION('',(1.,0.));
#3281 = ( GEOMETRIC_REPRESENTATION_CONTEXT(2) 
PARAMETRIC_REPRESENTATION_CONTEXT() REPRESENTATION_CONTEXT('2D SPACE',''
  ) );
#3282 = PCURVE('',#786,#3283);
#3283 = DEFINITIONAL_REPRESENTATION('',(#3284),#3288);
#3284 = LINE('',#3285,#3286);
#3285 = CARTESIAN_POINT('',(0.,68.));
#3286 = VECTOR('',#3287,1.);
#3287 = DIRECTION('',(1.,0.));
#3288 = ( GEOMETRIC_REPRESENTATION_CONTEXT(2) 
PARAMETRIC_REPRESENTATION_CONTEXT() REPRESENTATION_CONTEXT('2D SPACE',''
  ) );
#3289 = ADVANCED_FACE('',(#3290),#760,.T.);
#3290 = FACE_BOUND('',#3291,.T.);
#3291 = EDGE_LOOP('',(#3292,#3293,#3314,#3333));
#3292 = ORIENTED_EDGE('',*,*,#3197,.F.);
#3293 = ORIENTED_EDGE('',*,*,#3294,.T.);
#3294 = EDGE_CURVE('',#3198,#3295,#3297,.T.);
#3295 = VERTEX_POINT('',#3296);
#3296 = CARTESIAN_POINT('',(69.,76.,2.4));
#3297 = SURFACE_CURVE('',#3298,(#3302,#3308),.PCURVE_S1.);
#3298 = LINE('',#3299,#3300);
#3299 = CARTESIAN_POINT('',(69.,38.5,2.4));
#3300 = VECTOR('',#3301,1.);
#3301 = DIRECTION('',(-0.,1.,0.));
#3302 = PCURVE('',#760,#3303);
#3303 = DEFINITIONAL_REPRESENTATION('',(#3304),#3307);
#3304 = B_SPLINE_CURVE_WITH_KNOTS('',1,(#3305,#3306),.UNSPECIFIED.,.F.,
  .F.,(2,2),(25.5,37.5),.PIECEWISE_BEZIER_KNOTS.);
#3305 = CARTESIAN_POINT('',(3.4,0.));
#3306 = CARTESIAN_POINT('',(3.4,-12.));
#3307 = ( GEOMETRIC_REPRESENTATION_CONTEXT(2) 
PARAMETRIC_REPRESENTATION_CONTEXT() REPRESENTATION_CONTEXT('2D SPACE',''
  ) );
#3308 = PCURVE('',#2831,#3309);
#3309 = DEFINITIONAL_REPRESENTATION('',(#3310),#3313);
#3310 = B_SPLINE_CURVE_WITH_KNOTS('',1,(#3311,#3312),.UNSPECIFIED.,.F.,
  .F.,(2,2),(25.5,37.5),.PIECEWISE_BEZIER_KNOTS.);
#3311 = CARTESIAN_POINT('',(59.,51.));
#3312 = CARTESIAN_POINT('',(59.,63.));
#3313 = ( GEOMETRIC_REPRESENTATION_CONTEXT(2) 
PARAMETRIC_REPRESENTATION_CONTEXT() REPRESENTATION_CONTEXT('2D SPACE',''
  ) );
#3314 = ORIENTED_EDGE('',*,*,#3315,.F.);
#3315 = EDGE_CURVE('',#746,#3295,#3316,.T.);
#3316 = SURFACE_CURVE('',#3317,(#3321,#3327),.PCURVE_S1.);
#3317 = LINE('',#3318,#3319);
#3318 = CARTESIAN_POINT('',(69.,76.,0.7));
#3319 = VECTOR('',#3320,1.);
#3320 = DIRECTION('',(-0.,0.,-1.));
#3321 = PCURVE('',#760,#3322);
#3322 = DEFINITIONAL_REPRESENTATION('',(#3323),#3326);
#3323 = B_SPLINE_CURVE_WITH_KNOTS('',1,(#3324,#3325),.UNSPECIFIED.,.F.,
  .F.,(2,2),(-9.7,-1.7),.PIECEWISE_BEZIER_KNOTS.);
#3324 = CARTESIAN_POINT('',(11.4,-12.));
#3325 = CARTESIAN_POINT('',(3.4,-12.));
#3326 = ( GEOMETRIC_REPRESENTATION_CONTEXT(2) 
PARAMETRIC_REPRESENTATION_CONTEXT() REPRESENTATION_CONTEXT('2D SPACE',''
  ) );
#3327 = PCURVE('',#786,#3328);
#3328 = DEFINITIONAL_REPRESENTATION('',(#3329),#3332);
#3329 = B_SPLINE_CURVE_WITH_KNOTS('',1,(#3330,#3331),.UNSPECIFIED.,.F.,
  .F.,(2,2),(-9.7,-1.7),.PIECEWISE_BEZIER_KNOTS.);
#3330 = CARTESIAN_POINT('',(8.,59.));
#3331 = CARTESIAN_POINT('',(0.,59.));
#3332 = ( GEOMETRIC_REPRESENTATION_CONTEXT(2) 
PARAMETRIC_REPRESENTATION_CONTEXT() REPRESENTATION_CONTEXT('2D SPACE',''
  ) );
#3333 = ORIENTED_EDGE('',*,*,#745,.F.);
#3334 = ADVANCED_FACE('',(#3335),#786,.F.);
#3335 = FACE_BOUND('',#3336,.F.);
#3336 = EDGE_LOOP('',(#3337,#3358,#3359,#3360));
#3337 = ORIENTED_EDGE('',*,*,#3338,.F.);
#3338 = EDGE_CURVE('',#3295,#3247,#3339,.T.);
#3339 = SURFACE_CURVE('',#3340,(#3344,#3351),.PCURVE_S1.);
#3340 = LINE('',#3341,#3342);
#3341 = CARTESIAN_POINT('',(10.,76.,2.4));
#3342 = VECTOR('',#3343,1.);
#3343 = DIRECTION('',(1.,0.,-0.));
#3344 = PCURVE('',#786,#3345);
#3345 = DEFINITIONAL_REPRESENTATION('',(#3346),#3350);
#3346 = LINE('',#3347,#3348);
#3347 = CARTESIAN_POINT('',(0.,0.));
#3348 = VECTOR('',#3349,1.);
#3349 = DIRECTION('',(0.,1.));
#3350 = ( GEOMETRIC_REPRESENTATION_CONTEXT(2) 
PARAMETRIC_REPRESENTATION_CONTEXT() REPRESENTATION_CONTEXT('2D SPACE',''
  ) );
#3351 = PCURVE('',#2831,#3352);
#3352 = DEFINITIONAL_REPRESENTATION('',(#3353),#3357);
#3353 = LINE('',#3354,#3355);
#3354 = CARTESIAN_POINT('',(0.,63.));
#3355 = VECTOR('',#3356,1.);
#3356 = DIRECTION('',(1.,0.));
#3357 = ( GEOMETRIC_REPRESENTATION_CONTEXT(2) 
PARAMETRIC_REPRESENTATION_CONTEXT() REPRESENTATION_CONTEXT('2D SPACE',''
  ) );
#3358 = ORIENTED_EDGE('',*,*,#3315,.F.);
#3359 = ORIENTED_EDGE('',*,*,#771,.F.);
#3360 = ORIENTED_EDGE('',*,*,#3269,.F.);
#3361 = ADVANCED_FACE('',(#3362),#945,.T.);
#3362 = FACE_BOUND('',#3363,.T.);
#3363 = EDGE_LOOP('',(#3364,#3387,#3415,#3436));
#3364 = ORIENTED_EDGE('',*,*,#3365,.F.);
#3365 = EDGE_CURVE('',#3366,#928,#3368,.T.);
#3366 = VERTEX_POINT('',#3367);
#3367 = CARTESIAN_POINT('',(115.,20.,8.7));
#3368 = SURFACE_CURVE('',#3369,(#3373,#3380),.PCURVE_S1.);
#3369 = LINE('',#3370,#3371);
#3370 = CARTESIAN_POINT('',(115.,20.,8.7));
#3371 = VECTOR('',#3372,1.);
#3372 = DIRECTION('',(0.,0.,1.));
#3373 = PCURVE('',#945,#3374);
#3374 = DEFINITIONAL_REPRESENTATION('',(#3375),#3379);
#3375 = LINE('',#3376,#3377);
#3376 = CARTESIAN_POINT('',(0.,62.));
#3377 = VECTOR('',#3378,1.);
#3378 = DIRECTION('',(1.,0.));
#3379 = ( GEOMETRIC_REPRESENTATION_CONTEXT(2) 
PARAMETRIC_REPRESENTATION_CONTEXT() REPRESENTATION_CONTEXT('2D SPACE',''
  ) );
#3380 = PCURVE('',#1027,#3381);
#3381 = DEFINITIONAL_REPRESENTATION('',(#3382),#3386);
#3382 = LINE('',#3383,#3384);
#3383 = CARTESIAN_POINT('',(0.,0.));
#3384 = VECTOR('',#3385,1.);
#3385 = DIRECTION('',(1.,0.));
#3386 = ( GEOMETRIC_REPRESENTATION_CONTEXT(2) 
PARAMETRIC_REPRESENTATION_CONTEXT() REPRESENTATION_CONTEXT('2D SPACE',''
  ) );
#3387 = ORIENTED_EDGE('',*,*,#3388,.F.);
#3388 = EDGE_CURVE('',#3389,#3366,#3391,.T.);
#3389 = VERTEX_POINT('',#3390);
#3390 = CARTESIAN_POINT('',(53.,20.,8.7));
#3391 = SURFACE_CURVE('',#3392,(#3396,#3403),.PCURVE_S1.);
#3392 = LINE('',#3393,#3394);
#3393 = CARTESIAN_POINT('',(53.,20.,8.7));
#3394 = VECTOR('',#3395,1.);
#3395 = DIRECTION('',(1.,0.,0.));
#3396 = PCURVE('',#945,#3397);
#3397 = DEFINITIONAL_REPRESENTATION('',(#3398),#3402);
#3398 = LINE('',#3399,#3400);
#3399 = CARTESIAN_POINT('',(0.,0.));
#3400 = VECTOR('',#3401,1.);
#3401 = DIRECTION('',(0.,1.));
#3402 = ( GEOMETRIC_REPRESENTATION_CONTEXT(2) 
PARAMETRIC_REPRESENTATION_CONTEXT() REPRESENTATION_CONTEXT('2D SPACE',''
  ) );
#3403 = PCURVE('',#3404,#3409);
#3404 = PLANE('',#3405);
#3405 = AXIS2_PLACEMENT_3D('',#3406,#3407,#3408);
#3406 = CARTESIAN_POINT('',(53.,20.,8.7));
#3407 = DIRECTION('',(0.,0.,1.));
#3408 = DIRECTION('',(1.,0.,0.));
#3409 = DEFINITIONAL_REPRESENTATION('',(#3410),#3414);
#3410 = LINE('',#3411,#3412);
#3411 = CARTESIAN_POINT('',(0.,0.));
#3412 = VECTOR('',#3413,1.);
#3413 = DIRECTION('',(1.,0.));
#3414 = ( GEOMETRIC_REPRESENTATION_CONTEXT(2) 
PARAMETRIC_REPRESENTATION_CONTEXT() REPRESENTATION_CONTEXT('2D SPACE',''
  ) );
#3415 = ORIENTED_EDGE('',*,*,#3416,.T.);
#3416 = EDGE_CURVE('',#3389,#930,#3417,.T.);
#3417 = SURFACE_CURVE('',#3418,(#3422,#3429),.PCURVE_S1.);
#3418 = LINE('',#3419,#3420);
#3419 = CARTESIAN_POINT('',(53.,20.,8.7));
#3420 = VECTOR('',#3421,1.);
#3421 = DIRECTION('',(0.,0.,1.));
#3422 = PCURVE('',#945,#3423);
#3423 = DEFINITIONAL_REPRESENTATION('',(#3424),#3428);
#3424 = LINE('',#3425,#3426);
#3425 = CARTESIAN_POINT('',(0.,0.));
#3426 = VECTOR('',#3427,1.);
#3427 = DIRECTION('',(1.,0.));
#3428 = ( GEOMETRIC_REPRESENTATION_CONTEXT(2) 
PARAMETRIC_REPRESENTATION_CONTEXT() REPRESENTATION_CONTEXT('2D SPACE',''
  ) );
#3429 = PCURVE('',#973,#3430);
#3430 = DEFINITIONAL_REPRESENTATION('',(#3431),#3435);
#3431 = LINE('',#3432,#3433);
#3432 = CARTESIAN_POINT('',(0.,0.));
#3433 = VECTOR('',#3434,1.);
#3434 = DIRECTION('',(1.,0.));
#3435 = ( GEOMETRIC_REPRESENTATION_CONTEXT(2) 
PARAMETRIC_REPRESENTATION_CONTEXT() REPRESENTATION_CONTEXT('2D SPACE',''
  ) );
#3436 = ORIENTED_EDGE('',*,*,#927,.F.);
#3437 = ADVANCED_FACE('',(#3438),#1027,.F.);
#3438 = FACE_BOUND('',#3439,.F.);
#3439 = EDGE_LOOP('',(#3440,#3441,#3464,#3485));
#3440 = ORIENTED_EDGE('',*,*,#3365,.F.);
#3441 = ORIENTED_EDGE('',*,*,#3442,.T.);
#3442 = EDGE_CURVE('',#3366,#3443,#3445,.T.);
#3443 = VERTEX_POINT('',#3444);
#3444 = CARTESIAN_POINT('',(115.,48.,8.7));
#3445 = SURFACE_CURVE('',#3446,(#3450,#3457),.PCURVE_S1.);
#3446 = LINE('',#3447,#3448);
#3447 = CARTESIAN_POINT('',(115.,20.,8.7));
#3448 = VECTOR('',#3449,1.);
#3449 = DIRECTION('',(0.,1.,0.));
#3450 = PCURVE('',#1027,#3451);
#3451 = DEFINITIONAL_REPRESENTATION('',(#3452),#3456);
#3452 = LINE('',#3453,#3454);
#3453 = CARTESIAN_POINT('',(0.,0.));
#3454 = VECTOR('',#3455,1.);
#3455 = DIRECTION('',(0.,-1.));
#3456 = ( GEOMETRIC_REPRESENTATION_CONTEXT(2) 
PARAMETRIC_REPRESENTATION_CONTEXT() REPRESENTATION_CONTEXT('2D SPACE',''
  ) );
#3457 = PCURVE('',#3404,#3458);
#3458 = DEFINITIONAL_REPRESENTATION('',(#3459),#3463);
#3459 = LINE('',#3460,#3461);
#3460 = CARTESIAN_POINT('',(62.,0.));
#3461 = VECTOR('',#3462,1.);
#3462 = DIRECTION('',(0.,1.));
#3463 = ( GEOMETRIC_REPRESENTATION_CONTEXT(2) 
PARAMETRIC_REPRESENTATION_CONTEXT() REPRESENTATION_CONTEXT('2D SPACE',''
  ) );
#3464 = ORIENTED_EDGE('',*,*,#3465,.T.);
#3465 = EDGE_CURVE('',#3443,#986,#3466,.T.);
#3466 = SURFACE_CURVE('',#3467,(#3471,#3478),.PCURVE_S1.);
#3467 = LINE('',#3468,#3469);
#3468 = CARTESIAN_POINT('',(115.,48.,8.7));
#3469 = VECTOR('',#3470,1.);
#3470 = DIRECTION('',(0.,0.,1.));
#3471 = PCURVE('',#1027,#3472);
#3472 = DEFINITIONAL_REPRESENTATION('',(#3473),#3477);
#3473 = LINE('',#3474,#3475);
#3474 = CARTESIAN_POINT('',(0.,-28.));
#3475 = VECTOR('',#3476,1.);
#3476 = DIRECTION('',(1.,0.));
#3477 = ( GEOMETRIC_REPRESENTATION_CONTEXT(2) 
PARAMETRIC_REPRESENTATION_CONTEXT() REPRESENTATION_CONTEXT('2D SPACE',''
  ) );
#3478 = PCURVE('',#1001,#3479);
#3479 = DEFINITIONAL_REPRESENTATION('',(#3480),#3484);
#3480 = LINE('',#3481,#3482);
#3481 = CARTESIAN_POINT('',(0.,62.));
#3482 = VECTOR('',#3483,1.);
#3483 = DIRECTION('',(1.,0.));
#3484 = ( GEOMETRIC_REPRESENTATION_CONTEXT(2) 
PARAMETRIC_REPRESENTATION_CONTEXT() REPRESENTATION_CONTEXT('2D SPACE',''
  ) );
#3485 = ORIENTED_EDGE('',*,*,#1013,.F.);
#3486 = ADVANCED_FACE('',(#3487),#973,.T.);
#3487 = FACE_BOUND('',#3488,.T.);
#3488 = EDGE_LOOP('',(#3489,#3490,#3513,#3534));
#3489 = ORIENTED_EDGE('',*,*,#3416,.F.);
#3490 = ORIENTED_EDGE('',*,*,#3491,.T.);
#3491 = EDGE_CURVE('',#3389,#3492,#3494,.T.);
#3492 = VERTEX_POINT('',#3493);
#3493 = CARTESIAN_POINT('',(53.,48.,8.7));
#3494 = SURFACE_CURVE('',#3495,(#3499,#3506),.PCURVE_S1.);
#3495 = LINE('',#3496,#3497);
#3496 = CARTESIAN_POINT('',(53.,20.,8.7));
#3497 = VECTOR('',#3498,1.);
#3498 = DIRECTION('',(0.,1.,0.));
#3499 = PCURVE('',#973,#3500);
#3500 = DEFINITIONAL_REPRESENTATION('',(#3501),#3505);
#3501 = LINE('',#3502,#3503);
#3502 = CARTESIAN_POINT('',(0.,0.));
#3503 = VECTOR('',#3504,1.);
#3504 = DIRECTION('',(0.,-1.));
#3505 = ( GEOMETRIC_REPRESENTATION_CONTEXT(2) 
PARAMETRIC_REPRESENTATION_CONTEXT() REPRESENTATION_CONTEXT('2D SPACE',''
  ) );
#3506 = PCURVE('',#3404,#3507);
#3507 = DEFINITIONAL_REPRESENTATION('',(#3508),#3512);
#3508 = LINE('',#3509,#3510);
#3509 = CARTESIAN_POINT('',(0.,0.));
#3510 = VECTOR('',#3511,1.);
#3511 = DIRECTION('',(0.,1.));
#3512 = ( GEOMETRIC_REPRESENTATION_CONTEXT(2) 
PARAMETRIC_REPRESENTATION_CONTEXT() REPRESENTATION_CONTEXT('2D SPACE',''
  ) );
#3513 = ORIENTED_EDGE('',*,*,#3514,.T.);
#3514 = EDGE_CURVE('',#3492,#958,#3515,.T.);
#3515 = SURFACE_CURVE('',#3516,(#3520,#3527),.PCURVE_S1.);
#3516 = LINE('',#3517,#3518);
#3517 = CARTESIAN_POINT('',(53.,48.,8.7));
#3518 = VECTOR('',#3519,1.);
#3519 = DIRECTION('',(0.,0.,1.));
#3520 = PCURVE('',#973,#3521);
#3521 = DEFINITIONAL_REPRESENTATION('',(#3522),#3526);
#3522 = LINE('',#3523,#3524);
#3523 = CARTESIAN_POINT('',(0.,-28.));
#3524 = VECTOR('',#3525,1.);
#3525 = DIRECTION('',(1.,0.));
#3526 = ( GEOMETRIC_REPRESENTATION_CONTEXT(2) 
PARAMETRIC_REPRESENTATION_CONTEXT() REPRESENTATION_CONTEXT('2D SPACE',''
  ) );
#3527 = PCURVE('',#1001,#3528);
#3528 = DEFINITIONAL_REPRESENTATION('',(#3529),#3533);
#3529 = LINE('',#3530,#3531);
#3530 = CARTESIAN_POINT('',(0.,0.));
#3531 = VECTOR('',#3532,1.);
#3532 = DIRECTION('',(1.,0.));
#3533 = ( GEOMETRIC_REPRESENTATION_CONTEXT(2) 
PARAMETRIC_REPRESENTATION_CONTEXT() REPRESENTATION_CONTEXT('2D SPACE',''
  ) );
#3534 = ORIENTED_EDGE('',*,*,#957,.F.);
#3535 = ADVANCED_FACE('',(#3536),#1001,.F.);
#3536 = FACE_BOUND('',#3537,.F.);
#3537 = EDGE_LOOP('',(#3538,#3539,#3560,#3561));
#3538 = ORIENTED_EDGE('',*,*,#3465,.F.);
#3539 = ORIENTED_EDGE('',*,*,#3540,.F.);
#3540 = EDGE_CURVE('',#3492,#3443,#3541,.T.);
#3541 = SURFACE_CURVE('',#3542,(#3546,#3553),.PCURVE_S1.);
#3542 = LINE('',#3543,#3544);
#3543 = CARTESIAN_POINT('',(53.,48.,8.7));
#3544 = VECTOR('',#3545,1.);
#3545 = DIRECTION('',(1.,0.,0.));
#3546 = PCURVE('',#1001,#3547);
#3547 = DEFINITIONAL_REPRESENTATION('',(#3548),#3552);
#3548 = LINE('',#3549,#3550);
#3549 = CARTESIAN_POINT('',(0.,0.));
#3550 = VECTOR('',#3551,1.);
#3551 = DIRECTION('',(0.,1.));
#3552 = ( GEOMETRIC_REPRESENTATION_CONTEXT(2) 
PARAMETRIC_REPRESENTATION_CONTEXT() REPRESENTATION_CONTEXT('2D SPACE',''
  ) );
#3553 = PCURVE('',#3404,#3554);
#3554 = DEFINITIONAL_REPRESENTATION('',(#3555),#3559);
#3555 = LINE('',#3556,#3557);
#3556 = CARTESIAN_POINT('',(0.,28.));
#3557 = VECTOR('',#3558,1.);
#3558 = DIRECTION('',(1.,0.));
#3559 = ( GEOMETRIC_REPRESENTATION_CONTEXT(2) 
PARAMETRIC_REPRESENTATION_CONTEXT() REPRESENTATION_CONTEXT('2D SPACE',''
  ) );
#3560 = ORIENTED_EDGE('',*,*,#3514,.T.);
#3561 = ORIENTED_EDGE('',*,*,#985,.F.);
#3562 = ADVANCED_FACE('',(#3563),#1058,.T.);
#3563 = FACE_BOUND('',#3564,.T.);
#3564 = EDGE_LOOP('',(#3565,#3588,#3616,#3637));
#3565 = ORIENTED_EDGE('',*,*,#3566,.F.);
#3566 = EDGE_CURVE('',#3567,#1042,#3569,.T.);
#3567 = VERTEX_POINT('',#3568);
#3568 = CARTESIAN_POINT('',(162.5,13.,2.4));
#3569 = SURFACE_CURVE('',#3570,(#3574,#3581),.PCURVE_S1.);
#3570 = LINE('',#3571,#3572);
#3571 = CARTESIAN_POINT('',(162.5,13.,2.4));
#3572 = VECTOR('',#3573,1.);
#3573 = DIRECTION('',(0.,0.,1.));
#3574 = PCURVE('',#1058,#3575);
#3575 = DEFINITIONAL_REPRESENTATION('',(#3576),#3580);
#3576 = LINE('',#3577,#3578);
#3577 = CARTESIAN_POINT('',(0.,78.5));
#3578 = VECTOR('',#3579,1.);
#3579 = DIRECTION('',(1.,0.));
#3580 = ( GEOMETRIC_REPRESENTATION_CONTEXT(2) 
PARAMETRIC_REPRESENTATION_CONTEXT() REPRESENTATION_CONTEXT('2D SPACE',''
  ) );
#3581 = PCURVE('',#1238,#3582);
#3582 = DEFINITIONAL_REPRESENTATION('',(#3583),#3587);
#3583 = LINE('',#3584,#3585);
#3584 = CARTESIAN_POINT('',(0.,0.));
#3585 = VECTOR('',#3586,1.);
#3586 = DIRECTION('',(1.,0.));
#3587 = ( GEOMETRIC_REPRESENTATION_CONTEXT(2) 
PARAMETRIC_REPRESENTATION_CONTEXT() REPRESENTATION_CONTEXT('2D SPACE',''
  ) );
#3588 = ORIENTED_EDGE('',*,*,#3589,.F.);
#3589 = EDGE_CURVE('',#3590,#3567,#3592,.T.);
#3590 = VERTEX_POINT('',#3591);
#3591 = CARTESIAN_POINT('',(84.,13.,2.4));
#3592 = SURFACE_CURVE('',#3593,(#3597,#3604),.PCURVE_S1.);
#3593 = LINE('',#3594,#3595);
#3594 = CARTESIAN_POINT('',(84.,13.,2.4));
#3595 = VECTOR('',#3596,1.);
#3596 = DIRECTION('',(1.,0.,-0.));
#3597 = PCURVE('',#1058,#3598);
#3598 = DEFINITIONAL_REPRESENTATION('',(#3599),#3603);
#3599 = LINE('',#3600,#3601);
#3600 = CARTESIAN_POINT('',(0.,0.));
#3601 = VECTOR('',#3602,1.);
#3602 = DIRECTION('',(0.,1.));
#3603 = ( GEOMETRIC_REPRESENTATION_CONTEXT(2) 
PARAMETRIC_REPRESENTATION_CONTEXT() REPRESENTATION_CONTEXT('2D SPACE',''
  ) );
#3604 = PCURVE('',#3605,#3610);
#3605 = PLANE('',#3606);
#3606 = AXIS2_PLACEMENT_3D('',#3607,#3608,#3609);
#3607 = CARTESIAN_POINT('',(84.,13.,2.4));
#3608 = DIRECTION('',(0.,0.,1.));
#3609 = DIRECTION('',(1.,0.,-0.));
#3610 = DEFINITIONAL_REPRESENTATION('',(#3611),#3615);
#3611 = LINE('',#3612,#3613);
#3612 = CARTESIAN_POINT('',(0.,0.));
#3613 = VECTOR('',#3614,1.);
#3614 = DIRECTION('',(1.,0.));
#3615 = ( GEOMETRIC_REPRESENTATION_CONTEXT(2) 
PARAMETRIC_REPRESENTATION_CONTEXT() REPRESENTATION_CONTEXT('2D SPACE',''
  ) );
#3616 = ORIENTED_EDGE('',*,*,#3617,.T.);
#3617 = EDGE_CURVE('',#3590,#1044,#3618,.T.);
#3618 = SURFACE_CURVE('',#3619,(#3623,#3630),.PCURVE_S1.);
#3619 = LINE('',#3620,#3621);
#3620 = CARTESIAN_POINT('',(84.,13.,2.4));
#3621 = VECTOR('',#3622,1.);
#3622 = DIRECTION('',(0.,0.,1.));
#3623 = PCURVE('',#1058,#3624);
#3624 = DEFINITIONAL_REPRESENTATION('',(#3625),#3629);
#3625 = LINE('',#3626,#3627);
#3626 = CARTESIAN_POINT('',(0.,0.));
#3627 = VECTOR('',#3628,1.);
#3628 = DIRECTION('',(1.,0.));
#3629 = ( GEOMETRIC_REPRESENTATION_CONTEXT(2) 
PARAMETRIC_REPRESENTATION_CONTEXT() REPRESENTATION_CONTEXT('2D SPACE',''
  ) );
#3630 = PCURVE('',#1084,#3631);
#3631 = DEFINITIONAL_REPRESENTATION('',(#3632),#3636);
#3632 = LINE('',#3633,#3634);
#3633 = CARTESIAN_POINT('',(0.,0.));
#3634 = VECTOR('',#3635,1.);
#3635 = DIRECTION('',(1.,0.));
#3636 = ( GEOMETRIC_REPRESENTATION_CONTEXT(2) 
PARAMETRIC_REPRESENTATION_CONTEXT() REPRESENTATION_CONTEXT('2D SPACE',''
  ) );
#3637 = ORIENTED_EDGE('',*,*,#1041,.F.);
#3638 = ADVANCED_FACE('',(#3639),#1238,.F.);
#3639 = FACE_BOUND('',#3640,.F.);
#3640 = EDGE_LOOP('',(#3641,#3642,#3665,#3686));
#3641 = ORIENTED_EDGE('',*,*,#3566,.F.);
#3642 = ORIENTED_EDGE('',*,*,#3643,.T.);
#3643 = EDGE_CURVE('',#3567,#3644,#3646,.T.);
#3644 = VERTEX_POINT('',#3645);
#3645 = CARTESIAN_POINT('',(162.5,76.,2.4));
#3646 = SURFACE_CURVE('',#3647,(#3651,#3658),.PCURVE_S1.);
#3647 = LINE('',#3648,#3649);
#3648 = CARTESIAN_POINT('',(162.5,13.,2.4));
#3649 = VECTOR('',#3650,1.);
#3650 = DIRECTION('',(-0.,1.,0.));
#3651 = PCURVE('',#1238,#3652);
#3652 = DEFINITIONAL_REPRESENTATION('',(#3653),#3657);
#3653 = LINE('',#3654,#3655);
#3654 = CARTESIAN_POINT('',(0.,0.));
#3655 = VECTOR('',#3656,1.);
#3656 = DIRECTION('',(0.,-1.));
#3657 = ( GEOMETRIC_REPRESENTATION_CONTEXT(2) 
PARAMETRIC_REPRESENTATION_CONTEXT() REPRESENTATION_CONTEXT('2D SPACE',''
  ) );
#3658 = PCURVE('',#3605,#3659);
#3659 = DEFINITIONAL_REPRESENTATION('',(#3660),#3664);
#3660 = LINE('',#3661,#3662);
#3661 = CARTESIAN_POINT('',(78.5,0.));
#3662 = VECTOR('',#3663,1.);
#3663 = DIRECTION('',(0.,1.));
#3664 = ( GEOMETRIC_REPRESENTATION_CONTEXT(2) 
PARAMETRIC_REPRESENTATION_CONTEXT() REPRESENTATION_CONTEXT('2D SPACE',''
  ) );
#3665 = ORIENTED_EDGE('',*,*,#3666,.T.);
#3666 = EDGE_CURVE('',#3644,#1200,#3667,.T.);
#3667 = SURFACE_CURVE('',#3668,(#3672,#3679),.PCURVE_S1.);
#3668 = LINE('',#3669,#3670);
#3669 = CARTESIAN_POINT('',(162.5,76.,2.4));
#3670 = VECTOR('',#3671,1.);
#3671 = DIRECTION('',(0.,0.,1.));
#3672 = PCURVE('',#1238,#3673);
#3673 = DEFINITIONAL_REPRESENTATION('',(#3674),#3678);
#3674 = LINE('',#3675,#3676);
#3675 = CARTESIAN_POINT('',(0.,-63.));
#3676 = VECTOR('',#3677,1.);
#3677 = DIRECTION('',(1.,0.));
#3678 = ( GEOMETRIC_REPRESENTATION_CONTEXT(2) 
PARAMETRIC_REPRESENTATION_CONTEXT() REPRESENTATION_CONTEXT('2D SPACE',''
  ) );
#3679 = PCURVE('',#1214,#3680);
#3680 = DEFINITIONAL_REPRESENTATION('',(#3681),#3685);
#3681 = LINE('',#3682,#3683);
#3682 = CARTESIAN_POINT('',(0.,78.5));
#3683 = VECTOR('',#3684,1.);
#3684 = DIRECTION('',(1.,0.));
#3685 = ( GEOMETRIC_REPRESENTATION_CONTEXT(2) 
PARAMETRIC_REPRESENTATION_CONTEXT() REPRESENTATION_CONTEXT('2D SPACE',''
  ) );
#3686 = ORIENTED_EDGE('',*,*,#1225,.F.);
#3687 = ADVANCED_FACE('',(#3688),#1084,.T.);
#3688 = FACE_BOUND('',#3689,.T.);
#3689 = EDGE_LOOP('',(#3690,#3691,#3692,#3715));
#3690 = ORIENTED_EDGE('',*,*,#1069,.F.);
#3691 = ORIENTED_EDGE('',*,*,#3617,.F.);
#3692 = ORIENTED_EDGE('',*,*,#3693,.T.);
#3693 = EDGE_CURVE('',#3590,#3694,#3696,.T.);
#3694 = VERTEX_POINT('',#3695);
#3695 = CARTESIAN_POINT('',(84.,17.,2.4));
#3696 = SURFACE_CURVE('',#3697,(#3701,#3708),.PCURVE_S1.);
#3697 = LINE('',#3698,#3699);
#3698 = CARTESIAN_POINT('',(84.,13.,2.4));
#3699 = VECTOR('',#3700,1.);
#3700 = DIRECTION('',(-0.,1.,0.));
#3701 = PCURVE('',#1084,#3702);
#3702 = DEFINITIONAL_REPRESENTATION('',(#3703),#3707);
#3703 = LINE('',#3704,#3705);
#3704 = CARTESIAN_POINT('',(0.,0.));
#3705 = VECTOR('',#3706,1.);
#3706 = DIRECTION('',(0.,-1.));
#3707 = ( GEOMETRIC_REPRESENTATION_CONTEXT(2) 
PARAMETRIC_REPRESENTATION_CONTEXT() REPRESENTATION_CONTEXT('2D SPACE',''
  ) );
#3708 = PCURVE('',#3605,#3709);
#3709 = DEFINITIONAL_REPRESENTATION('',(#3710),#3714);
#3710 = LINE('',#3711,#3712);
#3711 = CARTESIAN_POINT('',(0.,0.));
#3712 = VECTOR('',#3713,1.);
#3713 = DIRECTION('',(0.,1.));
#3714 = ( GEOMETRIC_REPRESENTATION_CONTEXT(2) 
PARAMETRIC_REPRESENTATION_CONTEXT() REPRESENTATION_CONTEXT('2D SPACE',''
  ) );
#3715 = ORIENTED_EDGE('',*,*,#3716,.T.);
#3716 = EDGE_CURVE('',#3694,#1070,#3717,.T.);
#3717 = SURFACE_CURVE('',#3718,(#3722,#3728),.PCURVE_S1.);
#3718 = LINE('',#3719,#3720);
#3719 = CARTESIAN_POINT('',(84.,17.,0.7));
#3720 = VECTOR('',#3721,1.);
#3721 = DIRECTION('',(0.,0.,1.));
#3722 = PCURVE('',#1084,#3723);
#3723 = DEFINITIONAL_REPRESENTATION('',(#3724),#3727);
#3724 = B_SPLINE_CURVE_WITH_KNOTS('',1,(#3725,#3726),.UNSPECIFIED.,.F.,
  .F.,(2,2),(1.7,9.7),.PIECEWISE_BEZIER_KNOTS.);
#3725 = CARTESIAN_POINT('',(0.,-4.));
#3726 = CARTESIAN_POINT('',(8.,-4.));
#3727 = ( GEOMETRIC_REPRESENTATION_CONTEXT(2) 
PARAMETRIC_REPRESENTATION_CONTEXT() REPRESENTATION_CONTEXT('2D SPACE',''
  ) );
#3728 = PCURVE('',#1110,#3729);
#3729 = DEFINITIONAL_REPRESENTATION('',(#3730),#3733);
#3730 = B_SPLINE_CURVE_WITH_KNOTS('',1,(#3731,#3732),.UNSPECIFIED.,.F.,
  .F.,(2,2),(1.7,9.7),.PIECEWISE_BEZIER_KNOTS.);
#3731 = CARTESIAN_POINT('',(3.4,34.));
#3732 = CARTESIAN_POINT('',(11.4,34.));
#3733 = ( GEOMETRIC_REPRESENTATION_CONTEXT(2) 
PARAMETRIC_REPRESENTATION_CONTEXT() REPRESENTATION_CONTEXT('2D SPACE',''
  ) );
#3734 = ADVANCED_FACE('',(#3735),#1214,.F.);
#3735 = FACE_BOUND('',#3736,.F.);
#3736 = EDGE_LOOP('',(#3737,#3738,#3761,#3782));
#3737 = ORIENTED_EDGE('',*,*,#3666,.F.);
#3738 = ORIENTED_EDGE('',*,*,#3739,.F.);
#3739 = EDGE_CURVE('',#3740,#3644,#3742,.T.);
#3740 = VERTEX_POINT('',#3741);
#3741 = CARTESIAN_POINT('',(84.,76.,2.4));
#3742 = SURFACE_CURVE('',#3743,(#3747,#3754),.PCURVE_S1.);
#3743 = LINE('',#3744,#3745);
#3744 = CARTESIAN_POINT('',(84.,76.,2.4));
#3745 = VECTOR('',#3746,1.);
#3746 = DIRECTION('',(1.,0.,-0.));
#3747 = PCURVE('',#1214,#3748);
#3748 = DEFINITIONAL_REPRESENTATION('',(#3749),#3753);
#3749 = LINE('',#3750,#3751);
#3750 = CARTESIAN_POINT('',(0.,0.));
#3751 = VECTOR('',#3752,1.);
#3752 = DIRECTION('',(0.,1.));
#3753 = ( GEOMETRIC_REPRESENTATION_CONTEXT(2) 
PARAMETRIC_REPRESENTATION_CONTEXT() REPRESENTATION_CONTEXT('2D SPACE',''
  ) );
#3754 = PCURVE('',#3605,#3755);
#3755 = DEFINITIONAL_REPRESENTATION('',(#3756),#3760);
#3756 = LINE('',#3757,#3758);
#3757 = CARTESIAN_POINT('',(0.,63.));
#3758 = VECTOR('',#3759,1.);
#3759 = DIRECTION('',(1.,0.));
#3760 = ( GEOMETRIC_REPRESENTATION_CONTEXT(2) 
PARAMETRIC_REPRESENTATION_CONTEXT() REPRESENTATION_CONTEXT('2D SPACE',''
  ) );
#3761 = ORIENTED_EDGE('',*,*,#3762,.T.);
#3762 = EDGE_CURVE('',#3740,#1174,#3763,.T.);
#3763 = SURFACE_CURVE('',#3764,(#3768,#3775),.PCURVE_S1.);
#3764 = LINE('',#3765,#3766);
#3765 = CARTESIAN_POINT('',(84.,76.,2.4));
#3766 = VECTOR('',#3767,1.);
#3767 = DIRECTION('',(0.,0.,1.));
#3768 = PCURVE('',#1214,#3769);
#3769 = DEFINITIONAL_REPRESENTATION('',(#3770),#3774);
#3770 = LINE('',#3771,#3772);
#3771 = CARTESIAN_POINT('',(0.,0.));
#3772 = VECTOR('',#3773,1.);
#3773 = DIRECTION('',(1.,0.));
#3774 = ( GEOMETRIC_REPRESENTATION_CONTEXT(2) 
PARAMETRIC_REPRESENTATION_CONTEXT() REPRESENTATION_CONTEXT('2D SPACE',''
  ) );
#3775 = PCURVE('',#1188,#3776);
#3776 = DEFINITIONAL_REPRESENTATION('',(#3777),#3781);
#3777 = LINE('',#3778,#3779);
#3778 = CARTESIAN_POINT('',(0.,-63.));
#3779 = VECTOR('',#3780,1.);
#3780 = DIRECTION('',(1.,0.));
#3781 = ( GEOMETRIC_REPRESENTATION_CONTEXT(2) 
PARAMETRIC_REPRESENTATION_CONTEXT() REPRESENTATION_CONTEXT('2D SPACE',''
  ) );
#3782 = ORIENTED_EDGE('',*,*,#1199,.F.);
#3783 = ADVANCED_FACE('',(#3784),#1110,.F.);
#3784 = FACE_BOUND('',#3785,.F.);
#3785 = EDGE_LOOP('',(#3786,#3809,#3828,#3829));
#3786 = ORIENTED_EDGE('',*,*,#3787,.F.);
#3787 = EDGE_CURVE('',#3788,#1096,#3790,.T.);
#3788 = VERTEX_POINT('',#3789);
#3789 = CARTESIAN_POINT('',(118.,17.,2.4));
#3790 = SURFACE_CURVE('',#3791,(#3795,#3802),.PCURVE_S1.);
#3791 = LINE('',#3792,#3793);
#3792 = CARTESIAN_POINT('',(118.,17.,-1.));
#3793 = VECTOR('',#3794,1.);
#3794 = DIRECTION('',(0.,0.,1.));
#3795 = PCURVE('',#1110,#3796);
#3796 = DEFINITIONAL_REPRESENTATION('',(#3797),#3801);
#3797 = LINE('',#3798,#3799);
#3798 = CARTESIAN_POINT('',(0.,68.));
#3799 = VECTOR('',#3800,1.);
#3800 = DIRECTION('',(1.,0.));
#3801 = ( GEOMETRIC_REPRESENTATION_CONTEXT(2) 
PARAMETRIC_REPRESENTATION_CONTEXT() REPRESENTATION_CONTEXT('2D SPACE',''
  ) );
#3802 = PCURVE('',#1136,#3803);
#3803 = DEFINITIONAL_REPRESENTATION('',(#3804),#3808);
#3804 = LINE('',#3805,#3806);
#3805 = CARTESIAN_POINT('',(0.,0.));
#3806 = VECTOR('',#3807,1.);
#3807 = DIRECTION('',(1.,0.));
#3808 = ( GEOMETRIC_REPRESENTATION_CONTEXT(2) 
PARAMETRIC_REPRESENTATION_CONTEXT() REPRESENTATION_CONTEXT('2D SPACE',''
  ) );
#3809 = ORIENTED_EDGE('',*,*,#3810,.T.);
#3810 = EDGE_CURVE('',#3788,#3694,#3811,.T.);
#3811 = SURFACE_CURVE('',#3812,(#3816,#3822),.PCURVE_S1.);
#3812 = LINE('',#3813,#3814);
#3813 = CARTESIAN_POINT('',(67.,17.,2.4));
#3814 = VECTOR('',#3815,1.);
#3815 = DIRECTION('',(-1.,-0.,0.));
#3816 = PCURVE('',#1110,#3817);
#3817 = DEFINITIONAL_REPRESENTATION('',(#3818),#3821);
#3818 = B_SPLINE_CURVE_WITH_KNOTS('',1,(#3819,#3820),.UNSPECIFIED.,.F.,
  .F.,(2,2),(-51.,-17.),.PIECEWISE_BEZIER_KNOTS.);
#3819 = CARTESIAN_POINT('',(3.4,68.));
#3820 = CARTESIAN_POINT('',(3.4,34.));
#3821 = ( GEOMETRIC_REPRESENTATION_CONTEXT(2) 
PARAMETRIC_REPRESENTATION_CONTEXT() REPRESENTATION_CONTEXT('2D SPACE',''
  ) );
#3822 = PCURVE('',#3605,#3823);
#3823 = DEFINITIONAL_REPRESENTATION('',(#3824),#3827);
#3824 = B_SPLINE_CURVE_WITH_KNOTS('',1,(#3825,#3826),.UNSPECIFIED.,.F.,
  .F.,(2,2),(-51.,-17.),.PIECEWISE_BEZIER_KNOTS.);
#3825 = CARTESIAN_POINT('',(34.,4.));
#3826 = CARTESIAN_POINT('',(0.,4.));
#3827 = ( GEOMETRIC_REPRESENTATION_CONTEXT(2) 
PARAMETRIC_REPRESENTATION_CONTEXT() REPRESENTATION_CONTEXT('2D SPACE',''
  ) );
#3828 = ORIENTED_EDGE('',*,*,#3716,.T.);
#3829 = ORIENTED_EDGE('',*,*,#1095,.F.);
#3830 = ADVANCED_FACE('',(#3831),#1188,.T.);
#3831 = FACE_BOUND('',#3832,.T.);
#3832 = EDGE_LOOP('',(#3833,#3834,#3855,#3876));
#3833 = ORIENTED_EDGE('',*,*,#1173,.F.);
#3834 = ORIENTED_EDGE('',*,*,#3835,.F.);
#3835 = EDGE_CURVE('',#3836,#1148,#3838,.T.);
#3836 = VERTEX_POINT('',#3837);
#3837 = CARTESIAN_POINT('',(84.,51.,2.4));
#3838 = SURFACE_CURVE('',#3839,(#3843,#3849),.PCURVE_S1.);
#3839 = LINE('',#3840,#3841);
#3840 = CARTESIAN_POINT('',(84.,51.,0.7));
#3841 = VECTOR('',#3842,1.);
#3842 = DIRECTION('',(0.,0.,1.));
#3843 = PCURVE('',#1188,#3844);
#3844 = DEFINITIONAL_REPRESENTATION('',(#3845),#3848);
#3845 = B_SPLINE_CURVE_WITH_KNOTS('',1,(#3846,#3847),.UNSPECIFIED.,.F.,
  .F.,(2,2),(1.7,9.7),.PIECEWISE_BEZIER_KNOTS.);
#3846 = CARTESIAN_POINT('',(0.,-38.));
#3847 = CARTESIAN_POINT('',(8.,-38.));
#3848 = ( GEOMETRIC_REPRESENTATION_CONTEXT(2) 
PARAMETRIC_REPRESENTATION_CONTEXT() REPRESENTATION_CONTEXT('2D SPACE',''
  ) );
#3849 = PCURVE('',#1162,#3850);
#3850 = DEFINITIONAL_REPRESENTATION('',(#3851),#3854);
#3851 = B_SPLINE_CURVE_WITH_KNOTS('',1,(#3852,#3853),.UNSPECIFIED.,.F.,
  .F.,(2,2),(1.7,9.7),.PIECEWISE_BEZIER_KNOTS.);
#3852 = CARTESIAN_POINT('',(3.4,34.));
#3853 = CARTESIAN_POINT('',(11.4,34.));
#3854 = ( GEOMETRIC_REPRESENTATION_CONTEXT(2) 
PARAMETRIC_REPRESENTATION_CONTEXT() REPRESENTATION_CONTEXT('2D SPACE',''
  ) );
#3855 = ORIENTED_EDGE('',*,*,#3856,.T.);
#3856 = EDGE_CURVE('',#3836,#3740,#3857,.T.);
#3857 = SURFACE_CURVE('',#3858,(#3862,#3869),.PCURVE_S1.);
#3858 = LINE('',#3859,#3860);
#3859 = CARTESIAN_POINT('',(84.,13.,2.4));
#3860 = VECTOR('',#3861,1.);
#3861 = DIRECTION('',(-0.,1.,0.));
#3862 = PCURVE('',#1188,#3863);
#3863 = DEFINITIONAL_REPRESENTATION('',(#3864),#3868);
#3864 = LINE('',#3865,#3866);
#3865 = CARTESIAN_POINT('',(0.,0.));
#3866 = VECTOR('',#3867,1.);
#3867 = DIRECTION('',(0.,-1.));
#3868 = ( GEOMETRIC_REPRESENTATION_CONTEXT(2) 
PARAMETRIC_REPRESENTATION_CONTEXT() REPRESENTATION_CONTEXT('2D SPACE',''
  ) );
#3869 = PCURVE('',#3605,#3870);
#3870 = DEFINITIONAL_REPRESENTATION('',(#3871),#3875);
#3871 = LINE('',#3872,#3873);
#3872 = CARTESIAN_POINT('',(0.,0.));
#3873 = VECTOR('',#3874,1.);
#3874 = DIRECTION('',(0.,1.));
#3875 = ( GEOMETRIC_REPRESENTATION_CONTEXT(2) 
PARAMETRIC_REPRESENTATION_CONTEXT() REPRESENTATION_CONTEXT('2D SPACE',''
  ) );
#3876 = ORIENTED_EDGE('',*,*,#3762,.T.);
#3877 = ADVANCED_FACE('',(#3878),#1136,.T.);
#3878 = FACE_BOUND('',#3879,.T.);
#3879 = EDGE_LOOP('',(#3880,#3881,#3902,#3923));
#3880 = ORIENTED_EDGE('',*,*,#3787,.F.);
#3881 = ORIENTED_EDGE('',*,*,#3882,.T.);
#3882 = EDGE_CURVE('',#3788,#3883,#3885,.T.);
#3883 = VERTEX_POINT('',#3884);
#3884 = CARTESIAN_POINT('',(118.,51.,2.4));
#3885 = SURFACE_CURVE('',#3886,(#3890,#3896),.PCURVE_S1.);
#3886 = LINE('',#3887,#3888);
#3887 = CARTESIAN_POINT('',(118.,15.,2.4));
#3888 = VECTOR('',#3889,1.);
#3889 = DIRECTION('',(-0.,1.,0.));
#3890 = PCURVE('',#1136,#3891);
#3891 = DEFINITIONAL_REPRESENTATION('',(#3892),#3895);
#3892 = B_SPLINE_CURVE_WITH_KNOTS('',1,(#3893,#3894),.UNSPECIFIED.,.F.,
  .F.,(2,2),(2.,36.),.PIECEWISE_BEZIER_KNOTS.);
#3893 = CARTESIAN_POINT('',(3.4,0.));
#3894 = CARTESIAN_POINT('',(3.4,-34.));
#3895 = ( GEOMETRIC_REPRESENTATION_CONTEXT(2) 
PARAMETRIC_REPRESENTATION_CONTEXT() REPRESENTATION_CONTEXT('2D SPACE',''
  ) );
#3896 = PCURVE('',#3605,#3897);
#3897 = DEFINITIONAL_REPRESENTATION('',(#3898),#3901);
#3898 = B_SPLINE_CURVE_WITH_KNOTS('',1,(#3899,#3900),.UNSPECIFIED.,.F.,
  .F.,(2,2),(2.,36.),.PIECEWISE_BEZIER_KNOTS.);
#3899 = CARTESIAN_POINT('',(34.,4.));
#3900 = CARTESIAN_POINT('',(34.,38.));
#3901 = ( GEOMETRIC_REPRESENTATION_CONTEXT(2) 
PARAMETRIC_REPRESENTATION_CONTEXT() REPRESENTATION_CONTEXT('2D SPACE',''
  ) );
#3902 = ORIENTED_EDGE('',*,*,#3903,.T.);
#3903 = EDGE_CURVE('',#3883,#1122,#3904,.T.);
#3904 = SURFACE_CURVE('',#3905,(#3909,#3916),.PCURVE_S1.);
#3905 = LINE('',#3906,#3907);
#3906 = CARTESIAN_POINT('',(118.,51.,-1.));
#3907 = VECTOR('',#3908,1.);
#3908 = DIRECTION('',(0.,0.,1.));
#3909 = PCURVE('',#1136,#3910);
#3910 = DEFINITIONAL_REPRESENTATION('',(#3911),#3915);
#3911 = LINE('',#3912,#3913);
#3912 = CARTESIAN_POINT('',(0.,-34.));
#3913 = VECTOR('',#3914,1.);
#3914 = DIRECTION('',(1.,0.));
#3915 = ( GEOMETRIC_REPRESENTATION_CONTEXT(2) 
PARAMETRIC_REPRESENTATION_CONTEXT() REPRESENTATION_CONTEXT('2D SPACE',''
  ) );
#3916 = PCURVE('',#1162,#3917);
#3917 = DEFINITIONAL_REPRESENTATION('',(#3918),#3922);
#3918 = LINE('',#3919,#3920);
#3919 = CARTESIAN_POINT('',(0.,68.));
#3920 = VECTOR('',#3921,1.);
#3921 = DIRECTION('',(1.,0.));
#3922 = ( GEOMETRIC_REPRESENTATION_CONTEXT(2) 
PARAMETRIC_REPRESENTATION_CONTEXT() REPRESENTATION_CONTEXT('2D SPACE',''
  ) );
#3923 = ORIENTED_EDGE('',*,*,#1121,.F.);
#3924 = ADVANCED_FACE('',(#3925),#1162,.T.);
#3925 = FACE_BOUND('',#3926,.T.);
#3926 = EDGE_LOOP('',(#3927,#3928,#3947,#3948));
#3927 = ORIENTED_EDGE('',*,*,#3903,.F.);
#3928 = ORIENTED_EDGE('',*,*,#3929,.T.);
#3929 = EDGE_CURVE('',#3883,#3836,#3930,.T.);
#3930 = SURFACE_CURVE('',#3931,(#3935,#3941),.PCURVE_S1.);
#3931 = LINE('',#3932,#3933);
#3932 = CARTESIAN_POINT('',(67.,51.,2.4));
#3933 = VECTOR('',#3934,1.);
#3934 = DIRECTION('',(-1.,-0.,0.));
#3935 = PCURVE('',#1162,#3936);
#3936 = DEFINITIONAL_REPRESENTATION('',(#3937),#3940);
#3937 = B_SPLINE_CURVE_WITH_KNOTS('',1,(#3938,#3939),.UNSPECIFIED.,.F.,
  .F.,(2,2),(-51.,-17.),.PIECEWISE_BEZIER_KNOTS.);
#3938 = CARTESIAN_POINT('',(3.4,68.));
#3939 = CARTESIAN_POINT('',(3.4,34.));
#3940 = ( GEOMETRIC_REPRESENTATION_CONTEXT(2) 
PARAMETRIC_REPRESENTATION_CONTEXT() REPRESENTATION_CONTEXT('2D SPACE',''
  ) );
#3941 = PCURVE('',#3605,#3942);
#3942 = DEFINITIONAL_REPRESENTATION('',(#3943),#3946);
#3943 = B_SPLINE_CURVE_WITH_KNOTS('',1,(#3944,#3945),.UNSPECIFIED.,.F.,
  .F.,(2,2),(-51.,-17.),.PIECEWISE_BEZIER_KNOTS.);
#3944 = CARTESIAN_POINT('',(34.,38.));
#3945 = CARTESIAN_POINT('',(0.,38.));
#3946 = ( GEOMETRIC_REPRESENTATION_CONTEXT(2) 
PARAMETRIC_REPRESENTATION_CONTEXT() REPRESENTATION_CONTEXT('2D SPACE',''
  ) );
#3947 = ORIENTED_EDGE('',*,*,#3835,.T.);
#3948 = ORIENTED_EDGE('',*,*,#1147,.F.);
#3949 = ADVANCED_FACE('',(#3950),#1269,.T.);
#3950 = FACE_BOUND('',#3951,.T.);
#3951 = EDGE_LOOP('',(#3952,#3975,#4003,#4024));
#3952 = ORIENTED_EDGE('',*,*,#3953,.F.);
#3953 = EDGE_CURVE('',#3954,#1252,#3956,.T.);
#3954 = VERTEX_POINT('',#3955);
#3955 = CARTESIAN_POINT('',(26.,84.,8.7));
#3956 = SURFACE_CURVE('',#3957,(#3961,#3968),.PCURVE_S1.);
#3957 = LINE('',#3958,#3959);
#3958 = CARTESIAN_POINT('',(26.,84.,8.7));
#3959 = VECTOR('',#3960,1.);
#3960 = DIRECTION('',(0.,0.,1.));
#3961 = PCURVE('',#1269,#3962);
#3962 = DEFINITIONAL_REPRESENTATION('',(#3963),#3967);
#3963 = LINE('',#3964,#3965);
#3964 = CARTESIAN_POINT('',(0.,14.));
#3965 = VECTOR('',#3966,1.);
#3966 = DIRECTION('',(1.,0.));
#3967 = ( GEOMETRIC_REPRESENTATION_CONTEXT(2) 
PARAMETRIC_REPRESENTATION_CONTEXT() REPRESENTATION_CONTEXT('2D SPACE',''
  ) );
#3968 = PCURVE('',#1351,#3969);
#3969 = DEFINITIONAL_REPRESENTATION('',(#3970),#3974);
#3970 = LINE('',#3971,#3972);
#3971 = CARTESIAN_POINT('',(0.,0.));
#3972 = VECTOR('',#3973,1.);
#3973 = DIRECTION('',(1.,0.));
#3974 = ( GEOMETRIC_REPRESENTATION_CONTEXT(2) 
PARAMETRIC_REPRESENTATION_CONTEXT() REPRESENTATION_CONTEXT('2D SPACE',''
  ) );
#3975 = ORIENTED_EDGE('',*,*,#3976,.F.);
#3976 = EDGE_CURVE('',#3977,#3954,#3979,.T.);
#3977 = VERTEX_POINT('',#3978);
#3978 = CARTESIAN_POINT('',(12.,84.,8.7));
#3979 = SURFACE_CURVE('',#3980,(#3984,#3991),.PCURVE_S1.);
#3980 = LINE('',#3981,#3982);
#3981 = CARTESIAN_POINT('',(12.,84.,8.7));
#3982 = VECTOR('',#3983,1.);
#3983 = DIRECTION('',(1.,0.,0.));
#3984 = PCURVE('',#1269,#3985);
#3985 = DEFINITIONAL_REPRESENTATION('',(#3986),#3990);
#3986 = LINE('',#3987,#3988);
#3987 = CARTESIAN_POINT('',(0.,0.));
#3988 = VECTOR('',#3989,1.);
#3989 = DIRECTION('',(0.,1.));
#3990 = ( GEOMETRIC_REPRESENTATION_CONTEXT(2) 
PARAMETRIC_REPRESENTATION_CONTEXT() REPRESENTATION_CONTEXT('2D SPACE',''
  ) );
#3991 = PCURVE('',#3992,#3997);
#3992 = PLANE('',#3993);
#3993 = AXIS2_PLACEMENT_3D('',#3994,#3995,#3996);
#3994 = CARTESIAN_POINT('',(12.,84.,8.7));
#3995 = DIRECTION('',(0.,0.,1.));
#3996 = DIRECTION('',(1.,0.,0.));
#3997 = DEFINITIONAL_REPRESENTATION('',(#3998),#4002);
#3998 = LINE('',#3999,#4000);
#3999 = CARTESIAN_POINT('',(0.,0.));
#4000 = VECTOR('',#4001,1.);
#4001 = DIRECTION('',(1.,0.));
#4002 = ( GEOMETRIC_REPRESENTATION_CONTEXT(2) 
PARAMETRIC_REPRESENTATION_CONTEXT() REPRESENTATION_CONTEXT('2D SPACE',''
  ) );
#4003 = ORIENTED_EDGE('',*,*,#4004,.T.);
#4004 = EDGE_CURVE('',#3977,#1254,#4005,.T.);
#4005 = SURFACE_CURVE('',#4006,(#4010,#4017),.PCURVE_S1.);
#4006 = LINE('',#4007,#4008);
#4007 = CARTESIAN_POINT('',(12.,84.,8.7));
#4008 = VECTOR('',#4009,1.);
#4009 = DIRECTION('',(0.,0.,1.));
#4010 = PCURVE('',#1269,#4011);
#4011 = DEFINITIONAL_REPRESENTATION('',(#4012),#4016);
#4012 = LINE('',#4013,#4014);
#4013 = CARTESIAN_POINT('',(0.,0.));
#4014 = VECTOR('',#4015,1.);
#4015 = DIRECTION('',(1.,0.));
#4016 = ( GEOMETRIC_REPRESENTATION_CONTEXT(2) 
PARAMETRIC_REPRESENTATION_CONTEXT() REPRESENTATION_CONTEXT('2D SPACE',''
  ) );
#4017 = PCURVE('',#1297,#4018);
#4018 = DEFINITIONAL_REPRESENTATION('',(#4019),#4023);
#4019 = LINE('',#4020,#4021);
#4020 = CARTESIAN_POINT('',(0.,0.));
#4021 = VECTOR('',#4022,1.);
#4022 = DIRECTION('',(1.,0.));
#4023 = ( GEOMETRIC_REPRESENTATION_CONTEXT(2) 
PARAMETRIC_REPRESENTATION_CONTEXT() REPRESENTATION_CONTEXT('2D SPACE',''
  ) );
#4024 = ORIENTED_EDGE('',*,*,#1251,.F.);
#4025 = ADVANCED_FACE('',(#4026),#1351,.F.);
#4026 = FACE_BOUND('',#4027,.F.);
#4027 = EDGE_LOOP('',(#4028,#4029,#4052,#4073));
#4028 = ORIENTED_EDGE('',*,*,#3953,.F.);
#4029 = ORIENTED_EDGE('',*,*,#4030,.T.);
#4030 = EDGE_CURVE('',#3954,#4031,#4033,.T.);
#4031 = VERTEX_POINT('',#4032);
#4032 = CARTESIAN_POINT('',(26.,111.,8.7));
#4033 = SURFACE_CURVE('',#4034,(#4038,#4045),.PCURVE_S1.);
#4034 = LINE('',#4035,#4036);
#4035 = CARTESIAN_POINT('',(26.,84.,8.7));
#4036 = VECTOR('',#4037,1.);
#4037 = DIRECTION('',(0.,1.,0.));
#4038 = PCURVE('',#1351,#4039);
#4039 = DEFINITIONAL_REPRESENTATION('',(#4040),#4044);
#4040 = LINE('',#4041,#4042);
#4041 = CARTESIAN_POINT('',(0.,0.));
#4042 = VECTOR('',#4043,1.);
#4043 = DIRECTION('',(0.,-1.));
#4044 = ( GEOMETRIC_REPRESENTATION_CONTEXT(2) 
PARAMETRIC_REPRESENTATION_CONTEXT() REPRESENTATION_CONTEXT('2D SPACE',''
  ) );
#4045 = PCURVE('',#3992,#4046);
#4046 = DEFINITIONAL_REPRESENTATION('',(#4047),#4051);
#4047 = LINE('',#4048,#4049);
#4048 = CARTESIAN_POINT('',(14.,0.));
#4049 = VECTOR('',#4050,1.);
#4050 = DIRECTION('',(0.,1.));
#4051 = ( GEOMETRIC_REPRESENTATION_CONTEXT(2) 
PARAMETRIC_REPRESENTATION_CONTEXT() REPRESENTATION_CONTEXT('2D SPACE',''
  ) );
#4052 = ORIENTED_EDGE('',*,*,#4053,.T.);
#4053 = EDGE_CURVE('',#4031,#1310,#4054,.T.);
#4054 = SURFACE_CURVE('',#4055,(#4059,#4066),.PCURVE_S1.);
#4055 = LINE('',#4056,#4057);
#4056 = CARTESIAN_POINT('',(26.,111.,8.7));
#4057 = VECTOR('',#4058,1.);
#4058 = DIRECTION('',(0.,0.,1.));
#4059 = PCURVE('',#1351,#4060);
#4060 = DEFINITIONAL_REPRESENTATION('',(#4061),#4065);
#4061 = LINE('',#4062,#4063);
#4062 = CARTESIAN_POINT('',(0.,-27.));
#4063 = VECTOR('',#4064,1.);
#4064 = DIRECTION('',(1.,0.));
#4065 = ( GEOMETRIC_REPRESENTATION_CONTEXT(2) 
PARAMETRIC_REPRESENTATION_CONTEXT() REPRESENTATION_CONTEXT('2D SPACE',''
  ) );
#4066 = PCURVE('',#1325,#4067);
#4067 = DEFINITIONAL_REPRESENTATION('',(#4068),#4072);
#4068 = LINE('',#4069,#4070);
#4069 = CARTESIAN_POINT('',(0.,14.));
#4070 = VECTOR('',#4071,1.);
#4071 = DIRECTION('',(1.,0.));
#4072 = ( GEOMETRIC_REPRESENTATION_CONTEXT(2) 
PARAMETRIC_REPRESENTATION_CONTEXT() REPRESENTATION_CONTEXT('2D SPACE',''
  ) );
#4073 = ORIENTED_EDGE('',*,*,#1337,.F.);
#4074 = ADVANCED_FACE('',(#4075),#1297,.T.);
#4075 = FACE_BOUND('',#4076,.T.);
#4076 = EDGE_LOOP('',(#4077,#4078,#4101,#4122));
#4077 = ORIENTED_EDGE('',*,*,#4004,.F.);
#4078 = ORIENTED_EDGE('',*,*,#4079,.T.);
#4079 = EDGE_CURVE('',#3977,#4080,#4082,.T.);
#4080 = VERTEX_POINT('',#4081);
#4081 = CARTESIAN_POINT('',(12.,111.,8.7));
#4082 = SURFACE_CURVE('',#4083,(#4087,#4094),.PCURVE_S1.);
#4083 = LINE('',#4084,#4085);
#4084 = CARTESIAN_POINT('',(12.,84.,8.7));
#4085 = VECTOR('',#4086,1.);
#4086 = DIRECTION('',(0.,1.,0.));
#4087 = PCURVE('',#1297,#4088);
#4088 = DEFINITIONAL_REPRESENTATION('',(#4089),#4093);
#4089 = LINE('',#4090,#4091);
#4090 = CARTESIAN_POINT('',(0.,0.));
#4091 = VECTOR('',#4092,1.);
#4092 = DIRECTION('',(0.,-1.));
#4093 = ( GEOMETRIC_REPRESENTATION_CONTEXT(2) 
PARAMETRIC_REPRESENTATION_CONTEXT() REPRESENTATION_CONTEXT('2D SPACE',''
  ) );
#4094 = PCURVE('',#3992,#4095);
#4095 = DEFINITIONAL_REPRESENTATION('',(#4096),#4100);
#4096 = LINE('',#4097,#4098);
#4097 = CARTESIAN_POINT('',(0.,0.));
#4098 = VECTOR('',#4099,1.);
#4099 = DIRECTION('',(0.,1.));
#4100 = ( GEOMETRIC_REPRESENTATION_CONTEXT(2) 
PARAMETRIC_REPRESENTATION_CONTEXT() REPRESENTATION_CONTEXT('2D SPACE',''
  ) );
#4101 = ORIENTED_EDGE('',*,*,#4102,.T.);
#4102 = EDGE_CURVE('',#4080,#1282,#4103,.T.);
#4103 = SURFACE_CURVE('',#4104,(#4108,#4115),.PCURVE_S1.);
#4104 = LINE('',#4105,#4106);
#4105 = CARTESIAN_POINT('',(12.,111.,8.7));
#4106 = VECTOR('',#4107,1.);
#4107 = DIRECTION('',(0.,0.,1.));
#4108 = PCURVE('',#1297,#4109);
#4109 = DEFINITIONAL_REPRESENTATION('',(#4110),#4114);
#4110 = LINE('',#4111,#4112);
#4111 = CARTESIAN_POINT('',(0.,-27.));
#4112 = VECTOR('',#4113,1.);
#4113 = DIRECTION('',(1.,0.));
#4114 = ( GEOMETRIC_REPRESENTATION_CONTEXT(2) 
PARAMETRIC_REPRESENTATION_CONTEXT() REPRESENTATION_CONTEXT('2D SPACE',''
  ) );
#4115 = PCURVE('',#1325,#4116);
#4116 = DEFINITIONAL_REPRESENTATION('',(#4117),#4121);
#4117 = LINE('',#4118,#4119);
#4118 = CARTESIAN_POINT('',(0.,0.));
#4119 = VECTOR('',#4120,1.);
#4120 = DIRECTION('',(1.,0.));
#4121 = ( GEOMETRIC_REPRESENTATION_CONTEXT(2) 
PARAMETRIC_REPRESENTATION_CONTEXT() REPRESENTATION_CONTEXT('2D SPACE',''
  ) );
#4122 = ORIENTED_EDGE('',*,*,#1281,.F.);
#4123 = ADVANCED_FACE('',(#4124),#1325,.F.);
#4124 = FACE_BOUND('',#4125,.F.);
#4125 = EDGE_LOOP('',(#4126,#4127,#4148,#4149));
#4126 = ORIENTED_EDGE('',*,*,#4053,.F.);
#4127 = ORIENTED_EDGE('',*,*,#4128,.F.);
#4128 = EDGE_CURVE('',#4080,#4031,#4129,.T.);
#4129 = SURFACE_CURVE('',#4130,(#4134,#4141),.PCURVE_S1.);
#4130 = LINE('',#4131,#4132);
#4131 = CARTESIAN_POINT('',(12.,111.,8.7));
#4132 = VECTOR('',#4133,1.);
#4133 = DIRECTION('',(1.,0.,0.));
#4134 = PCURVE('',#1325,#4135);
#4135 = DEFINITIONAL_REPRESENTATION('',(#4136),#4140);
#4136 = LINE('',#4137,#4138);
#4137 = CARTESIAN_POINT('',(0.,0.));
#4138 = VECTOR('',#4139,1.);
#4139 = DIRECTION('',(0.,1.));
#4140 = ( GEOMETRIC_REPRESENTATION_CONTEXT(2) 
PARAMETRIC_REPRESENTATION_CONTEXT() REPRESENTATION_CONTEXT('2D SPACE',''
  ) );
#4141 = PCURVE('',#3992,#4142);
#4142 = DEFINITIONAL_REPRESENTATION('',(#4143),#4147);
#4143 = LINE('',#4144,#4145);
#4144 = CARTESIAN_POINT('',(0.,27.));
#4145 = VECTOR('',#4146,1.);
#4146 = DIRECTION('',(1.,0.));
#4147 = ( GEOMETRIC_REPRESENTATION_CONTEXT(2) 
PARAMETRIC_REPRESENTATION_CONTEXT() REPRESENTATION_CONTEXT('2D SPACE',''
  ) );
#4148 = ORIENTED_EDGE('',*,*,#4102,.T.);
#4149 = ORIENTED_EDGE('',*,*,#1309,.F.);
#4150 = ADVANCED_FACE('',(#4151),#1382,.T.);
#4151 = FACE_BOUND('',#4152,.T.);
#4152 = EDGE_LOOP('',(#4153,#4176,#4202,#4221));
#4153 = ORIENTED_EDGE('',*,*,#4154,.F.);
#4154 = EDGE_CURVE('',#4155,#1366,#4157,.T.);
#4155 = VERTEX_POINT('',#4156);
#4156 = CARTESIAN_POINT('',(29.,114.,2.4));
#4157 = SURFACE_CURVE('',#4158,(#4162,#4169),.PCURVE_S1.);
#4158 = LINE('',#4159,#4160);
#4159 = CARTESIAN_POINT('',(29.,114.,-1.));
#4160 = VECTOR('',#4161,1.);
#4161 = DIRECTION('',(0.,0.,1.));
#4162 = PCURVE('',#1382,#4163);
#4163 = DEFINITIONAL_REPRESENTATION('',(#4164),#4168);
#4164 = LINE('',#4165,#4166);
#4165 = CARTESIAN_POINT('',(0.,20.));
#4166 = VECTOR('',#4167,1.);
#4167 = DIRECTION('',(1.,0.));
#4168 = ( GEOMETRIC_REPRESENTATION_CONTEXT(2) 
PARAMETRIC_REPRESENTATION_CONTEXT() REPRESENTATION_CONTEXT('2D SPACE',''
  ) );
#4169 = PCURVE('',#1614,#4170);
#4170 = DEFINITIONAL_REPRESENTATION('',(#4171),#4175);
#4171 = LINE('',#4172,#4173);
#4172 = CARTESIAN_POINT('',(0.,-33.));
#4173 = VECTOR('',#4174,1.);
#4174 = DIRECTION('',(1.,0.));
#4175 = ( GEOMETRIC_REPRESENTATION_CONTEXT(2) 
PARAMETRIC_REPRESENTATION_CONTEXT() REPRESENTATION_CONTEXT('2D SPACE',''
  ) );
#4176 = ORIENTED_EDGE('',*,*,#4177,.T.);
#4177 = EDGE_CURVE('',#4155,#4178,#4180,.T.);
#4178 = VERTEX_POINT('',#4179);
#4179 = CARTESIAN_POINT('',(10.,114.,2.4));
#4180 = SURFACE_CURVE('',#4181,(#4185,#4191),.PCURVE_S1.);
#4181 = LINE('',#4182,#4183);
#4182 = CARTESIAN_POINT('',(9.5,114.,2.4));
#4183 = VECTOR('',#4184,1.);
#4184 = DIRECTION('',(-1.,-0.,0.));
#4185 = PCURVE('',#1382,#4186);
#4186 = DEFINITIONAL_REPRESENTATION('',(#4187),#4190);
#4187 = B_SPLINE_CURVE_WITH_KNOTS('',1,(#4188,#4189),.UNSPECIFIED.,.F.,
  .F.,(2,2),(-19.5,-0.5),.PIECEWISE_BEZIER_KNOTS.);
#4188 = CARTESIAN_POINT('',(3.4,20.));
#4189 = CARTESIAN_POINT('',(3.4,1.));
#4190 = ( GEOMETRIC_REPRESENTATION_CONTEXT(2) 
PARAMETRIC_REPRESENTATION_CONTEXT() REPRESENTATION_CONTEXT('2D SPACE',''
  ) );
#4191 = PCURVE('',#4192,#4197);
#4192 = PLANE('',#4193);
#4193 = AXIS2_PLACEMENT_3D('',#4194,#4195,#4196);
#4194 = CARTESIAN_POINT('',(10.,82.,2.4));
#4195 = DIRECTION('',(0.,0.,1.));
#4196 = DIRECTION('',(1.,0.,-0.));
#4197 = DEFINITIONAL_REPRESENTATION('',(#4198),#4201);
#4198 = B_SPLINE_CURVE_WITH_KNOTS('',1,(#4199,#4200),.UNSPECIFIED.,.F.,
  .F.,(2,2),(-19.5,-0.5),.PIECEWISE_BEZIER_KNOTS.);
#4199 = CARTESIAN_POINT('',(19.,32.));
#4200 = CARTESIAN_POINT('',(0.,32.));
#4201 = ( GEOMETRIC_REPRESENTATION_CONTEXT(2) 
PARAMETRIC_REPRESENTATION_CONTEXT() REPRESENTATION_CONTEXT('2D SPACE',''
  ) );
#4202 = ORIENTED_EDGE('',*,*,#4203,.T.);
#4203 = EDGE_CURVE('',#4178,#1368,#4204,.T.);
#4204 = SURFACE_CURVE('',#4205,(#4209,#4215),.PCURVE_S1.);
#4205 = LINE('',#4206,#4207);
#4206 = CARTESIAN_POINT('',(10.,114.,0.7));
#4207 = VECTOR('',#4208,1.);
#4208 = DIRECTION('',(0.,0.,1.));
#4209 = PCURVE('',#1382,#4210);
#4210 = DEFINITIONAL_REPRESENTATION('',(#4211),#4214);
#4211 = B_SPLINE_CURVE_WITH_KNOTS('',1,(#4212,#4213),.UNSPECIFIED.,.F.,
  .F.,(2,2),(1.7,9.7),.PIECEWISE_BEZIER_KNOTS.);
#4212 = CARTESIAN_POINT('',(3.4,1.));
#4213 = CARTESIAN_POINT('',(11.4,1.));
#4214 = ( GEOMETRIC_REPRESENTATION_CONTEXT(2) 
PARAMETRIC_REPRESENTATION_CONTEXT() REPRESENTATION_CONTEXT('2D SPACE',''
  ) );
#4215 = PCURVE('',#1408,#4216);
#4216 = DEFINITIONAL_REPRESENTATION('',(#4217),#4220);
#4217 = B_SPLINE_CURVE_WITH_KNOTS('',1,(#4218,#4219),.UNSPECIFIED.,.F.,
  .F.,(2,2),(1.7,9.7),.PIECEWISE_BEZIER_KNOTS.);
#4218 = CARTESIAN_POINT('',(0.,-32.));
#4219 = CARTESIAN_POINT('',(8.,-32.));
#4220 = ( GEOMETRIC_REPRESENTATION_CONTEXT(2) 
PARAMETRIC_REPRESENTATION_CONTEXT() REPRESENTATION_CONTEXT('2D SPACE',''
  ) );
#4221 = ORIENTED_EDGE('',*,*,#1365,.F.);
#4222 = ADVANCED_FACE('',(#4223),#1614,.T.);
#4223 = FACE_BOUND('',#4224,.T.);
#4224 = EDGE_LOOP('',(#4225,#4246,#4247,#4248));
#4225 = ORIENTED_EDGE('',*,*,#4226,.T.);
#4226 = EDGE_CURVE('',#4227,#4155,#4229,.T.);
#4227 = VERTEX_POINT('',#4228);
#4228 = CARTESIAN_POINT('',(29.,82.,2.4));
#4229 = SURFACE_CURVE('',#4230,(#4234,#4240),.PCURVE_S1.);
#4230 = LINE('',#4231,#4232);
#4231 = CARTESIAN_POINT('',(29.,81.5,2.4));
#4232 = VECTOR('',#4233,1.);
#4233 = DIRECTION('',(-0.,1.,0.));
#4234 = PCURVE('',#1614,#4235);
#4235 = DEFINITIONAL_REPRESENTATION('',(#4236),#4239);
#4236 = B_SPLINE_CURVE_WITH_KNOTS('',1,(#4237,#4238),.UNSPECIFIED.,.F.,
  .F.,(2,2),(0.5,32.5),.PIECEWISE_BEZIER_KNOTS.);
#4237 = CARTESIAN_POINT('',(3.4,-1.));
#4238 = CARTESIAN_POINT('',(3.4,-33.));
#4239 = ( GEOMETRIC_REPRESENTATION_CONTEXT(2) 
PARAMETRIC_REPRESENTATION_CONTEXT() REPRESENTATION_CONTEXT('2D SPACE',''
  ) );
#4240 = PCURVE('',#4192,#4241);
#4241 = DEFINITIONAL_REPRESENTATION('',(#4242),#4245);
#4242 = B_SPLINE_CURVE_WITH_KNOTS('',1,(#4243,#4244),.UNSPECIFIED.,.F.,
  .F.,(2,2),(0.5,32.5),.PIECEWISE_BEZIER_KNOTS.);
#4243 = CARTESIAN_POINT('',(19.,0.));
#4244 = CARTESIAN_POINT('',(19.,32.));
#4245 = ( GEOMETRIC_REPRESENTATION_CONTEXT(2) 
PARAMETRIC_REPRESENTATION_CONTEXT() REPRESENTATION_CONTEXT('2D SPACE',''
  ) );
#4246 = ORIENTED_EDGE('',*,*,#4154,.T.);
#4247 = ORIENTED_EDGE('',*,*,#1601,.F.);
#4248 = ORIENTED_EDGE('',*,*,#4249,.T.);
#4249 = EDGE_CURVE('',#1576,#4227,#4250,.T.);
#4250 = SURFACE_CURVE('',#4251,(#4255,#4261),.PCURVE_S1.);
#4251 = LINE('',#4252,#4253);
#4252 = CARTESIAN_POINT('',(29.,82.,0.7));
#4253 = VECTOR('',#4254,1.);
#4254 = DIRECTION('',(-0.,0.,-1.));
#4255 = PCURVE('',#1614,#4256);
#4256 = DEFINITIONAL_REPRESENTATION('',(#4257),#4260);
#4257 = B_SPLINE_CURVE_WITH_KNOTS('',1,(#4258,#4259),.UNSPECIFIED.,.F.,
  .F.,(2,2),(-9.7,-1.7),.PIECEWISE_BEZIER_KNOTS.);
#4258 = CARTESIAN_POINT('',(11.4,-1.));
#4259 = CARTESIAN_POINT('',(3.4,-1.));
#4260 = ( GEOMETRIC_REPRESENTATION_CONTEXT(2) 
PARAMETRIC_REPRESENTATION_CONTEXT() REPRESENTATION_CONTEXT('2D SPACE',''
  ) );
#4261 = PCURVE('',#1590,#4262);
#4262 = DEFINITIONAL_REPRESENTATION('',(#4263),#4266);
#4263 = B_SPLINE_CURVE_WITH_KNOTS('',1,(#4264,#4265),.UNSPECIFIED.,.F.,
  .F.,(2,2),(-9.7,-1.7),.PIECEWISE_BEZIER_KNOTS.);
#4264 = CARTESIAN_POINT('',(8.,19.));
#4265 = CARTESIAN_POINT('',(0.,19.));
#4266 = ( GEOMETRIC_REPRESENTATION_CONTEXT(2) 
PARAMETRIC_REPRESENTATION_CONTEXT() REPRESENTATION_CONTEXT('2D SPACE',''
  ) );
#4267 = ADVANCED_FACE('',(#4268),#1408,.T.);
#4268 = FACE_BOUND('',#4269,.T.);
#4269 = EDGE_LOOP('',(#4270,#4271,#4272,#4295));
#4270 = ORIENTED_EDGE('',*,*,#1393,.F.);
#4271 = ORIENTED_EDGE('',*,*,#4203,.F.);
#4272 = ORIENTED_EDGE('',*,*,#4273,.T.);
#4273 = EDGE_CURVE('',#4178,#4274,#4276,.T.);
#4274 = VERTEX_POINT('',#4275);
#4275 = CARTESIAN_POINT('',(10.,123.,2.4));
#4276 = SURFACE_CURVE('',#4277,(#4281,#4288),.PCURVE_S1.);
#4277 = LINE('',#4278,#4279);
#4278 = CARTESIAN_POINT('',(10.,82.,2.4));
#4279 = VECTOR('',#4280,1.);
#4280 = DIRECTION('',(-0.,1.,0.));
#4281 = PCURVE('',#1408,#4282);
#4282 = DEFINITIONAL_REPRESENTATION('',(#4283),#4287);
#4283 = LINE('',#4284,#4285);
#4284 = CARTESIAN_POINT('',(0.,0.));
#4285 = VECTOR('',#4286,1.);
#4286 = DIRECTION('',(0.,-1.));
#4287 = ( GEOMETRIC_REPRESENTATION_CONTEXT(2) 
PARAMETRIC_REPRESENTATION_CONTEXT() REPRESENTATION_CONTEXT('2D SPACE',''
  ) );
#4288 = PCURVE('',#4192,#4289);
#4289 = DEFINITIONAL_REPRESENTATION('',(#4290),#4294);
#4290 = LINE('',#4291,#4292);
#4291 = CARTESIAN_POINT('',(0.,0.));
#4292 = VECTOR('',#4293,1.);
#4293 = DIRECTION('',(0.,1.));
#4294 = ( GEOMETRIC_REPRESENTATION_CONTEXT(2) 
PARAMETRIC_REPRESENTATION_CONTEXT() REPRESENTATION_CONTEXT('2D SPACE',''
  ) );
#4295 = ORIENTED_EDGE('',*,*,#4296,.T.);
#4296 = EDGE_CURVE('',#4274,#1394,#4297,.T.);
#4297 = SURFACE_CURVE('',#4298,(#4302,#4308),.PCURVE_S1.);
#4298 = LINE('',#4299,#4300);
#4299 = CARTESIAN_POINT('',(10.,123.,0.7));
#4300 = VECTOR('',#4301,1.);
#4301 = DIRECTION('',(0.,0.,1.));
#4302 = PCURVE('',#1408,#4303);
#4303 = DEFINITIONAL_REPRESENTATION('',(#4304),#4307);
#4304 = B_SPLINE_CURVE_WITH_KNOTS('',1,(#4305,#4306),.UNSPECIFIED.,.F.,
  .F.,(2,2),(1.7,9.7),.PIECEWISE_BEZIER_KNOTS.);
#4305 = CARTESIAN_POINT('',(0.,-41.));
#4306 = CARTESIAN_POINT('',(8.,-41.));
#4307 = ( GEOMETRIC_REPRESENTATION_CONTEXT(2) 
PARAMETRIC_REPRESENTATION_CONTEXT() REPRESENTATION_CONTEXT('2D SPACE',''
  ) );
#4308 = PCURVE('',#1434,#4309);
#4309 = DEFINITIONAL_REPRESENTATION('',(#4310),#4313);
#4310 = B_SPLINE_CURVE_WITH_KNOTS('',1,(#4311,#4312),.UNSPECIFIED.,.F.,
  .F.,(2,2),(1.7,9.7),.PIECEWISE_BEZIER_KNOTS.);
#4311 = CARTESIAN_POINT('',(3.4,14.));
#4312 = CARTESIAN_POINT('',(11.4,14.));
#4313 = ( GEOMETRIC_REPRESENTATION_CONTEXT(2) 
PARAMETRIC_REPRESENTATION_CONTEXT() REPRESENTATION_CONTEXT('2D SPACE',''
  ) );
#4314 = ADVANCED_FACE('',(#4315),#1590,.T.);
#4315 = FACE_BOUND('',#4316,.T.);
#4316 = EDGE_LOOP('',(#4317,#4340,#4341,#4342));
#4317 = ORIENTED_EDGE('',*,*,#4318,.F.);
#4318 = EDGE_CURVE('',#4227,#4319,#4321,.T.);
#4319 = VERTEX_POINT('',#4320);
#4320 = CARTESIAN_POINT('',(32.,82.,2.4));
#4321 = SURFACE_CURVE('',#4322,(#4326,#4333),.PCURVE_S1.);
#4322 = LINE('',#4323,#4324);
#4323 = CARTESIAN_POINT('',(10.,82.,2.4));
#4324 = VECTOR('',#4325,1.);
#4325 = DIRECTION('',(1.,0.,-0.));
#4326 = PCURVE('',#1590,#4327);
#4327 = DEFINITIONAL_REPRESENTATION('',(#4328),#4332);
#4328 = LINE('',#4329,#4330);
#4329 = CARTESIAN_POINT('',(0.,0.));
#4330 = VECTOR('',#4331,1.);
#4331 = DIRECTION('',(0.,1.));
#4332 = ( GEOMETRIC_REPRESENTATION_CONTEXT(2) 
PARAMETRIC_REPRESENTATION_CONTEXT() REPRESENTATION_CONTEXT('2D SPACE',''
  ) );
#4333 = PCURVE('',#4192,#4334);
#4334 = DEFINITIONAL_REPRESENTATION('',(#4335),#4339);
#4335 = LINE('',#4336,#4337);
#4336 = CARTESIAN_POINT('',(0.,0.));
#4337 = VECTOR('',#4338,1.);
#4338 = DIRECTION('',(1.,0.));
#4339 = ( GEOMETRIC_REPRESENTATION_CONTEXT(2) 
PARAMETRIC_REPRESENTATION_CONTEXT() REPRESENTATION_CONTEXT('2D SPACE',''
  ) );
#4340 = ORIENTED_EDGE('',*,*,#4249,.F.);
#4341 = ORIENTED_EDGE('',*,*,#1575,.F.);
#4342 = ORIENTED_EDGE('',*,*,#4343,.T.);
#4343 = EDGE_CURVE('',#1550,#4319,#4344,.T.);
#4344 = SURFACE_CURVE('',#4345,(#4349,#4355),.PCURVE_S1.);
#4345 = LINE('',#4346,#4347);
#4346 = CARTESIAN_POINT('',(32.,82.,0.7));
#4347 = VECTOR('',#4348,1.);
#4348 = DIRECTION('',(-0.,0.,-1.));
#4349 = PCURVE('',#1590,#4350);
#4350 = DEFINITIONAL_REPRESENTATION('',(#4351),#4354);
#4351 = B_SPLINE_CURVE_WITH_KNOTS('',1,(#4352,#4353),.UNSPECIFIED.,.F.,
  .F.,(2,2),(-9.7,-1.7),.PIECEWISE_BEZIER_KNOTS.);
#4352 = CARTESIAN_POINT('',(8.,22.));
#4353 = CARTESIAN_POINT('',(0.,22.));
#4354 = ( GEOMETRIC_REPRESENTATION_CONTEXT(2) 
PARAMETRIC_REPRESENTATION_CONTEXT() REPRESENTATION_CONTEXT('2D SPACE',''
  ) );
#4355 = PCURVE('',#1564,#4356);
#4356 = DEFINITIONAL_REPRESENTATION('',(#4357),#4360);
#4357 = B_SPLINE_CURVE_WITH_KNOTS('',1,(#4358,#4359),.UNSPECIFIED.,.F.,
  .F.,(2,2),(-9.7,-1.7),.PIECEWISE_BEZIER_KNOTS.);
#4358 = CARTESIAN_POINT('',(11.4,-18.));
#4359 = CARTESIAN_POINT('',(3.4,-18.));
#4360 = ( GEOMETRIC_REPRESENTATION_CONTEXT(2) 
PARAMETRIC_REPRESENTATION_CONTEXT() REPRESENTATION_CONTEXT('2D SPACE',''
  ) );
#4361 = ADVANCED_FACE('',(#4362),#1434,.F.);
#4362 = FACE_BOUND('',#4363,.F.);
#4363 = EDGE_LOOP('',(#4364,#4387,#4406,#4407));
#4364 = ORIENTED_EDGE('',*,*,#4365,.F.);
#4365 = EDGE_CURVE('',#4366,#1420,#4368,.T.);
#4366 = VERTEX_POINT('',#4367);
#4367 = CARTESIAN_POINT('',(14.,123.,2.4));
#4368 = SURFACE_CURVE('',#4369,(#4373,#4380),.PCURVE_S1.);
#4369 = LINE('',#4370,#4371);
#4370 = CARTESIAN_POINT('',(14.,123.,-1.));
#4371 = VECTOR('',#4372,1.);
#4372 = DIRECTION('',(0.,0.,1.));
#4373 = PCURVE('',#1434,#4374);
#4374 = DEFINITIONAL_REPRESENTATION('',(#4375),#4379);
#4375 = LINE('',#4376,#4377);
#4376 = CARTESIAN_POINT('',(0.,18.));
#4377 = VECTOR('',#4378,1.);
#4378 = DIRECTION('',(1.,0.));
#4379 = ( GEOMETRIC_REPRESENTATION_CONTEXT(2) 
PARAMETRIC_REPRESENTATION_CONTEXT() REPRESENTATION_CONTEXT('2D SPACE',''
  ) );
#4380 = PCURVE('',#1460,#4381);
#4381 = DEFINITIONAL_REPRESENTATION('',(#4382),#4386);
#4382 = LINE('',#4383,#4384);
#4383 = CARTESIAN_POINT('',(0.,0.));
#4384 = VECTOR('',#4385,1.);
#4385 = DIRECTION('',(1.,0.));
#4386 = ( GEOMETRIC_REPRESENTATION_CONTEXT(2) 
PARAMETRIC_REPRESENTATION_CONTEXT() REPRESENTATION_CONTEXT('2D SPACE',''
  ) );
#4387 = ORIENTED_EDGE('',*,*,#4388,.T.);
#4388 = EDGE_CURVE('',#4366,#4274,#4389,.T.);
#4389 = SURFACE_CURVE('',#4390,(#4394,#4400),.PCURVE_S1.);
#4390 = LINE('',#4391,#4392);
#4391 = CARTESIAN_POINT('',(3.,123.,2.4));
#4392 = VECTOR('',#4393,1.);
#4393 = DIRECTION('',(-1.,-0.,0.));
#4394 = PCURVE('',#1434,#4395);
#4395 = DEFINITIONAL_REPRESENTATION('',(#4396),#4399);
#4396 = B_SPLINE_CURVE_WITH_KNOTS('',1,(#4397,#4398),.UNSPECIFIED.,.F.,
  .F.,(2,2),(-11.,-7.),.PIECEWISE_BEZIER_KNOTS.);
#4397 = CARTESIAN_POINT('',(3.4,18.));
#4398 = CARTESIAN_POINT('',(3.4,14.));
#4399 = ( GEOMETRIC_REPRESENTATION_CONTEXT(2) 
PARAMETRIC_REPRESENTATION_CONTEXT() REPRESENTATION_CONTEXT('2D SPACE',''
  ) );
#4400 = PCURVE('',#4192,#4401);
#4401 = DEFINITIONAL_REPRESENTATION('',(#4402),#4405);
#4402 = B_SPLINE_CURVE_WITH_KNOTS('',1,(#4403,#4404),.UNSPECIFIED.,.F.,
  .F.,(2,2),(-11.,-7.),.PIECEWISE_BEZIER_KNOTS.);
#4403 = CARTESIAN_POINT('',(4.,41.));
#4404 = CARTESIAN_POINT('',(0.,41.));
#4405 = ( GEOMETRIC_REPRESENTATION_CONTEXT(2) 
PARAMETRIC_REPRESENTATION_CONTEXT() REPRESENTATION_CONTEXT('2D SPACE',''
  ) );
#4406 = ORIENTED_EDGE('',*,*,#4296,.T.);
#4407 = ORIENTED_EDGE('',*,*,#1419,.F.);
#4408 = ADVANCED_FACE('',(#4409),#1564,.F.);
#4409 = FACE_BOUND('',#4410,.F.);
#4410 = EDGE_LOOP('',(#4411,#4412,#4413,#4434));
#4411 = ORIENTED_EDGE('',*,*,#1549,.F.);
#4412 = ORIENTED_EDGE('',*,*,#4343,.T.);
#4413 = ORIENTED_EDGE('',*,*,#4414,.T.);
#4414 = EDGE_CURVE('',#4319,#4415,#4417,.T.);
#4415 = VERTEX_POINT('',#4416);
#4416 = CARTESIAN_POINT('',(32.,158.25,2.4));
#4417 = SURFACE_CURVE('',#4418,(#4422,#4428),.PCURVE_S1.);
#4418 = LINE('',#4419,#4420);
#4419 = CARTESIAN_POINT('',(32.,73.,2.4));
#4420 = VECTOR('',#4421,1.);
#4421 = DIRECTION('',(-0.,1.,0.));
#4422 = PCURVE('',#1564,#4423);
#4423 = DEFINITIONAL_REPRESENTATION('',(#4424),#4427);
#4424 = B_SPLINE_CURVE_WITH_KNOTS('',1,(#4425,#4426),.UNSPECIFIED.,.F.,
  .F.,(2,2),(9.,85.25),.PIECEWISE_BEZIER_KNOTS.);
#4425 = CARTESIAN_POINT('',(3.4,-18.));
#4426 = CARTESIAN_POINT('',(3.4,-94.25));
#4427 = ( GEOMETRIC_REPRESENTATION_CONTEXT(2) 
PARAMETRIC_REPRESENTATION_CONTEXT() REPRESENTATION_CONTEXT('2D SPACE',''
  ) );
#4428 = PCURVE('',#4192,#4429);
#4429 = DEFINITIONAL_REPRESENTATION('',(#4430),#4433);
#4430 = B_SPLINE_CURVE_WITH_KNOTS('',1,(#4431,#4432),.UNSPECIFIED.,.F.,
  .F.,(2,2),(9.,85.25),.PIECEWISE_BEZIER_KNOTS.);
#4431 = CARTESIAN_POINT('',(22.,0.));
#4432 = CARTESIAN_POINT('',(22.,76.25));
#4433 = ( GEOMETRIC_REPRESENTATION_CONTEXT(2) 
PARAMETRIC_REPRESENTATION_CONTEXT() REPRESENTATION_CONTEXT('2D SPACE',''
  ) );
#4434 = ORIENTED_EDGE('',*,*,#4435,.F.);
#4435 = EDGE_CURVE('',#1524,#4415,#4436,.T.);
#4436 = SURFACE_CURVE('',#4437,(#4441,#4447),.PCURVE_S1.);
#4437 = LINE('',#4438,#4439);
#4438 = CARTESIAN_POINT('',(32.,158.25,0.7));
#4439 = VECTOR('',#4440,1.);
#4440 = DIRECTION('',(-0.,0.,-1.));
#4441 = PCURVE('',#1564,#4442);
#4442 = DEFINITIONAL_REPRESENTATION('',(#4443),#4446);
#4443 = B_SPLINE_CURVE_WITH_KNOTS('',1,(#4444,#4445),.UNSPECIFIED.,.F.,
  .F.,(2,2),(-9.7,-1.7),.PIECEWISE_BEZIER_KNOTS.);
#4444 = CARTESIAN_POINT('',(11.4,-94.25));
#4445 = CARTESIAN_POINT('',(3.4,-94.25));
#4446 = ( GEOMETRIC_REPRESENTATION_CONTEXT(2) 
PARAMETRIC_REPRESENTATION_CONTEXT() REPRESENTATION_CONTEXT('2D SPACE',''
  ) );
#4447 = PCURVE('',#1538,#4448);
#4448 = DEFINITIONAL_REPRESENTATION('',(#4449),#4452);
#4449 = B_SPLINE_CURVE_WITH_KNOTS('',1,(#4450,#4451),.UNSPECIFIED.,.F.,
  .F.,(2,2),(-9.7,-1.7),.PIECEWISE_BEZIER_KNOTS.);
#4450 = CARTESIAN_POINT('',(8.,22.));
#4451 = CARTESIAN_POINT('',(0.,22.));
#4452 = ( GEOMETRIC_REPRESENTATION_CONTEXT(2) 
PARAMETRIC_REPRESENTATION_CONTEXT() REPRESENTATION_CONTEXT('2D SPACE',''
  ) );
#4453 = ADVANCED_FACE('',(#4454),#1460,.T.);
#4454 = FACE_BOUND('',#4455,.T.);
#4455 = EDGE_LOOP('',(#4456,#4457,#4478,#4499));
#4456 = ORIENTED_EDGE('',*,*,#4365,.F.);
#4457 = ORIENTED_EDGE('',*,*,#4458,.T.);
#4458 = EDGE_CURVE('',#4366,#4459,#4461,.T.);
#4459 = VERTEX_POINT('',#4460);
#4460 = CARTESIAN_POINT('',(14.,149.,2.4));
#4461 = SURFACE_CURVE('',#4462,(#4466,#4472),.PCURVE_S1.);
#4462 = LINE('',#4463,#4464);
#4463 = CARTESIAN_POINT('',(14.,102.5,2.4));
#4464 = VECTOR('',#4465,1.);
#4465 = DIRECTION('',(-0.,1.,0.));
#4466 = PCURVE('',#1460,#4467);
#4467 = DEFINITIONAL_REPRESENTATION('',(#4468),#4471);
#4468 = B_SPLINE_CURVE_WITH_KNOTS('',1,(#4469,#4470),.UNSPECIFIED.,.F.,
  .F.,(2,2),(20.5,46.5),.PIECEWISE_BEZIER_KNOTS.);
#4469 = CARTESIAN_POINT('',(3.4,0.));
#4470 = CARTESIAN_POINT('',(3.4,-26.));
#4471 = ( GEOMETRIC_REPRESENTATION_CONTEXT(2) 
PARAMETRIC_REPRESENTATION_CONTEXT() REPRESENTATION_CONTEXT('2D SPACE',''
  ) );
#4472 = PCURVE('',#4192,#4473);
#4473 = DEFINITIONAL_REPRESENTATION('',(#4474),#4477);
#4474 = B_SPLINE_CURVE_WITH_KNOTS('',1,(#4475,#4476),.UNSPECIFIED.,.F.,
  .F.,(2,2),(20.5,46.5),.PIECEWISE_BEZIER_KNOTS.);
#4475 = CARTESIAN_POINT('',(4.,41.));
#4476 = CARTESIAN_POINT('',(4.,67.));
#4477 = ( GEOMETRIC_REPRESENTATION_CONTEXT(2) 
PARAMETRIC_REPRESENTATION_CONTEXT() REPRESENTATION_CONTEXT('2D SPACE',''
  ) );
#4478 = ORIENTED_EDGE('',*,*,#4479,.T.);
#4479 = EDGE_CURVE('',#4459,#1446,#4480,.T.);
#4480 = SURFACE_CURVE('',#4481,(#4485,#4492),.PCURVE_S1.);
#4481 = LINE('',#4482,#4483);
#4482 = CARTESIAN_POINT('',(14.,149.,-1.));
#4483 = VECTOR('',#4484,1.);
#4484 = DIRECTION('',(0.,0.,1.));
#4485 = PCURVE('',#1460,#4486);
#4486 = DEFINITIONAL_REPRESENTATION('',(#4487),#4491);
#4487 = LINE('',#4488,#4489);
#4488 = CARTESIAN_POINT('',(0.,-26.));
#4489 = VECTOR('',#4490,1.);
#4490 = DIRECTION('',(1.,0.));
#4491 = ( GEOMETRIC_REPRESENTATION_CONTEXT(2) 
PARAMETRIC_REPRESENTATION_CONTEXT() REPRESENTATION_CONTEXT('2D SPACE',''
  ) );
#4492 = PCURVE('',#1486,#4493);
#4493 = DEFINITIONAL_REPRESENTATION('',(#4494),#4498);
#4494 = LINE('',#4495,#4496);
#4495 = CARTESIAN_POINT('',(0.,18.));
#4496 = VECTOR('',#4497,1.);
#4497 = DIRECTION('',(1.,0.));
#4498 = ( GEOMETRIC_REPRESENTATION_CONTEXT(2) 
PARAMETRIC_REPRESENTATION_CONTEXT() REPRESENTATION_CONTEXT('2D SPACE',''
  ) );
#4499 = ORIENTED_EDGE('',*,*,#1445,.F.);
#4500 = ADVANCED_FACE('',(#4501),#1538,.F.);
#4501 = FACE_BOUND('',#4502,.F.);
#4502 = EDGE_LOOP('',(#4503,#4526,#4547,#4548));
#4503 = ORIENTED_EDGE('',*,*,#4504,.F.);
#4504 = EDGE_CURVE('',#4505,#4415,#4507,.T.);
#4505 = VERTEX_POINT('',#4506);
#4506 = CARTESIAN_POINT('',(10.,158.25,2.4));
#4507 = SURFACE_CURVE('',#4508,(#4512,#4519),.PCURVE_S1.);
#4508 = LINE('',#4509,#4510);
#4509 = CARTESIAN_POINT('',(10.,158.25,2.4));
#4510 = VECTOR('',#4511,1.);
#4511 = DIRECTION('',(1.,0.,-0.));
#4512 = PCURVE('',#1538,#4513);
#4513 = DEFINITIONAL_REPRESENTATION('',(#4514),#4518);
#4514 = LINE('',#4515,#4516);
#4515 = CARTESIAN_POINT('',(0.,0.));
#4516 = VECTOR('',#4517,1.);
#4517 = DIRECTION('',(0.,1.));
#4518 = ( GEOMETRIC_REPRESENTATION_CONTEXT(2) 
PARAMETRIC_REPRESENTATION_CONTEXT() REPRESENTATION_CONTEXT('2D SPACE',''
  ) );
#4519 = PCURVE('',#4192,#4520);
#4520 = DEFINITIONAL_REPRESENTATION('',(#4521),#4525);
#4521 = LINE('',#4522,#4523);
#4522 = CARTESIAN_POINT('',(0.,76.25));
#4523 = VECTOR('',#4524,1.);
#4524 = DIRECTION('',(1.,0.));
#4525 = ( GEOMETRIC_REPRESENTATION_CONTEXT(2) 
PARAMETRIC_REPRESENTATION_CONTEXT() REPRESENTATION_CONTEXT('2D SPACE',''
  ) );
#4526 = ORIENTED_EDGE('',*,*,#4527,.T.);
#4527 = EDGE_CURVE('',#4505,#1498,#4528,.T.);
#4528 = SURFACE_CURVE('',#4529,(#4533,#4540),.PCURVE_S1.);
#4529 = LINE('',#4530,#4531);
#4530 = CARTESIAN_POINT('',(10.,158.25,2.4));
#4531 = VECTOR('',#4532,1.);
#4532 = DIRECTION('',(0.,0.,1.));
#4533 = PCURVE('',#1538,#4534);
#4534 = DEFINITIONAL_REPRESENTATION('',(#4535),#4539);
#4535 = LINE('',#4536,#4537);
#4536 = CARTESIAN_POINT('',(0.,0.));
#4537 = VECTOR('',#4538,1.);
#4538 = DIRECTION('',(1.,0.));
#4539 = ( GEOMETRIC_REPRESENTATION_CONTEXT(2) 
PARAMETRIC_REPRESENTATION_CONTEXT() REPRESENTATION_CONTEXT('2D SPACE',''
  ) );
#4540 = PCURVE('',#1512,#4541);
#4541 = DEFINITIONAL_REPRESENTATION('',(#4542),#4546);
#4542 = LINE('',#4543,#4544);
#4543 = CARTESIAN_POINT('',(0.,-76.25));
#4544 = VECTOR('',#4545,1.);
#4545 = DIRECTION('',(1.,0.));
#4546 = ( GEOMETRIC_REPRESENTATION_CONTEXT(2) 
PARAMETRIC_REPRESENTATION_CONTEXT() REPRESENTATION_CONTEXT('2D SPACE',''
  ) );
#4547 = ORIENTED_EDGE('',*,*,#1523,.F.);
#4548 = ORIENTED_EDGE('',*,*,#4435,.T.);
#4549 = ADVANCED_FACE('',(#4550),#1486,.T.);
#4550 = FACE_BOUND('',#4551,.T.);
#4551 = EDGE_LOOP('',(#4552,#4553,#4574,#4593));
#4552 = ORIENTED_EDGE('',*,*,#4479,.F.);
#4553 = ORIENTED_EDGE('',*,*,#4554,.T.);
#4554 = EDGE_CURVE('',#4459,#4555,#4557,.T.);
#4555 = VERTEX_POINT('',#4556);
#4556 = CARTESIAN_POINT('',(10.,149.,2.4));
#4557 = SURFACE_CURVE('',#4558,(#4562,#4568),.PCURVE_S1.);
#4558 = LINE('',#4559,#4560);
#4559 = CARTESIAN_POINT('',(3.,149.,2.4));
#4560 = VECTOR('',#4561,1.);
#4561 = DIRECTION('',(-1.,-0.,0.));
#4562 = PCURVE('',#1486,#4563);
#4563 = DEFINITIONAL_REPRESENTATION('',(#4564),#4567);
#4564 = B_SPLINE_CURVE_WITH_KNOTS('',1,(#4565,#4566),.UNSPECIFIED.,.F.,
  .F.,(2,2),(-11.,-7.),.PIECEWISE_BEZIER_KNOTS.);
#4565 = CARTESIAN_POINT('',(3.4,18.));
#4566 = CARTESIAN_POINT('',(3.4,14.));
#4567 = ( GEOMETRIC_REPRESENTATION_CONTEXT(2) 
PARAMETRIC_REPRESENTATION_CONTEXT() REPRESENTATION_CONTEXT('2D SPACE',''
  ) );
#4568 = PCURVE('',#4192,#4569);
#4569 = DEFINITIONAL_REPRESENTATION('',(#4570),#4573);
#4570 = B_SPLINE_CURVE_WITH_KNOTS('',1,(#4571,#4572),.UNSPECIFIED.,.F.,
  .F.,(2,2),(-11.,-7.),.PIECEWISE_BEZIER_KNOTS.);
#4571 = CARTESIAN_POINT('',(4.,67.));
#4572 = CARTESIAN_POINT('',(0.,67.));
#4573 = ( GEOMETRIC_REPRESENTATION_CONTEXT(2) 
PARAMETRIC_REPRESENTATION_CONTEXT() REPRESENTATION_CONTEXT('2D SPACE',''
  ) );
#4574 = ORIENTED_EDGE('',*,*,#4575,.T.);
#4575 = EDGE_CURVE('',#4555,#1472,#4576,.T.);
#4576 = SURFACE_CURVE('',#4577,(#4581,#4587),.PCURVE_S1.);
#4577 = LINE('',#4578,#4579);
#4578 = CARTESIAN_POINT('',(10.,149.,0.7));
#4579 = VECTOR('',#4580,1.);
#4580 = DIRECTION('',(0.,0.,1.));
#4581 = PCURVE('',#1486,#4582);
#4582 = DEFINITIONAL_REPRESENTATION('',(#4583),#4586);
#4583 = B_SPLINE_CURVE_WITH_KNOTS('',1,(#4584,#4585),.UNSPECIFIED.,.F.,
  .F.,(2,2),(1.7,9.7),.PIECEWISE_BEZIER_KNOTS.);
#4584 = CARTESIAN_POINT('',(3.4,14.));
#4585 = CARTESIAN_POINT('',(11.4,14.));
#4586 = ( GEOMETRIC_REPRESENTATION_CONTEXT(2) 
PARAMETRIC_REPRESENTATION_CONTEXT() REPRESENTATION_CONTEXT('2D SPACE',''
  ) );
#4587 = PCURVE('',#1512,#4588);
#4588 = DEFINITIONAL_REPRESENTATION('',(#4589),#4592);
#4589 = B_SPLINE_CURVE_WITH_KNOTS('',1,(#4590,#4591),.UNSPECIFIED.,.F.,
  .F.,(2,2),(1.7,9.7),.PIECEWISE_BEZIER_KNOTS.);
#4590 = CARTESIAN_POINT('',(0.,-67.));
#4591 = CARTESIAN_POINT('',(8.,-67.));
#4592 = ( GEOMETRIC_REPRESENTATION_CONTEXT(2) 
PARAMETRIC_REPRESENTATION_CONTEXT() REPRESENTATION_CONTEXT('2D SPACE',''
  ) );
#4593 = ORIENTED_EDGE('',*,*,#1471,.F.);
#4594 = ADVANCED_FACE('',(#4595),#1512,.T.);
#4595 = FACE_BOUND('',#4596,.T.);
#4596 = EDGE_LOOP('',(#4597,#4598,#4599,#4620));
#4597 = ORIENTED_EDGE('',*,*,#1497,.F.);
#4598 = ORIENTED_EDGE('',*,*,#4575,.F.);
#4599 = ORIENTED_EDGE('',*,*,#4600,.T.);
#4600 = EDGE_CURVE('',#4555,#4505,#4601,.T.);
#4601 = SURFACE_CURVE('',#4602,(#4606,#4613),.PCURVE_S1.);
#4602 = LINE('',#4603,#4604);
#4603 = CARTESIAN_POINT('',(10.,82.,2.4));
#4604 = VECTOR('',#4605,1.);
#4605 = DIRECTION('',(-0.,1.,0.));
#4606 = PCURVE('',#1512,#4607);
#4607 = DEFINITIONAL_REPRESENTATION('',(#4608),#4612);
#4608 = LINE('',#4609,#4610);
#4609 = CARTESIAN_POINT('',(0.,0.));
#4610 = VECTOR('',#4611,1.);
#4611 = DIRECTION('',(0.,-1.));
#4612 = ( GEOMETRIC_REPRESENTATION_CONTEXT(2) 
PARAMETRIC_REPRESENTATION_CONTEXT() REPRESENTATION_CONTEXT('2D SPACE',''
  ) );
#4613 = PCURVE('',#4192,#4614);
#4614 = DEFINITIONAL_REPRESENTATION('',(#4615),#4619);
#4615 = LINE('',#4616,#4617);
#4616 = CARTESIAN_POINT('',(0.,0.));
#4617 = VECTOR('',#4618,1.);
#4618 = DIRECTION('',(0.,1.));
#4619 = ( GEOMETRIC_REPRESENTATION_CONTEXT(2) 
PARAMETRIC_REPRESENTATION_CONTEXT() REPRESENTATION_CONTEXT('2D SPACE',''
  ) );
#4620 = ORIENTED_EDGE('',*,*,#4527,.T.);
#4621 = ADVANCED_FACE('',(#4622),#1644,.F.);
#4622 = FACE_BOUND('',#4623,.F.);
#4623 = EDGE_LOOP('',(#4624,#4625,#4646,#4672));
#4624 = ORIENTED_EDGE('',*,*,#1627,.F.);
#4625 = ORIENTED_EDGE('',*,*,#4626,.F.);
#4626 = EDGE_CURVE('',#4627,#1628,#4629,.T.);
#4627 = VERTEX_POINT('',#4628);
#4628 = CARTESIAN_POINT('',(78.,92.,2.4));
#4629 = SURFACE_CURVE('',#4630,(#4634,#4640),.PCURVE_S1.);
#4630 = LINE('',#4631,#4632);
#4631 = CARTESIAN_POINT('',(78.,92.,0.7));
#4632 = VECTOR('',#4633,1.);
#4633 = DIRECTION('',(0.,0.,1.));
#4634 = PCURVE('',#1644,#4635);
#4635 = DEFINITIONAL_REPRESENTATION('',(#4636),#4639);
#4636 = B_SPLINE_CURVE_WITH_KNOTS('',1,(#4637,#4638),.UNSPECIFIED.,.F.,
  .F.,(2,2),(1.7,9.7),.PIECEWISE_BEZIER_KNOTS.);
#4637 = CARTESIAN_POINT('',(3.4,41.));
#4638 = CARTESIAN_POINT('',(11.4,41.));
#4639 = ( GEOMETRIC_REPRESENTATION_CONTEXT(2) 
PARAMETRIC_REPRESENTATION_CONTEXT() REPRESENTATION_CONTEXT('2D SPACE',''
  ) );
#4640 = PCURVE('',#1670,#4641);
#4641 = DEFINITIONAL_REPRESENTATION('',(#4642),#4645);
#4642 = B_SPLINE_CURVE_WITH_KNOTS('',1,(#4643,#4644),.UNSPECIFIED.,.F.,
  .F.,(2,2),(1.7,9.7),.PIECEWISE_BEZIER_KNOTS.);
#4643 = CARTESIAN_POINT('',(0.,-10.));
#4644 = CARTESIAN_POINT('',(8.,-10.));
#4645 = ( GEOMETRIC_REPRESENTATION_CONTEXT(2) 
PARAMETRIC_REPRESENTATION_CONTEXT() REPRESENTATION_CONTEXT('2D SPACE',''
  ) );
#4646 = ORIENTED_EDGE('',*,*,#4647,.T.);
#4647 = EDGE_CURVE('',#4627,#4648,#4650,.T.);
#4648 = VERTEX_POINT('',#4649);
#4649 = CARTESIAN_POINT('',(69.,92.,2.4));
#4650 = SURFACE_CURVE('',#4651,(#4655,#4661),.PCURVE_S1.);
#4651 = LINE('',#4652,#4653);
#4652 = CARTESIAN_POINT('',(23.5,92.,2.4));
#4653 = VECTOR('',#4654,1.);
#4654 = DIRECTION('',(-1.,-0.,0.));
#4655 = PCURVE('',#1644,#4656);
#4656 = DEFINITIONAL_REPRESENTATION('',(#4657),#4660);
#4657 = B_SPLINE_CURVE_WITH_KNOTS('',1,(#4658,#4659),.UNSPECIFIED.,.F.,
  .F.,(2,2),(-54.5,-45.5),.PIECEWISE_BEZIER_KNOTS.);
#4658 = CARTESIAN_POINT('',(3.4,41.));
#4659 = CARTESIAN_POINT('',(3.4,32.));
#4660 = ( GEOMETRIC_REPRESENTATION_CONTEXT(2) 
PARAMETRIC_REPRESENTATION_CONTEXT() REPRESENTATION_CONTEXT('2D SPACE',''
  ) );
#4661 = PCURVE('',#4662,#4667);
#4662 = PLANE('',#4663);
#4663 = AXIS2_PLACEMENT_3D('',#4664,#4665,#4666);
#4664 = CARTESIAN_POINT('',(10.,82.,2.4));
#4665 = DIRECTION('',(0.,0.,1.));
#4666 = DIRECTION('',(1.,0.,-0.));
#4667 = DEFINITIONAL_REPRESENTATION('',(#4668),#4671);
#4668 = B_SPLINE_CURVE_WITH_KNOTS('',1,(#4669,#4670),.UNSPECIFIED.,.F.,
  .F.,(2,2),(-54.5,-45.5),.PIECEWISE_BEZIER_KNOTS.);
#4669 = CARTESIAN_POINT('',(68.,10.));
#4670 = CARTESIAN_POINT('',(59.,10.));
#4671 = ( GEOMETRIC_REPRESENTATION_CONTEXT(2) 
PARAMETRIC_REPRESENTATION_CONTEXT() REPRESENTATION_CONTEXT('2D SPACE',''
  ) );
#4672 = ORIENTED_EDGE('',*,*,#4673,.T.);
#4673 = EDGE_CURVE('',#4648,#1630,#4674,.T.);
#4674 = SURFACE_CURVE('',#4675,(#4679,#4685),.PCURVE_S1.);
#4675 = LINE('',#4676,#4677);
#4676 = CARTESIAN_POINT('',(69.,92.,-1.));
#4677 = VECTOR('',#4678,1.);
#4678 = DIRECTION('',(0.,0.,1.));
#4679 = PCURVE('',#1644,#4680);
#4680 = DEFINITIONAL_REPRESENTATION('',(#4681),#4684);
#4681 = B_SPLINE_CURVE_WITH_KNOTS('',1,(#4682,#4683),.UNSPECIFIED.,.F.,
  .F.,(2,2),(3.4,11.4),.PIECEWISE_BEZIER_KNOTS.);
#4682 = CARTESIAN_POINT('',(3.4,32.));
#4683 = CARTESIAN_POINT('',(11.4,32.));
#4684 = ( GEOMETRIC_REPRESENTATION_CONTEXT(2) 
PARAMETRIC_REPRESENTATION_CONTEXT() REPRESENTATION_CONTEXT('2D SPACE',''
  ) );
#4685 = PCURVE('',#1720,#4686);
#4686 = DEFINITIONAL_REPRESENTATION('',(#4687),#4690);
#4687 = B_SPLINE_CURVE_WITH_KNOTS('',1,(#4688,#4689),.UNSPECIFIED.,.F.,
  .F.,(2,2),(3.4,11.4),.PIECEWISE_BEZIER_KNOTS.);
#4688 = CARTESIAN_POINT('',(3.4,-28.));
#4689 = CARTESIAN_POINT('',(11.4,-28.));
#4690 = ( GEOMETRIC_REPRESENTATION_CONTEXT(2) 
PARAMETRIC_REPRESENTATION_CONTEXT() REPRESENTATION_CONTEXT('2D SPACE',''
  ) );
#4691 = ADVANCED_FACE('',(#4692),#1670,.F.);
#4692 = FACE_BOUND('',#4693,.F.);
#4693 = EDGE_LOOP('',(#4694,#4695,#4718,#4739));
#4694 = ORIENTED_EDGE('',*,*,#1655,.F.);
#4695 = ORIENTED_EDGE('',*,*,#4696,.F.);
#4696 = EDGE_CURVE('',#4697,#1656,#4699,.T.);
#4697 = VERTEX_POINT('',#4698);
#4698 = CARTESIAN_POINT('',(78.,82.,2.4));
#4699 = SURFACE_CURVE('',#4700,(#4704,#4711),.PCURVE_S1.);
#4700 = LINE('',#4701,#4702);
#4701 = CARTESIAN_POINT('',(78.,82.,2.4));
#4702 = VECTOR('',#4703,1.);
#4703 = DIRECTION('',(0.,0.,1.));
#4704 = PCURVE('',#1670,#4705);
#4705 = DEFINITIONAL_REPRESENTATION('',(#4706),#4710);
#4706 = LINE('',#4707,#4708);
#4707 = CARTESIAN_POINT('',(0.,0.));
#4708 = VECTOR('',#4709,1.);
#4709 = DIRECTION('',(1.,0.));
#4710 = ( GEOMETRIC_REPRESENTATION_CONTEXT(2) 
PARAMETRIC_REPRESENTATION_CONTEXT() REPRESENTATION_CONTEXT('2D SPACE',''
  ) );
#4711 = PCURVE('',#1696,#4712);
#4712 = DEFINITIONAL_REPRESENTATION('',(#4713),#4717);
#4713 = LINE('',#4714,#4715);
#4714 = CARTESIAN_POINT('',(0.,68.));
#4715 = VECTOR('',#4716,1.);
#4716 = DIRECTION('',(1.,0.));
#4717 = ( GEOMETRIC_REPRESENTATION_CONTEXT(2) 
PARAMETRIC_REPRESENTATION_CONTEXT() REPRESENTATION_CONTEXT('2D SPACE',''
  ) );
#4718 = ORIENTED_EDGE('',*,*,#4719,.T.);
#4719 = EDGE_CURVE('',#4697,#4627,#4720,.T.);
#4720 = SURFACE_CURVE('',#4721,(#4725,#4732),.PCURVE_S1.);
#4721 = LINE('',#4722,#4723);
#4722 = CARTESIAN_POINT('',(78.,82.,2.4));
#4723 = VECTOR('',#4724,1.);
#4724 = DIRECTION('',(-0.,1.,0.));
#4725 = PCURVE('',#1670,#4726);
#4726 = DEFINITIONAL_REPRESENTATION('',(#4727),#4731);
#4727 = LINE('',#4728,#4729);
#4728 = CARTESIAN_POINT('',(0.,0.));
#4729 = VECTOR('',#4730,1.);
#4730 = DIRECTION('',(0.,-1.));
#4731 = ( GEOMETRIC_REPRESENTATION_CONTEXT(2) 
PARAMETRIC_REPRESENTATION_CONTEXT() REPRESENTATION_CONTEXT('2D SPACE',''
  ) );
#4732 = PCURVE('',#4662,#4733);
#4733 = DEFINITIONAL_REPRESENTATION('',(#4734),#4738);
#4734 = LINE('',#4735,#4736);
#4735 = CARTESIAN_POINT('',(68.,0.));
#4736 = VECTOR('',#4737,1.);
#4737 = DIRECTION('',(0.,1.));
#4738 = ( GEOMETRIC_REPRESENTATION_CONTEXT(2) 
PARAMETRIC_REPRESENTATION_CONTEXT() REPRESENTATION_CONTEXT('2D SPACE',''
  ) );
#4739 = ORIENTED_EDGE('',*,*,#4626,.T.);
#4740 = ADVANCED_FACE('',(#4741),#1720,.T.);
#4741 = FACE_BOUND('',#4742,.T.);
#4742 = EDGE_LOOP('',(#4743,#4744,#4765,#4784));
#4743 = ORIENTED_EDGE('',*,*,#1707,.F.);
#4744 = ORIENTED_EDGE('',*,*,#4745,.T.);
#4745 = EDGE_CURVE('',#1682,#4746,#4748,.T.);
#4746 = VERTEX_POINT('',#4747);
#4747 = CARTESIAN_POINT('',(69.,82.,2.4));
#4748 = SURFACE_CURVE('',#4749,(#4753,#4759),.PCURVE_S1.);
#4749 = LINE('',#4750,#4751);
#4750 = CARTESIAN_POINT('',(69.,82.,0.7));
#4751 = VECTOR('',#4752,1.);
#4752 = DIRECTION('',(-0.,0.,-1.));
#4753 = PCURVE('',#1720,#4754);
#4754 = DEFINITIONAL_REPRESENTATION('',(#4755),#4758);
#4755 = B_SPLINE_CURVE_WITH_KNOTS('',1,(#4756,#4757),.UNSPECIFIED.,.F.,
  .F.,(2,2),(-9.7,-1.7),.PIECEWISE_BEZIER_KNOTS.);
#4756 = CARTESIAN_POINT('',(11.4,-18.));
#4757 = CARTESIAN_POINT('',(3.4,-18.));
#4758 = ( GEOMETRIC_REPRESENTATION_CONTEXT(2) 
PARAMETRIC_REPRESENTATION_CONTEXT() REPRESENTATION_CONTEXT('2D SPACE',''
  ) );
#4759 = PCURVE('',#1696,#4760);
#4760 = DEFINITIONAL_REPRESENTATION('',(#4761),#4764);
#4761 = B_SPLINE_CURVE_WITH_KNOTS('',1,(#4762,#4763),.UNSPECIFIED.,.F.,
  .F.,(2,2),(-9.7,-1.7),.PIECEWISE_BEZIER_KNOTS.);
#4762 = CARTESIAN_POINT('',(8.,59.));
#4763 = CARTESIAN_POINT('',(0.,59.));
#4764 = ( GEOMETRIC_REPRESENTATION_CONTEXT(2) 
PARAMETRIC_REPRESENTATION_CONTEXT() REPRESENTATION_CONTEXT('2D SPACE',''
  ) );
#4765 = ORIENTED_EDGE('',*,*,#4766,.T.);
#4766 = EDGE_CURVE('',#4746,#4648,#4767,.T.);
#4767 = SURFACE_CURVE('',#4768,(#4772,#4778),.PCURVE_S1.);
#4768 = LINE('',#4769,#4770);
#4769 = CARTESIAN_POINT('',(69.,73.,2.4));
#4770 = VECTOR('',#4771,1.);
#4771 = DIRECTION('',(-0.,1.,0.));
#4772 = PCURVE('',#1720,#4773);
#4773 = DEFINITIONAL_REPRESENTATION('',(#4774),#4777);
#4774 = B_SPLINE_CURVE_WITH_KNOTS('',1,(#4775,#4776),.UNSPECIFIED.,.F.,
  .F.,(2,2),(9.,85.25),.PIECEWISE_BEZIER_KNOTS.);
#4775 = CARTESIAN_POINT('',(3.4,-18.));
#4776 = CARTESIAN_POINT('',(3.4,-94.25));
#4777 = ( GEOMETRIC_REPRESENTATION_CONTEXT(2) 
PARAMETRIC_REPRESENTATION_CONTEXT() REPRESENTATION_CONTEXT('2D SPACE',''
  ) );
#4778 = PCURVE('',#4662,#4779);
#4779 = DEFINITIONAL_REPRESENTATION('',(#4780),#4783);
#4780 = B_SPLINE_CURVE_WITH_KNOTS('',1,(#4781,#4782),.UNSPECIFIED.,.F.,
  .F.,(2,2),(9.,85.25),.PIECEWISE_BEZIER_KNOTS.);
#4781 = CARTESIAN_POINT('',(59.,0.));
#4782 = CARTESIAN_POINT('',(59.,76.25));
#4783 = ( GEOMETRIC_REPRESENTATION_CONTEXT(2) 
PARAMETRIC_REPRESENTATION_CONTEXT() REPRESENTATION_CONTEXT('2D SPACE',''
  ) );
#4784 = ORIENTED_EDGE('',*,*,#4673,.T.);
#4785 = ADVANCED_FACE('',(#4786),#1696,.T.);
#4786 = FACE_BOUND('',#4787,.T.);
#4787 = EDGE_LOOP('',(#4788,#4809,#4810,#4811));
#4788 = ORIENTED_EDGE('',*,*,#4789,.F.);
#4789 = EDGE_CURVE('',#4746,#4697,#4790,.T.);
#4790 = SURFACE_CURVE('',#4791,(#4795,#4802),.PCURVE_S1.);
#4791 = LINE('',#4792,#4793);
#4792 = CARTESIAN_POINT('',(10.,82.,2.4));
#4793 = VECTOR('',#4794,1.);
#4794 = DIRECTION('',(1.,0.,-0.));
#4795 = PCURVE('',#1696,#4796);
#4796 = DEFINITIONAL_REPRESENTATION('',(#4797),#4801);
#4797 = LINE('',#4798,#4799);
#4798 = CARTESIAN_POINT('',(0.,0.));
#4799 = VECTOR('',#4800,1.);
#4800 = DIRECTION('',(0.,1.));
#4801 = ( GEOMETRIC_REPRESENTATION_CONTEXT(2) 
PARAMETRIC_REPRESENTATION_CONTEXT() REPRESENTATION_CONTEXT('2D SPACE',''
  ) );
#4802 = PCURVE('',#4662,#4803);
#4803 = DEFINITIONAL_REPRESENTATION('',(#4804),#4808);
#4804 = LINE('',#4805,#4806);
#4805 = CARTESIAN_POINT('',(0.,0.));
#4806 = VECTOR('',#4807,1.);
#4807 = DIRECTION('',(1.,0.));
#4808 = ( GEOMETRIC_REPRESENTATION_CONTEXT(2) 
PARAMETRIC_REPRESENTATION_CONTEXT() REPRESENTATION_CONTEXT('2D SPACE',''
  ) );
#4809 = ORIENTED_EDGE('',*,*,#4745,.F.);
#4810 = ORIENTED_EDGE('',*,*,#1681,.F.);
#4811 = ORIENTED_EDGE('',*,*,#4696,.F.);
#4812 = ADVANCED_FACE('',(#4813),#1750,.T.);
#4813 = FACE_BOUND('',#4814,.T.);
#4814 = EDGE_LOOP('',(#4815,#4838,#4866,#4887));
#4815 = ORIENTED_EDGE('',*,*,#4816,.F.);
#4816 = EDGE_CURVE('',#4817,#1734,#4819,.T.);
#4817 = VERTEX_POINT('',#4818);
#4818 = CARTESIAN_POINT('',(162.5,82.,2.4));
#4819 = SURFACE_CURVE('',#4820,(#4824,#4831),.PCURVE_S1.);
#4820 = LINE('',#4821,#4822);
#4821 = CARTESIAN_POINT('',(162.5,82.,2.4));
#4822 = VECTOR('',#4823,1.);
#4823 = DIRECTION('',(0.,0.,1.));
#4824 = PCURVE('',#1750,#4825);
#4825 = DEFINITIONAL_REPRESENTATION('',(#4826),#4830);
#4826 = LINE('',#4827,#4828);
#4827 = CARTESIAN_POINT('',(0.,78.5));
#4828 = VECTOR('',#4829,1.);
#4829 = DIRECTION('',(1.,0.));
#4830 = ( GEOMETRIC_REPRESENTATION_CONTEXT(2) 
PARAMETRIC_REPRESENTATION_CONTEXT() REPRESENTATION_CONTEXT('2D SPACE',''
  ) );
#4831 = PCURVE('',#1878,#4832);
#4832 = DEFINITIONAL_REPRESENTATION('',(#4833),#4837);
#4833 = LINE('',#4834,#4835);
#4834 = CARTESIAN_POINT('',(0.,0.));
#4835 = VECTOR('',#4836,1.);
#4836 = DIRECTION('',(1.,0.));
#4837 = ( GEOMETRIC_REPRESENTATION_CONTEXT(2) 
PARAMETRIC_REPRESENTATION_CONTEXT() REPRESENTATION_CONTEXT('2D SPACE',''
  ) );
#4838 = ORIENTED_EDGE('',*,*,#4839,.F.);
#4839 = EDGE_CURVE('',#4840,#4817,#4842,.T.);
#4840 = VERTEX_POINT('',#4841);
#4841 = CARTESIAN_POINT('',(84.,82.,2.4));
#4842 = SURFACE_CURVE('',#4843,(#4847,#4854),.PCURVE_S1.);
#4843 = LINE('',#4844,#4845);
#4844 = CARTESIAN_POINT('',(84.,82.,2.4));
#4845 = VECTOR('',#4846,1.);
#4846 = DIRECTION('',(1.,0.,-0.));
#4847 = PCURVE('',#1750,#4848);
#4848 = DEFINITIONAL_REPRESENTATION('',(#4849),#4853);
#4849 = LINE('',#4850,#4851);
#4850 = CARTESIAN_POINT('',(0.,0.));
#4851 = VECTOR('',#4852,1.);
#4852 = DIRECTION('',(0.,1.));
#4853 = ( GEOMETRIC_REPRESENTATION_CONTEXT(2) 
PARAMETRIC_REPRESENTATION_CONTEXT() REPRESENTATION_CONTEXT('2D SPACE',''
  ) );
#4854 = PCURVE('',#4855,#4860);
#4855 = PLANE('',#4856);
#4856 = AXIS2_PLACEMENT_3D('',#4857,#4858,#4859);
#4857 = CARTESIAN_POINT('',(84.,82.,2.4));
#4858 = DIRECTION('',(0.,0.,1.));
#4859 = DIRECTION('',(1.,0.,-0.));
#4860 = DEFINITIONAL_REPRESENTATION('',(#4861),#4865);
#4861 = LINE('',#4862,#4863);
#4862 = CARTESIAN_POINT('',(0.,0.));
#4863 = VECTOR('',#4864,1.);
#4864 = DIRECTION('',(1.,0.));
#4865 = ( GEOMETRIC_REPRESENTATION_CONTEXT(2) 
PARAMETRIC_REPRESENTATION_CONTEXT() REPRESENTATION_CONTEXT('2D SPACE',''
  ) );
#4866 = ORIENTED_EDGE('',*,*,#4867,.T.);
#4867 = EDGE_CURVE('',#4840,#1736,#4868,.T.);
#4868 = SURFACE_CURVE('',#4869,(#4873,#4880),.PCURVE_S1.);
#4869 = LINE('',#4870,#4871);
#4870 = CARTESIAN_POINT('',(84.,82.,2.4));
#4871 = VECTOR('',#4872,1.);
#4872 = DIRECTION('',(0.,0.,1.));
#4873 = PCURVE('',#1750,#4874);
#4874 = DEFINITIONAL_REPRESENTATION('',(#4875),#4879);
#4875 = LINE('',#4876,#4877);
#4876 = CARTESIAN_POINT('',(0.,0.));
#4877 = VECTOR('',#4878,1.);
#4878 = DIRECTION('',(1.,0.));
#4879 = ( GEOMETRIC_REPRESENTATION_CONTEXT(2) 
PARAMETRIC_REPRESENTATION_CONTEXT() REPRESENTATION_CONTEXT('2D SPACE',''
  ) );
#4880 = PCURVE('',#1776,#4881);
#4881 = DEFINITIONAL_REPRESENTATION('',(#4882),#4886);
#4882 = LINE('',#4883,#4884);
#4883 = CARTESIAN_POINT('',(0.,0.));
#4884 = VECTOR('',#4885,1.);
#4885 = DIRECTION('',(1.,0.));
#4886 = ( GEOMETRIC_REPRESENTATION_CONTEXT(2) 
PARAMETRIC_REPRESENTATION_CONTEXT() REPRESENTATION_CONTEXT('2D SPACE',''
  ) );
#4887 = ORIENTED_EDGE('',*,*,#1733,.F.);
#4888 = ADVANCED_FACE('',(#4889),#1878,.F.);
#4889 = FACE_BOUND('',#4890,.F.);
#4890 = EDGE_LOOP('',(#4891,#4892,#4915,#4936));
#4891 = ORIENTED_EDGE('',*,*,#4816,.F.);
#4892 = ORIENTED_EDGE('',*,*,#4893,.T.);
#4893 = EDGE_CURVE('',#4817,#4894,#4896,.T.);
#4894 = VERTEX_POINT('',#4895);
#4895 = CARTESIAN_POINT('',(162.5,158.25,2.4));
#4896 = SURFACE_CURVE('',#4897,(#4901,#4908),.PCURVE_S1.);
#4897 = LINE('',#4898,#4899);
#4898 = CARTESIAN_POINT('',(162.5,82.,2.4));
#4899 = VECTOR('',#4900,1.);
#4900 = DIRECTION('',(-0.,1.,0.));
#4901 = PCURVE('',#1878,#4902);
#4902 = DEFINITIONAL_REPRESENTATION('',(#4903),#4907);
#4903 = LINE('',#4904,#4905);
#4904 = CARTESIAN_POINT('',(0.,0.));
#4905 = VECTOR('',#4906,1.);
#4906 = DIRECTION('',(0.,-1.));
#4907 = ( GEOMETRIC_REPRESENTATION_CONTEXT(2) 
PARAMETRIC_REPRESENTATION_CONTEXT() REPRESENTATION_CONTEXT('2D SPACE',''
  ) );
#4908 = PCURVE('',#4855,#4909);
#4909 = DEFINITIONAL_REPRESENTATION('',(#4910),#4914);
#4910 = LINE('',#4911,#4912);
#4911 = CARTESIAN_POINT('',(78.5,0.));
#4912 = VECTOR('',#4913,1.);
#4913 = DIRECTION('',(0.,1.));
#4914 = ( GEOMETRIC_REPRESENTATION_CONTEXT(2) 
PARAMETRIC_REPRESENTATION_CONTEXT() REPRESENTATION_CONTEXT('2D SPACE',''
  ) );
#4915 = ORIENTED_EDGE('',*,*,#4916,.T.);
#4916 = EDGE_CURVE('',#4894,#1840,#4917,.T.);
#4917 = SURFACE_CURVE('',#4918,(#4922,#4929),.PCURVE_S1.);
#4918 = LINE('',#4919,#4920);
#4919 = CARTESIAN_POINT('',(162.5,158.25,2.4));
#4920 = VECTOR('',#4921,1.);
#4921 = DIRECTION('',(0.,0.,1.));
#4922 = PCURVE('',#1878,#4923);
#4923 = DEFINITIONAL_REPRESENTATION('',(#4924),#4928);
#4924 = LINE('',#4925,#4926);
#4925 = CARTESIAN_POINT('',(0.,-76.25));
#4926 = VECTOR('',#4927,1.);
#4927 = DIRECTION('',(1.,0.));
#4928 = ( GEOMETRIC_REPRESENTATION_CONTEXT(2) 
PARAMETRIC_REPRESENTATION_CONTEXT() REPRESENTATION_CONTEXT('2D SPACE',''
  ) );
#4929 = PCURVE('',#1854,#4930);
#4930 = DEFINITIONAL_REPRESENTATION('',(#4931),#4935);
#4931 = LINE('',#4932,#4933);
#4932 = CARTESIAN_POINT('',(0.,78.5));
#4933 = VECTOR('',#4934,1.);
#4934 = DIRECTION('',(1.,0.));
#4935 = ( GEOMETRIC_REPRESENTATION_CONTEXT(2) 
PARAMETRIC_REPRESENTATION_CONTEXT() REPRESENTATION_CONTEXT('2D SPACE',''
  ) );
#4936 = ORIENTED_EDGE('',*,*,#1865,.F.);
#4937 = ADVANCED_FACE('',(#4938),#1854,.F.);
#4938 = FACE_BOUND('',#4939,.F.);
#4939 = EDGE_LOOP('',(#4940,#4963,#4982,#4983));
#4940 = ORIENTED_EDGE('',*,*,#4941,.F.);
#4941 = EDGE_CURVE('',#4942,#4894,#4944,.T.);
#4942 = VERTEX_POINT('',#4943);
#4943 = CARTESIAN_POINT('',(121.,158.25,2.4));
#4944 = SURFACE_CURVE('',#4945,(#4949,#4956),.PCURVE_S1.);
#4945 = LINE('',#4946,#4947);
#4946 = CARTESIAN_POINT('',(84.,158.25,2.4));
#4947 = VECTOR('',#4948,1.);
#4948 = DIRECTION('',(1.,0.,-0.));
#4949 = PCURVE('',#1854,#4950);
#4950 = DEFINITIONAL_REPRESENTATION('',(#4951),#4955);
#4951 = LINE('',#4952,#4953);
#4952 = CARTESIAN_POINT('',(0.,0.));
#4953 = VECTOR('',#4954,1.);
#4954 = DIRECTION('',(0.,1.));
#4955 = ( GEOMETRIC_REPRESENTATION_CONTEXT(2) 
PARAMETRIC_REPRESENTATION_CONTEXT() REPRESENTATION_CONTEXT('2D SPACE',''
  ) );
#4956 = PCURVE('',#4855,#4957);
#4957 = DEFINITIONAL_REPRESENTATION('',(#4958),#4962);
#4958 = LINE('',#4959,#4960);
#4959 = CARTESIAN_POINT('',(0.,76.25));
#4960 = VECTOR('',#4961,1.);
#4961 = DIRECTION('',(1.,0.));
#4962 = ( GEOMETRIC_REPRESENTATION_CONTEXT(2) 
PARAMETRIC_REPRESENTATION_CONTEXT() REPRESENTATION_CONTEXT('2D SPACE',''
  ) );
#4963 = ORIENTED_EDGE('',*,*,#4964,.F.);
#4964 = EDGE_CURVE('',#1814,#4942,#4965,.T.);
#4965 = SURFACE_CURVE('',#4966,(#4970,#4976),.PCURVE_S1.);
#4966 = LINE('',#4967,#4968);
#4967 = CARTESIAN_POINT('',(121.,158.25,0.7));
#4968 = VECTOR('',#4969,1.);
#4969 = DIRECTION('',(-0.,0.,-1.));
#4970 = PCURVE('',#1854,#4971);
#4971 = DEFINITIONAL_REPRESENTATION('',(#4972),#4975);
#4972 = B_SPLINE_CURVE_WITH_KNOTS('',1,(#4973,#4974),.UNSPECIFIED.,.F.,
  .F.,(2,2),(-9.7,-1.7),.PIECEWISE_BEZIER_KNOTS.);
#4973 = CARTESIAN_POINT('',(8.,37.));
#4974 = CARTESIAN_POINT('',(0.,37.));
#4975 = ( GEOMETRIC_REPRESENTATION_CONTEXT(2) 
PARAMETRIC_REPRESENTATION_CONTEXT() REPRESENTATION_CONTEXT('2D SPACE',''
  ) );
#4976 = PCURVE('',#1828,#4977);
#4977 = DEFINITIONAL_REPRESENTATION('',(#4978),#4981);
#4978 = B_SPLINE_CURVE_WITH_KNOTS('',1,(#4979,#4980),.UNSPECIFIED.,.F.,
  .F.,(2,2),(-9.7,-1.7),.PIECEWISE_BEZIER_KNOTS.);
#4979 = CARTESIAN_POINT('',(11.4,-66.25));
#4980 = CARTESIAN_POINT('',(3.4,-66.25));
#4981 = ( GEOMETRIC_REPRESENTATION_CONTEXT(2) 
PARAMETRIC_REPRESENTATION_CONTEXT() REPRESENTATION_CONTEXT('2D SPACE',''
  ) );
#4982 = ORIENTED_EDGE('',*,*,#1839,.F.);
#4983 = ORIENTED_EDGE('',*,*,#4916,.F.);
#4984 = ADVANCED_FACE('',(#4985),#1828,.T.);
#4985 = FACE_BOUND('',#4986,.T.);
#4986 = EDGE_LOOP('',(#4987,#5010,#5029,#5030));
#4987 = ORIENTED_EDGE('',*,*,#4988,.F.);
#4988 = EDGE_CURVE('',#4989,#1788,#4991,.T.);
#4989 = VERTEX_POINT('',#4990);
#4990 = CARTESIAN_POINT('',(121.,92.,2.4));
#4991 = SURFACE_CURVE('',#4992,(#4996,#5003),.PCURVE_S1.);
#4992 = LINE('',#4993,#4994);
#4993 = CARTESIAN_POINT('',(121.,92.,-1.));
#4994 = VECTOR('',#4995,1.);
#4995 = DIRECTION('',(0.,0.,1.));
#4996 = PCURVE('',#1828,#4997);
#4997 = DEFINITIONAL_REPRESENTATION('',(#4998),#5002);
#4998 = LINE('',#4999,#5000);
#4999 = CARTESIAN_POINT('',(0.,0.));
#5000 = VECTOR('',#5001,1.);
#5001 = DIRECTION('',(1.,0.));
#5002 = ( GEOMETRIC_REPRESENTATION_CONTEXT(2) 
PARAMETRIC_REPRESENTATION_CONTEXT() REPRESENTATION_CONTEXT('2D SPACE',''
  ) );
#5003 = PCURVE('',#1802,#5004);
#5004 = DEFINITIONAL_REPRESENTATION('',(#5005),#5009);
#5005 = LINE('',#5006,#5007);
#5006 = CARTESIAN_POINT('',(0.,84.));
#5007 = VECTOR('',#5008,1.);
#5008 = DIRECTION('',(1.,0.));
#5009 = ( GEOMETRIC_REPRESENTATION_CONTEXT(2) 
PARAMETRIC_REPRESENTATION_CONTEXT() REPRESENTATION_CONTEXT('2D SPACE',''
  ) );
#5010 = ORIENTED_EDGE('',*,*,#5011,.T.);
#5011 = EDGE_CURVE('',#4989,#4942,#5012,.T.);
#5012 = SURFACE_CURVE('',#5013,(#5017,#5023),.PCURVE_S1.);
#5013 = LINE('',#5014,#5015);
#5014 = CARTESIAN_POINT('',(121.,87.,2.4));
#5015 = VECTOR('',#5016,1.);
#5016 = DIRECTION('',(-0.,1.,0.));
#5017 = PCURVE('',#1828,#5018);
#5018 = DEFINITIONAL_REPRESENTATION('',(#5019),#5022);
#5019 = B_SPLINE_CURVE_WITH_KNOTS('',1,(#5020,#5021),.UNSPECIFIED.,.F.,
  .F.,(2,2),(5.,71.25),.PIECEWISE_BEZIER_KNOTS.);
#5020 = CARTESIAN_POINT('',(3.4,0.));
#5021 = CARTESIAN_POINT('',(3.4,-66.25));
#5022 = ( GEOMETRIC_REPRESENTATION_CONTEXT(2) 
PARAMETRIC_REPRESENTATION_CONTEXT() REPRESENTATION_CONTEXT('2D SPACE',''
  ) );
#5023 = PCURVE('',#4855,#5024);
#5024 = DEFINITIONAL_REPRESENTATION('',(#5025),#5028);
#5025 = B_SPLINE_CURVE_WITH_KNOTS('',1,(#5026,#5027),.UNSPECIFIED.,.F.,
  .F.,(2,2),(5.,71.25),.PIECEWISE_BEZIER_KNOTS.);
#5026 = CARTESIAN_POINT('',(37.,10.));
#5027 = CARTESIAN_POINT('',(37.,76.25));
#5028 = ( GEOMETRIC_REPRESENTATION_CONTEXT(2) 
PARAMETRIC_REPRESENTATION_CONTEXT() REPRESENTATION_CONTEXT('2D SPACE',''
  ) );
#5029 = ORIENTED_EDGE('',*,*,#4964,.F.);
#5030 = ORIENTED_EDGE('',*,*,#1813,.F.);
#5031 = ADVANCED_FACE('',(#5032),#1802,.F.);
#5032 = FACE_BOUND('',#5033,.F.);
#5033 = EDGE_LOOP('',(#5034,#5035,#5056,#5075));
#5034 = ORIENTED_EDGE('',*,*,#4988,.F.);
#5035 = ORIENTED_EDGE('',*,*,#5036,.T.);
#5036 = EDGE_CURVE('',#4989,#5037,#5039,.T.);
#5037 = VERTEX_POINT('',#5038);
#5038 = CARTESIAN_POINT('',(84.,92.,2.4));
#5039 = SURFACE_CURVE('',#5040,(#5044,#5050),.PCURVE_S1.);
#5040 = LINE('',#5041,#5042);
#5041 = CARTESIAN_POINT('',(60.5,92.,2.4));
#5042 = VECTOR('',#5043,1.);
#5043 = DIRECTION('',(-1.,-0.,0.));
#5044 = PCURVE('',#1802,#5045);
#5045 = DEFINITIONAL_REPRESENTATION('',(#5046),#5049);
#5046 = B_SPLINE_CURVE_WITH_KNOTS('',1,(#5047,#5048),.UNSPECIFIED.,.F.,
  .F.,(2,2),(-60.5,-23.5),.PIECEWISE_BEZIER_KNOTS.);
#5047 = CARTESIAN_POINT('',(3.4,84.));
#5048 = CARTESIAN_POINT('',(3.4,47.));
#5049 = ( GEOMETRIC_REPRESENTATION_CONTEXT(2) 
PARAMETRIC_REPRESENTATION_CONTEXT() REPRESENTATION_CONTEXT('2D SPACE',''
  ) );
#5050 = PCURVE('',#4855,#5051);
#5051 = DEFINITIONAL_REPRESENTATION('',(#5052),#5055);
#5052 = B_SPLINE_CURVE_WITH_KNOTS('',1,(#5053,#5054),.UNSPECIFIED.,.F.,
  .F.,(2,2),(-60.5,-23.5),.PIECEWISE_BEZIER_KNOTS.);
#5053 = CARTESIAN_POINT('',(37.,10.));
#5054 = CARTESIAN_POINT('',(0.,10.));
#5055 = ( GEOMETRIC_REPRESENTATION_CONTEXT(2) 
PARAMETRIC_REPRESENTATION_CONTEXT() REPRESENTATION_CONTEXT('2D SPACE',''
  ) );
#5056 = ORIENTED_EDGE('',*,*,#5057,.T.);
#5057 = EDGE_CURVE('',#5037,#1762,#5058,.T.);
#5058 = SURFACE_CURVE('',#5059,(#5063,#5069),.PCURVE_S1.);
#5059 = LINE('',#5060,#5061);
#5060 = CARTESIAN_POINT('',(84.,92.,0.7));
#5061 = VECTOR('',#5062,1.);
#5062 = DIRECTION('',(0.,0.,1.));
#5063 = PCURVE('',#1802,#5064);
#5064 = DEFINITIONAL_REPRESENTATION('',(#5065),#5068);
#5065 = B_SPLINE_CURVE_WITH_KNOTS('',1,(#5066,#5067),.UNSPECIFIED.,.F.,
  .F.,(2,2),(1.7,9.7),.PIECEWISE_BEZIER_KNOTS.);
#5066 = CARTESIAN_POINT('',(3.4,47.));
#5067 = CARTESIAN_POINT('',(11.4,47.));
#5068 = ( GEOMETRIC_REPRESENTATION_CONTEXT(2) 
PARAMETRIC_REPRESENTATION_CONTEXT() REPRESENTATION_CONTEXT('2D SPACE',''
  ) );
#5069 = PCURVE('',#1776,#5070);
#5070 = DEFINITIONAL_REPRESENTATION('',(#5071),#5074);
#5071 = B_SPLINE_CURVE_WITH_KNOTS('',1,(#5072,#5073),.UNSPECIFIED.,.F.,
  .F.,(2,2),(1.7,9.7),.PIECEWISE_BEZIER_KNOTS.);
#5072 = CARTESIAN_POINT('',(0.,-10.));
#5073 = CARTESIAN_POINT('',(8.,-10.));
#5074 = ( GEOMETRIC_REPRESENTATION_CONTEXT(2) 
PARAMETRIC_REPRESENTATION_CONTEXT() REPRESENTATION_CONTEXT('2D SPACE',''
  ) );
#5075 = ORIENTED_EDGE('',*,*,#1787,.F.);
#5076 = ADVANCED_FACE('',(#5077),#1776,.T.);
#5077 = FACE_BOUND('',#5078,.T.);
#5078 = EDGE_LOOP('',(#5079,#5080,#5081,#5102));
#5079 = ORIENTED_EDGE('',*,*,#1761,.F.);
#5080 = ORIENTED_EDGE('',*,*,#4867,.F.);
#5081 = ORIENTED_EDGE('',*,*,#5082,.T.);
#5082 = EDGE_CURVE('',#4840,#5037,#5083,.T.);
#5083 = SURFACE_CURVE('',#5084,(#5088,#5095),.PCURVE_S1.);
#5084 = LINE('',#5085,#5086);
#5085 = CARTESIAN_POINT('',(84.,82.,2.4));
#5086 = VECTOR('',#5087,1.);
#5087 = DIRECTION('',(-0.,1.,0.));
#5088 = PCURVE('',#1776,#5089);
#5089 = DEFINITIONAL_REPRESENTATION('',(#5090),#5094);
#5090 = LINE('',#5091,#5092);
#5091 = CARTESIAN_POINT('',(0.,0.));
#5092 = VECTOR('',#5093,1.);
#5093 = DIRECTION('',(0.,-1.));
#5094 = ( GEOMETRIC_REPRESENTATION_CONTEXT(2) 
PARAMETRIC_REPRESENTATION_CONTEXT() REPRESENTATION_CONTEXT('2D SPACE',''
  ) );
#5095 = PCURVE('',#4855,#5096);
#5096 = DEFINITIONAL_REPRESENTATION('',(#5097),#5101);
#5097 = LINE('',#5098,#5099);
#5098 = CARTESIAN_POINT('',(0.,0.));
#5099 = VECTOR('',#5100,1.);
#5100 = DIRECTION('',(0.,1.));
#5101 = ( GEOMETRIC_REPRESENTATION_CONTEXT(2) 
PARAMETRIC_REPRESENTATION_CONTEXT() REPRESENTATION_CONTEXT('2D SPACE',''
  ) );
#5102 = ORIENTED_EDGE('',*,*,#5057,.T.);
#5103 = ADVANCED_FACE('',(#5104),#1931,.T.);
#5104 = FACE_BOUND('',#5105,.F.);
#5105 = EDGE_LOOP('',(#5106,#5128,#5129,#5130));
#5106 = ORIENTED_EDGE('',*,*,#5107,.F.);
#5107 = EDGE_CURVE('',#1894,#5108,#5110,.T.);
#5108 = VERTEX_POINT('',#5109);
#5109 = CARTESIAN_POINT('',(161.,7.5,8.881784197001E-16));
#5110 = SURFACE_CURVE('',#5111,(#5115,#5121),.PCURVE_S1.);
#5111 = LINE('',#5112,#5113);
#5112 = CARTESIAN_POINT('',(161.,5.,2.5));
#5113 = VECTOR('',#5114,1.);
#5114 = DIRECTION('',(-2.122172191094E-34,0.707106781187,-0.707106781187
    ));
#5115 = PCURVE('',#1931,#5116);
#5116 = DEFINITIONAL_REPRESENTATION('',(#5117),#5120);
#5117 = B_SPLINE_CURVE_WITH_KNOTS('',1,(#5118,#5119),.UNSPECIFIED.,.F.,
  .F.,(2,2),(-3.535533905933,3.535533905933),.PIECEWISE_BEZIER_KNOTS.);
#5118 = CARTESIAN_POINT('',(0.,0.));
#5119 = CARTESIAN_POINT('',(0.,-5.));
#5120 = ( GEOMETRIC_REPRESENTATION_CONTEXT(2) 
PARAMETRIC_REPRESENTATION_CONTEXT() REPRESENTATION_CONTEXT('2D SPACE',''
  ) );
#5121 = PCURVE('',#2141,#5122);
#5122 = DEFINITIONAL_REPRESENTATION('',(#5123),#5127);
#5123 = LINE('',#5124,#5125);
#5124 = CARTESIAN_POINT('',(-161.,-3.140184917368E-16));
#5125 = VECTOR('',#5126,1.);
#5126 = DIRECTION('',(9.497866774095E-35,1.));
#5127 = ( GEOMETRIC_REPRESENTATION_CONTEXT(2) 
PARAMETRIC_REPRESENTATION_CONTEXT() REPRESENTATION_CONTEXT('2D SPACE',''
  ) );
#5128 = ORIENTED_EDGE('',*,*,#1916,.T.);
#5129 = ORIENTED_EDGE('',*,*,#1947,.T.);
#5130 = ORIENTED_EDGE('',*,*,#5131,.F.);
#5131 = EDGE_CURVE('',#5108,#1948,#5132,.T.);
#5132 = SURFACE_CURVE('',#5133,(#5138,#5145),.PCURVE_S1.);
#5133 = CIRCLE('',#5134,6.5);
#5134 = AXIS2_PLACEMENT_3D('',#5135,#5136,#5137);
#5135 = CARTESIAN_POINT('',(161.,14.,0.));
#5136 = DIRECTION('',(-0.,0.,1.));
#5137 = DIRECTION('',(0.,-1.,0.));
#5138 = PCURVE('',#1931,#5139);
#5139 = DEFINITIONAL_REPRESENTATION('',(#5140),#5144);
#5140 = LINE('',#5141,#5142);
#5141 = CARTESIAN_POINT('',(0.,-5.));
#5142 = VECTOR('',#5143,1.);
#5143 = DIRECTION('',(1.,-0.));
#5144 = ( GEOMETRIC_REPRESENTATION_CONTEXT(2) 
PARAMETRIC_REPRESENTATION_CONTEXT() REPRESENTATION_CONTEXT('2D SPACE',''
  ) );
#5145 = PCURVE('',#2006,#5146);
#5146 = DEFINITIONAL_REPRESENTATION('',(#5147),#5151);
#5147 = CIRCLE('',#5148,6.5);
#5148 = AXIS2_PLACEMENT_2D('',#5149,#5150);
#5149 = CARTESIAN_POINT('',(161.,11.5));
#5150 = DIRECTION('',(0.,-1.));
#5151 = ( GEOMETRIC_REPRESENTATION_CONTEXT(2) 
PARAMETRIC_REPRESENTATION_CONTEXT() REPRESENTATION_CONTEXT('2D SPACE',''
  ) );
#5152 = ADVANCED_FACE('',(#5153),#2006,.F.);
#5153 = FACE_BOUND('',#5154,.F.);
#5154 = EDGE_LOOP('',(#5155,#5156,#5177,#5178,#5179,#5180,#5201,#5202,
    #5203,#5204,#5205,#5206,#5227,#5228,#5229,#5230));
#5155 = ORIENTED_EDGE('',*,*,#2202,.F.);
#5156 = ORIENTED_EDGE('',*,*,#5157,.T.);
#5157 = EDGE_CURVE('',#2180,#5108,#5158,.T.);
#5158 = SURFACE_CURVE('',#5159,(#5163,#5170),.PCURVE_S1.);
#5159 = LINE('',#5160,#5161);
#5160 = CARTESIAN_POINT('',(0.,7.5,0.));
#5161 = VECTOR('',#5162,1.);
#5162 = DIRECTION('',(1.,0.,0.));
#5163 = PCURVE('',#2006,#5164);
#5164 = DEFINITIONAL_REPRESENTATION('',(#5165),#5169);
#5165 = LINE('',#5166,#5167);
#5166 = CARTESIAN_POINT('',(0.,5.));
#5167 = VECTOR('',#5168,1.);
#5168 = DIRECTION('',(1.,0.));
#5169 = ( GEOMETRIC_REPRESENTATION_CONTEXT(2) 
PARAMETRIC_REPRESENTATION_CONTEXT() REPRESENTATION_CONTEXT('2D SPACE',''
  ) );
#5170 = PCURVE('',#2141,#5171);
#5171 = DEFINITIONAL_REPRESENTATION('',(#5172),#5176);
#5172 = LINE('',#5173,#5174);
#5173 = CARTESIAN_POINT('',(7.703719777549E-34,3.535533905933));
#5174 = VECTOR('',#5175,1.);
#5175 = DIRECTION('',(-1.,3.562947887557E-34));
#5176 = ( GEOMETRIC_REPRESENTATION_CONTEXT(2) 
PARAMETRIC_REPRESENTATION_CONTEXT() REPRESENTATION_CONTEXT('2D SPACE',''
  ) );
#5177 = ORIENTED_EDGE('',*,*,#5131,.T.);
#5178 = ORIENTED_EDGE('',*,*,#1992,.T.);
#5179 = ORIENTED_EDGE('',*,*,#2050,.T.);
#5180 = ORIENTED_EDGE('',*,*,#5181,.T.);
#5181 = EDGE_CURVE('',#2024,#2274,#5182,.T.);
#5182 = SURFACE_CURVE('',#5183,(#5187,#5194),.PCURVE_S1.);
#5183 = LINE('',#5184,#5185);
#5184 = CARTESIAN_POINT('',(165.5,163.25,0.));
#5185 = VECTOR('',#5186,1.);
#5186 = DIRECTION('',(-1.,0.,0.));
#5187 = PCURVE('',#2006,#5188);
#5188 = DEFINITIONAL_REPRESENTATION('',(#5189),#5193);
#5189 = LINE('',#5190,#5191);
#5190 = CARTESIAN_POINT('',(165.5,160.75));
#5191 = VECTOR('',#5192,1.);
#5192 = DIRECTION('',(-1.,0.));
#5193 = ( GEOMETRIC_REPRESENTATION_CONTEXT(2) 
PARAMETRIC_REPRESENTATION_CONTEXT() REPRESENTATION_CONTEXT('2D SPACE',''
  ) );
#5194 = PCURVE('',#2038,#5195);
#5195 = DEFINITIONAL_REPRESENTATION('',(#5196),#5200);
#5196 = LINE('',#5197,#5198);
#5197 = CARTESIAN_POINT('',(7.703719777549E-34,3.535533905933));
#5198 = VECTOR('',#5199,1.);
#5199 = DIRECTION('',(1.,-3.562947887557E-34));
#5200 = ( GEOMETRIC_REPRESENTATION_CONTEXT(2) 
PARAMETRIC_REPRESENTATION_CONTEXT() REPRESENTATION_CONTEXT('2D SPACE',''
  ) );
#5201 = ORIENTED_EDGE('',*,*,#2273,.F.);
#5202 = ORIENTED_EDGE('',*,*,#2372,.T.);
#5203 = ORIENTED_EDGE('',*,*,#2492,.F.);
#5204 = ORIENTED_EDGE('',*,*,#2568,.T.);
#5205 = ORIENTED_EDGE('',*,*,#2694,.T.);
#5206 = ORIENTED_EDGE('',*,*,#5207,.T.);
#5207 = EDGE_CURVE('',#2695,#2619,#5208,.T.);
#5208 = SURFACE_CURVE('',#5209,(#5213,#5220),.PCURVE_S1.);
#5209 = LINE('',#5210,#5211);
#5210 = CARTESIAN_POINT('',(165.5,163.25,0.));
#5211 = VECTOR('',#5212,1.);
#5212 = DIRECTION('',(-1.,0.,0.));
#5213 = PCURVE('',#2006,#5214);
#5214 = DEFINITIONAL_REPRESENTATION('',(#5215),#5219);
#5215 = LINE('',#5216,#5217);
#5216 = CARTESIAN_POINT('',(165.5,160.75));
#5217 = VECTOR('',#5218,1.);
#5218 = DIRECTION('',(-1.,0.));
#5219 = ( GEOMETRIC_REPRESENTATION_CONTEXT(2) 
PARAMETRIC_REPRESENTATION_CONTEXT() REPRESENTATION_CONTEXT('2D SPACE',''
  ) );
#5220 = PCURVE('',#2657,#5221);
#5221 = DEFINITIONAL_REPRESENTATION('',(#5222),#5226);
#5222 = LINE('',#5223,#5224);
#5223 = CARTESIAN_POINT('',(7.703719777549E-34,3.535533905933));
#5224 = VECTOR('',#5225,1.);
#5225 = DIRECTION('',(1.,-3.562947887557E-34));
#5226 = ( GEOMETRIC_REPRESENTATION_CONTEXT(2) 
PARAMETRIC_REPRESENTATION_CONTEXT() REPRESENTATION_CONTEXT('2D SPACE',''
  ) );
#5227 = ORIENTED_EDGE('',*,*,#2618,.F.);
#5228 = ORIENTED_EDGE('',*,*,#2519,.F.);
#5229 = ORIENTED_EDGE('',*,*,#2421,.F.);
#5230 = ORIENTED_EDGE('',*,*,#2345,.T.);
#5231 = ADVANCED_FACE('',(#5232),#2038,.F.);
#5232 = FACE_BOUND('',#5233,.F.);
#5233 = EDGE_LOOP('',(#5234,#5235,#5236,#5237));
#5234 = ORIENTED_EDGE('',*,*,#2023,.F.);
#5235 = ORIENTED_EDGE('',*,*,#2076,.T.);
#5236 = ORIENTED_EDGE('',*,*,#2296,.F.);
#5237 = ORIENTED_EDGE('',*,*,#5181,.F.);
#5238 = ADVANCED_FACE('',(#5239),#2141,.T.);
#5239 = FACE_BOUND('',#5240,.F.);
#5240 = EDGE_LOOP('',(#5241,#5242,#5243,#5244));
#5241 = ORIENTED_EDGE('',*,*,#2179,.F.);
#5242 = ORIENTED_EDGE('',*,*,#2125,.T.);
#5243 = ORIENTED_EDGE('',*,*,#5107,.T.);
#5244 = ORIENTED_EDGE('',*,*,#5157,.F.);
#5245 = ADVANCED_FACE('',(#5246),#2657,.F.);
#5246 = FACE_BOUND('',#5247,.F.);
#5247 = EDGE_LOOP('',(#5248,#5249,#5250,#5251));
#5248 = ORIENTED_EDGE('',*,*,#2717,.T.);
#5249 = ORIENTED_EDGE('',*,*,#2766,.T.);
#5250 = ORIENTED_EDGE('',*,*,#2641,.T.);
#5251 = ORIENTED_EDGE('',*,*,#5207,.F.);
#5252 = ADVANCED_FACE('',(#5253,#5267),#2831,.T.);
#5253 = FACE_BOUND('',#5254,.T.);
#5254 = EDGE_LOOP('',(#5255,#5256,#5257,#5258,#5259,#5260,#5261,#5262,
    #5263,#5264,#5265,#5266));
#5255 = ORIENTED_EDGE('',*,*,#3011,.F.);
#5256 = ORIENTED_EDGE('',*,*,#2916,.F.);
#5257 = ORIENTED_EDGE('',*,*,#2815,.T.);
#5258 = ORIENTED_EDGE('',*,*,#2870,.T.);
#5259 = ORIENTED_EDGE('',*,*,#2965,.T.);
#5260 = ORIENTED_EDGE('',*,*,#3059,.T.);
#5261 = ORIENTED_EDGE('',*,*,#3173,.F.);
#5262 = ORIENTED_EDGE('',*,*,#3246,.T.);
#5263 = ORIENTED_EDGE('',*,*,#3338,.F.);
#5264 = ORIENTED_EDGE('',*,*,#3294,.F.);
#5265 = ORIENTED_EDGE('',*,*,#3220,.T.);
#5266 = ORIENTED_EDGE('',*,*,#3128,.T.);
#5267 = FACE_BOUND('',#5268,.T.);
#5268 = EDGE_LOOP('',(#5269,#5297,#5323,#5349));
#5269 = ORIENTED_EDGE('',*,*,#5270,.T.);
#5270 = EDGE_CURVE('',#5271,#5273,#5275,.T.);
#5271 = VERTEX_POINT('',#5272);
#5272 = CARTESIAN_POINT('',(37.,15.,2.4));
#5273 = VERTEX_POINT('',#5274);
#5274 = CARTESIAN_POINT('',(13.,15.,2.4));
#5275 = SURFACE_CURVE('',#5276,(#5280,#5286),.PCURVE_S1.);
#5276 = LINE('',#5277,#5278);
#5277 = CARTESIAN_POINT('',(11.5,15.,2.4));
#5278 = VECTOR('',#5279,1.);
#5279 = DIRECTION('',(-1.,-0.,0.));
#5280 = PCURVE('',#2831,#5281);
#5281 = DEFINITIONAL_REPRESENTATION('',(#5282),#5285);
#5282 = B_SPLINE_CURVE_WITH_KNOTS('',1,(#5283,#5284),.UNSPECIFIED.,.F.,
  .F.,(2,2),(-25.5,-1.5),.PIECEWISE_BEZIER_KNOTS.);
#5283 = CARTESIAN_POINT('',(27.,2.));
#5284 = CARTESIAN_POINT('',(3.,2.));
#5285 = ( GEOMETRIC_REPRESENTATION_CONTEXT(2) 
PARAMETRIC_REPRESENTATION_CONTEXT() REPRESENTATION_CONTEXT('2D SPACE',''
  ) );
#5286 = PCURVE('',#5287,#5292);
#5287 = PLANE('',#5288);
#5288 = AXIS2_PLACEMENT_3D('',#5289,#5290,#5291);
#5289 = CARTESIAN_POINT('',(13.,15.,-1.));
#5290 = DIRECTION('',(-0.,1.,0.));
#5291 = DIRECTION('',(0.,0.,1.));
#5292 = DEFINITIONAL_REPRESENTATION('',(#5293),#5296);
#5293 = B_SPLINE_CURVE_WITH_KNOTS('',1,(#5294,#5295),.UNSPECIFIED.,.F.,
  .F.,(2,2),(-25.5,-1.5),.PIECEWISE_BEZIER_KNOTS.);
#5294 = CARTESIAN_POINT('',(3.4,24.));
#5295 = CARTESIAN_POINT('',(3.4,0.));
#5296 = ( GEOMETRIC_REPRESENTATION_CONTEXT(2) 
PARAMETRIC_REPRESENTATION_CONTEXT() REPRESENTATION_CONTEXT('2D SPACE',''
  ) );
#5297 = ORIENTED_EDGE('',*,*,#5298,.T.);
#5298 = EDGE_CURVE('',#5273,#5299,#5301,.T.);
#5299 = VERTEX_POINT('',#5300);
#5300 = CARTESIAN_POINT('',(13.,56.,2.4));
#5301 = SURFACE_CURVE('',#5302,(#5306,#5312),.PCURVE_S1.);
#5302 = LINE('',#5303,#5304);
#5303 = CARTESIAN_POINT('',(13.,14.,2.4));
#5304 = VECTOR('',#5305,1.);
#5305 = DIRECTION('',(-0.,1.,0.));
#5306 = PCURVE('',#2831,#5307);
#5307 = DEFINITIONAL_REPRESENTATION('',(#5308),#5311);
#5308 = B_SPLINE_CURVE_WITH_KNOTS('',1,(#5309,#5310),.UNSPECIFIED.,.F.,
  .F.,(2,2),(1.,42.),.PIECEWISE_BEZIER_KNOTS.);
#5309 = CARTESIAN_POINT('',(3.,2.));
#5310 = CARTESIAN_POINT('',(3.,43.));
#5311 = ( GEOMETRIC_REPRESENTATION_CONTEXT(2) 
PARAMETRIC_REPRESENTATION_CONTEXT() REPRESENTATION_CONTEXT('2D SPACE',''
  ) );
#5312 = PCURVE('',#5313,#5318);
#5313 = PLANE('',#5314);
#5314 = AXIS2_PLACEMENT_3D('',#5315,#5316,#5317);
#5315 = CARTESIAN_POINT('',(13.,15.,-1.));
#5316 = DIRECTION('',(1.,0.,-0.));
#5317 = DIRECTION('',(0.,0.,1.));
#5318 = DEFINITIONAL_REPRESENTATION('',(#5319),#5322);
#5319 = B_SPLINE_CURVE_WITH_KNOTS('',1,(#5320,#5321),.UNSPECIFIED.,.F.,
  .F.,(2,2),(1.,42.),.PIECEWISE_BEZIER_KNOTS.);
#5320 = CARTESIAN_POINT('',(3.4,0.));
#5321 = CARTESIAN_POINT('',(3.4,-41.));
#5322 = ( GEOMETRIC_REPRESENTATION_CONTEXT(2) 
PARAMETRIC_REPRESENTATION_CONTEXT() REPRESENTATION_CONTEXT('2D SPACE',''
  ) );
#5323 = ORIENTED_EDGE('',*,*,#5324,.F.);
#5324 = EDGE_CURVE('',#5325,#5299,#5327,.T.);
#5325 = VERTEX_POINT('',#5326);
#5326 = CARTESIAN_POINT('',(37.,56.,2.4));
#5327 = SURFACE_CURVE('',#5328,(#5332,#5338),.PCURVE_S1.);
#5328 = LINE('',#5329,#5330);
#5329 = CARTESIAN_POINT('',(11.5,56.,2.4));
#5330 = VECTOR('',#5331,1.);
#5331 = DIRECTION('',(-1.,-0.,0.));
#5332 = PCURVE('',#2831,#5333);
#5333 = DEFINITIONAL_REPRESENTATION('',(#5334),#5337);
#5334 = B_SPLINE_CURVE_WITH_KNOTS('',1,(#5335,#5336),.UNSPECIFIED.,.F.,
  .F.,(2,2),(-25.5,-1.5),.PIECEWISE_BEZIER_KNOTS.);
#5335 = CARTESIAN_POINT('',(27.,43.));
#5336 = CARTESIAN_POINT('',(3.,43.));
#5337 = ( GEOMETRIC_REPRESENTATION_CONTEXT(2) 
PARAMETRIC_REPRESENTATION_CONTEXT() REPRESENTATION_CONTEXT('2D SPACE',''
  ) );
#5338 = PCURVE('',#5339,#5344);
#5339 = PLANE('',#5340);
#5340 = AXIS2_PLACEMENT_3D('',#5341,#5342,#5343);
#5341 = CARTESIAN_POINT('',(13.,56.,-1.));
#5342 = DIRECTION('',(-0.,1.,0.));
#5343 = DIRECTION('',(0.,0.,1.));
#5344 = DEFINITIONAL_REPRESENTATION('',(#5345),#5348);
#5345 = B_SPLINE_CURVE_WITH_KNOTS('',1,(#5346,#5347),.UNSPECIFIED.,.F.,
  .F.,(2,2),(-25.5,-1.5),.PIECEWISE_BEZIER_KNOTS.);
#5346 = CARTESIAN_POINT('',(3.4,24.));
#5347 = CARTESIAN_POINT('',(3.4,0.));
#5348 = ( GEOMETRIC_REPRESENTATION_CONTEXT(2) 
PARAMETRIC_REPRESENTATION_CONTEXT() REPRESENTATION_CONTEXT('2D SPACE',''
  ) );
#5349 = ORIENTED_EDGE('',*,*,#5350,.F.);
#5350 = EDGE_CURVE('',#5271,#5325,#5351,.T.);
#5351 = SURFACE_CURVE('',#5352,(#5356,#5362),.PCURVE_S1.);
#5352 = LINE('',#5353,#5354);
#5353 = CARTESIAN_POINT('',(37.,14.,2.4));
#5354 = VECTOR('',#5355,1.);
#5355 = DIRECTION('',(-0.,1.,0.));
#5356 = PCURVE('',#2831,#5357);
#5357 = DEFINITIONAL_REPRESENTATION('',(#5358),#5361);
#5358 = B_SPLINE_CURVE_WITH_KNOTS('',1,(#5359,#5360),.UNSPECIFIED.,.F.,
  .F.,(2,2),(1.,42.),.PIECEWISE_BEZIER_KNOTS.);
#5359 = CARTESIAN_POINT('',(27.,2.));
#5360 = CARTESIAN_POINT('',(27.,43.));
#5361 = ( GEOMETRIC_REPRESENTATION_CONTEXT(2) 
PARAMETRIC_REPRESENTATION_CONTEXT() REPRESENTATION_CONTEXT('2D SPACE',''
  ) );
#5362 = PCURVE('',#5363,#5368);
#5363 = PLANE('',#5364);
#5364 = AXIS2_PLACEMENT_3D('',#5365,#5366,#5367);
#5365 = CARTESIAN_POINT('',(37.,15.,-1.));
#5366 = DIRECTION('',(1.,0.,-0.));
#5367 = DIRECTION('',(0.,0.,1.));
#5368 = DEFINITIONAL_REPRESENTATION('',(#5369),#5372);
#5369 = B_SPLINE_CURVE_WITH_KNOTS('',1,(#5370,#5371),.UNSPECIFIED.,.F.,
  .F.,(2,2),(1.,42.),.PIECEWISE_BEZIER_KNOTS.);
#5370 = CARTESIAN_POINT('',(3.4,0.));
#5371 = CARTESIAN_POINT('',(3.4,-41.));
#5372 = ( GEOMETRIC_REPRESENTATION_CONTEXT(2) 
PARAMETRIC_REPRESENTATION_CONTEXT() REPRESENTATION_CONTEXT('2D SPACE',''
  ) );
#5373 = ADVANCED_FACE('',(#5374),#3404,.T.);
#5374 = FACE_BOUND('',#5375,.T.);
#5375 = EDGE_LOOP('',(#5376,#5377,#5378,#5379));
#5376 = ORIENTED_EDGE('',*,*,#3491,.F.);
#5377 = ORIENTED_EDGE('',*,*,#3388,.T.);
#5378 = ORIENTED_EDGE('',*,*,#3442,.T.);
#5379 = ORIENTED_EDGE('',*,*,#3540,.F.);
#5380 = ADVANCED_FACE('',(#5381,#5391),#3605,.T.);
#5381 = FACE_BOUND('',#5382,.T.);
#5382 = EDGE_LOOP('',(#5383,#5384,#5385,#5386,#5387,#5388,#5389,#5390));
#5383 = ORIENTED_EDGE('',*,*,#3693,.F.);
#5384 = ORIENTED_EDGE('',*,*,#3589,.T.);
#5385 = ORIENTED_EDGE('',*,*,#3643,.T.);
#5386 = ORIENTED_EDGE('',*,*,#3739,.F.);
#5387 = ORIENTED_EDGE('',*,*,#3856,.F.);
#5388 = ORIENTED_EDGE('',*,*,#3929,.F.);
#5389 = ORIENTED_EDGE('',*,*,#3882,.F.);
#5390 = ORIENTED_EDGE('',*,*,#3810,.T.);
#5391 = FACE_BOUND('',#5392,.T.);
#5392 = EDGE_LOOP('',(#5393,#5421,#5447,#5473));
#5393 = ORIENTED_EDGE('',*,*,#5394,.T.);
#5394 = EDGE_CURVE('',#5395,#5397,#5399,.T.);
#5395 = VERTEX_POINT('',#5396);
#5396 = CARTESIAN_POINT('',(159.,15.,2.4));
#5397 = VERTEX_POINT('',#5398);
#5398 = CARTESIAN_POINT('',(135.,15.,2.4));
#5399 = SURFACE_CURVE('',#5400,(#5404,#5410),.PCURVE_S1.);
#5400 = LINE('',#5401,#5402);
#5401 = CARTESIAN_POINT('',(109.5,15.,2.4));
#5402 = VECTOR('',#5403,1.);
#5403 = DIRECTION('',(-1.,-0.,0.));
#5404 = PCURVE('',#3605,#5405);
#5405 = DEFINITIONAL_REPRESENTATION('',(#5406),#5409);
#5406 = B_SPLINE_CURVE_WITH_KNOTS('',1,(#5407,#5408),.UNSPECIFIED.,.F.,
  .F.,(2,2),(-49.5,-25.5),.PIECEWISE_BEZIER_KNOTS.);
#5407 = CARTESIAN_POINT('',(75.,2.));
#5408 = CARTESIAN_POINT('',(51.,2.));
#5409 = ( GEOMETRIC_REPRESENTATION_CONTEXT(2) 
PARAMETRIC_REPRESENTATION_CONTEXT() REPRESENTATION_CONTEXT('2D SPACE',''
  ) );
#5410 = PCURVE('',#5411,#5416);
#5411 = PLANE('',#5412);
#5412 = AXIS2_PLACEMENT_3D('',#5413,#5414,#5415);
#5413 = CARTESIAN_POINT('',(135.,15.,-1.));
#5414 = DIRECTION('',(-0.,1.,0.));
#5415 = DIRECTION('',(0.,0.,1.));
#5416 = DEFINITIONAL_REPRESENTATION('',(#5417),#5420);
#5417 = B_SPLINE_CURVE_WITH_KNOTS('',1,(#5418,#5419),.UNSPECIFIED.,.F.,
  .F.,(2,2),(-49.5,-25.5),.PIECEWISE_BEZIER_KNOTS.);
#5418 = CARTESIAN_POINT('',(3.4,24.));
#5419 = CARTESIAN_POINT('',(3.4,0.));
#5420 = ( GEOMETRIC_REPRESENTATION_CONTEXT(2) 
PARAMETRIC_REPRESENTATION_CONTEXT() REPRESENTATION_CONTEXT('2D SPACE',''
  ) );
#5421 = ORIENTED_EDGE('',*,*,#5422,.T.);
#5422 = EDGE_CURVE('',#5397,#5423,#5425,.T.);
#5423 = VERTEX_POINT('',#5424);
#5424 = CARTESIAN_POINT('',(135.,56.,2.4));
#5425 = SURFACE_CURVE('',#5426,(#5430,#5436),.PCURVE_S1.);
#5426 = LINE('',#5427,#5428);
#5427 = CARTESIAN_POINT('',(135.,14.,2.4));
#5428 = VECTOR('',#5429,1.);
#5429 = DIRECTION('',(-0.,1.,0.));
#5430 = PCURVE('',#3605,#5431);
#5431 = DEFINITIONAL_REPRESENTATION('',(#5432),#5435);
#5432 = B_SPLINE_CURVE_WITH_KNOTS('',1,(#5433,#5434),.UNSPECIFIED.,.F.,
  .F.,(2,2),(1.,42.),.PIECEWISE_BEZIER_KNOTS.);
#5433 = CARTESIAN_POINT('',(51.,2.));
#5434 = CARTESIAN_POINT('',(51.,43.));
#5435 = ( GEOMETRIC_REPRESENTATION_CONTEXT(2) 
PARAMETRIC_REPRESENTATION_CONTEXT() REPRESENTATION_CONTEXT('2D SPACE',''
  ) );
#5436 = PCURVE('',#5437,#5442);
#5437 = PLANE('',#5438);
#5438 = AXIS2_PLACEMENT_3D('',#5439,#5440,#5441);
#5439 = CARTESIAN_POINT('',(135.,15.,-1.));
#5440 = DIRECTION('',(1.,0.,-0.));
#5441 = DIRECTION('',(0.,0.,1.));
#5442 = DEFINITIONAL_REPRESENTATION('',(#5443),#5446);
#5443 = B_SPLINE_CURVE_WITH_KNOTS('',1,(#5444,#5445),.UNSPECIFIED.,.F.,
  .F.,(2,2),(1.,42.),.PIECEWISE_BEZIER_KNOTS.);
#5444 = CARTESIAN_POINT('',(3.4,0.));
#5445 = CARTESIAN_POINT('',(3.4,-41.));
#5446 = ( GEOMETRIC_REPRESENTATION_CONTEXT(2) 
PARAMETRIC_REPRESENTATION_CONTEXT() REPRESENTATION_CONTEXT('2D SPACE',''
  ) );
#5447 = ORIENTED_EDGE('',*,*,#5448,.F.);
#5448 = EDGE_CURVE('',#5449,#5423,#5451,.T.);
#5449 = VERTEX_POINT('',#5450);
#5450 = CARTESIAN_POINT('',(159.,56.,2.4));
#5451 = SURFACE_CURVE('',#5452,(#5456,#5462),.PCURVE_S1.);
#5452 = LINE('',#5453,#5454);
#5453 = CARTESIAN_POINT('',(109.5,56.,2.4));
#5454 = VECTOR('',#5455,1.);
#5455 = DIRECTION('',(-1.,-0.,0.));
#5456 = PCURVE('',#3605,#5457);
#5457 = DEFINITIONAL_REPRESENTATION('',(#5458),#5461);
#5458 = B_SPLINE_CURVE_WITH_KNOTS('',1,(#5459,#5460),.UNSPECIFIED.,.F.,
  .F.,(2,2),(-49.5,-25.5),.PIECEWISE_BEZIER_KNOTS.);
#5459 = CARTESIAN_POINT('',(75.,43.));
#5460 = CARTESIAN_POINT('',(51.,43.));
#5461 = ( GEOMETRIC_REPRESENTATION_CONTEXT(2) 
PARAMETRIC_REPRESENTATION_CONTEXT() REPRESENTATION_CONTEXT('2D SPACE',''
  ) );
#5462 = PCURVE('',#5463,#5468);
#5463 = PLANE('',#5464);
#5464 = AXIS2_PLACEMENT_3D('',#5465,#5466,#5467);
#5465 = CARTESIAN_POINT('',(135.,56.,-1.));
#5466 = DIRECTION('',(-0.,1.,0.));
#5467 = DIRECTION('',(0.,0.,1.));
#5468 = DEFINITIONAL_REPRESENTATION('',(#5469),#5472);
#5469 = B_SPLINE_CURVE_WITH_KNOTS('',1,(#5470,#5471),.UNSPECIFIED.,.F.,
  .F.,(2,2),(-49.5,-25.5),.PIECEWISE_BEZIER_KNOTS.);
#5470 = CARTESIAN_POINT('',(3.4,24.));
#5471 = CARTESIAN_POINT('',(3.4,0.));
#5472 = ( GEOMETRIC_REPRESENTATION_CONTEXT(2) 
PARAMETRIC_REPRESENTATION_CONTEXT() REPRESENTATION_CONTEXT('2D SPACE',''
  ) );
#5473 = ORIENTED_EDGE('',*,*,#5474,.F.);
#5474 = EDGE_CURVE('',#5395,#5449,#5475,.T.);
#5475 = SURFACE_CURVE('',#5476,(#5480,#5486),.PCURVE_S1.);
#5476 = LINE('',#5477,#5478);
#5477 = CARTESIAN_POINT('',(159.,14.,2.4));
#5478 = VECTOR('',#5479,1.);
#5479 = DIRECTION('',(-0.,1.,0.));
#5480 = PCURVE('',#3605,#5481);
#5481 = DEFINITIONAL_REPRESENTATION('',(#5482),#5485);
#5482 = B_SPLINE_CURVE_WITH_KNOTS('',1,(#5483,#5484),.UNSPECIFIED.,.F.,
  .F.,(2,2),(1.,42.),.PIECEWISE_BEZIER_KNOTS.);
#5483 = CARTESIAN_POINT('',(75.,2.));
#5484 = CARTESIAN_POINT('',(75.,43.));
#5485 = ( GEOMETRIC_REPRESENTATION_CONTEXT(2) 
PARAMETRIC_REPRESENTATION_CONTEXT() REPRESENTATION_CONTEXT('2D SPACE',''
  ) );
#5486 = PCURVE('',#5487,#5492);
#5487 = PLANE('',#5488);
#5488 = AXIS2_PLACEMENT_3D('',#5489,#5490,#5491);
#5489 = CARTESIAN_POINT('',(159.,15.,-1.));
#5490 = DIRECTION('',(1.,0.,-0.));
#5491 = DIRECTION('',(0.,0.,1.));
#5492 = DEFINITIONAL_REPRESENTATION('',(#5493),#5496);
#5493 = B_SPLINE_CURVE_WITH_KNOTS('',1,(#5494,#5495),.UNSPECIFIED.,.F.,
  .F.,(2,2),(1.,42.),.PIECEWISE_BEZIER_KNOTS.);
#5494 = CARTESIAN_POINT('',(3.4,0.));
#5495 = CARTESIAN_POINT('',(3.4,-41.));
#5496 = ( GEOMETRIC_REPRESENTATION_CONTEXT(2) 
PARAMETRIC_REPRESENTATION_CONTEXT() REPRESENTATION_CONTEXT('2D SPACE',''
  ) );
#5497 = ADVANCED_FACE('',(#5498),#3992,.T.);
#5498 = FACE_BOUND('',#5499,.T.);
#5499 = EDGE_LOOP('',(#5500,#5501,#5502,#5503));
#5500 = ORIENTED_EDGE('',*,*,#4079,.F.);
#5501 = ORIENTED_EDGE('',*,*,#3976,.T.);
#5502 = ORIENTED_EDGE('',*,*,#4030,.T.);
#5503 = ORIENTED_EDGE('',*,*,#4128,.F.);
#5504 = ADVANCED_FACE('',(#5505),#4192,.T.);
#5505 = FACE_BOUND('',#5506,.T.);
#5506 = EDGE_LOOP('',(#5507,#5508,#5509,#5510,#5511,#5512,#5513,#5514,
    #5515,#5516));
#5507 = ORIENTED_EDGE('',*,*,#4273,.F.);
#5508 = ORIENTED_EDGE('',*,*,#4177,.F.);
#5509 = ORIENTED_EDGE('',*,*,#4226,.F.);
#5510 = ORIENTED_EDGE('',*,*,#4318,.T.);
#5511 = ORIENTED_EDGE('',*,*,#4414,.T.);
#5512 = ORIENTED_EDGE('',*,*,#4504,.F.);
#5513 = ORIENTED_EDGE('',*,*,#4600,.F.);
#5514 = ORIENTED_EDGE('',*,*,#4554,.F.);
#5515 = ORIENTED_EDGE('',*,*,#4458,.F.);
#5516 = ORIENTED_EDGE('',*,*,#4388,.T.);
#5517 = ADVANCED_FACE('',(#5518),#4662,.T.);
#5518 = FACE_BOUND('',#5519,.T.);
#5519 = EDGE_LOOP('',(#5520,#5521,#5522,#5523));
#5520 = ORIENTED_EDGE('',*,*,#4647,.T.);
#5521 = ORIENTED_EDGE('',*,*,#4766,.F.);
#5522 = ORIENTED_EDGE('',*,*,#4789,.T.);
#5523 = ORIENTED_EDGE('',*,*,#4719,.T.);
#5524 = ADVANCED_FACE('',(#5525,#5533),#4855,.T.);
#5525 = FACE_BOUND('',#5526,.T.);
#5526 = EDGE_LOOP('',(#5527,#5528,#5529,#5530,#5531,#5532));
#5527 = ORIENTED_EDGE('',*,*,#5082,.F.);
#5528 = ORIENTED_EDGE('',*,*,#4839,.T.);
#5529 = ORIENTED_EDGE('',*,*,#4893,.T.);
#5530 = ORIENTED_EDGE('',*,*,#4941,.F.);
#5531 = ORIENTED_EDGE('',*,*,#5011,.F.);
#5532 = ORIENTED_EDGE('',*,*,#5036,.T.);
#5533 = FACE_BOUND('',#5534,.T.);
#5534 = EDGE_LOOP('',(#5535,#5563,#5589,#5615));
#5535 = ORIENTED_EDGE('',*,*,#5536,.T.);
#5536 = EDGE_CURVE('',#5537,#5539,#5541,.T.);
#5537 = VERTEX_POINT('',#5538);
#5538 = CARTESIAN_POINT('',(158.,90.,2.4));
#5539 = VERTEX_POINT('',#5540);
#5540 = CARTESIAN_POINT('',(130.,90.,2.4));
#5541 = SURFACE_CURVE('',#5542,(#5546,#5552),.PCURVE_S1.);
#5542 = LINE('',#5543,#5544);
#5543 = CARTESIAN_POINT('',(107.,90.,2.4));
#5544 = VECTOR('',#5545,1.);
#5545 = DIRECTION('',(-1.,-0.,0.));
#5546 = PCURVE('',#4855,#5547);
#5547 = DEFINITIONAL_REPRESENTATION('',(#5548),#5551);
#5548 = B_SPLINE_CURVE_WITH_KNOTS('',1,(#5549,#5550),.UNSPECIFIED.,.F.,
  .F.,(2,2),(-51.,-23.),.PIECEWISE_BEZIER_KNOTS.);
#5549 = CARTESIAN_POINT('',(74.,8.));
#5550 = CARTESIAN_POINT('',(46.,8.));
#5551 = ( GEOMETRIC_REPRESENTATION_CONTEXT(2) 
PARAMETRIC_REPRESENTATION_CONTEXT() REPRESENTATION_CONTEXT('2D SPACE',''
  ) );
#5552 = PCURVE('',#5553,#5558);
#5553 = PLANE('',#5554);
#5554 = AXIS2_PLACEMENT_3D('',#5555,#5556,#5557);
#5555 = CARTESIAN_POINT('',(130.,90.,-1.));
#5556 = DIRECTION('',(-0.,1.,0.));
#5557 = DIRECTION('',(0.,0.,1.));
#5558 = DEFINITIONAL_REPRESENTATION('',(#5559),#5562);
#5559 = B_SPLINE_CURVE_WITH_KNOTS('',1,(#5560,#5561),.UNSPECIFIED.,.F.,
  .F.,(2,2),(-51.,-23.),.PIECEWISE_BEZIER_KNOTS.);
#5560 = CARTESIAN_POINT('',(3.4,28.));
#5561 = CARTESIAN_POINT('',(3.4,0.));
#5562 = ( GEOMETRIC_REPRESENTATION_CONTEXT(2) 
PARAMETRIC_REPRESENTATION_CONTEXT() REPRESENTATION_CONTEXT('2D SPACE',''
  ) );
#5563 = ORIENTED_EDGE('',*,*,#5564,.T.);
#5564 = EDGE_CURVE('',#5539,#5565,#5567,.T.);
#5565 = VERTEX_POINT('',#5566);
#5566 = CARTESIAN_POINT('',(130.,124.,2.4));
#5567 = SURFACE_CURVE('',#5568,(#5572,#5578),.PCURVE_S1.);
#5568 = LINE('',#5569,#5570);
#5569 = CARTESIAN_POINT('',(130.,86.,2.4));
#5570 = VECTOR('',#5571,1.);
#5571 = DIRECTION('',(-0.,1.,0.));
#5572 = PCURVE('',#4855,#5573);
#5573 = DEFINITIONAL_REPRESENTATION('',(#5574),#5577);
#5574 = B_SPLINE_CURVE_WITH_KNOTS('',1,(#5575,#5576),.UNSPECIFIED.,.F.,
  .F.,(2,2),(4.,38.),.PIECEWISE_BEZIER_KNOTS.);
#5575 = CARTESIAN_POINT('',(46.,8.));
#5576 = CARTESIAN_POINT('',(46.,42.));
#5577 = ( GEOMETRIC_REPRESENTATION_CONTEXT(2) 
PARAMETRIC_REPRESENTATION_CONTEXT() REPRESENTATION_CONTEXT('2D SPACE',''
  ) );
#5578 = PCURVE('',#5579,#5584);
#5579 = PLANE('',#5580);
#5580 = AXIS2_PLACEMENT_3D('',#5581,#5582,#5583);
#5581 = CARTESIAN_POINT('',(130.,90.,-1.));
#5582 = DIRECTION('',(1.,0.,-0.));
#5583 = DIRECTION('',(0.,0.,1.));
#5584 = DEFINITIONAL_REPRESENTATION('',(#5585),#5588);
#5585 = B_SPLINE_CURVE_WITH_KNOTS('',1,(#5586,#5587),.UNSPECIFIED.,.F.,
  .F.,(2,2),(4.,38.),.PIECEWISE_BEZIER_KNOTS.);
#5586 = CARTESIAN_POINT('',(3.4,0.));
#5587 = CARTESIAN_POINT('',(3.4,-34.));
#5588 = ( GEOMETRIC_REPRESENTATION_CONTEXT(2) 
PARAMETRIC_REPRESENTATION_CONTEXT() REPRESENTATION_CONTEXT('2D SPACE',''
  ) );
#5589 = ORIENTED_EDGE('',*,*,#5590,.F.);
#5590 = EDGE_CURVE('',#5591,#5565,#5593,.T.);
#5591 = VERTEX_POINT('',#5592);
#5592 = CARTESIAN_POINT('',(158.,124.,2.4));
#5593 = SURFACE_CURVE('',#5594,(#5598,#5604),.PCURVE_S1.);
#5594 = LINE('',#5595,#5596);
#5595 = CARTESIAN_POINT('',(107.,124.,2.4));
#5596 = VECTOR('',#5597,1.);
#5597 = DIRECTION('',(-1.,-0.,0.));
#5598 = PCURVE('',#4855,#5599);
#5599 = DEFINITIONAL_REPRESENTATION('',(#5600),#5603);
#5600 = B_SPLINE_CURVE_WITH_KNOTS('',1,(#5601,#5602),.UNSPECIFIED.,.F.,
  .F.,(2,2),(-51.,-23.),.PIECEWISE_BEZIER_KNOTS.);
#5601 = CARTESIAN_POINT('',(74.,42.));
#5602 = CARTESIAN_POINT('',(46.,42.));
#5603 = ( GEOMETRIC_REPRESENTATION_CONTEXT(2) 
PARAMETRIC_REPRESENTATION_CONTEXT() REPRESENTATION_CONTEXT('2D SPACE',''
  ) );
#5604 = PCURVE('',#5605,#5610);
#5605 = PLANE('',#5606);
#5606 = AXIS2_PLACEMENT_3D('',#5607,#5608,#5609);
#5607 = CARTESIAN_POINT('',(130.,124.,-1.));
#5608 = DIRECTION('',(-0.,1.,0.));
#5609 = DIRECTION('',(0.,0.,1.));
#5610 = DEFINITIONAL_REPRESENTATION('',(#5611),#5614);
#5611 = B_SPLINE_CURVE_WITH_KNOTS('',1,(#5612,#5613),.UNSPECIFIED.,.F.,
  .F.,(2,2),(-51.,-23.),.PIECEWISE_BEZIER_KNOTS.);
#5612 = CARTESIAN_POINT('',(3.4,28.));
#5613 = CARTESIAN_POINT('',(3.4,0.));
#5614 = ( GEOMETRIC_REPRESENTATION_CONTEXT(2) 
PARAMETRIC_REPRESENTATION_CONTEXT() REPRESENTATION_CONTEXT('2D SPACE',''
  ) );
#5615 = ORIENTED_EDGE('',*,*,#5616,.F.);
#5616 = EDGE_CURVE('',#5537,#5591,#5617,.T.);
#5617 = SURFACE_CURVE('',#5618,(#5622,#5628),.PCURVE_S1.);
#5618 = LINE('',#5619,#5620);
#5619 = CARTESIAN_POINT('',(158.,86.,2.4));
#5620 = VECTOR('',#5621,1.);
#5621 = DIRECTION('',(-0.,1.,0.));
#5622 = PCURVE('',#4855,#5623);
#5623 = DEFINITIONAL_REPRESENTATION('',(#5624),#5627);
#5624 = B_SPLINE_CURVE_WITH_KNOTS('',1,(#5625,#5626),.UNSPECIFIED.,.F.,
  .F.,(2,2),(4.,38.),.PIECEWISE_BEZIER_KNOTS.);
#5625 = CARTESIAN_POINT('',(74.,8.));
#5626 = CARTESIAN_POINT('',(74.,42.));
#5627 = ( GEOMETRIC_REPRESENTATION_CONTEXT(2) 
PARAMETRIC_REPRESENTATION_CONTEXT() REPRESENTATION_CONTEXT('2D SPACE',''
  ) );
#5628 = PCURVE('',#5629,#5634);
#5629 = PLANE('',#5630);
#5630 = AXIS2_PLACEMENT_3D('',#5631,#5632,#5633);
#5631 = CARTESIAN_POINT('',(158.,90.,-1.));
#5632 = DIRECTION('',(1.,0.,-0.));
#5633 = DIRECTION('',(0.,0.,1.));
#5634 = DEFINITIONAL_REPRESENTATION('',(#5635),#5638);
#5635 = B_SPLINE_CURVE_WITH_KNOTS('',1,(#5636,#5637),.UNSPECIFIED.,.F.,
  .F.,(2,2),(4.,38.),.PIECEWISE_BEZIER_KNOTS.);
#5636 = CARTESIAN_POINT('',(3.4,0.));
#5637 = CARTESIAN_POINT('',(3.4,-34.));
#5638 = ( GEOMETRIC_REPRESENTATION_CONTEXT(2) 
PARAMETRIC_REPRESENTATION_CONTEXT() REPRESENTATION_CONTEXT('2D SPACE',''
  ) );
#5639 = ADVANCED_FACE('',(#5640),#5287,.F.);
#5640 = FACE_BOUND('',#5641,.F.);
#5641 = EDGE_LOOP('',(#5642,#5665,#5666,#5689));
#5642 = ORIENTED_EDGE('',*,*,#5643,.F.);
#5643 = EDGE_CURVE('',#5271,#5644,#5646,.T.);
#5644 = VERTEX_POINT('',#5645);
#5645 = CARTESIAN_POINT('',(37.,15.,9.));
#5646 = SURFACE_CURVE('',#5647,(#5651,#5658),.PCURVE_S1.);
#5647 = LINE('',#5648,#5649);
#5648 = CARTESIAN_POINT('',(37.,15.,-1.));
#5649 = VECTOR('',#5650,1.);
#5650 = DIRECTION('',(0.,0.,1.));
#5651 = PCURVE('',#5287,#5652);
#5652 = DEFINITIONAL_REPRESENTATION('',(#5653),#5657);
#5653 = LINE('',#5654,#5655);
#5654 = CARTESIAN_POINT('',(0.,24.));
#5655 = VECTOR('',#5656,1.);
#5656 = DIRECTION('',(1.,0.));
#5657 = ( GEOMETRIC_REPRESENTATION_CONTEXT(2) 
PARAMETRIC_REPRESENTATION_CONTEXT() REPRESENTATION_CONTEXT('2D SPACE',''
  ) );
#5658 = PCURVE('',#5363,#5659);
#5659 = DEFINITIONAL_REPRESENTATION('',(#5660),#5664);
#5660 = LINE('',#5661,#5662);
#5661 = CARTESIAN_POINT('',(0.,0.));
#5662 = VECTOR('',#5663,1.);
#5663 = DIRECTION('',(1.,0.));
#5664 = ( GEOMETRIC_REPRESENTATION_CONTEXT(2) 
PARAMETRIC_REPRESENTATION_CONTEXT() REPRESENTATION_CONTEXT('2D SPACE',''
  ) );
#5665 = ORIENTED_EDGE('',*,*,#5270,.T.);
#5666 = ORIENTED_EDGE('',*,*,#5667,.T.);
#5667 = EDGE_CURVE('',#5273,#5668,#5670,.T.);
#5668 = VERTEX_POINT('',#5669);
#5669 = CARTESIAN_POINT('',(13.,15.,9.));
#5670 = SURFACE_CURVE('',#5671,(#5675,#5682),.PCURVE_S1.);
#5671 = LINE('',#5672,#5673);
#5672 = CARTESIAN_POINT('',(13.,15.,-1.));
#5673 = VECTOR('',#5674,1.);
#5674 = DIRECTION('',(0.,0.,1.));
#5675 = PCURVE('',#5287,#5676);
#5676 = DEFINITIONAL_REPRESENTATION('',(#5677),#5681);
#5677 = LINE('',#5678,#5679);
#5678 = CARTESIAN_POINT('',(0.,0.));
#5679 = VECTOR('',#5680,1.);
#5680 = DIRECTION('',(1.,0.));
#5681 = ( GEOMETRIC_REPRESENTATION_CONTEXT(2) 
PARAMETRIC_REPRESENTATION_CONTEXT() REPRESENTATION_CONTEXT('2D SPACE',''
  ) );
#5682 = PCURVE('',#5313,#5683);
#5683 = DEFINITIONAL_REPRESENTATION('',(#5684),#5688);
#5684 = LINE('',#5685,#5686);
#5685 = CARTESIAN_POINT('',(0.,0.));
#5686 = VECTOR('',#5687,1.);
#5687 = DIRECTION('',(1.,0.));
#5688 = ( GEOMETRIC_REPRESENTATION_CONTEXT(2) 
PARAMETRIC_REPRESENTATION_CONTEXT() REPRESENTATION_CONTEXT('2D SPACE',''
  ) );
#5689 = ORIENTED_EDGE('',*,*,#5690,.F.);
#5690 = EDGE_CURVE('',#5644,#5668,#5691,.T.);
#5691 = SURFACE_CURVE('',#5692,(#5696,#5702),.PCURVE_S1.);
#5692 = LINE('',#5693,#5694);
#5693 = CARTESIAN_POINT('',(6.5,15.,9.));
#5694 = VECTOR('',#5695,1.);
#5695 = DIRECTION('',(-1.,-0.,0.));
#5696 = PCURVE('',#5287,#5697);
#5697 = DEFINITIONAL_REPRESENTATION('',(#5698),#5701);
#5698 = B_SPLINE_CURVE_WITH_KNOTS('',1,(#5699,#5700),.UNSPECIFIED.,.F.,
  .F.,(2,2),(-30.5,-6.5),.PIECEWISE_BEZIER_KNOTS.);
#5699 = CARTESIAN_POINT('',(10.,24.));
#5700 = CARTESIAN_POINT('',(10.,0.));
#5701 = ( GEOMETRIC_REPRESENTATION_CONTEXT(2) 
PARAMETRIC_REPRESENTATION_CONTEXT() REPRESENTATION_CONTEXT('2D SPACE',''
  ) );
#5702 = PCURVE('',#5703,#5708);
#5703 = PLANE('',#5704);
#5704 = AXIS2_PLACEMENT_3D('',#5705,#5706,#5707);
#5705 = CARTESIAN_POINT('',(0.,2.5,9.));
#5706 = DIRECTION('',(0.,0.,1.));
#5707 = DIRECTION('',(1.,0.,0.));
#5708 = DEFINITIONAL_REPRESENTATION('',(#5709),#5712);
#5709 = B_SPLINE_CURVE_WITH_KNOTS('',1,(#5710,#5711),.UNSPECIFIED.,.F.,
  .F.,(2,2),(-30.5,-6.5),.PIECEWISE_BEZIER_KNOTS.);
#5710 = CARTESIAN_POINT('',(37.,12.5));
#5711 = CARTESIAN_POINT('',(13.,12.5));
#5712 = ( GEOMETRIC_REPRESENTATION_CONTEXT(2) 
PARAMETRIC_REPRESENTATION_CONTEXT() REPRESENTATION_CONTEXT('2D SPACE',''
  ) );
#5713 = ADVANCED_FACE('',(#5714),#5363,.T.);
#5714 = FACE_BOUND('',#5715,.T.);
#5715 = EDGE_LOOP('',(#5716,#5717,#5718,#5741));
#5716 = ORIENTED_EDGE('',*,*,#5643,.F.);
#5717 = ORIENTED_EDGE('',*,*,#5350,.T.);
#5718 = ORIENTED_EDGE('',*,*,#5719,.T.);
#5719 = EDGE_CURVE('',#5325,#5720,#5722,.T.);
#5720 = VERTEX_POINT('',#5721);
#5721 = CARTESIAN_POINT('',(37.,56.,9.));
#5722 = SURFACE_CURVE('',#5723,(#5727,#5734),.PCURVE_S1.);
#5723 = LINE('',#5724,#5725);
#5724 = CARTESIAN_POINT('',(37.,56.,-1.));
#5725 = VECTOR('',#5726,1.);
#5726 = DIRECTION('',(0.,0.,1.));
#5727 = PCURVE('',#5363,#5728);
#5728 = DEFINITIONAL_REPRESENTATION('',(#5729),#5733);
#5729 = LINE('',#5730,#5731);
#5730 = CARTESIAN_POINT('',(0.,-41.));
#5731 = VECTOR('',#5732,1.);
#5732 = DIRECTION('',(1.,0.));
#5733 = ( GEOMETRIC_REPRESENTATION_CONTEXT(2) 
PARAMETRIC_REPRESENTATION_CONTEXT() REPRESENTATION_CONTEXT('2D SPACE',''
  ) );
#5734 = PCURVE('',#5339,#5735);
#5735 = DEFINITIONAL_REPRESENTATION('',(#5736),#5740);
#5736 = LINE('',#5737,#5738);
#5737 = CARTESIAN_POINT('',(0.,24.));
#5738 = VECTOR('',#5739,1.);
#5739 = DIRECTION('',(1.,0.));
#5740 = ( GEOMETRIC_REPRESENTATION_CONTEXT(2) 
PARAMETRIC_REPRESENTATION_CONTEXT() REPRESENTATION_CONTEXT('2D SPACE',''
  ) );
#5741 = ORIENTED_EDGE('',*,*,#5742,.F.);
#5742 = EDGE_CURVE('',#5644,#5720,#5743,.T.);
#5743 = SURFACE_CURVE('',#5744,(#5748,#5754),.PCURVE_S1.);
#5744 = LINE('',#5745,#5746);
#5745 = CARTESIAN_POINT('',(37.,8.75,9.));
#5746 = VECTOR('',#5747,1.);
#5747 = DIRECTION('',(-0.,1.,0.));
#5748 = PCURVE('',#5363,#5749);
#5749 = DEFINITIONAL_REPRESENTATION('',(#5750),#5753);
#5750 = B_SPLINE_CURVE_WITH_KNOTS('',1,(#5751,#5752),.UNSPECIFIED.,.F.,
  .F.,(2,2),(6.25,47.25),.PIECEWISE_BEZIER_KNOTS.);
#5751 = CARTESIAN_POINT('',(10.,0.));
#5752 = CARTESIAN_POINT('',(10.,-41.));
#5753 = ( GEOMETRIC_REPRESENTATION_CONTEXT(2) 
PARAMETRIC_REPRESENTATION_CONTEXT() REPRESENTATION_CONTEXT('2D SPACE',''
  ) );
#5754 = PCURVE('',#5703,#5755);
#5755 = DEFINITIONAL_REPRESENTATION('',(#5756),#5759);
#5756 = B_SPLINE_CURVE_WITH_KNOTS('',1,(#5757,#5758),.UNSPECIFIED.,.F.,
  .F.,(2,2),(6.25,47.25),.PIECEWISE_BEZIER_KNOTS.);
#5757 = CARTESIAN_POINT('',(37.,12.5));
#5758 = CARTESIAN_POINT('',(37.,53.5));
#5759 = ( GEOMETRIC_REPRESENTATION_CONTEXT(2) 
PARAMETRIC_REPRESENTATION_CONTEXT() REPRESENTATION_CONTEXT('2D SPACE',''
  ) );
#5760 = ADVANCED_FACE('',(#5761),#5313,.F.);
#5761 = FACE_BOUND('',#5762,.F.);
#5762 = EDGE_LOOP('',(#5763,#5764,#5765,#5788));
#5763 = ORIENTED_EDGE('',*,*,#5667,.F.);
#5764 = ORIENTED_EDGE('',*,*,#5298,.T.);
#5765 = ORIENTED_EDGE('',*,*,#5766,.T.);
#5766 = EDGE_CURVE('',#5299,#5767,#5769,.T.);
#5767 = VERTEX_POINT('',#5768);
#5768 = CARTESIAN_POINT('',(13.,56.,9.));
#5769 = SURFACE_CURVE('',#5770,(#5774,#5781),.PCURVE_S1.);
#5770 = LINE('',#5771,#5772);
#5771 = CARTESIAN_POINT('',(13.,56.,-1.));
#5772 = VECTOR('',#5773,1.);
#5773 = DIRECTION('',(0.,0.,1.));
#5774 = PCURVE('',#5313,#5775);
#5775 = DEFINITIONAL_REPRESENTATION('',(#5776),#5780);
#5776 = LINE('',#5777,#5778);
#5777 = CARTESIAN_POINT('',(0.,-41.));
#5778 = VECTOR('',#5779,1.);
#5779 = DIRECTION('',(1.,0.));
#5780 = ( GEOMETRIC_REPRESENTATION_CONTEXT(2) 
PARAMETRIC_REPRESENTATION_CONTEXT() REPRESENTATION_CONTEXT('2D SPACE',''
  ) );
#5781 = PCURVE('',#5339,#5782);
#5782 = DEFINITIONAL_REPRESENTATION('',(#5783),#5787);
#5783 = LINE('',#5784,#5785);
#5784 = CARTESIAN_POINT('',(0.,0.));
#5785 = VECTOR('',#5786,1.);
#5786 = DIRECTION('',(1.,0.));
#5787 = ( GEOMETRIC_REPRESENTATION_CONTEXT(2) 
PARAMETRIC_REPRESENTATION_CONTEXT() REPRESENTATION_CONTEXT('2D SPACE',''
  ) );
#5788 = ORIENTED_EDGE('',*,*,#5789,.F.);
#5789 = EDGE_CURVE('',#5668,#5767,#5790,.T.);
#5790 = SURFACE_CURVE('',#5791,(#5795,#5801),.PCURVE_S1.);
#5791 = LINE('',#5792,#5793);
#5792 = CARTESIAN_POINT('',(13.,8.75,9.));
#5793 = VECTOR('',#5794,1.);
#5794 = DIRECTION('',(-0.,1.,0.));
#5795 = PCURVE('',#5313,#5796);
#5796 = DEFINITIONAL_REPRESENTATION('',(#5797),#5800);
#5797 = B_SPLINE_CURVE_WITH_KNOTS('',1,(#5798,#5799),.UNSPECIFIED.,.F.,
  .F.,(2,2),(6.25,47.25),.PIECEWISE_BEZIER_KNOTS.);
#5798 = CARTESIAN_POINT('',(10.,0.));
#5799 = CARTESIAN_POINT('',(10.,-41.));
#5800 = ( GEOMETRIC_REPRESENTATION_CONTEXT(2) 
PARAMETRIC_REPRESENTATION_CONTEXT() REPRESENTATION_CONTEXT('2D SPACE',''
  ) );
#5801 = PCURVE('',#5703,#5802);
#5802 = DEFINITIONAL_REPRESENTATION('',(#5803),#5806);
#5803 = B_SPLINE_CURVE_WITH_KNOTS('',1,(#5804,#5805),.UNSPECIFIED.,.F.,
  .F.,(2,2),(6.25,47.25),.PIECEWISE_BEZIER_KNOTS.);
#5804 = CARTESIAN_POINT('',(13.,12.5));
#5805 = CARTESIAN_POINT('',(13.,53.5));
#5806 = ( GEOMETRIC_REPRESENTATION_CONTEXT(2) 
PARAMETRIC_REPRESENTATION_CONTEXT() REPRESENTATION_CONTEXT('2D SPACE',''
  ) );
#5807 = ADVANCED_FACE('',(#5808),#5339,.T.);
#5808 = FACE_BOUND('',#5809,.T.);
#5809 = EDGE_LOOP('',(#5810,#5811,#5812,#5813));
#5810 = ORIENTED_EDGE('',*,*,#5719,.F.);
#5811 = ORIENTED_EDGE('',*,*,#5324,.T.);
#5812 = ORIENTED_EDGE('',*,*,#5766,.T.);
#5813 = ORIENTED_EDGE('',*,*,#5814,.F.);
#5814 = EDGE_CURVE('',#5720,#5767,#5815,.T.);
#5815 = SURFACE_CURVE('',#5816,(#5820,#5826),.PCURVE_S1.);
#5816 = LINE('',#5817,#5818);
#5817 = CARTESIAN_POINT('',(6.5,56.,9.));
#5818 = VECTOR('',#5819,1.);
#5819 = DIRECTION('',(-1.,-0.,0.));
#5820 = PCURVE('',#5339,#5821);
#5821 = DEFINITIONAL_REPRESENTATION('',(#5822),#5825);
#5822 = B_SPLINE_CURVE_WITH_KNOTS('',1,(#5823,#5824),.UNSPECIFIED.,.F.,
  .F.,(2,2),(-30.5,-6.5),.PIECEWISE_BEZIER_KNOTS.);
#5823 = CARTESIAN_POINT('',(10.,24.));
#5824 = CARTESIAN_POINT('',(10.,0.));
#5825 = ( GEOMETRIC_REPRESENTATION_CONTEXT(2) 
PARAMETRIC_REPRESENTATION_CONTEXT() REPRESENTATION_CONTEXT('2D SPACE',''
  ) );
#5826 = PCURVE('',#5703,#5827);
#5827 = DEFINITIONAL_REPRESENTATION('',(#5828),#5831);
#5828 = B_SPLINE_CURVE_WITH_KNOTS('',1,(#5829,#5830),.UNSPECIFIED.,.F.,
  .F.,(2,2),(-30.5,-6.5),.PIECEWISE_BEZIER_KNOTS.);
#5829 = CARTESIAN_POINT('',(37.,53.5));
#5830 = CARTESIAN_POINT('',(13.,53.5));
#5831 = ( GEOMETRIC_REPRESENTATION_CONTEXT(2) 
PARAMETRIC_REPRESENTATION_CONTEXT() REPRESENTATION_CONTEXT('2D SPACE',''
  ) );
#5832 = ADVANCED_FACE('',(#5833),#5411,.F.);
#5833 = FACE_BOUND('',#5834,.F.);
#5834 = EDGE_LOOP('',(#5835,#5858,#5859,#5882));
#5835 = ORIENTED_EDGE('',*,*,#5836,.F.);
#5836 = EDGE_CURVE('',#5395,#5837,#5839,.T.);
#5837 = VERTEX_POINT('',#5838);
#5838 = CARTESIAN_POINT('',(159.,15.,9.));
#5839 = SURFACE_CURVE('',#5840,(#5844,#5851),.PCURVE_S1.);
#5840 = LINE('',#5841,#5842);
#5841 = CARTESIAN_POINT('',(159.,15.,-1.));
#5842 = VECTOR('',#5843,1.);
#5843 = DIRECTION('',(0.,0.,1.));
#5844 = PCURVE('',#5411,#5845);
#5845 = DEFINITIONAL_REPRESENTATION('',(#5846),#5850);
#5846 = LINE('',#5847,#5848);
#5847 = CARTESIAN_POINT('',(0.,24.));
#5848 = VECTOR('',#5849,1.);
#5849 = DIRECTION('',(1.,0.));
#5850 = ( GEOMETRIC_REPRESENTATION_CONTEXT(2) 
PARAMETRIC_REPRESENTATION_CONTEXT() REPRESENTATION_CONTEXT('2D SPACE',''
  ) );
#5851 = PCURVE('',#5487,#5852);
#5852 = DEFINITIONAL_REPRESENTATION('',(#5853),#5857);
#5853 = LINE('',#5854,#5855);
#5854 = CARTESIAN_POINT('',(0.,0.));
#5855 = VECTOR('',#5856,1.);
#5856 = DIRECTION('',(1.,0.));
#5857 = ( GEOMETRIC_REPRESENTATION_CONTEXT(2) 
PARAMETRIC_REPRESENTATION_CONTEXT() REPRESENTATION_CONTEXT('2D SPACE',''
  ) );
#5858 = ORIENTED_EDGE('',*,*,#5394,.T.);
#5859 = ORIENTED_EDGE('',*,*,#5860,.T.);
#5860 = EDGE_CURVE('',#5397,#5861,#5863,.T.);
#5861 = VERTEX_POINT('',#5862);
#5862 = CARTESIAN_POINT('',(135.,15.,9.));
#5863 = SURFACE_CURVE('',#5864,(#5868,#5875),.PCURVE_S1.);
#5864 = LINE('',#5865,#5866);
#5865 = CARTESIAN_POINT('',(135.,15.,-1.));
#5866 = VECTOR('',#5867,1.);
#5867 = DIRECTION('',(0.,0.,1.));
#5868 = PCURVE('',#5411,#5869);
#5869 = DEFINITIONAL_REPRESENTATION('',(#5870),#5874);
#5870 = LINE('',#5871,#5872);
#5871 = CARTESIAN_POINT('',(0.,0.));
#5872 = VECTOR('',#5873,1.);
#5873 = DIRECTION('',(1.,0.));
#5874 = ( GEOMETRIC_REPRESENTATION_CONTEXT(2) 
PARAMETRIC_REPRESENTATION_CONTEXT() REPRESENTATION_CONTEXT('2D SPACE',''
  ) );
#5875 = PCURVE('',#5437,#5876);
#5876 = DEFINITIONAL_REPRESENTATION('',(#5877),#5881);
#5877 = LINE('',#5878,#5879);
#5878 = CARTESIAN_POINT('',(0.,0.));
#5879 = VECTOR('',#5880,1.);
#5880 = DIRECTION('',(1.,0.));
#5881 = ( GEOMETRIC_REPRESENTATION_CONTEXT(2) 
PARAMETRIC_REPRESENTATION_CONTEXT() REPRESENTATION_CONTEXT('2D SPACE',''
  ) );
#5882 = ORIENTED_EDGE('',*,*,#5883,.F.);
#5883 = EDGE_CURVE('',#5837,#5861,#5884,.T.);
#5884 = SURFACE_CURVE('',#5885,(#5889,#5895),.PCURVE_S1.);
#5885 = LINE('',#5886,#5887);
#5886 = CARTESIAN_POINT('',(67.5,15.,9.));
#5887 = VECTOR('',#5888,1.);
#5888 = DIRECTION('',(-1.,-0.,0.));
#5889 = PCURVE('',#5411,#5890);
#5890 = DEFINITIONAL_REPRESENTATION('',(#5891),#5894);
#5891 = B_SPLINE_CURVE_WITH_KNOTS('',1,(#5892,#5893),.UNSPECIFIED.,.F.,
  .F.,(2,2),(-91.5,-67.5),.PIECEWISE_BEZIER_KNOTS.);
#5892 = CARTESIAN_POINT('',(10.,24.));
#5893 = CARTESIAN_POINT('',(10.,0.));
#5894 = ( GEOMETRIC_REPRESENTATION_CONTEXT(2) 
PARAMETRIC_REPRESENTATION_CONTEXT() REPRESENTATION_CONTEXT('2D SPACE',''
  ) );
#5895 = PCURVE('',#5896,#5901);
#5896 = PLANE('',#5897);
#5897 = AXIS2_PLACEMENT_3D('',#5898,#5899,#5900);
#5898 = CARTESIAN_POINT('',(0.,2.5,9.));
#5899 = DIRECTION('',(0.,0.,1.));
#5900 = DIRECTION('',(1.,0.,0.));
#5901 = DEFINITIONAL_REPRESENTATION('',(#5902),#5905);
#5902 = B_SPLINE_CURVE_WITH_KNOTS('',1,(#5903,#5904),.UNSPECIFIED.,.F.,
  .F.,(2,2),(-91.5,-67.5),.PIECEWISE_BEZIER_KNOTS.);
#5903 = CARTESIAN_POINT('',(159.,12.5));
#5904 = CARTESIAN_POINT('',(135.,12.5));
#5905 = ( GEOMETRIC_REPRESENTATION_CONTEXT(2) 
PARAMETRIC_REPRESENTATION_CONTEXT() REPRESENTATION_CONTEXT('2D SPACE',''
  ) );
#5906 = ADVANCED_FACE('',(#5907),#5487,.T.);
#5907 = FACE_BOUND('',#5908,.T.);
#5908 = EDGE_LOOP('',(#5909,#5910,#5911,#5934));
#5909 = ORIENTED_EDGE('',*,*,#5836,.F.);
#5910 = ORIENTED_EDGE('',*,*,#5474,.T.);
#5911 = ORIENTED_EDGE('',*,*,#5912,.T.);
#5912 = EDGE_CURVE('',#5449,#5913,#5915,.T.);
#5913 = VERTEX_POINT('',#5914);
#5914 = CARTESIAN_POINT('',(159.,56.,9.));
#5915 = SURFACE_CURVE('',#5916,(#5920,#5927),.PCURVE_S1.);
#5916 = LINE('',#5917,#5918);
#5917 = CARTESIAN_POINT('',(159.,56.,-1.));
#5918 = VECTOR('',#5919,1.);
#5919 = DIRECTION('',(0.,0.,1.));
#5920 = PCURVE('',#5487,#5921);
#5921 = DEFINITIONAL_REPRESENTATION('',(#5922),#5926);
#5922 = LINE('',#5923,#5924);
#5923 = CARTESIAN_POINT('',(0.,-41.));
#5924 = VECTOR('',#5925,1.);
#5925 = DIRECTION('',(1.,0.));
#5926 = ( GEOMETRIC_REPRESENTATION_CONTEXT(2) 
PARAMETRIC_REPRESENTATION_CONTEXT() REPRESENTATION_CONTEXT('2D SPACE',''
  ) );
#5927 = PCURVE('',#5463,#5928);
#5928 = DEFINITIONAL_REPRESENTATION('',(#5929),#5933);
#5929 = LINE('',#5930,#5931);
#5930 = CARTESIAN_POINT('',(0.,24.));
#5931 = VECTOR('',#5932,1.);
#5932 = DIRECTION('',(1.,0.));
#5933 = ( GEOMETRIC_REPRESENTATION_CONTEXT(2) 
PARAMETRIC_REPRESENTATION_CONTEXT() REPRESENTATION_CONTEXT('2D SPACE',''
  ) );
#5934 = ORIENTED_EDGE('',*,*,#5935,.F.);
#5935 = EDGE_CURVE('',#5837,#5913,#5936,.T.);
#5936 = SURFACE_CURVE('',#5937,(#5941,#5947),.PCURVE_S1.);
#5937 = LINE('',#5938,#5939);
#5938 = CARTESIAN_POINT('',(159.,8.75,9.));
#5939 = VECTOR('',#5940,1.);
#5940 = DIRECTION('',(-0.,1.,0.));
#5941 = PCURVE('',#5487,#5942);
#5942 = DEFINITIONAL_REPRESENTATION('',(#5943),#5946);
#5943 = B_SPLINE_CURVE_WITH_KNOTS('',1,(#5944,#5945),.UNSPECIFIED.,.F.,
  .F.,(2,2),(6.25,47.25),.PIECEWISE_BEZIER_KNOTS.);
#5944 = CARTESIAN_POINT('',(10.,0.));
#5945 = CARTESIAN_POINT('',(10.,-41.));
#5946 = ( GEOMETRIC_REPRESENTATION_CONTEXT(2) 
PARAMETRIC_REPRESENTATION_CONTEXT() REPRESENTATION_CONTEXT('2D SPACE',''
  ) );
#5947 = PCURVE('',#5896,#5948);
#5948 = DEFINITIONAL_REPRESENTATION('',(#5949),#5952);
#5949 = B_SPLINE_CURVE_WITH_KNOTS('',1,(#5950,#5951),.UNSPECIFIED.,.F.,
  .F.,(2,2),(6.25,47.25),.PIECEWISE_BEZIER_KNOTS.);
#5950 = CARTESIAN_POINT('',(159.,12.5));
#5951 = CARTESIAN_POINT('',(159.,53.5));
#5952 = ( GEOMETRIC_REPRESENTATION_CONTEXT(2) 
PARAMETRIC_REPRESENTATION_CONTEXT() REPRESENTATION_CONTEXT('2D SPACE',''
  ) );
#5953 = ADVANCED_FACE('',(#5954),#5437,.F.);
#5954 = FACE_BOUND('',#5955,.F.);
#5955 = EDGE_LOOP('',(#5956,#5957,#5958,#5981));
#5956 = ORIENTED_EDGE('',*,*,#5860,.F.);
#5957 = ORIENTED_EDGE('',*,*,#5422,.T.);
#5958 = ORIENTED_EDGE('',*,*,#5959,.T.);
#5959 = EDGE_CURVE('',#5423,#5960,#5962,.T.);
#5960 = VERTEX_POINT('',#5961);
#5961 = CARTESIAN_POINT('',(135.,56.,9.));
#5962 = SURFACE_CURVE('',#5963,(#5967,#5974),.PCURVE_S1.);
#5963 = LINE('',#5964,#5965);
#5964 = CARTESIAN_POINT('',(135.,56.,-1.));
#5965 = VECTOR('',#5966,1.);
#5966 = DIRECTION('',(0.,0.,1.));
#5967 = PCURVE('',#5437,#5968);
#5968 = DEFINITIONAL_REPRESENTATION('',(#5969),#5973);
#5969 = LINE('',#5970,#5971);
#5970 = CARTESIAN_POINT('',(0.,-41.));
#5971 = VECTOR('',#5972,1.);
#5972 = DIRECTION('',(1.,0.));
#5973 = ( GEOMETRIC_REPRESENTATION_CONTEXT(2) 
PARAMETRIC_REPRESENTATION_CONTEXT() REPRESENTATION_CONTEXT('2D SPACE',''
  ) );
#5974 = PCURVE('',#5463,#5975);
#5975 = DEFINITIONAL_REPRESENTATION('',(#5976),#5980);
#5976 = LINE('',#5977,#5978);
#5977 = CARTESIAN_POINT('',(0.,0.));
#5978 = VECTOR('',#5979,1.);
#5979 = DIRECTION('',(1.,0.));
#5980 = ( GEOMETRIC_REPRESENTATION_CONTEXT(2) 
PARAMETRIC_REPRESENTATION_CONTEXT() REPRESENTATION_CONTEXT('2D SPACE',''
  ) );
#5981 = ORIENTED_EDGE('',*,*,#5982,.F.);
#5982 = EDGE_CURVE('',#5861,#5960,#5983,.T.);
#5983 = SURFACE_CURVE('',#5984,(#5988,#5994),.PCURVE_S1.);
#5984 = LINE('',#5985,#5986);
#5985 = CARTESIAN_POINT('',(135.,8.75,9.));
#5986 = VECTOR('',#5987,1.);
#5987 = DIRECTION('',(-0.,1.,0.));
#5988 = PCURVE('',#5437,#5989);
#5989 = DEFINITIONAL_REPRESENTATION('',(#5990),#5993);
#5990 = B_SPLINE_CURVE_WITH_KNOTS('',1,(#5991,#5992),.UNSPECIFIED.,.F.,
  .F.,(2,2),(6.25,47.25),.PIECEWISE_BEZIER_KNOTS.);
#5991 = CARTESIAN_POINT('',(10.,0.));
#5992 = CARTESIAN_POINT('',(10.,-41.));
#5993 = ( GEOMETRIC_REPRESENTATION_CONTEXT(2) 
PARAMETRIC_REPRESENTATION_CONTEXT() REPRESENTATION_CONTEXT('2D SPACE',''
  ) );
#5994 = PCURVE('',#5896,#5995);
#5995 = DEFINITIONAL_REPRESENTATION('',(#5996),#5999);
#5996 = B_SPLINE_CURVE_WITH_KNOTS('',1,(#5997,#5998),.UNSPECIFIED.,.F.,
  .F.,(2,2),(6.25,47.25),.PIECEWISE_BEZIER_KNOTS.);
#5997 = CARTESIAN_POINT('',(135.,12.5));
#5998 = CARTESIAN_POINT('',(135.,53.5));
#5999 = ( GEOMETRIC_REPRESENTATION_CONTEXT(2) 
PARAMETRIC_REPRESENTATION_CONTEXT() REPRESENTATION_CONTEXT('2D SPACE',''
  ) );
#6000 = ADVANCED_FACE('',(#6001),#5463,.T.);
#6001 = FACE_BOUND('',#6002,.T.);
#6002 = EDGE_LOOP('',(#6003,#6004,#6005,#6006));
#6003 = ORIENTED_EDGE('',*,*,#5912,.F.);
#6004 = ORIENTED_EDGE('',*,*,#5448,.T.);
#6005 = ORIENTED_EDGE('',*,*,#5959,.T.);
#6006 = ORIENTED_EDGE('',*,*,#6007,.F.);
#6007 = EDGE_CURVE('',#5913,#5960,#6008,.T.);
#6008 = SURFACE_CURVE('',#6009,(#6013,#6019),.PCURVE_S1.);
#6009 = LINE('',#6010,#6011);
#6010 = CARTESIAN_POINT('',(67.5,56.,9.));
#6011 = VECTOR('',#6012,1.);
#6012 = DIRECTION('',(-1.,-0.,0.));
#6013 = PCURVE('',#5463,#6014);
#6014 = DEFINITIONAL_REPRESENTATION('',(#6015),#6018);
#6015 = B_SPLINE_CURVE_WITH_KNOTS('',1,(#6016,#6017),.UNSPECIFIED.,.F.,
  .F.,(2,2),(-91.5,-67.5),.PIECEWISE_BEZIER_KNOTS.);
#6016 = CARTESIAN_POINT('',(10.,24.));
#6017 = CARTESIAN_POINT('',(10.,0.));
#6018 = ( GEOMETRIC_REPRESENTATION_CONTEXT(2) 
PARAMETRIC_REPRESENTATION_CONTEXT() REPRESENTATION_CONTEXT('2D SPACE',''
  ) );
#6019 = PCURVE('',#5896,#6020);
#6020 = DEFINITIONAL_REPRESENTATION('',(#6021),#6024);
#6021 = B_SPLINE_CURVE_WITH_KNOTS('',1,(#6022,#6023),.UNSPECIFIED.,.F.,
  .F.,(2,2),(-91.5,-67.5),.PIECEWISE_BEZIER_KNOTS.);
#6022 = CARTESIAN_POINT('',(159.,53.5));
#6023 = CARTESIAN_POINT('',(135.,53.5));
#6024 = ( GEOMETRIC_REPRESENTATION_CONTEXT(2) 
PARAMETRIC_REPRESENTATION_CONTEXT() REPRESENTATION_CONTEXT('2D SPACE',''
  ) );
#6025 = ADVANCED_FACE('',(#6026),#5553,.F.);
#6026 = FACE_BOUND('',#6027,.F.);
#6027 = EDGE_LOOP('',(#6028,#6051,#6052,#6075));
#6028 = ORIENTED_EDGE('',*,*,#6029,.F.);
#6029 = EDGE_CURVE('',#5537,#6030,#6032,.T.);
#6030 = VERTEX_POINT('',#6031);
#6031 = CARTESIAN_POINT('',(158.,90.,9.));
#6032 = SURFACE_CURVE('',#6033,(#6037,#6044),.PCURVE_S1.);
#6033 = LINE('',#6034,#6035);
#6034 = CARTESIAN_POINT('',(158.,90.,-1.));
#6035 = VECTOR('',#6036,1.);
#6036 = DIRECTION('',(0.,0.,1.));
#6037 = PCURVE('',#5553,#6038);
#6038 = DEFINITIONAL_REPRESENTATION('',(#6039),#6043);
#6039 = LINE('',#6040,#6041);
#6040 = CARTESIAN_POINT('',(0.,28.));
#6041 = VECTOR('',#6042,1.);
#6042 = DIRECTION('',(1.,0.));
#6043 = ( GEOMETRIC_REPRESENTATION_CONTEXT(2) 
PARAMETRIC_REPRESENTATION_CONTEXT() REPRESENTATION_CONTEXT('2D SPACE',''
  ) );
#6044 = PCURVE('',#5629,#6045);
#6045 = DEFINITIONAL_REPRESENTATION('',(#6046),#6050);
#6046 = LINE('',#6047,#6048);
#6047 = CARTESIAN_POINT('',(0.,0.));
#6048 = VECTOR('',#6049,1.);
#6049 = DIRECTION('',(1.,0.));
#6050 = ( GEOMETRIC_REPRESENTATION_CONTEXT(2) 
PARAMETRIC_REPRESENTATION_CONTEXT() REPRESENTATION_CONTEXT('2D SPACE',''
  ) );
#6051 = ORIENTED_EDGE('',*,*,#5536,.T.);
#6052 = ORIENTED_EDGE('',*,*,#6053,.T.);
#6053 = EDGE_CURVE('',#5539,#6054,#6056,.T.);
#6054 = VERTEX_POINT('',#6055);
#6055 = CARTESIAN_POINT('',(130.,90.,9.));
#6056 = SURFACE_CURVE('',#6057,(#6061,#6068),.PCURVE_S1.);
#6057 = LINE('',#6058,#6059);
#6058 = CARTESIAN_POINT('',(130.,90.,-1.));
#6059 = VECTOR('',#6060,1.);
#6060 = DIRECTION('',(0.,0.,1.));
#6061 = PCURVE('',#5553,#6062);
#6062 = DEFINITIONAL_REPRESENTATION('',(#6063),#6067);
#6063 = LINE('',#6064,#6065);
#6064 = CARTESIAN_POINT('',(0.,0.));
#6065 = VECTOR('',#6066,1.);
#6066 = DIRECTION('',(1.,0.));
#6067 = ( GEOMETRIC_REPRESENTATION_CONTEXT(2) 
PARAMETRIC_REPRESENTATION_CONTEXT() REPRESENTATION_CONTEXT('2D SPACE',''
  ) );
#6068 = PCURVE('',#5579,#6069);
#6069 = DEFINITIONAL_REPRESENTATION('',(#6070),#6074);
#6070 = LINE('',#6071,#6072);
#6071 = CARTESIAN_POINT('',(0.,0.));
#6072 = VECTOR('',#6073,1.);
#6073 = DIRECTION('',(1.,0.));
#6074 = ( GEOMETRIC_REPRESENTATION_CONTEXT(2) 
PARAMETRIC_REPRESENTATION_CONTEXT() REPRESENTATION_CONTEXT('2D SPACE',''
  ) );
#6075 = ORIENTED_EDGE('',*,*,#6076,.F.);
#6076 = EDGE_CURVE('',#6030,#6054,#6077,.T.);
#6077 = SURFACE_CURVE('',#6078,(#6082,#6088),.PCURVE_S1.);
#6078 = LINE('',#6079,#6080);
#6079 = CARTESIAN_POINT('',(65.,90.,9.));
#6080 = VECTOR('',#6081,1.);
#6081 = DIRECTION('',(-1.,-0.,0.));
#6082 = PCURVE('',#5553,#6083);
#6083 = DEFINITIONAL_REPRESENTATION('',(#6084),#6087);
#6084 = B_SPLINE_CURVE_WITH_KNOTS('',1,(#6085,#6086),.UNSPECIFIED.,.F.,
  .F.,(2,2),(-93.,-65.),.PIECEWISE_BEZIER_KNOTS.);
#6085 = CARTESIAN_POINT('',(10.,28.));
#6086 = CARTESIAN_POINT('',(10.,0.));
#6087 = ( GEOMETRIC_REPRESENTATION_CONTEXT(2) 
PARAMETRIC_REPRESENTATION_CONTEXT() REPRESENTATION_CONTEXT('2D SPACE',''
  ) );
#6088 = PCURVE('',#6089,#6094);
#6089 = PLANE('',#6090);
#6090 = AXIS2_PLACEMENT_3D('',#6091,#6092,#6093);
#6091 = CARTESIAN_POINT('',(0.,2.5,9.));
#6092 = DIRECTION('',(0.,0.,1.));
#6093 = DIRECTION('',(1.,0.,0.));
#6094 = DEFINITIONAL_REPRESENTATION('',(#6095),#6098);
#6095 = B_SPLINE_CURVE_WITH_KNOTS('',1,(#6096,#6097),.UNSPECIFIED.,.F.,
  .F.,(2,2),(-93.,-65.),.PIECEWISE_BEZIER_KNOTS.);
#6096 = CARTESIAN_POINT('',(158.,87.5));
#6097 = CARTESIAN_POINT('',(130.,87.5));
#6098 = ( GEOMETRIC_REPRESENTATION_CONTEXT(2) 
PARAMETRIC_REPRESENTATION_CONTEXT() REPRESENTATION_CONTEXT('2D SPACE',''
  ) );
#6099 = ADVANCED_FACE('',(#6100),#5629,.T.);
#6100 = FACE_BOUND('',#6101,.T.);
#6101 = EDGE_LOOP('',(#6102,#6103,#6104,#6127));
#6102 = ORIENTED_EDGE('',*,*,#6029,.F.);
#6103 = ORIENTED_EDGE('',*,*,#5616,.T.);
#6104 = ORIENTED_EDGE('',*,*,#6105,.T.);
#6105 = EDGE_CURVE('',#5591,#6106,#6108,.T.);
#6106 = VERTEX_POINT('',#6107);
#6107 = CARTESIAN_POINT('',(158.,124.,9.));
#6108 = SURFACE_CURVE('',#6109,(#6113,#6120),.PCURVE_S1.);
#6109 = LINE('',#6110,#6111);
#6110 = CARTESIAN_POINT('',(158.,124.,-1.));
#6111 = VECTOR('',#6112,1.);
#6112 = DIRECTION('',(0.,0.,1.));
#6113 = PCURVE('',#5629,#6114);
#6114 = DEFINITIONAL_REPRESENTATION('',(#6115),#6119);
#6115 = LINE('',#6116,#6117);
#6116 = CARTESIAN_POINT('',(0.,-34.));
#6117 = VECTOR('',#6118,1.);
#6118 = DIRECTION('',(1.,0.));
#6119 = ( GEOMETRIC_REPRESENTATION_CONTEXT(2) 
PARAMETRIC_REPRESENTATION_CONTEXT() REPRESENTATION_CONTEXT('2D SPACE',''
  ) );
#6120 = PCURVE('',#5605,#6121);
#6121 = DEFINITIONAL_REPRESENTATION('',(#6122),#6126);
#6122 = LINE('',#6123,#6124);
#6123 = CARTESIAN_POINT('',(0.,28.));
#6124 = VECTOR('',#6125,1.);
#6125 = DIRECTION('',(1.,0.));
#6126 = ( GEOMETRIC_REPRESENTATION_CONTEXT(2) 
PARAMETRIC_REPRESENTATION_CONTEXT() REPRESENTATION_CONTEXT('2D SPACE',''
  ) );
#6127 = ORIENTED_EDGE('',*,*,#6128,.F.);
#6128 = EDGE_CURVE('',#6030,#6106,#6129,.T.);
#6129 = SURFACE_CURVE('',#6130,(#6134,#6140),.PCURVE_S1.);
#6130 = LINE('',#6131,#6132);
#6131 = CARTESIAN_POINT('',(158.,46.25,9.));
#6132 = VECTOR('',#6133,1.);
#6133 = DIRECTION('',(-0.,1.,0.));
#6134 = PCURVE('',#5629,#6135);
#6135 = DEFINITIONAL_REPRESENTATION('',(#6136),#6139);
#6136 = B_SPLINE_CURVE_WITH_KNOTS('',1,(#6137,#6138),.UNSPECIFIED.,.F.,
  .F.,(2,2),(43.75,77.75),.PIECEWISE_BEZIER_KNOTS.);
#6137 = CARTESIAN_POINT('',(10.,0.));
#6138 = CARTESIAN_POINT('',(10.,-34.));
#6139 = ( GEOMETRIC_REPRESENTATION_CONTEXT(2) 
PARAMETRIC_REPRESENTATION_CONTEXT() REPRESENTATION_CONTEXT('2D SPACE',''
  ) );
#6140 = PCURVE('',#6089,#6141);
#6141 = DEFINITIONAL_REPRESENTATION('',(#6142),#6145);
#6142 = B_SPLINE_CURVE_WITH_KNOTS('',1,(#6143,#6144),.UNSPECIFIED.,.F.,
  .F.,(2,2),(43.75,77.75),.PIECEWISE_BEZIER_KNOTS.);
#6143 = CARTESIAN_POINT('',(158.,87.5));
#6144 = CARTESIAN_POINT('',(158.,121.5));
#6145 = ( GEOMETRIC_REPRESENTATION_CONTEXT(2) 
PARAMETRIC_REPRESENTATION_CONTEXT() REPRESENTATION_CONTEXT('2D SPACE',''
  ) );
#6146 = ADVANCED_FACE('',(#6147),#5579,.F.);
#6147 = FACE_BOUND('',#6148,.F.);
#6148 = EDGE_LOOP('',(#6149,#6150,#6151,#6174));
#6149 = ORIENTED_EDGE('',*,*,#6053,.F.);
#6150 = ORIENTED_EDGE('',*,*,#5564,.T.);
#6151 = ORIENTED_EDGE('',*,*,#6152,.T.);
#6152 = EDGE_CURVE('',#5565,#6153,#6155,.T.);
#6153 = VERTEX_POINT('',#6154);
#6154 = CARTESIAN_POINT('',(130.,124.,9.));
#6155 = SURFACE_CURVE('',#6156,(#6160,#6167),.PCURVE_S1.);
#6156 = LINE('',#6157,#6158);
#6157 = CARTESIAN_POINT('',(130.,124.,-1.));
#6158 = VECTOR('',#6159,1.);
#6159 = DIRECTION('',(0.,0.,1.));
#6160 = PCURVE('',#5579,#6161);
#6161 = DEFINITIONAL_REPRESENTATION('',(#6162),#6166);
#6162 = LINE('',#6163,#6164);
#6163 = CARTESIAN_POINT('',(0.,-34.));
#6164 = VECTOR('',#6165,1.);
#6165 = DIRECTION('',(1.,0.));
#6166 = ( GEOMETRIC_REPRESENTATION_CONTEXT(2) 
PARAMETRIC_REPRESENTATION_CONTEXT() REPRESENTATION_CONTEXT('2D SPACE',''
  ) );
#6167 = PCURVE('',#5605,#6168);
#6168 = DEFINITIONAL_REPRESENTATION('',(#6169),#6173);
#6169 = LINE('',#6170,#6171);
#6170 = CARTESIAN_POINT('',(0.,0.));
#6171 = VECTOR('',#6172,1.);
#6172 = DIRECTION('',(1.,0.));
#6173 = ( GEOMETRIC_REPRESENTATION_CONTEXT(2) 
PARAMETRIC_REPRESENTATION_CONTEXT() REPRESENTATION_CONTEXT('2D SPACE',''
  ) );
#6174 = ORIENTED_EDGE('',*,*,#6175,.F.);
#6175 = EDGE_CURVE('',#6054,#6153,#6176,.T.);
#6176 = SURFACE_CURVE('',#6177,(#6181,#6187),.PCURVE_S1.);
#6177 = LINE('',#6178,#6179);
#6178 = CARTESIAN_POINT('',(130.,46.25,9.));
#6179 = VECTOR('',#6180,1.);
#6180 = DIRECTION('',(-0.,1.,0.));
#6181 = PCURVE('',#5579,#6182);
#6182 = DEFINITIONAL_REPRESENTATION('',(#6183),#6186);
#6183 = B_SPLINE_CURVE_WITH_KNOTS('',1,(#6184,#6185),.UNSPECIFIED.,.F.,
  .F.,(2,2),(43.75,77.75),.PIECEWISE_BEZIER_KNOTS.);
#6184 = CARTESIAN_POINT('',(10.,0.));
#6185 = CARTESIAN_POINT('',(10.,-34.));
#6186 = ( GEOMETRIC_REPRESENTATION_CONTEXT(2) 
PARAMETRIC_REPRESENTATION_CONTEXT() REPRESENTATION_CONTEXT('2D SPACE',''
  ) );
#6187 = PCURVE('',#6089,#6188);
#6188 = DEFINITIONAL_REPRESENTATION('',(#6189),#6192);
#6189 = B_SPLINE_CURVE_WITH_KNOTS('',1,(#6190,#6191),.UNSPECIFIED.,.F.,
  .F.,(2,2),(43.75,77.75),.PIECEWISE_BEZIER_KNOTS.);
#6190 = CARTESIAN_POINT('',(130.,87.5));
#6191 = CARTESIAN_POINT('',(130.,121.5));
#6192 = ( GEOMETRIC_REPRESENTATION_CONTEXT(2) 
PARAMETRIC_REPRESENTATION_CONTEXT() REPRESENTATION_CONTEXT('2D SPACE',''
  ) );
#6193 = ADVANCED_FACE('',(#6194),#5605,.T.);
#6194 = FACE_BOUND('',#6195,.T.);
#6195 = EDGE_LOOP('',(#6196,#6197,#6198,#6199));
#6196 = ORIENTED_EDGE('',*,*,#6105,.F.);
#6197 = ORIENTED_EDGE('',*,*,#5590,.T.);
#6198 = ORIENTED_EDGE('',*,*,#6152,.T.);
#6199 = ORIENTED_EDGE('',*,*,#6200,.F.);
#6200 = EDGE_CURVE('',#6106,#6153,#6201,.T.);
#6201 = SURFACE_CURVE('',#6202,(#6206,#6212),.PCURVE_S1.);
#6202 = LINE('',#6203,#6204);
#6203 = CARTESIAN_POINT('',(65.,124.,9.));
#6204 = VECTOR('',#6205,1.);
#6205 = DIRECTION('',(-1.,-0.,0.));
#6206 = PCURVE('',#5605,#6207);
#6207 = DEFINITIONAL_REPRESENTATION('',(#6208),#6211);
#6208 = B_SPLINE_CURVE_WITH_KNOTS('',1,(#6209,#6210),.UNSPECIFIED.,.F.,
  .F.,(2,2),(-93.,-65.),.PIECEWISE_BEZIER_KNOTS.);
#6209 = CARTESIAN_POINT('',(10.,28.));
#6210 = CARTESIAN_POINT('',(10.,0.));
#6211 = ( GEOMETRIC_REPRESENTATION_CONTEXT(2) 
PARAMETRIC_REPRESENTATION_CONTEXT() REPRESENTATION_CONTEXT('2D SPACE',''
  ) );
#6212 = PCURVE('',#6089,#6213);
#6213 = DEFINITIONAL_REPRESENTATION('',(#6214),#6217);
#6214 = B_SPLINE_CURVE_WITH_KNOTS('',1,(#6215,#6216),.UNSPECIFIED.,.F.,
  .F.,(2,2),(-93.,-65.),.PIECEWISE_BEZIER_KNOTS.);
#6215 = CARTESIAN_POINT('',(158.,121.5));
#6216 = CARTESIAN_POINT('',(130.,121.5));
#6217 = ( GEOMETRIC_REPRESENTATION_CONTEXT(2) 
PARAMETRIC_REPRESENTATION_CONTEXT() REPRESENTATION_CONTEXT('2D SPACE',''
  ) );
#6218 = ADVANCED_FACE('',(#6219,#6225),#5703,.T.);
#6219 = FACE_BOUND('',#6220,.T.);
#6220 = EDGE_LOOP('',(#6221,#6222,#6223,#6224));
#6221 = ORIENTED_EDGE('',*,*,#5690,.F.);
#6222 = ORIENTED_EDGE('',*,*,#5742,.T.);
#6223 = ORIENTED_EDGE('',*,*,#5814,.T.);
#6224 = ORIENTED_EDGE('',*,*,#5789,.F.);
#6225 = FACE_BOUND('',#6226,.T.);
#6226 = EDGE_LOOP('',(#6227,#6257,#6285,#6313));
#6227 = ORIENTED_EDGE('',*,*,#6228,.T.);
#6228 = EDGE_CURVE('',#6229,#6231,#6233,.T.);
#6229 = VERTEX_POINT('',#6230);
#6230 = CARTESIAN_POINT('',(34.,18.,9.));
#6231 = VERTEX_POINT('',#6232);
#6232 = CARTESIAN_POINT('',(16.,18.,9.));
#6233 = SURFACE_CURVE('',#6234,(#6238,#6245),.PCURVE_S1.);
#6234 = LINE('',#6235,#6236);
#6235 = CARTESIAN_POINT('',(8.,18.,9.));
#6236 = VECTOR('',#6237,1.);
#6237 = DIRECTION('',(-1.,0.,0.));
#6238 = PCURVE('',#5703,#6239);
#6239 = DEFINITIONAL_REPRESENTATION('',(#6240),#6244);
#6240 = LINE('',#6241,#6242);
#6241 = CARTESIAN_POINT('',(8.,15.5));
#6242 = VECTOR('',#6243,1.);
#6243 = DIRECTION('',(-1.,0.));
#6244 = ( GEOMETRIC_REPRESENTATION_CONTEXT(2) 
PARAMETRIC_REPRESENTATION_CONTEXT() REPRESENTATION_CONTEXT('2D SPACE',''
  ) );
#6245 = PCURVE('',#6246,#6251);
#6246 = PLANE('',#6247);
#6247 = AXIS2_PLACEMENT_3D('',#6248,#6249,#6250);
#6248 = CARTESIAN_POINT('',(16.,18.,8.7));
#6249 = DIRECTION('',(0.,1.,0.));
#6250 = DIRECTION('',(0.,0.,1.));
#6251 = DEFINITIONAL_REPRESENTATION('',(#6252),#6256);
#6252 = LINE('',#6253,#6254);
#6253 = CARTESIAN_POINT('',(0.3,-8.));
#6254 = VECTOR('',#6255,1.);
#6255 = DIRECTION('',(0.,-1.));
#6256 = ( GEOMETRIC_REPRESENTATION_CONTEXT(2) 
PARAMETRIC_REPRESENTATION_CONTEXT() REPRESENTATION_CONTEXT('2D SPACE',''
  ) );
#6257 = ORIENTED_EDGE('',*,*,#6258,.T.);
#6258 = EDGE_CURVE('',#6231,#6259,#6261,.T.);
#6259 = VERTEX_POINT('',#6260);
#6260 = CARTESIAN_POINT('',(16.,53.,9.));
#6261 = SURFACE_CURVE('',#6262,(#6266,#6273),.PCURVE_S1.);
#6262 = LINE('',#6263,#6264);
#6263 = CARTESIAN_POINT('',(16.,10.25,9.));
#6264 = VECTOR('',#6265,1.);
#6265 = DIRECTION('',(0.,1.,0.));
#6266 = PCURVE('',#5703,#6267);
#6267 = DEFINITIONAL_REPRESENTATION('',(#6268),#6272);
#6268 = LINE('',#6269,#6270);
#6269 = CARTESIAN_POINT('',(16.,7.75));
#6270 = VECTOR('',#6271,1.);
#6271 = DIRECTION('',(0.,1.));
#6272 = ( GEOMETRIC_REPRESENTATION_CONTEXT(2) 
PARAMETRIC_REPRESENTATION_CONTEXT() REPRESENTATION_CONTEXT('2D SPACE',''
  ) );
#6273 = PCURVE('',#6274,#6279);
#6274 = PLANE('',#6275);
#6275 = AXIS2_PLACEMENT_3D('',#6276,#6277,#6278);
#6276 = CARTESIAN_POINT('',(16.,18.,8.7));
#6277 = DIRECTION('',(1.,0.,0.));
#6278 = DIRECTION('',(0.,0.,1.));
#6279 = DEFINITIONAL_REPRESENTATION('',(#6280),#6284);
#6280 = LINE('',#6281,#6282);
#6281 = CARTESIAN_POINT('',(0.3,7.75));
#6282 = VECTOR('',#6283,1.);
#6283 = DIRECTION('',(0.,-1.));
#6284 = ( GEOMETRIC_REPRESENTATION_CONTEXT(2) 
PARAMETRIC_REPRESENTATION_CONTEXT() REPRESENTATION_CONTEXT('2D SPACE',''
  ) );
#6285 = ORIENTED_EDGE('',*,*,#6286,.F.);
#6286 = EDGE_CURVE('',#6287,#6259,#6289,.T.);
#6287 = VERTEX_POINT('',#6288);
#6288 = CARTESIAN_POINT('',(34.,53.,9.));
#6289 = SURFACE_CURVE('',#6290,(#6294,#6301),.PCURVE_S1.);
#6290 = LINE('',#6291,#6292);
#6291 = CARTESIAN_POINT('',(8.,53.,9.));
#6292 = VECTOR('',#6293,1.);
#6293 = DIRECTION('',(-1.,0.,0.));
#6294 = PCURVE('',#5703,#6295);
#6295 = DEFINITIONAL_REPRESENTATION('',(#6296),#6300);
#6296 = LINE('',#6297,#6298);
#6297 = CARTESIAN_POINT('',(8.,50.5));
#6298 = VECTOR('',#6299,1.);
#6299 = DIRECTION('',(-1.,0.));
#6300 = ( GEOMETRIC_REPRESENTATION_CONTEXT(2) 
PARAMETRIC_REPRESENTATION_CONTEXT() REPRESENTATION_CONTEXT('2D SPACE',''
  ) );
#6301 = PCURVE('',#6302,#6307);
#6302 = PLANE('',#6303);
#6303 = AXIS2_PLACEMENT_3D('',#6304,#6305,#6306);
#6304 = CARTESIAN_POINT('',(16.,53.,8.7));
#6305 = DIRECTION('',(0.,1.,0.));
#6306 = DIRECTION('',(0.,0.,1.));
#6307 = DEFINITIONAL_REPRESENTATION('',(#6308),#6312);
#6308 = LINE('',#6309,#6310);
#6309 = CARTESIAN_POINT('',(0.3,-8.));
#6310 = VECTOR('',#6311,1.);
#6311 = DIRECTION('',(0.,-1.));
#6312 = ( GEOMETRIC_REPRESENTATION_CONTEXT(2) 
PARAMETRIC_REPRESENTATION_CONTEXT() REPRESENTATION_CONTEXT('2D SPACE',''
  ) );
#6313 = ORIENTED_EDGE('',*,*,#6314,.F.);
#6314 = EDGE_CURVE('',#6229,#6287,#6315,.T.);
#6315 = SURFACE_CURVE('',#6316,(#6320,#6327),.PCURVE_S1.);
#6316 = LINE('',#6317,#6318);
#6317 = CARTESIAN_POINT('',(34.,10.25,9.));
#6318 = VECTOR('',#6319,1.);
#6319 = DIRECTION('',(0.,1.,0.));
#6320 = PCURVE('',#5703,#6321);
#6321 = DEFINITIONAL_REPRESENTATION('',(#6322),#6326);
#6322 = LINE('',#6323,#6324);
#6323 = CARTESIAN_POINT('',(34.,7.75));
#6324 = VECTOR('',#6325,1.);
#6325 = DIRECTION('',(0.,1.));
#6326 = ( GEOMETRIC_REPRESENTATION_CONTEXT(2) 
PARAMETRIC_REPRESENTATION_CONTEXT() REPRESENTATION_CONTEXT('2D SPACE',''
  ) );
#6327 = PCURVE('',#6328,#6333);
#6328 = PLANE('',#6329);
#6329 = AXIS2_PLACEMENT_3D('',#6330,#6331,#6332);
#6330 = CARTESIAN_POINT('',(34.,18.,8.7));
#6331 = DIRECTION('',(1.,0.,0.));
#6332 = DIRECTION('',(0.,0.,1.));
#6333 = DEFINITIONAL_REPRESENTATION('',(#6334),#6338);
#6334 = LINE('',#6335,#6336);
#6335 = CARTESIAN_POINT('',(0.3,7.75));
#6336 = VECTOR('',#6337,1.);
#6337 = DIRECTION('',(0.,-1.));
#6338 = ( GEOMETRIC_REPRESENTATION_CONTEXT(2) 
PARAMETRIC_REPRESENTATION_CONTEXT() REPRESENTATION_CONTEXT('2D SPACE',''
  ) );
#6339 = ADVANCED_FACE('',(#6340,#6346),#5896,.T.);
#6340 = FACE_BOUND('',#6341,.T.);
#6341 = EDGE_LOOP('',(#6342,#6343,#6344,#6345));
#6342 = ORIENTED_EDGE('',*,*,#5883,.F.);
#6343 = ORIENTED_EDGE('',*,*,#5935,.T.);
#6344 = ORIENTED_EDGE('',*,*,#6007,.T.);
#6345 = ORIENTED_EDGE('',*,*,#5982,.F.);
#6346 = FACE_BOUND('',#6347,.T.);
#6347 = EDGE_LOOP('',(#6348,#6378,#6406,#6434));
#6348 = ORIENTED_EDGE('',*,*,#6349,.T.);
#6349 = EDGE_CURVE('',#6350,#6352,#6354,.T.);
#6350 = VERTEX_POINT('',#6351);
#6351 = CARTESIAN_POINT('',(156.,18.,9.));
#6352 = VERTEX_POINT('',#6353);
#6353 = CARTESIAN_POINT('',(138.,18.,9.));
#6354 = SURFACE_CURVE('',#6355,(#6359,#6366),.PCURVE_S1.);
#6355 = LINE('',#6356,#6357);
#6356 = CARTESIAN_POINT('',(69.,18.,9.));
#6357 = VECTOR('',#6358,1.);
#6358 = DIRECTION('',(-1.,0.,0.));
#6359 = PCURVE('',#5896,#6360);
#6360 = DEFINITIONAL_REPRESENTATION('',(#6361),#6365);
#6361 = LINE('',#6362,#6363);
#6362 = CARTESIAN_POINT('',(69.,15.5));
#6363 = VECTOR('',#6364,1.);
#6364 = DIRECTION('',(-1.,0.));
#6365 = ( GEOMETRIC_REPRESENTATION_CONTEXT(2) 
PARAMETRIC_REPRESENTATION_CONTEXT() REPRESENTATION_CONTEXT('2D SPACE',''
  ) );
#6366 = PCURVE('',#6367,#6372);
#6367 = PLANE('',#6368);
#6368 = AXIS2_PLACEMENT_3D('',#6369,#6370,#6371);
#6369 = CARTESIAN_POINT('',(138.,18.,8.7));
#6370 = DIRECTION('',(0.,1.,0.));
#6371 = DIRECTION('',(0.,0.,1.));
#6372 = DEFINITIONAL_REPRESENTATION('',(#6373),#6377);
#6373 = LINE('',#6374,#6375);
#6374 = CARTESIAN_POINT('',(0.3,-69.));
#6375 = VECTOR('',#6376,1.);
#6376 = DIRECTION('',(0.,-1.));
#6377 = ( GEOMETRIC_REPRESENTATION_CONTEXT(2) 
PARAMETRIC_REPRESENTATION_CONTEXT() REPRESENTATION_CONTEXT('2D SPACE',''
  ) );
#6378 = ORIENTED_EDGE('',*,*,#6379,.T.);
#6379 = EDGE_CURVE('',#6352,#6380,#6382,.T.);
#6380 = VERTEX_POINT('',#6381);
#6381 = CARTESIAN_POINT('',(138.,53.,9.));
#6382 = SURFACE_CURVE('',#6383,(#6387,#6394),.PCURVE_S1.);
#6383 = LINE('',#6384,#6385);
#6384 = CARTESIAN_POINT('',(138.,10.25,9.));
#6385 = VECTOR('',#6386,1.);
#6386 = DIRECTION('',(0.,1.,0.));
#6387 = PCURVE('',#5896,#6388);
#6388 = DEFINITIONAL_REPRESENTATION('',(#6389),#6393);
#6389 = LINE('',#6390,#6391);
#6390 = CARTESIAN_POINT('',(138.,7.75));
#6391 = VECTOR('',#6392,1.);
#6392 = DIRECTION('',(0.,1.));
#6393 = ( GEOMETRIC_REPRESENTATION_CONTEXT(2) 
PARAMETRIC_REPRESENTATION_CONTEXT() REPRESENTATION_CONTEXT('2D SPACE',''
  ) );
#6394 = PCURVE('',#6395,#6400);
#6395 = PLANE('',#6396);
#6396 = AXIS2_PLACEMENT_3D('',#6397,#6398,#6399);
#6397 = CARTESIAN_POINT('',(138.,18.,8.7));
#6398 = DIRECTION('',(1.,0.,0.));
#6399 = DIRECTION('',(0.,0.,1.));
#6400 = DEFINITIONAL_REPRESENTATION('',(#6401),#6405);
#6401 = LINE('',#6402,#6403);
#6402 = CARTESIAN_POINT('',(0.3,7.75));
#6403 = VECTOR('',#6404,1.);
#6404 = DIRECTION('',(0.,-1.));
#6405 = ( GEOMETRIC_REPRESENTATION_CONTEXT(2) 
PARAMETRIC_REPRESENTATION_CONTEXT() REPRESENTATION_CONTEXT('2D SPACE',''
  ) );
#6406 = ORIENTED_EDGE('',*,*,#6407,.F.);
#6407 = EDGE_CURVE('',#6408,#6380,#6410,.T.);
#6408 = VERTEX_POINT('',#6409);
#6409 = CARTESIAN_POINT('',(156.,53.,9.));
#6410 = SURFACE_CURVE('',#6411,(#6415,#6422),.PCURVE_S1.);
#6411 = LINE('',#6412,#6413);
#6412 = CARTESIAN_POINT('',(69.,53.,9.));
#6413 = VECTOR('',#6414,1.);
#6414 = DIRECTION('',(-1.,0.,0.));
#6415 = PCURVE('',#5896,#6416);
#6416 = DEFINITIONAL_REPRESENTATION('',(#6417),#6421);
#6417 = LINE('',#6418,#6419);
#6418 = CARTESIAN_POINT('',(69.,50.5));
#6419 = VECTOR('',#6420,1.);
#6420 = DIRECTION('',(-1.,0.));
#6421 = ( GEOMETRIC_REPRESENTATION_CONTEXT(2) 
PARAMETRIC_REPRESENTATION_CONTEXT() REPRESENTATION_CONTEXT('2D SPACE',''
  ) );
#6422 = PCURVE('',#6423,#6428);
#6423 = PLANE('',#6424);
#6424 = AXIS2_PLACEMENT_3D('',#6425,#6426,#6427);
#6425 = CARTESIAN_POINT('',(138.,53.,8.7));
#6426 = DIRECTION('',(0.,1.,0.));
#6427 = DIRECTION('',(0.,0.,1.));
#6428 = DEFINITIONAL_REPRESENTATION('',(#6429),#6433);
#6429 = LINE('',#6430,#6431);
#6430 = CARTESIAN_POINT('',(0.3,-69.));
#6431 = VECTOR('',#6432,1.);
#6432 = DIRECTION('',(0.,-1.));
#6433 = ( GEOMETRIC_REPRESENTATION_CONTEXT(2) 
PARAMETRIC_REPRESENTATION_CONTEXT() REPRESENTATION_CONTEXT('2D SPACE',''
  ) );
#6434 = ORIENTED_EDGE('',*,*,#6435,.F.);
#6435 = EDGE_CURVE('',#6350,#6408,#6436,.T.);
#6436 = SURFACE_CURVE('',#6437,(#6441,#6448),.PCURVE_S1.);
#6437 = LINE('',#6438,#6439);
#6438 = CARTESIAN_POINT('',(156.,10.25,9.));
#6439 = VECTOR('',#6440,1.);
#6440 = DIRECTION('',(0.,1.,0.));
#6441 = PCURVE('',#5896,#6442);
#6442 = DEFINITIONAL_REPRESENTATION('',(#6443),#6447);
#6443 = LINE('',#6444,#6445);
#6444 = CARTESIAN_POINT('',(156.,7.75));
#6445 = VECTOR('',#6446,1.);
#6446 = DIRECTION('',(0.,1.));
#6447 = ( GEOMETRIC_REPRESENTATION_CONTEXT(2) 
PARAMETRIC_REPRESENTATION_CONTEXT() REPRESENTATION_CONTEXT('2D SPACE',''
  ) );
#6448 = PCURVE('',#6449,#6454);
#6449 = PLANE('',#6450);
#6450 = AXIS2_PLACEMENT_3D('',#6451,#6452,#6453);
#6451 = CARTESIAN_POINT('',(156.,18.,8.7));
#6452 = DIRECTION('',(1.,0.,0.));
#6453 = DIRECTION('',(0.,0.,1.));
#6454 = DEFINITIONAL_REPRESENTATION('',(#6455),#6459);
#6455 = LINE('',#6456,#6457);
#6456 = CARTESIAN_POINT('',(0.3,7.75));
#6457 = VECTOR('',#6458,1.);
#6458 = DIRECTION('',(0.,-1.));
#6459 = ( GEOMETRIC_REPRESENTATION_CONTEXT(2) 
PARAMETRIC_REPRESENTATION_CONTEXT() REPRESENTATION_CONTEXT('2D SPACE',''
  ) );
#6460 = ADVANCED_FACE('',(#6461,#6467),#6089,.T.);
#6461 = FACE_BOUND('',#6462,.T.);
#6462 = EDGE_LOOP('',(#6463,#6464,#6465,#6466));
#6463 = ORIENTED_EDGE('',*,*,#6076,.F.);
#6464 = ORIENTED_EDGE('',*,*,#6128,.T.);
#6465 = ORIENTED_EDGE('',*,*,#6200,.T.);
#6466 = ORIENTED_EDGE('',*,*,#6175,.F.);
#6467 = FACE_BOUND('',#6468,.T.);
#6468 = EDGE_LOOP('',(#6469,#6499,#6527,#6555));
#6469 = ORIENTED_EDGE('',*,*,#6470,.T.);
#6470 = EDGE_CURVE('',#6471,#6473,#6475,.T.);
#6471 = VERTEX_POINT('',#6472);
#6472 = CARTESIAN_POINT('',(155.,93.,9.));
#6473 = VERTEX_POINT('',#6474);
#6474 = CARTESIAN_POINT('',(133.,93.,9.));
#6475 = SURFACE_CURVE('',#6476,(#6480,#6487),.PCURVE_S1.);
#6476 = LINE('',#6477,#6478);
#6477 = CARTESIAN_POINT('',(66.5,93.,9.));
#6478 = VECTOR('',#6479,1.);
#6479 = DIRECTION('',(-1.,0.,0.));
#6480 = PCURVE('',#6089,#6481);
#6481 = DEFINITIONAL_REPRESENTATION('',(#6482),#6486);
#6482 = LINE('',#6483,#6484);
#6483 = CARTESIAN_POINT('',(66.5,90.5));
#6484 = VECTOR('',#6485,1.);
#6485 = DIRECTION('',(-1.,0.));
#6486 = ( GEOMETRIC_REPRESENTATION_CONTEXT(2) 
PARAMETRIC_REPRESENTATION_CONTEXT() REPRESENTATION_CONTEXT('2D SPACE',''
  ) );
#6487 = PCURVE('',#6488,#6493);
#6488 = PLANE('',#6489);
#6489 = AXIS2_PLACEMENT_3D('',#6490,#6491,#6492);
#6490 = CARTESIAN_POINT('',(133.,93.,8.7));
#6491 = DIRECTION('',(0.,1.,0.));
#6492 = DIRECTION('',(0.,0.,1.));
#6493 = DEFINITIONAL_REPRESENTATION('',(#6494),#6498);
#6494 = LINE('',#6495,#6496);
#6495 = CARTESIAN_POINT('',(0.3,-66.5));
#6496 = VECTOR('',#6497,1.);
#6497 = DIRECTION('',(0.,-1.));
#6498 = ( GEOMETRIC_REPRESENTATION_CONTEXT(2) 
PARAMETRIC_REPRESENTATION_CONTEXT() REPRESENTATION_CONTEXT('2D SPACE',''
  ) );
#6499 = ORIENTED_EDGE('',*,*,#6500,.T.);
#6500 = EDGE_CURVE('',#6473,#6501,#6503,.T.);
#6501 = VERTEX_POINT('',#6502);
#6502 = CARTESIAN_POINT('',(133.,121.,9.));
#6503 = SURFACE_CURVE('',#6504,(#6508,#6515),.PCURVE_S1.);
#6504 = LINE('',#6505,#6506);
#6505 = CARTESIAN_POINT('',(133.,47.75,9.));
#6506 = VECTOR('',#6507,1.);
#6507 = DIRECTION('',(0.,1.,0.));
#6508 = PCURVE('',#6089,#6509);
#6509 = DEFINITIONAL_REPRESENTATION('',(#6510),#6514);
#6510 = LINE('',#6511,#6512);
#6511 = CARTESIAN_POINT('',(133.,45.25));
#6512 = VECTOR('',#6513,1.);
#6513 = DIRECTION('',(0.,1.));
#6514 = ( GEOMETRIC_REPRESENTATION_CONTEXT(2) 
PARAMETRIC_REPRESENTATION_CONTEXT() REPRESENTATION_CONTEXT('2D SPACE',''
  ) );
#6515 = PCURVE('',#6516,#6521);
#6516 = PLANE('',#6517);
#6517 = AXIS2_PLACEMENT_3D('',#6518,#6519,#6520);
#6518 = CARTESIAN_POINT('',(133.,93.,8.7));
#6519 = DIRECTION('',(1.,0.,0.));
#6520 = DIRECTION('',(0.,0.,1.));
#6521 = DEFINITIONAL_REPRESENTATION('',(#6522),#6526);
#6522 = LINE('',#6523,#6524);
#6523 = CARTESIAN_POINT('',(0.3,45.25));
#6524 = VECTOR('',#6525,1.);
#6525 = DIRECTION('',(0.,-1.));
#6526 = ( GEOMETRIC_REPRESENTATION_CONTEXT(2) 
PARAMETRIC_REPRESENTATION_CONTEXT() REPRESENTATION_CONTEXT('2D SPACE',''
  ) );
#6527 = ORIENTED_EDGE('',*,*,#6528,.F.);
#6528 = EDGE_CURVE('',#6529,#6501,#6531,.T.);
#6529 = VERTEX_POINT('',#6530);
#6530 = CARTESIAN_POINT('',(155.,121.,9.));
#6531 = SURFACE_CURVE('',#6532,(#6536,#6543),.PCURVE_S1.);
#6532 = LINE('',#6533,#6534);
#6533 = CARTESIAN_POINT('',(66.5,121.,9.));
#6534 = VECTOR('',#6535,1.);
#6535 = DIRECTION('',(-1.,0.,0.));
#6536 = PCURVE('',#6089,#6537);
#6537 = DEFINITIONAL_REPRESENTATION('',(#6538),#6542);
#6538 = LINE('',#6539,#6540);
#6539 = CARTESIAN_POINT('',(66.5,118.5));
#6540 = VECTOR('',#6541,1.);
#6541 = DIRECTION('',(-1.,0.));
#6542 = ( GEOMETRIC_REPRESENTATION_CONTEXT(2) 
PARAMETRIC_REPRESENTATION_CONTEXT() REPRESENTATION_CONTEXT('2D SPACE',''
  ) );
#6543 = PCURVE('',#6544,#6549);
#6544 = PLANE('',#6545);
#6545 = AXIS2_PLACEMENT_3D('',#6546,#6547,#6548);
#6546 = CARTESIAN_POINT('',(133.,121.,8.7));
#6547 = DIRECTION('',(0.,1.,0.));
#6548 = DIRECTION('',(0.,0.,1.));
#6549 = DEFINITIONAL_REPRESENTATION('',(#6550),#6554);
#6550 = LINE('',#6551,#6552);
#6551 = CARTESIAN_POINT('',(0.3,-66.5));
#6552 = VECTOR('',#6553,1.);
#6553 = DIRECTION('',(0.,-1.));
#6554 = ( GEOMETRIC_REPRESENTATION_CONTEXT(2) 
PARAMETRIC_REPRESENTATION_CONTEXT() REPRESENTATION_CONTEXT('2D SPACE',''
  ) );
#6555 = ORIENTED_EDGE('',*,*,#6556,.F.);
#6556 = EDGE_CURVE('',#6471,#6529,#6557,.T.);
#6557 = SURFACE_CURVE('',#6558,(#6562,#6569),.PCURVE_S1.);
#6558 = LINE('',#6559,#6560);
#6559 = CARTESIAN_POINT('',(155.,47.75,9.));
#6560 = VECTOR('',#6561,1.);
#6561 = DIRECTION('',(0.,1.,0.));
#6562 = PCURVE('',#6089,#6563);
#6563 = DEFINITIONAL_REPRESENTATION('',(#6564),#6568);
#6564 = LINE('',#6565,#6566);
#6565 = CARTESIAN_POINT('',(155.,45.25));
#6566 = VECTOR('',#6567,1.);
#6567 = DIRECTION('',(0.,1.));
#6568 = ( GEOMETRIC_REPRESENTATION_CONTEXT(2) 
PARAMETRIC_REPRESENTATION_CONTEXT() REPRESENTATION_CONTEXT('2D SPACE',''
  ) );
#6569 = PCURVE('',#6570,#6575);
#6570 = PLANE('',#6571);
#6571 = AXIS2_PLACEMENT_3D('',#6572,#6573,#6574);
#6572 = CARTESIAN_POINT('',(155.,93.,8.7));
#6573 = DIRECTION('',(1.,0.,0.));
#6574 = DIRECTION('',(0.,0.,1.));
#6575 = DEFINITIONAL_REPRESENTATION('',(#6576),#6580);
#6576 = LINE('',#6577,#6578);
#6577 = CARTESIAN_POINT('',(0.3,45.25));
#6578 = VECTOR('',#6579,1.);
#6579 = DIRECTION('',(0.,-1.));
#6580 = ( GEOMETRIC_REPRESENTATION_CONTEXT(2) 
PARAMETRIC_REPRESENTATION_CONTEXT() REPRESENTATION_CONTEXT('2D SPACE',''
  ) );
#6581 = ADVANCED_FACE('',(#6582),#6246,.T.);
#6582 = FACE_BOUND('',#6583,.T.);
#6583 = EDGE_LOOP('',(#6584,#6607,#6635,#6656));
#6584 = ORIENTED_EDGE('',*,*,#6585,.F.);
#6585 = EDGE_CURVE('',#6586,#6229,#6588,.T.);
#6586 = VERTEX_POINT('',#6587);
#6587 = CARTESIAN_POINT('',(34.,18.,8.7));
#6588 = SURFACE_CURVE('',#6589,(#6593,#6600),.PCURVE_S1.);
#6589 = LINE('',#6590,#6591);
#6590 = CARTESIAN_POINT('',(34.,18.,8.7));
#6591 = VECTOR('',#6592,1.);
#6592 = DIRECTION('',(0.,0.,1.));
#6593 = PCURVE('',#6246,#6594);
#6594 = DEFINITIONAL_REPRESENTATION('',(#6595),#6599);
#6595 = LINE('',#6596,#6597);
#6596 = CARTESIAN_POINT('',(0.,18.));
#6597 = VECTOR('',#6598,1.);
#6598 = DIRECTION('',(1.,0.));
#6599 = ( GEOMETRIC_REPRESENTATION_CONTEXT(2) 
PARAMETRIC_REPRESENTATION_CONTEXT() REPRESENTATION_CONTEXT('2D SPACE',''
  ) );
#6600 = PCURVE('',#6328,#6601);
#6601 = DEFINITIONAL_REPRESENTATION('',(#6602),#6606);
#6602 = LINE('',#6603,#6604);
#6603 = CARTESIAN_POINT('',(0.,0.));
#6604 = VECTOR('',#6605,1.);
#6605 = DIRECTION('',(1.,0.));
#6606 = ( GEOMETRIC_REPRESENTATION_CONTEXT(2) 
PARAMETRIC_REPRESENTATION_CONTEXT() REPRESENTATION_CONTEXT('2D SPACE',''
  ) );
#6607 = ORIENTED_EDGE('',*,*,#6608,.F.);
#6608 = EDGE_CURVE('',#6609,#6586,#6611,.T.);
#6609 = VERTEX_POINT('',#6610);
#6610 = CARTESIAN_POINT('',(16.,18.,8.7));
#6611 = SURFACE_CURVE('',#6612,(#6616,#6623),.PCURVE_S1.);
#6612 = LINE('',#6613,#6614);
#6613 = CARTESIAN_POINT('',(16.,18.,8.7));
#6614 = VECTOR('',#6615,1.);
#6615 = DIRECTION('',(1.,0.,0.));
#6616 = PCURVE('',#6246,#6617);
#6617 = DEFINITIONAL_REPRESENTATION('',(#6618),#6622);
#6618 = LINE('',#6619,#6620);
#6619 = CARTESIAN_POINT('',(0.,0.));
#6620 = VECTOR('',#6621,1.);
#6621 = DIRECTION('',(0.,1.));
#6622 = ( GEOMETRIC_REPRESENTATION_CONTEXT(2) 
PARAMETRIC_REPRESENTATION_CONTEXT() REPRESENTATION_CONTEXT('2D SPACE',''
  ) );
#6623 = PCURVE('',#6624,#6629);
#6624 = PLANE('',#6625);
#6625 = AXIS2_PLACEMENT_3D('',#6626,#6627,#6628);
#6626 = CARTESIAN_POINT('',(16.,18.,8.7));
#6627 = DIRECTION('',(0.,0.,1.));
#6628 = DIRECTION('',(1.,0.,0.));
#6629 = DEFINITIONAL_REPRESENTATION('',(#6630),#6634);
#6630 = LINE('',#6631,#6632);
#6631 = CARTESIAN_POINT('',(0.,0.));
#6632 = VECTOR('',#6633,1.);
#6633 = DIRECTION('',(1.,0.));
#6634 = ( GEOMETRIC_REPRESENTATION_CONTEXT(2) 
PARAMETRIC_REPRESENTATION_CONTEXT() REPRESENTATION_CONTEXT('2D SPACE',''
  ) );
#6635 = ORIENTED_EDGE('',*,*,#6636,.T.);
#6636 = EDGE_CURVE('',#6609,#6231,#6637,.T.);
#6637 = SURFACE_CURVE('',#6638,(#6642,#6649),.PCURVE_S1.);
#6638 = LINE('',#6639,#6640);
#6639 = CARTESIAN_POINT('',(16.,18.,8.7));
#6640 = VECTOR('',#6641,1.);
#6641 = DIRECTION('',(0.,0.,1.));
#6642 = PCURVE('',#6246,#6643);
#6643 = DEFINITIONAL_REPRESENTATION('',(#6644),#6648);
#6644 = LINE('',#6645,#6646);
#6645 = CARTESIAN_POINT('',(0.,0.));
#6646 = VECTOR('',#6647,1.);
#6647 = DIRECTION('',(1.,0.));
#6648 = ( GEOMETRIC_REPRESENTATION_CONTEXT(2) 
PARAMETRIC_REPRESENTATION_CONTEXT() REPRESENTATION_CONTEXT('2D SPACE',''
  ) );
#6649 = PCURVE('',#6274,#6650);
#6650 = DEFINITIONAL_REPRESENTATION('',(#6651),#6655);
#6651 = LINE('',#6652,#6653);
#6652 = CARTESIAN_POINT('',(0.,0.));
#6653 = VECTOR('',#6654,1.);
#6654 = DIRECTION('',(1.,0.));
#6655 = ( GEOMETRIC_REPRESENTATION_CONTEXT(2) 
PARAMETRIC_REPRESENTATION_CONTEXT() REPRESENTATION_CONTEXT('2D SPACE',''
  ) );
#6656 = ORIENTED_EDGE('',*,*,#6228,.F.);
#6657 = ADVANCED_FACE('',(#6658),#6328,.F.);
#6658 = FACE_BOUND('',#6659,.F.);
#6659 = EDGE_LOOP('',(#6660,#6661,#6684,#6705));
#6660 = ORIENTED_EDGE('',*,*,#6585,.F.);
#6661 = ORIENTED_EDGE('',*,*,#6662,.T.);
#6662 = EDGE_CURVE('',#6586,#6663,#6665,.T.);
#6663 = VERTEX_POINT('',#6664);
#6664 = CARTESIAN_POINT('',(34.,53.,8.7));
#6665 = SURFACE_CURVE('',#6666,(#6670,#6677),.PCURVE_S1.);
#6666 = LINE('',#6667,#6668);
#6667 = CARTESIAN_POINT('',(34.,18.,8.7));
#6668 = VECTOR('',#6669,1.);
#6669 = DIRECTION('',(0.,1.,0.));
#6670 = PCURVE('',#6328,#6671);
#6671 = DEFINITIONAL_REPRESENTATION('',(#6672),#6676);
#6672 = LINE('',#6673,#6674);
#6673 = CARTESIAN_POINT('',(0.,0.));
#6674 = VECTOR('',#6675,1.);
#6675 = DIRECTION('',(0.,-1.));
#6676 = ( GEOMETRIC_REPRESENTATION_CONTEXT(2) 
PARAMETRIC_REPRESENTATION_CONTEXT() REPRESENTATION_CONTEXT('2D SPACE',''
  ) );
#6677 = PCURVE('',#6624,#6678);
#6678 = DEFINITIONAL_REPRESENTATION('',(#6679),#6683);
#6679 = LINE('',#6680,#6681);
#6680 = CARTESIAN_POINT('',(18.,0.));
#6681 = VECTOR('',#6682,1.);
#6682 = DIRECTION('',(0.,1.));
#6683 = ( GEOMETRIC_REPRESENTATION_CONTEXT(2) 
PARAMETRIC_REPRESENTATION_CONTEXT() REPRESENTATION_CONTEXT('2D SPACE',''
  ) );
#6684 = ORIENTED_EDGE('',*,*,#6685,.T.);
#6685 = EDGE_CURVE('',#6663,#6287,#6686,.T.);
#6686 = SURFACE_CURVE('',#6687,(#6691,#6698),.PCURVE_S1.);
#6687 = LINE('',#6688,#6689);
#6688 = CARTESIAN_POINT('',(34.,53.,8.7));
#6689 = VECTOR('',#6690,1.);
#6690 = DIRECTION('',(0.,0.,1.));
#6691 = PCURVE('',#6328,#6692);
#6692 = DEFINITIONAL_REPRESENTATION('',(#6693),#6697);
#6693 = LINE('',#6694,#6695);
#6694 = CARTESIAN_POINT('',(0.,-35.));
#6695 = VECTOR('',#6696,1.);
#6696 = DIRECTION('',(1.,0.));
#6697 = ( GEOMETRIC_REPRESENTATION_CONTEXT(2) 
PARAMETRIC_REPRESENTATION_CONTEXT() REPRESENTATION_CONTEXT('2D SPACE',''
  ) );
#6698 = PCURVE('',#6302,#6699);
#6699 = DEFINITIONAL_REPRESENTATION('',(#6700),#6704);
#6700 = LINE('',#6701,#6702);
#6701 = CARTESIAN_POINT('',(0.,18.));
#6702 = VECTOR('',#6703,1.);
#6703 = DIRECTION('',(1.,0.));
#6704 = ( GEOMETRIC_REPRESENTATION_CONTEXT(2) 
PARAMETRIC_REPRESENTATION_CONTEXT() REPRESENTATION_CONTEXT('2D SPACE',''
  ) );
#6705 = ORIENTED_EDGE('',*,*,#6314,.F.);
#6706 = ADVANCED_FACE('',(#6707),#6274,.T.);
#6707 = FACE_BOUND('',#6708,.T.);
#6708 = EDGE_LOOP('',(#6709,#6710,#6733,#6754));
#6709 = ORIENTED_EDGE('',*,*,#6636,.F.);
#6710 = ORIENTED_EDGE('',*,*,#6711,.T.);
#6711 = EDGE_CURVE('',#6609,#6712,#6714,.T.);
#6712 = VERTEX_POINT('',#6713);
#6713 = CARTESIAN_POINT('',(16.,53.,8.7));
#6714 = SURFACE_CURVE('',#6715,(#6719,#6726),.PCURVE_S1.);
#6715 = LINE('',#6716,#6717);
#6716 = CARTESIAN_POINT('',(16.,18.,8.7));
#6717 = VECTOR('',#6718,1.);
#6718 = DIRECTION('',(0.,1.,0.));
#6719 = PCURVE('',#6274,#6720);
#6720 = DEFINITIONAL_REPRESENTATION('',(#6721),#6725);
#6721 = LINE('',#6722,#6723);
#6722 = CARTESIAN_POINT('',(0.,0.));
#6723 = VECTOR('',#6724,1.);
#6724 = DIRECTION('',(0.,-1.));
#6725 = ( GEOMETRIC_REPRESENTATION_CONTEXT(2) 
PARAMETRIC_REPRESENTATION_CONTEXT() REPRESENTATION_CONTEXT('2D SPACE',''
  ) );
#6726 = PCURVE('',#6624,#6727);
#6727 = DEFINITIONAL_REPRESENTATION('',(#6728),#6732);
#6728 = LINE('',#6729,#6730);
#6729 = CARTESIAN_POINT('',(0.,0.));
#6730 = VECTOR('',#6731,1.);
#6731 = DIRECTION('',(0.,1.));
#6732 = ( GEOMETRIC_REPRESENTATION_CONTEXT(2) 
PARAMETRIC_REPRESENTATION_CONTEXT() REPRESENTATION_CONTEXT('2D SPACE',''
  ) );
#6733 = ORIENTED_EDGE('',*,*,#6734,.T.);
#6734 = EDGE_CURVE('',#6712,#6259,#6735,.T.);
#6735 = SURFACE_CURVE('',#6736,(#6740,#6747),.PCURVE_S1.);
#6736 = LINE('',#6737,#6738);
#6737 = CARTESIAN_POINT('',(16.,53.,8.7));
#6738 = VECTOR('',#6739,1.);
#6739 = DIRECTION('',(0.,0.,1.));
#6740 = PCURVE('',#6274,#6741);
#6741 = DEFINITIONAL_REPRESENTATION('',(#6742),#6746);
#6742 = LINE('',#6743,#6744);
#6743 = CARTESIAN_POINT('',(0.,-35.));
#6744 = VECTOR('',#6745,1.);
#6745 = DIRECTION('',(1.,0.));
#6746 = ( GEOMETRIC_REPRESENTATION_CONTEXT(2) 
PARAMETRIC_REPRESENTATION_CONTEXT() REPRESENTATION_CONTEXT('2D SPACE',''
  ) );
#6747 = PCURVE('',#6302,#6748);
#6748 = DEFINITIONAL_REPRESENTATION('',(#6749),#6753);
#6749 = LINE('',#6750,#6751);
#6750 = CARTESIAN_POINT('',(0.,0.));
#6751 = VECTOR('',#6752,1.);
#6752 = DIRECTION('',(1.,0.));
#6753 = ( GEOMETRIC_REPRESENTATION_CONTEXT(2) 
PARAMETRIC_REPRESENTATION_CONTEXT() REPRESENTATION_CONTEXT('2D SPACE',''
  ) );
#6754 = ORIENTED_EDGE('',*,*,#6258,.F.);
#6755 = ADVANCED_FACE('',(#6756),#6302,.F.);
#6756 = FACE_BOUND('',#6757,.F.);
#6757 = EDGE_LOOP('',(#6758,#6759,#6780,#6781));
#6758 = ORIENTED_EDGE('',*,*,#6685,.F.);
#6759 = ORIENTED_EDGE('',*,*,#6760,.F.);
#6760 = EDGE_CURVE('',#6712,#6663,#6761,.T.);
#6761 = SURFACE_CURVE('',#6762,(#6766,#6773),.PCURVE_S1.);
#6762 = LINE('',#6763,#6764);
#6763 = CARTESIAN_POINT('',(16.,53.,8.7));
#6764 = VECTOR('',#6765,1.);
#6765 = DIRECTION('',(1.,0.,0.));
#6766 = PCURVE('',#6302,#6767);
#6767 = DEFINITIONAL_REPRESENTATION('',(#6768),#6772);
#6768 = LINE('',#6769,#6770);
#6769 = CARTESIAN_POINT('',(0.,0.));
#6770 = VECTOR('',#6771,1.);
#6771 = DIRECTION('',(0.,1.));
#6772 = ( GEOMETRIC_REPRESENTATION_CONTEXT(2) 
PARAMETRIC_REPRESENTATION_CONTEXT() REPRESENTATION_CONTEXT('2D SPACE',''
  ) );
#6773 = PCURVE('',#6624,#6774);
#6774 = DEFINITIONAL_REPRESENTATION('',(#6775),#6779);
#6775 = LINE('',#6776,#6777);
#6776 = CARTESIAN_POINT('',(0.,35.));
#6777 = VECTOR('',#6778,1.);
#6778 = DIRECTION('',(1.,0.));
#6779 = ( GEOMETRIC_REPRESENTATION_CONTEXT(2) 
PARAMETRIC_REPRESENTATION_CONTEXT() REPRESENTATION_CONTEXT('2D SPACE',''
  ) );
#6780 = ORIENTED_EDGE('',*,*,#6734,.T.);
#6781 = ORIENTED_EDGE('',*,*,#6286,.F.);
#6782 = ADVANCED_FACE('',(#6783),#6367,.T.);
#6783 = FACE_BOUND('',#6784,.T.);
#6784 = EDGE_LOOP('',(#6785,#6808,#6836,#6857));
#6785 = ORIENTED_EDGE('',*,*,#6786,.F.);
#6786 = EDGE_CURVE('',#6787,#6350,#6789,.T.);
#6787 = VERTEX_POINT('',#6788);
#6788 = CARTESIAN_POINT('',(156.,18.,8.7));
#6789 = SURFACE_CURVE('',#6790,(#6794,#6801),.PCURVE_S1.);
#6790 = LINE('',#6791,#6792);
#6791 = CARTESIAN_POINT('',(156.,18.,8.7));
#6792 = VECTOR('',#6793,1.);
#6793 = DIRECTION('',(0.,0.,1.));
#6794 = PCURVE('',#6367,#6795);
#6795 = DEFINITIONAL_REPRESENTATION('',(#6796),#6800);
#6796 = LINE('',#6797,#6798);
#6797 = CARTESIAN_POINT('',(0.,18.));
#6798 = VECTOR('',#6799,1.);
#6799 = DIRECTION('',(1.,0.));
#6800 = ( GEOMETRIC_REPRESENTATION_CONTEXT(2) 
PARAMETRIC_REPRESENTATION_CONTEXT() REPRESENTATION_CONTEXT('2D SPACE',''
  ) );
#6801 = PCURVE('',#6449,#6802);
#6802 = DEFINITIONAL_REPRESENTATION('',(#6803),#6807);
#6803 = LINE('',#6804,#6805);
#6804 = CARTESIAN_POINT('',(0.,0.));
#6805 = VECTOR('',#6806,1.);
#6806 = DIRECTION('',(1.,0.));
#6807 = ( GEOMETRIC_REPRESENTATION_CONTEXT(2) 
PARAMETRIC_REPRESENTATION_CONTEXT() REPRESENTATION_CONTEXT('2D SPACE',''
  ) );
#6808 = ORIENTED_EDGE('',*,*,#6809,.F.);
#6809 = EDGE_CURVE('',#6810,#6787,#6812,.T.);
#6810 = VERTEX_POINT('',#6811);
#6811 = CARTESIAN_POINT('',(138.,18.,8.7));
#6812 = SURFACE_CURVE('',#6813,(#6817,#6824),.PCURVE_S1.);
#6813 = LINE('',#6814,#6815);
#6814 = CARTESIAN_POINT('',(138.,18.,8.7));
#6815 = VECTOR('',#6816,1.);
#6816 = DIRECTION('',(1.,0.,0.));
#6817 = PCURVE('',#6367,#6818);
#6818 = DEFINITIONAL_REPRESENTATION('',(#6819),#6823);
#6819 = LINE('',#6820,#6821);
#6820 = CARTESIAN_POINT('',(0.,0.));
#6821 = VECTOR('',#6822,1.);
#6822 = DIRECTION('',(0.,1.));
#6823 = ( GEOMETRIC_REPRESENTATION_CONTEXT(2) 
PARAMETRIC_REPRESENTATION_CONTEXT() REPRESENTATION_CONTEXT('2D SPACE',''
  ) );
#6824 = PCURVE('',#6825,#6830);
#6825 = PLANE('',#6826);
#6826 = AXIS2_PLACEMENT_3D('',#6827,#6828,#6829);
#6827 = CARTESIAN_POINT('',(138.,18.,8.7));
#6828 = DIRECTION('',(0.,0.,1.));
#6829 = DIRECTION('',(1.,0.,0.));
#6830 = DEFINITIONAL_REPRESENTATION('',(#6831),#6835);
#6831 = LINE('',#6832,#6833);
#6832 = CARTESIAN_POINT('',(0.,0.));
#6833 = VECTOR('',#6834,1.);
#6834 = DIRECTION('',(1.,0.));
#6835 = ( GEOMETRIC_REPRESENTATION_CONTEXT(2) 
PARAMETRIC_REPRESENTATION_CONTEXT() REPRESENTATION_CONTEXT('2D SPACE',''
  ) );
#6836 = ORIENTED_EDGE('',*,*,#6837,.T.);
#6837 = EDGE_CURVE('',#6810,#6352,#6838,.T.);
#6838 = SURFACE_CURVE('',#6839,(#6843,#6850),.PCURVE_S1.);
#6839 = LINE('',#6840,#6841);
#6840 = CARTESIAN_POINT('',(138.,18.,8.7));
#6841 = VECTOR('',#6842,1.);
#6842 = DIRECTION('',(0.,0.,1.));
#6843 = PCURVE('',#6367,#6844);
#6844 = DEFINITIONAL_REPRESENTATION('',(#6845),#6849);
#6845 = LINE('',#6846,#6847);
#6846 = CARTESIAN_POINT('',(0.,0.));
#6847 = VECTOR('',#6848,1.);
#6848 = DIRECTION('',(1.,0.));
#6849 = ( GEOMETRIC_REPRESENTATION_CONTEXT(2) 
PARAMETRIC_REPRESENTATION_CONTEXT() REPRESENTATION_CONTEXT('2D SPACE',''
  ) );
#6850 = PCURVE('',#6395,#6851);
#6851 = DEFINITIONAL_REPRESENTATION('',(#6852),#6856);
#6852 = LINE('',#6853,#6854);
#6853 = CARTESIAN_POINT('',(0.,0.));
#6854 = VECTOR('',#6855,1.);
#6855 = DIRECTION('',(1.,0.));
#6856 = ( GEOMETRIC_REPRESENTATION_CONTEXT(2) 
PARAMETRIC_REPRESENTATION_CONTEXT() REPRESENTATION_CONTEXT('2D SPACE',''
  ) );
#6857 = ORIENTED_EDGE('',*,*,#6349,.F.);
#6858 = ADVANCED_FACE('',(#6859),#6449,.F.);
#6859 = FACE_BOUND('',#6860,.F.);
#6860 = EDGE_LOOP('',(#6861,#6862,#6885,#6906));
#6861 = ORIENTED_EDGE('',*,*,#6786,.F.);
#6862 = ORIENTED_EDGE('',*,*,#6863,.T.);
#6863 = EDGE_CURVE('',#6787,#6864,#6866,.T.);
#6864 = VERTEX_POINT('',#6865);
#6865 = CARTESIAN_POINT('',(156.,53.,8.7));
#6866 = SURFACE_CURVE('',#6867,(#6871,#6878),.PCURVE_S1.);
#6867 = LINE('',#6868,#6869);
#6868 = CARTESIAN_POINT('',(156.,18.,8.7));
#6869 = VECTOR('',#6870,1.);
#6870 = DIRECTION('',(0.,1.,0.));
#6871 = PCURVE('',#6449,#6872);
#6872 = DEFINITIONAL_REPRESENTATION('',(#6873),#6877);
#6873 = LINE('',#6874,#6875);
#6874 = CARTESIAN_POINT('',(0.,0.));
#6875 = VECTOR('',#6876,1.);
#6876 = DIRECTION('',(0.,-1.));
#6877 = ( GEOMETRIC_REPRESENTATION_CONTEXT(2) 
PARAMETRIC_REPRESENTATION_CONTEXT() REPRESENTATION_CONTEXT('2D SPACE',''
  ) );
#6878 = PCURVE('',#6825,#6879);
#6879 = DEFINITIONAL_REPRESENTATION('',(#6880),#6884);
#6880 = LINE('',#6881,#6882);
#6881 = CARTESIAN_POINT('',(18.,0.));
#6882 = VECTOR('',#6883,1.);
#6883 = DIRECTION('',(0.,1.));
#6884 = ( GEOMETRIC_REPRESENTATION_CONTEXT(2) 
PARAMETRIC_REPRESENTATION_CONTEXT() REPRESENTATION_CONTEXT('2D SPACE',''
  ) );
#6885 = ORIENTED_EDGE('',*,*,#6886,.T.);
#6886 = EDGE_CURVE('',#6864,#6408,#6887,.T.);
#6887 = SURFACE_CURVE('',#6888,(#6892,#6899),.PCURVE_S1.);
#6888 = LINE('',#6889,#6890);
#6889 = CARTESIAN_POINT('',(156.,53.,8.7));
#6890 = VECTOR('',#6891,1.);
#6891 = DIRECTION('',(0.,0.,1.));
#6892 = PCURVE('',#6449,#6893);
#6893 = DEFINITIONAL_REPRESENTATION('',(#6894),#6898);
#6894 = LINE('',#6895,#6896);
#6895 = CARTESIAN_POINT('',(0.,-35.));
#6896 = VECTOR('',#6897,1.);
#6897 = DIRECTION('',(1.,0.));
#6898 = ( GEOMETRIC_REPRESENTATION_CONTEXT(2) 
PARAMETRIC_REPRESENTATION_CONTEXT() REPRESENTATION_CONTEXT('2D SPACE',''
  ) );
#6899 = PCURVE('',#6423,#6900);
#6900 = DEFINITIONAL_REPRESENTATION('',(#6901),#6905);
#6901 = LINE('',#6902,#6903);
#6902 = CARTESIAN_POINT('',(0.,18.));
#6903 = VECTOR('',#6904,1.);
#6904 = DIRECTION('',(1.,0.));
#6905 = ( GEOMETRIC_REPRESENTATION_CONTEXT(2) 
PARAMETRIC_REPRESENTATION_CONTEXT() REPRESENTATION_CONTEXT('2D SPACE',''
  ) );
#6906 = ORIENTED_EDGE('',*,*,#6435,.F.);
#6907 = ADVANCED_FACE('',(#6908),#6395,.T.);
#6908 = FACE_BOUND('',#6909,.T.);
#6909 = EDGE_LOOP('',(#6910,#6911,#6934,#6955));
#6910 = ORIENTED_EDGE('',*,*,#6837,.F.);
#6911 = ORIENTED_EDGE('',*,*,#6912,.T.);
#6912 = EDGE_CURVE('',#6810,#6913,#6915,.T.);
#6913 = VERTEX_POINT('',#6914);
#6914 = CARTESIAN_POINT('',(138.,53.,8.7));
#6915 = SURFACE_CURVE('',#6916,(#6920,#6927),.PCURVE_S1.);
#6916 = LINE('',#6917,#6918);
#6917 = CARTESIAN_POINT('',(138.,18.,8.7));
#6918 = VECTOR('',#6919,1.);
#6919 = DIRECTION('',(0.,1.,0.));
#6920 = PCURVE('',#6395,#6921);
#6921 = DEFINITIONAL_REPRESENTATION('',(#6922),#6926);
#6922 = LINE('',#6923,#6924);
#6923 = CARTESIAN_POINT('',(0.,0.));
#6924 = VECTOR('',#6925,1.);
#6925 = DIRECTION('',(0.,-1.));
#6926 = ( GEOMETRIC_REPRESENTATION_CONTEXT(2) 
PARAMETRIC_REPRESENTATION_CONTEXT() REPRESENTATION_CONTEXT('2D SPACE',''
  ) );
#6927 = PCURVE('',#6825,#6928);
#6928 = DEFINITIONAL_REPRESENTATION('',(#6929),#6933);
#6929 = LINE('',#6930,#6931);
#6930 = CARTESIAN_POINT('',(0.,0.));
#6931 = VECTOR('',#6932,1.);
#6932 = DIRECTION('',(0.,1.));
#6933 = ( GEOMETRIC_REPRESENTATION_CONTEXT(2) 
PARAMETRIC_REPRESENTATION_CONTEXT() REPRESENTATION_CONTEXT('2D SPACE',''
  ) );
#6934 = ORIENTED_EDGE('',*,*,#6935,.T.);
#6935 = EDGE_CURVE('',#6913,#6380,#6936,.T.);
#6936 = SURFACE_CURVE('',#6937,(#6941,#6948),.PCURVE_S1.);
#6937 = LINE('',#6938,#6939);
#6938 = CARTESIAN_POINT('',(138.,53.,8.7));
#6939 = VECTOR('',#6940,1.);
#6940 = DIRECTION('',(0.,0.,1.));
#6941 = PCURVE('',#6395,#6942);
#6942 = DEFINITIONAL_REPRESENTATION('',(#6943),#6947);
#6943 = LINE('',#6944,#6945);
#6944 = CARTESIAN_POINT('',(0.,-35.));
#6945 = VECTOR('',#6946,1.);
#6946 = DIRECTION('',(1.,0.));
#6947 = ( GEOMETRIC_REPRESENTATION_CONTEXT(2) 
PARAMETRIC_REPRESENTATION_CONTEXT() REPRESENTATION_CONTEXT('2D SPACE',''
  ) );
#6948 = PCURVE('',#6423,#6949);
#6949 = DEFINITIONAL_REPRESENTATION('',(#6950),#6954);
#6950 = LINE('',#6951,#6952);
#6951 = CARTESIAN_POINT('',(0.,0.));
#6952 = VECTOR('',#6953,1.);
#6953 = DIRECTION('',(1.,0.));
#6954 = ( GEOMETRIC_REPRESENTATION_CONTEXT(2) 
PARAMETRIC_REPRESENTATION_CONTEXT() REPRESENTATION_CONTEXT('2D SPACE',''
  ) );
#6955 = ORIENTED_EDGE('',*,*,#6379,.F.);
#6956 = ADVANCED_FACE('',(#6957),#6423,.F.);
#6957 = FACE_BOUND('',#6958,.F.);
#6958 = EDGE_LOOP('',(#6959,#6960,#6981,#6982));
#6959 = ORIENTED_EDGE('',*,*,#6886,.F.);
#6960 = ORIENTED_EDGE('',*,*,#6961,.F.);
#6961 = EDGE_CURVE('',#6913,#6864,#6962,.T.);
#6962 = SURFACE_CURVE('',#6963,(#6967,#6974),.PCURVE_S1.);
#6963 = LINE('',#6964,#6965);
#6964 = CARTESIAN_POINT('',(138.,53.,8.7));
#6965 = VECTOR('',#6966,1.);
#6966 = DIRECTION('',(1.,0.,0.));
#6967 = PCURVE('',#6423,#6968);
#6968 = DEFINITIONAL_REPRESENTATION('',(#6969),#6973);
#6969 = LINE('',#6970,#6971);
#6970 = CARTESIAN_POINT('',(0.,0.));
#6971 = VECTOR('',#6972,1.);
#6972 = DIRECTION('',(0.,1.));
#6973 = ( GEOMETRIC_REPRESENTATION_CONTEXT(2) 
PARAMETRIC_REPRESENTATION_CONTEXT() REPRESENTATION_CONTEXT('2D SPACE',''
  ) );
#6974 = PCURVE('',#6825,#6975);
#6975 = DEFINITIONAL_REPRESENTATION('',(#6976),#6980);
#6976 = LINE('',#6977,#6978);
#6977 = CARTESIAN_POINT('',(0.,35.));
#6978 = VECTOR('',#6979,1.);
#6979 = DIRECTION('',(1.,0.));
#6980 = ( GEOMETRIC_REPRESENTATION_CONTEXT(2) 
PARAMETRIC_REPRESENTATION_CONTEXT() REPRESENTATION_CONTEXT('2D SPACE',''
  ) );
#6981 = ORIENTED_EDGE('',*,*,#6935,.T.);
#6982 = ORIENTED_EDGE('',*,*,#6407,.F.);
#6983 = ADVANCED_FACE('',(#6984),#6488,.T.);
#6984 = FACE_BOUND('',#6985,.T.);
#6985 = EDGE_LOOP('',(#6986,#7009,#7037,#7058));
#6986 = ORIENTED_EDGE('',*,*,#6987,.F.);
#6987 = EDGE_CURVE('',#6988,#6471,#6990,.T.);
#6988 = VERTEX_POINT('',#6989);
#6989 = CARTESIAN_POINT('',(155.,93.,8.7));
#6990 = SURFACE_CURVE('',#6991,(#6995,#7002),.PCURVE_S1.);
#6991 = LINE('',#6992,#6993);
#6992 = CARTESIAN_POINT('',(155.,93.,8.7));
#6993 = VECTOR('',#6994,1.);
#6994 = DIRECTION('',(0.,0.,1.));
#6995 = PCURVE('',#6488,#6996);
#6996 = DEFINITIONAL_REPRESENTATION('',(#6997),#7001);
#6997 = LINE('',#6998,#6999);
#6998 = CARTESIAN_POINT('',(0.,22.));
#6999 = VECTOR('',#7000,1.);
#7000 = DIRECTION('',(1.,0.));
#7001 = ( GEOMETRIC_REPRESENTATION_CONTEXT(2) 
PARAMETRIC_REPRESENTATION_CONTEXT() REPRESENTATION_CONTEXT('2D SPACE',''
  ) );
#7002 = PCURVE('',#6570,#7003);
#7003 = DEFINITIONAL_REPRESENTATION('',(#7004),#7008);
#7004 = LINE('',#7005,#7006);
#7005 = CARTESIAN_POINT('',(0.,0.));
#7006 = VECTOR('',#7007,1.);
#7007 = DIRECTION('',(1.,0.));
#7008 = ( GEOMETRIC_REPRESENTATION_CONTEXT(2) 
PARAMETRIC_REPRESENTATION_CONTEXT() REPRESENTATION_CONTEXT('2D SPACE',''
  ) );
#7009 = ORIENTED_EDGE('',*,*,#7010,.F.);
#7010 = EDGE_CURVE('',#7011,#6988,#7013,.T.);
#7011 = VERTEX_POINT('',#7012);
#7012 = CARTESIAN_POINT('',(133.,93.,8.7));
#7013 = SURFACE_CURVE('',#7014,(#7018,#7025),.PCURVE_S1.);
#7014 = LINE('',#7015,#7016);
#7015 = CARTESIAN_POINT('',(133.,93.,8.7));
#7016 = VECTOR('',#7017,1.);
#7017 = DIRECTION('',(1.,0.,0.));
#7018 = PCURVE('',#6488,#7019);
#7019 = DEFINITIONAL_REPRESENTATION('',(#7020),#7024);
#7020 = LINE('',#7021,#7022);
#7021 = CARTESIAN_POINT('',(0.,0.));
#7022 = VECTOR('',#7023,1.);
#7023 = DIRECTION('',(0.,1.));
#7024 = ( GEOMETRIC_REPRESENTATION_CONTEXT(2) 
PARAMETRIC_REPRESENTATION_CONTEXT() REPRESENTATION_CONTEXT('2D SPACE',''
  ) );
#7025 = PCURVE('',#7026,#7031);
#7026 = PLANE('',#7027);
#7027 = AXIS2_PLACEMENT_3D('',#7028,#7029,#7030);
#7028 = CARTESIAN_POINT('',(133.,93.,8.7));
#7029 = DIRECTION('',(0.,0.,1.));
#7030 = DIRECTION('',(1.,0.,0.));
#7031 = DEFINITIONAL_REPRESENTATION('',(#7032),#7036);
#7032 = LINE('',#7033,#7034);
#7033 = CARTESIAN_POINT('',(0.,0.));
#7034 = VECTOR('',#7035,1.);
#7035 = DIRECTION('',(1.,0.));
#7036 = ( GEOMETRIC_REPRESENTATION_CONTEXT(2) 
PARAMETRIC_REPRESENTATION_CONTEXT() REPRESENTATION_CONTEXT('2D SPACE',''
  ) );
#7037 = ORIENTED_EDGE('',*,*,#7038,.T.);
#7038 = EDGE_CURVE('',#7011,#6473,#7039,.T.);
#7039 = SURFACE_CURVE('',#7040,(#7044,#7051),.PCURVE_S1.);
#7040 = LINE('',#7041,#7042);
#7041 = CARTESIAN_POINT('',(133.,93.,8.7));
#7042 = VECTOR('',#7043,1.);
#7043 = DIRECTION('',(0.,0.,1.));
#7044 = PCURVE('',#6488,#7045);
#7045 = DEFINITIONAL_REPRESENTATION('',(#7046),#7050);
#7046 = LINE('',#7047,#7048);
#7047 = CARTESIAN_POINT('',(0.,0.));
#7048 = VECTOR('',#7049,1.);
#7049 = DIRECTION('',(1.,0.));
#7050 = ( GEOMETRIC_REPRESENTATION_CONTEXT(2) 
PARAMETRIC_REPRESENTATION_CONTEXT() REPRESENTATION_CONTEXT('2D SPACE',''
  ) );
#7051 = PCURVE('',#6516,#7052);
#7052 = DEFINITIONAL_REPRESENTATION('',(#7053),#7057);
#7053 = LINE('',#7054,#7055);
#7054 = CARTESIAN_POINT('',(0.,0.));
#7055 = VECTOR('',#7056,1.);
#7056 = DIRECTION('',(1.,0.));
#7057 = ( GEOMETRIC_REPRESENTATION_CONTEXT(2) 
PARAMETRIC_REPRESENTATION_CONTEXT() REPRESENTATION_CONTEXT('2D SPACE',''
  ) );
#7058 = ORIENTED_EDGE('',*,*,#6470,.F.);
#7059 = ADVANCED_FACE('',(#7060),#6570,.F.);
#7060 = FACE_BOUND('',#7061,.F.);
#7061 = EDGE_LOOP('',(#7062,#7063,#7086,#7107));
#7062 = ORIENTED_EDGE('',*,*,#6987,.F.);
#7063 = ORIENTED_EDGE('',*,*,#7064,.T.);
#7064 = EDGE_CURVE('',#6988,#7065,#7067,.T.);
#7065 = VERTEX_POINT('',#7066);
#7066 = CARTESIAN_POINT('',(155.,121.,8.7));
#7067 = SURFACE_CURVE('',#7068,(#7072,#7079),.PCURVE_S1.);
#7068 = LINE('',#7069,#7070);
#7069 = CARTESIAN_POINT('',(155.,93.,8.7));
#7070 = VECTOR('',#7071,1.);
#7071 = DIRECTION('',(0.,1.,0.));
#7072 = PCURVE('',#6570,#7073);
#7073 = DEFINITIONAL_REPRESENTATION('',(#7074),#7078);
#7074 = LINE('',#7075,#7076);
#7075 = CARTESIAN_POINT('',(0.,0.));
#7076 = VECTOR('',#7077,1.);
#7077 = DIRECTION('',(0.,-1.));
#7078 = ( GEOMETRIC_REPRESENTATION_CONTEXT(2) 
PARAMETRIC_REPRESENTATION_CONTEXT() REPRESENTATION_CONTEXT('2D SPACE',''
  ) );
#7079 = PCURVE('',#7026,#7080);
#7080 = DEFINITIONAL_REPRESENTATION('',(#7081),#7085);
#7081 = LINE('',#7082,#7083);
#7082 = CARTESIAN_POINT('',(22.,0.));
#7083 = VECTOR('',#7084,1.);
#7084 = DIRECTION('',(0.,1.));
#7085 = ( GEOMETRIC_REPRESENTATION_CONTEXT(2) 
PARAMETRIC_REPRESENTATION_CONTEXT() REPRESENTATION_CONTEXT('2D SPACE',''
  ) );
#7086 = ORIENTED_EDGE('',*,*,#7087,.T.);
#7087 = EDGE_CURVE('',#7065,#6529,#7088,.T.);
#7088 = SURFACE_CURVE('',#7089,(#7093,#7100),.PCURVE_S1.);
#7089 = LINE('',#7090,#7091);
#7090 = CARTESIAN_POINT('',(155.,121.,8.7));
#7091 = VECTOR('',#7092,1.);
#7092 = DIRECTION('',(0.,0.,1.));
#7093 = PCURVE('',#6570,#7094);
#7094 = DEFINITIONAL_REPRESENTATION('',(#7095),#7099);
#7095 = LINE('',#7096,#7097);
#7096 = CARTESIAN_POINT('',(0.,-28.));
#7097 = VECTOR('',#7098,1.);
#7098 = DIRECTION('',(1.,0.));
#7099 = ( GEOMETRIC_REPRESENTATION_CONTEXT(2) 
PARAMETRIC_REPRESENTATION_CONTEXT() REPRESENTATION_CONTEXT('2D SPACE',''
  ) );
#7100 = PCURVE('',#6544,#7101);
#7101 = DEFINITIONAL_REPRESENTATION('',(#7102),#7106);
#7102 = LINE('',#7103,#7104);
#7103 = CARTESIAN_POINT('',(0.,22.));
#7104 = VECTOR('',#7105,1.);
#7105 = DIRECTION('',(1.,0.));
#7106 = ( GEOMETRIC_REPRESENTATION_CONTEXT(2) 
PARAMETRIC_REPRESENTATION_CONTEXT() REPRESENTATION_CONTEXT('2D SPACE',''
  ) );
#7107 = ORIENTED_EDGE('',*,*,#6556,.F.);
#7108 = ADVANCED_FACE('',(#7109),#6516,.T.);
#7109 = FACE_BOUND('',#7110,.T.);
#7110 = EDGE_LOOP('',(#7111,#7112,#7135,#7156));
#7111 = ORIENTED_EDGE('',*,*,#7038,.F.);
#7112 = ORIENTED_EDGE('',*,*,#7113,.T.);
#7113 = EDGE_CURVE('',#7011,#7114,#7116,.T.);
#7114 = VERTEX_POINT('',#7115);
#7115 = CARTESIAN_POINT('',(133.,121.,8.7));
#7116 = SURFACE_CURVE('',#7117,(#7121,#7128),.PCURVE_S1.);
#7117 = LINE('',#7118,#7119);
#7118 = CARTESIAN_POINT('',(133.,93.,8.7));
#7119 = VECTOR('',#7120,1.);
#7120 = DIRECTION('',(0.,1.,0.));
#7121 = PCURVE('',#6516,#7122);
#7122 = DEFINITIONAL_REPRESENTATION('',(#7123),#7127);
#7123 = LINE('',#7124,#7125);
#7124 = CARTESIAN_POINT('',(0.,0.));
#7125 = VECTOR('',#7126,1.);
#7126 = DIRECTION('',(0.,-1.));
#7127 = ( GEOMETRIC_REPRESENTATION_CONTEXT(2) 
PARAMETRIC_REPRESENTATION_CONTEXT() REPRESENTATION_CONTEXT('2D SPACE',''
  ) );
#7128 = PCURVE('',#7026,#7129);
#7129 = DEFINITIONAL_REPRESENTATION('',(#7130),#7134);
#7130 = LINE('',#7131,#7132);
#7131 = CARTESIAN_POINT('',(0.,0.));
#7132 = VECTOR('',#7133,1.);
#7133 = DIRECTION('',(0.,1.));
#7134 = ( GEOMETRIC_REPRESENTATION_CONTEXT(2) 
PARAMETRIC_REPRESENTATION_CONTEXT() REPRESENTATION_CONTEXT('2D SPACE',''
  ) );
#7135 = ORIENTED_EDGE('',*,*,#7136,.T.);
#7136 = EDGE_CURVE('',#7114,#6501,#7137,.T.);
#7137 = SURFACE_CURVE('',#7138,(#7142,#7149),.PCURVE_S1.);
#7138 = LINE('',#7139,#7140);
#7139 = CARTESIAN_POINT('',(133.,121.,8.7));
#7140 = VECTOR('',#7141,1.);
#7141 = DIRECTION('',(0.,0.,1.));
#7142 = PCURVE('',#6516,#7143);
#7143 = DEFINITIONAL_REPRESENTATION('',(#7144),#7148);
#7144 = LINE('',#7145,#7146);
#7145 = CARTESIAN_POINT('',(0.,-28.));
#7146 = VECTOR('',#7147,1.);
#7147 = DIRECTION('',(1.,0.));
#7148 = ( GEOMETRIC_REPRESENTATION_CONTEXT(2) 
PARAMETRIC_REPRESENTATION_CONTEXT() REPRESENTATION_CONTEXT('2D SPACE',''
  ) );
#7149 = PCURVE('',#6544,#7150);
#7150 = DEFINITIONAL_REPRESENTATION('',(#7151),#7155);
#7151 = LINE('',#7152,#7153);
#7152 = CARTESIAN_POINT('',(0.,0.));
#7153 = VECTOR('',#7154,1.);
#7154 = DIRECTION('',(1.,0.));
#7155 = ( GEOMETRIC_REPRESENTATION_CONTEXT(2) 
PARAMETRIC_REPRESENTATION_CONTEXT() REPRESENTATION_CONTEXT('2D SPACE',''
  ) );
#7156 = ORIENTED_EDGE('',*,*,#6500,.F.);
#7157 = ADVANCED_FACE('',(#7158),#6544,.F.);
#7158 = FACE_BOUND('',#7159,.F.);
#7159 = EDGE_LOOP('',(#7160,#7161,#7182,#7183));
#7160 = ORIENTED_EDGE('',*,*,#7087,.F.);
#7161 = ORIENTED_EDGE('',*,*,#7162,.F.);
#7162 = EDGE_CURVE('',#7114,#7065,#7163,.T.);
#7163 = SURFACE_CURVE('',#7164,(#7168,#7175),.PCURVE_S1.);
#7164 = LINE('',#7165,#7166);
#7165 = CARTESIAN_POINT('',(133.,121.,8.7));
#7166 = VECTOR('',#7167,1.);
#7167 = DIRECTION('',(1.,0.,0.));
#7168 = PCURVE('',#6544,#7169);
#7169 = DEFINITIONAL_REPRESENTATION('',(#7170),#7174);
#7170 = LINE('',#7171,#7172);
#7171 = CARTESIAN_POINT('',(0.,0.));
#7172 = VECTOR('',#7173,1.);
#7173 = DIRECTION('',(0.,1.));
#7174 = ( GEOMETRIC_REPRESENTATION_CONTEXT(2) 
PARAMETRIC_REPRESENTATION_CONTEXT() REPRESENTATION_CONTEXT('2D SPACE',''
  ) );
#7175 = PCURVE('',#7026,#7176);
#7176 = DEFINITIONAL_REPRESENTATION('',(#7177),#7181);
#7177 = LINE('',#7178,#7179);
#7178 = CARTESIAN_POINT('',(0.,28.));
#7179 = VECTOR('',#7180,1.);
#7180 = DIRECTION('',(1.,0.));
#7181 = ( GEOMETRIC_REPRESENTATION_CONTEXT(2) 
PARAMETRIC_REPRESENTATION_CONTEXT() REPRESENTATION_CONTEXT('2D SPACE',''
  ) );
#7182 = ORIENTED_EDGE('',*,*,#7136,.T.);
#7183 = ORIENTED_EDGE('',*,*,#6528,.F.);
#7184 = ADVANCED_FACE('',(#7185),#6624,.T.);
#7185 = FACE_BOUND('',#7186,.T.);
#7186 = EDGE_LOOP('',(#7187,#7188,#7189,#7190));
#7187 = ORIENTED_EDGE('',*,*,#6711,.F.);
#7188 = ORIENTED_EDGE('',*,*,#6608,.T.);
#7189 = ORIENTED_EDGE('',*,*,#6662,.T.);
#7190 = ORIENTED_EDGE('',*,*,#6760,.F.);
#7191 = ADVANCED_FACE('',(#7192),#6825,.T.);
#7192 = FACE_BOUND('',#7193,.T.);
#7193 = EDGE_LOOP('',(#7194,#7195,#7196,#7197));
#7194 = ORIENTED_EDGE('',*,*,#6912,.F.);
#7195 = ORIENTED_EDGE('',*,*,#6809,.T.);
#7196 = ORIENTED_EDGE('',*,*,#6863,.T.);
#7197 = ORIENTED_EDGE('',*,*,#6961,.F.);
#7198 = ADVANCED_FACE('',(#7199),#7026,.T.);
#7199 = FACE_BOUND('',#7200,.T.);
#7200 = EDGE_LOOP('',(#7201,#7202,#7203,#7204));
#7201 = ORIENTED_EDGE('',*,*,#7113,.F.);
#7202 = ORIENTED_EDGE('',*,*,#7010,.T.);
#7203 = ORIENTED_EDGE('',*,*,#7064,.T.);
#7204 = ORIENTED_EDGE('',*,*,#7162,.F.);
#7205 = ( GEOMETRIC_REPRESENTATION_CONTEXT(3) 
GLOBAL_UNCERTAINTY_ASSIGNED_CONTEXT((#7209)) 
GLOBAL_UNIT_ASSIGNED_CONTEXT((#7206,#7207,#7208)) REPRESENTATION_CONTEXT
('Context #1','3D Context with UNIT and UNCERTAINTY') );
#7206 = ( LENGTH_UNIT() NAMED_UNIT(*) SI_UNIT(.MILLI.,.METRE.) );
#7207 = ( NAMED_UNIT(*) PLANE_ANGLE_UNIT() SI_UNIT($,.RADIAN.) );
#7208 = ( NAMED_UNIT(*) SI_UNIT($,.STERADIAN.) SOLID_ANGLE_UNIT() );
#7209 = UNCERTAINTY_MEASURE_WITH_UNIT(LENGTH_MEASURE(1.E-07),#7206,
  'distance_accuracy_value','confusion accuracy');
#7210 = PRODUCT_RELATED_PRODUCT_CATEGORY('part',$,(#7));
#7211 = MECHANICAL_DESIGN_GEOMETRIC_PRESENTATION_REPRESENTATION('',(
    #7212),#7205);
#7212 = STYLED_ITEM('color',(#7213),#15);
#7213 = PRESENTATION_STYLE_ASSIGNMENT((#7214,#7220));
#7214 = SURFACE_STYLE_USAGE(.BOTH.,#7215);
#7215 = SURFACE_SIDE_STYLE('',(#7216));
#7216 = SURFACE_STYLE_FILL_AREA(#7217);
#7217 = FILL_AREA_STYLE('',(#7218));
#7218 = FILL_AREA_STYLE_COLOUR('',#7219);
#7219 = COLOUR_RGB('',9.019609928101E-02,0.231372604699,0.325490203104);
#7220 = CURVE_STYLE('',#7221,POSITIVE_LENGTH_MEASURE(0.1),#7219);
#7221 = DRAUGHTING_PRE_DEFINED_CURVE_FONT('continuous');
ENDSEC;
END-ISO-10303-21;
