ISO-10303-21;
HEADER;
FILE_DESCRIPTION(('Open CASCADE Model'),'2;1');
FILE_NAME('V20_FRONT_MECHANICAL_PROTOTYPE','2026-09-20T21:14:04',(
    'Author'),('Open CASCADE'),'Open CASCADE STEP processor 7.9',
  'build123d','Unknown');
FILE_SCHEMA(('AUTOMOTIVE_DESIGN { 1 0 10303 214 1 1 1 1 }'));
ENDSEC;
DATA;
#1 = APPLICATION_PROTOCOL_DEFINITION('international standard',
  'automotive_design',2000,#2);
#2 = APPLICATION_CONTEXT(
  'core data for automotive mechanical design processes');
#3 = SHAPE_DEFINITION_REPRESENTATION(#4,#10);
#4 = PRODUCT_DEFINITION_SHAPE('','',#5);
#5 = PRODUCT_DEFINITION('design','',#6,#9);
#6 = PRODUCT_DEFINITION_FORMATION('','',#7);
#7 = PRODUCT('V20_FRONT_MECHANICAL_PROTOTYPE',
  'V20_FRONT_MECHANICAL_PROTOTYPE','',(#8));
#8 = PRODUCT_CONTEXT('',#2,'mechanical');
#9 = PRODUCT_DEFINITION_CONTEXT('part definition',#2,'design');
#10 = SHAPE_REPRESENTATION('',(#11,#15,#19,#23,#27,#31,#35),#39);
#11 = AXIS2_PLACEMENT_3D('',#12,#13,#14);
#12 = CARTESIAN_POINT('',(0.,0.,0.));
#13 = DIRECTION('',(0.,0.,1.));
#14 = DIRECTION('',(1.,0.,-0.));
#15 = AXIS2_PLACEMENT_3D('',#16,#17,#18);
#16 = CARTESIAN_POINT('',(0.,0.,0.));
#17 = DIRECTION('',(0.,0.,1.));
#18 = DIRECTION('',(1.,0.,-0.));
#19 = AXIS2_PLACEMENT_3D('',#20,#21,#22);
#20 = CARTESIAN_POINT('',(0.,0.,0.));
#21 = DIRECTION('',(0.,0.,1.));
#22 = DIRECTION('',(1.,0.,-0.));
#23 = AXIS2_PLACEMENT_3D('',#24,#25,#26);
#24 = CARTESIAN_POINT('',(0.,0.,0.));
#25 = DIRECTION('',(0.,0.,1.));
#26 = DIRECTION('',(1.,0.,-0.));
#27 = AXIS2_PLACEMENT_3D('',#28,#29,#30);
#28 = CARTESIAN_POINT('',(0.,0.,0.));
#29 = DIRECTION('',(0.,0.,1.));
#30 = DIRECTION('',(1.,0.,-0.));
#31 = AXIS2_PLACEMENT_3D('',#32,#33,#34);
#32 = CARTESIAN_POINT('',(0.,0.,0.));
#33 = DIRECTION('',(0.,0.,1.));
#34 = DIRECTION('',(1.,0.,-0.));
#35 = AXIS2_PLACEMENT_3D('',#36,#37,#38);
#36 = CARTESIAN_POINT('',(0.,0.,0.));
#37 = DIRECTION('',(0.,0.,1.));
#38 = DIRECTION('',(1.,0.,-0.));
#39 = ( GEOMETRIC_REPRESENTATION_CONTEXT(3) 
GLOBAL_UNCERTAINTY_ASSIGNED_CONTEXT((#43)) GLOBAL_UNIT_ASSIGNED_CONTEXT(
(#40,#41,#42)) REPRESENTATION_CONTEXT('Context #1',
  '3D Context with UNIT and UNCERTAINTY') );
#40 = ( LENGTH_UNIT() NAMED_UNIT(*) SI_UNIT(.MILLI.,.METRE.) );
#41 = ( NAMED_UNIT(*) PLANE_ANGLE_UNIT() SI_UNIT($,.RADIAN.) );
#42 = ( NAMED_UNIT(*) SI_UNIT($,.STERADIAN.) SOLID_ANGLE_UNIT() );
#43 = UNCERTAINTY_MEASURE_WITH_UNIT(LENGTH_MEASURE(2.E-07),#40,
  'distance_accuracy_value','confusion accuracy');
#44 = PRODUCT_RELATED_PRODUCT_CATEGORY('part',$,(#7));
#45 = SHAPE_DEFINITION_REPRESENTATION(#46,#52);
#46 = PRODUCT_DEFINITION_SHAPE('','',#47);
#47 = PRODUCT_DEFINITION('design','',#48,#51);
#48 = PRODUCT_DEFINITION_FORMATION('','',#49);
#49 = PRODUCT('shell','shell','',(#50));
#50 = PRODUCT_CONTEXT('',#2,'mechanical');
#51 = PRODUCT_DEFINITION_CONTEXT('part definition',#2,'design');
#52 = ADVANCED_BREP_SHAPE_REPRESENTATION('',(#11,#53),#3553);
#53 = MANIFOLD_SOLID_BREP('',#54);
#54 = CLOSED_SHELL('',(#55,#581,#636,#640,#695,#699,#754,#758,#813,#817,
    #887,#913,#920,#990,#1016,#1023,#1093,#1119,#1126,#1308,#1382,#1556,
    #1630,#1702,#1776,#1850,#1919,#2066,#2135,#2183,#2322,#2349,#2376,
    #2383,#2454,#2571,#2626,#2630,#2685,#2689,#2968,#3023,#3027,#3082,
    #3086,#3141,#3145,#3200,#3204,#3259,#3263,#3318,#3322,#3377,#3381,
    #3436,#3440,#3485,#3512,#3540));
#55 = ADVANCED_FACE('',(#56,#280,#339,#398,#457,#488,#519,#550),#70,.F.
  );
#56 = FACE_BOUND('',#57,.F.);
#57 = EDGE_LOOP('',(#58,#93,#120,#147,#175,#198,#226,#254));
#58 = ORIENTED_EDGE('',*,*,#59,.F.);
#59 = EDGE_CURVE('',#60,#62,#64,.T.);
#60 = VERTEX_POINT('',#61);
#61 = CARTESIAN_POINT('',(0.,126.,9.));
#62 = VERTEX_POINT('',#63);
#63 = CARTESIAN_POINT('',(0.,0.,9.));
#64 = SURFACE_CURVE('',#65,(#69,#81),.PCURVE_S1.);
#65 = LINE('',#66,#67);
#66 = CARTESIAN_POINT('',(0.,126.,9.));
#67 = VECTOR('',#68,1.);
#68 = DIRECTION('',(0.,-1.,0.));
#69 = PCURVE('',#70,#75);
#70 = PLANE('',#71);
#71 = AXIS2_PLACEMENT_3D('',#72,#73,#74);
#72 = CARTESIAN_POINT('',(0.,3.,9.));
#73 = DIRECTION('',(1.,0.,-0.));
#74 = DIRECTION('',(0.,0.,1.));
#75 = DEFINITIONAL_REPRESENTATION('',(#76),#80);
#76 = LINE('',#77,#78);
#77 = CARTESIAN_POINT('',(0.,-123.));
#78 = VECTOR('',#79,1.);
#79 = DIRECTION('',(0.,1.));
#80 = ( GEOMETRIC_REPRESENTATION_CONTEXT(2) 
PARAMETRIC_REPRESENTATION_CONTEXT() REPRESENTATION_CONTEXT('2D SPACE',''
  ) );
#81 = PCURVE('',#82,#87);
#82 = PLANE('',#83);
#83 = AXIS2_PLACEMENT_3D('',#84,#85,#86);
#84 = CARTESIAN_POINT('',(0.,3.,9.));
#85 = DIRECTION('',(0.,0.,1.));
#86 = DIRECTION('',(1.,0.,-0.));
#87 = DEFINITIONAL_REPRESENTATION('',(#88),#92);
#88 = LINE('',#89,#90);
#89 = CARTESIAN_POINT('',(0.,123.));
#90 = VECTOR('',#91,1.);
#91 = DIRECTION('',(0.,-1.));
#92 = ( GEOMETRIC_REPRESENTATION_CONTEXT(2) 
PARAMETRIC_REPRESENTATION_CONTEXT() REPRESENTATION_CONTEXT('2D SPACE',''
  ) );
#93 = ORIENTED_EDGE('',*,*,#94,.T.);
#94 = EDGE_CURVE('',#60,#95,#97,.T.);
#95 = VERTEX_POINT('',#96);
#96 = CARTESIAN_POINT('',(0.,126.,30.));
#97 = SURFACE_CURVE('',#98,(#102,#109),.PCURVE_S1.);
#98 = LINE('',#99,#100);
#99 = CARTESIAN_POINT('',(0.,126.,8.5));
#100 = VECTOR('',#101,1.);
#101 = DIRECTION('',(0.,0.,1.));
#102 = PCURVE('',#70,#103);
#103 = DEFINITIONAL_REPRESENTATION('',(#104),#108);
#104 = LINE('',#105,#106);
#105 = CARTESIAN_POINT('',(-0.5,-123.));
#106 = VECTOR('',#107,1.);
#107 = DIRECTION('',(1.,0.));
#108 = ( GEOMETRIC_REPRESENTATION_CONTEXT(2) 
PARAMETRIC_REPRESENTATION_CONTEXT() REPRESENTATION_CONTEXT('2D SPACE',''
  ) );
#109 = PCURVE('',#110,#115);
#110 = PLANE('',#111);
#111 = AXIS2_PLACEMENT_3D('',#112,#113,#114);
#112 = CARTESIAN_POINT('',(-1.,126.,8.));
#113 = DIRECTION('',(-0.,1.,0.));
#114 = DIRECTION('',(0.,0.,1.));
#115 = DEFINITIONAL_REPRESENTATION('',(#116),#119);
#116 = B_SPLINE_CURVE_WITH_KNOTS('',1,(#117,#118),.UNSPECIFIED.,.F.,.F.,
  (2,2),(0.5,21.5),.PIECEWISE_BEZIER_KNOTS.);
#117 = CARTESIAN_POINT('',(1.,1.));
#118 = CARTESIAN_POINT('',(22.,1.));
#119 = ( GEOMETRIC_REPRESENTATION_CONTEXT(2) 
PARAMETRIC_REPRESENTATION_CONTEXT() REPRESENTATION_CONTEXT('2D SPACE',''
  ) );
#120 = ORIENTED_EDGE('',*,*,#121,.F.);
#121 = EDGE_CURVE('',#122,#95,#124,.T.);
#122 = VERTEX_POINT('',#123);
#123 = CARTESIAN_POINT('',(0.,141.,30.));
#124 = SURFACE_CURVE('',#125,(#129,#136),.PCURVE_S1.);
#125 = LINE('',#126,#127);
#126 = CARTESIAN_POINT('',(0.,64.5,30.));
#127 = VECTOR('',#128,1.);
#128 = DIRECTION('',(0.,-1.,0.));
#129 = PCURVE('',#70,#130);
#130 = DEFINITIONAL_REPRESENTATION('',(#131),#135);
#131 = LINE('',#132,#133);
#132 = CARTESIAN_POINT('',(21.,-61.5));
#133 = VECTOR('',#134,1.);
#134 = DIRECTION('',(0.,1.));
#135 = ( GEOMETRIC_REPRESENTATION_CONTEXT(2) 
PARAMETRIC_REPRESENTATION_CONTEXT() REPRESENTATION_CONTEXT('2D SPACE',''
  ) );
#136 = PCURVE('',#137,#142);
#137 = PLANE('',#138);
#138 = AXIS2_PLACEMENT_3D('',#139,#140,#141);
#139 = CARTESIAN_POINT('',(-1.,126.,30.));
#140 = DIRECTION('',(0.,0.,1.));
#141 = DIRECTION('',(1.,0.,-0.));
#142 = DEFINITIONAL_REPRESENTATION('',(#143),#146);
#143 = B_SPLINE_CURVE_WITH_KNOTS('',1,(#144,#145),.UNSPECIFIED.,.F.,.F.,
  (2,2),(-81.5,-61.5),.PIECEWISE_BEZIER_KNOTS.);
#144 = CARTESIAN_POINT('',(1.,20.));
#145 = CARTESIAN_POINT('',(1.,0.));
#146 = ( GEOMETRIC_REPRESENTATION_CONTEXT(2) 
PARAMETRIC_REPRESENTATION_CONTEXT() REPRESENTATION_CONTEXT('2D SPACE',''
  ) );
#147 = ORIENTED_EDGE('',*,*,#148,.F.);
#148 = EDGE_CURVE('',#149,#122,#151,.T.);
#149 = VERTEX_POINT('',#150);
#150 = CARTESIAN_POINT('',(0.,141.,9.));
#151 = SURFACE_CURVE('',#152,(#156,#163),.PCURVE_S1.);
#152 = LINE('',#153,#154);
#153 = CARTESIAN_POINT('',(0.,141.,9.));
#154 = VECTOR('',#155,1.);
#155 = DIRECTION('',(0.,0.,1.));
#156 = PCURVE('',#70,#157);
#157 = DEFINITIONAL_REPRESENTATION('',(#158),#162);
#158 = LINE('',#159,#160);
#159 = CARTESIAN_POINT('',(0.,-138.));
#160 = VECTOR('',#161,1.);
#161 = DIRECTION('',(1.,0.));
#162 = ( GEOMETRIC_REPRESENTATION_CONTEXT(2) 
PARAMETRIC_REPRESENTATION_CONTEXT() REPRESENTATION_CONTEXT('2D SPACE',''
  ) );
#163 = PCURVE('',#164,#169);
#164 = PLANE('',#165);
#165 = AXIS2_PLACEMENT_3D('',#166,#167,#168);
#166 = CARTESIAN_POINT('',(0.,141.,9.));
#167 = DIRECTION('',(-0.,1.,0.));
#168 = DIRECTION('',(0.,0.,1.));
#169 = DEFINITIONAL_REPRESENTATION('',(#170),#174);
#170 = LINE('',#171,#172);
#171 = CARTESIAN_POINT('',(0.,0.));
#172 = VECTOR('',#173,1.);
#173 = DIRECTION('',(1.,0.));
#174 = ( GEOMETRIC_REPRESENTATION_CONTEXT(2) 
PARAMETRIC_REPRESENTATION_CONTEXT() REPRESENTATION_CONTEXT('2D SPACE',''
  ) );
#175 = ORIENTED_EDGE('',*,*,#176,.F.);
#176 = EDGE_CURVE('',#177,#149,#179,.T.);
#177 = VERTEX_POINT('',#178);
#178 = CARTESIAN_POINT('',(0.,161.,9.));
#179 = SURFACE_CURVE('',#180,(#184,#191),.PCURVE_S1.);
#180 = LINE('',#181,#182);
#181 = CARTESIAN_POINT('',(0.,161.,9.));
#182 = VECTOR('',#183,1.);
#183 = DIRECTION('',(0.,-1.,0.));
#184 = PCURVE('',#70,#185);
#185 = DEFINITIONAL_REPRESENTATION('',(#186),#190);
#186 = LINE('',#187,#188);
#187 = CARTESIAN_POINT('',(0.,-158.));
#188 = VECTOR('',#189,1.);
#189 = DIRECTION('',(0.,1.));
#190 = ( GEOMETRIC_REPRESENTATION_CONTEXT(2) 
PARAMETRIC_REPRESENTATION_CONTEXT() REPRESENTATION_CONTEXT('2D SPACE',''
  ) );
#191 = PCURVE('',#82,#192);
#192 = DEFINITIONAL_REPRESENTATION('',(#193),#197);
#193 = LINE('',#194,#195);
#194 = CARTESIAN_POINT('',(0.,158.));
#195 = VECTOR('',#196,1.);
#196 = DIRECTION('',(0.,-1.));
#197 = ( GEOMETRIC_REPRESENTATION_CONTEXT(2) 
PARAMETRIC_REPRESENTATION_CONTEXT() REPRESENTATION_CONTEXT('2D SPACE',''
  ) );
#198 = ORIENTED_EDGE('',*,*,#199,.F.);
#199 = EDGE_CURVE('',#200,#177,#202,.T.);
#200 = VERTEX_POINT('',#201);
#201 = CARTESIAN_POINT('',(0.,161.,197.));
#202 = SURFACE_CURVE('',#203,(#207,#214),.PCURVE_S1.);
#203 = LINE('',#204,#205);
#204 = CARTESIAN_POINT('',(0.,161.,197.));
#205 = VECTOR('',#206,1.);
#206 = DIRECTION('',(0.,0.,-1.));
#207 = PCURVE('',#70,#208);
#208 = DEFINITIONAL_REPRESENTATION('',(#209),#213);
#209 = LINE('',#210,#211);
#210 = CARTESIAN_POINT('',(188.,-158.));
#211 = VECTOR('',#212,1.);
#212 = DIRECTION('',(-1.,0.));
#213 = ( GEOMETRIC_REPRESENTATION_CONTEXT(2) 
PARAMETRIC_REPRESENTATION_CONTEXT() REPRESENTATION_CONTEXT('2D SPACE',''
  ) );
#214 = PCURVE('',#215,#220);
#215 = PLANE('',#216);
#216 = AXIS2_PLACEMENT_3D('',#217,#218,#219);
#217 = CARTESIAN_POINT('',(0.,161.,9.));
#218 = DIRECTION('',(-0.,1.,0.));
#219 = DIRECTION('',(0.,0.,1.));
#220 = DEFINITIONAL_REPRESENTATION('',(#221),#225);
#221 = LINE('',#222,#223);
#222 = CARTESIAN_POINT('',(188.,0.));
#223 = VECTOR('',#224,1.);
#224 = DIRECTION('',(-1.,0.));
#225 = ( GEOMETRIC_REPRESENTATION_CONTEXT(2) 
PARAMETRIC_REPRESENTATION_CONTEXT() REPRESENTATION_CONTEXT('2D SPACE',''
  ) );
#226 = ORIENTED_EDGE('',*,*,#227,.F.);
#227 = EDGE_CURVE('',#228,#200,#230,.T.);
#228 = VERTEX_POINT('',#229);
#229 = CARTESIAN_POINT('',(0.,0.,197.));
#230 = SURFACE_CURVE('',#231,(#235,#242),.PCURVE_S1.);
#231 = LINE('',#232,#233);
#232 = CARTESIAN_POINT('',(0.,0.,197.));
#233 = VECTOR('',#234,1.);
#234 = DIRECTION('',(0.,1.,0.));
#235 = PCURVE('',#70,#236);
#236 = DEFINITIONAL_REPRESENTATION('',(#237),#241);
#237 = LINE('',#238,#239);
#238 = CARTESIAN_POINT('',(188.,3.));
#239 = VECTOR('',#240,1.);
#240 = DIRECTION('',(0.,-1.));
#241 = ( GEOMETRIC_REPRESENTATION_CONTEXT(2) 
PARAMETRIC_REPRESENTATION_CONTEXT() REPRESENTATION_CONTEXT('2D SPACE',''
  ) );
#242 = PCURVE('',#243,#248);
#243 = PLANE('',#244);
#244 = AXIS2_PLACEMENT_3D('',#245,#246,#247);
#245 = CARTESIAN_POINT('',(0.,3.,197.));
#246 = DIRECTION('',(0.,0.,1.));
#247 = DIRECTION('',(1.,0.,-0.));
#248 = DEFINITIONAL_REPRESENTATION('',(#249),#253);
#249 = LINE('',#250,#251);
#250 = CARTESIAN_POINT('',(0.,-3.));
#251 = VECTOR('',#252,1.);
#252 = DIRECTION('',(0.,1.));
#253 = ( GEOMETRIC_REPRESENTATION_CONTEXT(2) 
PARAMETRIC_REPRESENTATION_CONTEXT() REPRESENTATION_CONTEXT('2D SPACE',''
  ) );
#254 = ORIENTED_EDGE('',*,*,#255,.F.);
#255 = EDGE_CURVE('',#62,#228,#256,.T.);
#256 = SURFACE_CURVE('',#257,(#261,#268),.PCURVE_S1.);
#257 = LINE('',#258,#259);
#258 = CARTESIAN_POINT('',(0.,0.,9.));
#259 = VECTOR('',#260,1.);
#260 = DIRECTION('',(0.,0.,1.));
#261 = PCURVE('',#70,#262);
#262 = DEFINITIONAL_REPRESENTATION('',(#263),#267);
#263 = LINE('',#264,#265);
#264 = CARTESIAN_POINT('',(0.,3.));
#265 = VECTOR('',#266,1.);
#266 = DIRECTION('',(1.,0.));
#267 = ( GEOMETRIC_REPRESENTATION_CONTEXT(2) 
PARAMETRIC_REPRESENTATION_CONTEXT() REPRESENTATION_CONTEXT('2D SPACE',''
  ) );
#268 = PCURVE('',#269,#274);
#269 = PLANE('',#270);
#270 = AXIS2_PLACEMENT_3D('',#271,#272,#273);
#271 = CARTESIAN_POINT('',(0.,0.,9.));
#272 = DIRECTION('',(-0.,1.,0.));
#273 = DIRECTION('',(0.,0.,1.));
#274 = DEFINITIONAL_REPRESENTATION('',(#275),#279);
#275 = LINE('',#276,#277);
#276 = CARTESIAN_POINT('',(0.,0.));
#277 = VECTOR('',#278,1.);
#278 = DIRECTION('',(1.,0.));
#279 = ( GEOMETRIC_REPRESENTATION_CONTEXT(2) 
PARAMETRIC_REPRESENTATION_CONTEXT() REPRESENTATION_CONTEXT('2D SPACE',''
  ) );
#280 = FACE_BOUND('',#281,.F.);
#281 = EDGE_LOOP('',(#282,#313));
#282 = ORIENTED_EDGE('',*,*,#283,.F.);
#283 = EDGE_CURVE('',#284,#286,#288,.T.);
#284 = VERTEX_POINT('',#285);
#285 = CARTESIAN_POINT('',(-2.050158411107E-16,141.,119.84661853126));
#286 = VERTEX_POINT('',#287);
#287 = CARTESIAN_POINT('',(2.050158411106E-16,141.,116.15338146873));
#288 = SURFACE_CURVE('',#289,(#294,#301),.PCURVE_S1.);
#289 = CIRCLE('',#290,2.1);
#290 = AXIS2_PLACEMENT_3D('',#291,#292,#293);
#291 = CARTESIAN_POINT('',(0.,140.,118.));
#292 = DIRECTION('',(1.,-2.473676901675E-17,1.2441801392E-16));
#293 = DIRECTION('',(-9.762659100507E-17,0.47619047619,0.879342157744));
#294 = PCURVE('',#70,#295);
#295 = DEFINITIONAL_REPRESENTATION('',(#296),#300);
#296 = CIRCLE('',#297,2.1);
#297 = AXIS2_PLACEMENT_2D('',#298,#299);
#298 = CARTESIAN_POINT('',(109.,-137.));
#299 = DIRECTION('',(0.879342157744,-0.47619047619));
#300 = ( GEOMETRIC_REPRESENTATION_CONTEXT(2) 
PARAMETRIC_REPRESENTATION_CONTEXT() REPRESENTATION_CONTEXT('2D SPACE',''
  ) );
#301 = PCURVE('',#302,#307);
#302 = CYLINDRICAL_SURFACE('',#303,2.1);
#303 = AXIS2_PLACEMENT_3D('',#304,#305,#306);
#304 = CARTESIAN_POINT('',(-0.1,140.,118.));
#305 = DIRECTION('',(1.,0.,2.22044604925E-16));
#306 = DIRECTION('',(2.22044604925E-16,0.,-1.));
#307 = DEFINITIONAL_REPRESENTATION('',(#308),#312);
#308 = LINE('',#309,#310);
#309 = CARTESIAN_POINT('',(2.645275291464,0.1));
#310 = VECTOR('',#311,1.);
#311 = DIRECTION('',(1.,0.));
#312 = ( GEOMETRIC_REPRESENTATION_CONTEXT(2) 
PARAMETRIC_REPRESENTATION_CONTEXT() REPRESENTATION_CONTEXT('2D SPACE',''
  ) );
#313 = ORIENTED_EDGE('',*,*,#314,.F.);
#314 = EDGE_CURVE('',#286,#284,#315,.T.);
#315 = SURFACE_CURVE('',#316,(#320,#327),.PCURVE_S1.);
#316 = LINE('',#317,#318);
#317 = CARTESIAN_POINT('',(0.,141.,9.));
#318 = VECTOR('',#319,1.);
#319 = DIRECTION('',(0.,0.,1.));
#320 = PCURVE('',#70,#321);
#321 = DEFINITIONAL_REPRESENTATION('',(#322),#326);
#322 = LINE('',#323,#324);
#323 = CARTESIAN_POINT('',(0.,-138.));
#324 = VECTOR('',#325,1.);
#325 = DIRECTION('',(1.,0.));
#326 = ( GEOMETRIC_REPRESENTATION_CONTEXT(2) 
PARAMETRIC_REPRESENTATION_CONTEXT() REPRESENTATION_CONTEXT('2D SPACE',''
  ) );
#327 = PCURVE('',#328,#333);
#328 = PLANE('',#329);
#329 = AXIS2_PLACEMENT_3D('',#330,#331,#332);
#330 = CARTESIAN_POINT('',(0.,141.,9.));
#331 = DIRECTION('',(-0.,1.,0.));
#332 = DIRECTION('',(0.,0.,1.));
#333 = DEFINITIONAL_REPRESENTATION('',(#334),#338);
#334 = LINE('',#335,#336);
#335 = CARTESIAN_POINT('',(0.,0.));
#336 = VECTOR('',#337,1.);
#337 = DIRECTION('',(1.,0.));
#338 = ( GEOMETRIC_REPRESENTATION_CONTEXT(2) 
PARAMETRIC_REPRESENTATION_CONTEXT() REPRESENTATION_CONTEXT('2D SPACE',''
  ) );
#339 = FACE_BOUND('',#340,.F.);
#340 = EDGE_LOOP('',(#341,#372));
#341 = ORIENTED_EDGE('',*,*,#342,.F.);
#342 = EDGE_CURVE('',#343,#345,#347,.T.);
#343 = VERTEX_POINT('',#344);
#344 = CARTESIAN_POINT('',(-2.113072640272E-16,141.,71.903286631067));
#345 = VERTEX_POINT('',#346);
#346 = CARTESIAN_POINT('',(2.113072640272E-16,141.,68.096713368933));
#347 = SURFACE_CURVE('',#348,(#353,#360),.PCURVE_S1.);
#348 = CIRCLE('',#349,2.15);
#349 = AXIS2_PLACEMENT_3D('',#350,#351,#352);
#350 = CARTESIAN_POINT('',(0.,140.,70.));
#351 = DIRECTION('',(1.,-2.424759394794E-17,1.237621565403E-16));
#352 = DIRECTION('',(-9.828244838476E-17,0.46511627907,0.885249595845));
#353 = PCURVE('',#70,#354);
#354 = DEFINITIONAL_REPRESENTATION('',(#355),#359);
#355 = CIRCLE('',#356,2.15);
#356 = AXIS2_PLACEMENT_2D('',#357,#358);
#357 = CARTESIAN_POINT('',(61.,-137.));
#358 = DIRECTION('',(0.885249595845,-0.46511627907));
#359 = ( GEOMETRIC_REPRESENTATION_CONTEXT(2) 
PARAMETRIC_REPRESENTATION_CONTEXT() REPRESENTATION_CONTEXT('2D SPACE',''
  ) );
#360 = PCURVE('',#361,#366);
#361 = CYLINDRICAL_SURFACE('',#362,2.15);
#362 = AXIS2_PLACEMENT_3D('',#363,#364,#365);
#363 = CARTESIAN_POINT('',(-1.E-01,140.,70.));
#364 = DIRECTION('',(1.,0.,2.22044604925E-16));
#365 = DIRECTION('',(2.22044604925E-16,0.,-1.));
#366 = DEFINITIONAL_REPRESENTATION('',(#367),#371);
#367 = LINE('',#368,#369);
#368 = CARTESIAN_POINT('',(2.657826695169,1.E-01));
#369 = VECTOR('',#370,1.);
#370 = DIRECTION('',(1.,0.));
#371 = ( GEOMETRIC_REPRESENTATION_CONTEXT(2) 
PARAMETRIC_REPRESENTATION_CONTEXT() REPRESENTATION_CONTEXT('2D SPACE',''
  ) );
#372 = ORIENTED_EDGE('',*,*,#373,.F.);
#373 = EDGE_CURVE('',#345,#343,#374,.T.);
#374 = SURFACE_CURVE('',#375,(#379,#386),.PCURVE_S1.);
#375 = LINE('',#376,#377);
#376 = CARTESIAN_POINT('',(0.,141.,9.));
#377 = VECTOR('',#378,1.);
#378 = DIRECTION('',(0.,0.,1.));
#379 = PCURVE('',#70,#380);
#380 = DEFINITIONAL_REPRESENTATION('',(#381),#385);
#381 = LINE('',#382,#383);
#382 = CARTESIAN_POINT('',(0.,-138.));
#383 = VECTOR('',#384,1.);
#384 = DIRECTION('',(1.,0.));
#385 = ( GEOMETRIC_REPRESENTATION_CONTEXT(2) 
PARAMETRIC_REPRESENTATION_CONTEXT() REPRESENTATION_CONTEXT('2D SPACE',''
  ) );
#386 = PCURVE('',#387,#392);
#387 = PLANE('',#388);
#388 = AXIS2_PLACEMENT_3D('',#389,#390,#391);
#389 = CARTESIAN_POINT('',(0.,141.,9.));
#390 = DIRECTION('',(-0.,1.,0.));
#391 = DIRECTION('',(0.,0.,1.));
#392 = DEFINITIONAL_REPRESENTATION('',(#393),#397);
#393 = LINE('',#394,#395);
#394 = CARTESIAN_POINT('',(0.,0.));
#395 = VECTOR('',#396,1.);
#396 = DIRECTION('',(1.,0.));
#397 = ( GEOMETRIC_REPRESENTATION_CONTEXT(2) 
PARAMETRIC_REPRESENTATION_CONTEXT() REPRESENTATION_CONTEXT('2D SPACE',''
  ) );
#398 = FACE_BOUND('',#399,.F.);
#399 = EDGE_LOOP('',(#400,#431));
#400 = ORIENTED_EDGE('',*,*,#401,.F.);
#401 = EDGE_CURVE('',#402,#404,#406,.T.);
#402 = VERTEX_POINT('',#403);
#403 = CARTESIAN_POINT('',(-2.050158411107E-16,141.,46.846618531262));
#404 = VERTEX_POINT('',#405);
#405 = CARTESIAN_POINT('',(2.050158411106E-16,141.,43.153381468738));
#406 = SURFACE_CURVE('',#407,(#412,#419),.PCURVE_S1.);
#407 = CIRCLE('',#408,2.1);
#408 = AXIS2_PLACEMENT_3D('',#409,#410,#411);
#409 = CARTESIAN_POINT('',(0.,140.,45.));
#410 = DIRECTION('',(1.,-2.473676901675E-17,1.2441801392E-16));
#411 = DIRECTION('',(-9.762659100507E-17,0.47619047619,0.879342157744));
#412 = PCURVE('',#70,#413);
#413 = DEFINITIONAL_REPRESENTATION('',(#414),#418);
#414 = CIRCLE('',#415,2.1);
#415 = AXIS2_PLACEMENT_2D('',#416,#417);
#416 = CARTESIAN_POINT('',(36.,-137.));
#417 = DIRECTION('',(0.879342157744,-0.47619047619));
#418 = ( GEOMETRIC_REPRESENTATION_CONTEXT(2) 
PARAMETRIC_REPRESENTATION_CONTEXT() REPRESENTATION_CONTEXT('2D SPACE',''
  ) );
#419 = PCURVE('',#420,#425);
#420 = CYLINDRICAL_SURFACE('',#421,2.1);
#421 = AXIS2_PLACEMENT_3D('',#422,#423,#424);
#422 = CARTESIAN_POINT('',(-0.1,140.,45.));
#423 = DIRECTION('',(1.,0.,2.22044604925E-16));
#424 = DIRECTION('',(2.22044604925E-16,0.,-1.));
#425 = DEFINITIONAL_REPRESENTATION('',(#426),#430);
#426 = LINE('',#427,#428);
#427 = CARTESIAN_POINT('',(2.645275291464,0.1));
#428 = VECTOR('',#429,1.);
#429 = DIRECTION('',(1.,0.));
#430 = ( GEOMETRIC_REPRESENTATION_CONTEXT(2) 
PARAMETRIC_REPRESENTATION_CONTEXT() REPRESENTATION_CONTEXT('2D SPACE',''
  ) );
#431 = ORIENTED_EDGE('',*,*,#432,.F.);
#432 = EDGE_CURVE('',#404,#402,#433,.T.);
#433 = SURFACE_CURVE('',#434,(#438,#445),.PCURVE_S1.);
#434 = LINE('',#435,#436);
#435 = CARTESIAN_POINT('',(0.,141.,9.));
#436 = VECTOR('',#437,1.);
#437 = DIRECTION('',(0.,0.,1.));
#438 = PCURVE('',#70,#439);
#439 = DEFINITIONAL_REPRESENTATION('',(#440),#444);
#440 = LINE('',#441,#442);
#441 = CARTESIAN_POINT('',(0.,-138.));
#442 = VECTOR('',#443,1.);
#443 = DIRECTION('',(1.,0.));
#444 = ( GEOMETRIC_REPRESENTATION_CONTEXT(2) 
PARAMETRIC_REPRESENTATION_CONTEXT() REPRESENTATION_CONTEXT('2D SPACE',''
  ) );
#445 = PCURVE('',#446,#451);
#446 = PLANE('',#447);
#447 = AXIS2_PLACEMENT_3D('',#448,#449,#450);
#448 = CARTESIAN_POINT('',(0.,141.,9.));
#449 = DIRECTION('',(-0.,1.,0.));
#450 = DIRECTION('',(0.,0.,1.));
#451 = DEFINITIONAL_REPRESENTATION('',(#452),#456);
#452 = LINE('',#453,#454);
#453 = CARTESIAN_POINT('',(0.,0.));
#454 = VECTOR('',#455,1.);
#455 = DIRECTION('',(1.,0.));
#456 = ( GEOMETRIC_REPRESENTATION_CONTEXT(2) 
PARAMETRIC_REPRESENTATION_CONTEXT() REPRESENTATION_CONTEXT('2D SPACE',''
  ) );
#457 = FACE_BOUND('',#458,.F.);
#458 = EDGE_LOOP('',(#459));
#459 = ORIENTED_EDGE('',*,*,#460,.F.);
#460 = EDGE_CURVE('',#461,#461,#463,.T.);
#461 = VERTEX_POINT('',#462);
#462 = CARTESIAN_POINT('',(0.,76.,67.9));
#463 = SURFACE_CURVE('',#464,(#469,#476),.PCURVE_S1.);
#464 = CIRCLE('',#465,2.1);
#465 = AXIS2_PLACEMENT_3D('',#466,#467,#468);
#466 = CARTESIAN_POINT('',(0.,76.,70.));
#467 = DIRECTION('',(1.,0.,2.22044604925E-16));
#468 = DIRECTION('',(2.22044604925E-16,0.,-1.));
#469 = PCURVE('',#70,#470);
#470 = DEFINITIONAL_REPRESENTATION('',(#471),#475);
#471 = CIRCLE('',#472,2.1);
#472 = AXIS2_PLACEMENT_2D('',#473,#474);
#473 = CARTESIAN_POINT('',(61.,-73.));
#474 = DIRECTION('',(-1.,0.));
#475 = ( GEOMETRIC_REPRESENTATION_CONTEXT(2) 
PARAMETRIC_REPRESENTATION_CONTEXT() REPRESENTATION_CONTEXT('2D SPACE',''
  ) );
#476 = PCURVE('',#477,#482);
#477 = CYLINDRICAL_SURFACE('',#478,2.1);
#478 = AXIS2_PLACEMENT_3D('',#479,#480,#481);
#479 = CARTESIAN_POINT('',(-0.1,76.,70.));
#480 = DIRECTION('',(1.,0.,2.22044604925E-16));
#481 = DIRECTION('',(2.22044604925E-16,0.,-1.));
#482 = DEFINITIONAL_REPRESENTATION('',(#483),#487);
#483 = LINE('',#484,#485);
#484 = CARTESIAN_POINT('',(0.,0.1));
#485 = VECTOR('',#486,1.);
#486 = DIRECTION('',(1.,0.));
#487 = ( GEOMETRIC_REPRESENTATION_CONTEXT(2) 
PARAMETRIC_REPRESENTATION_CONTEXT() REPRESENTATION_CONTEXT('2D SPACE',''
  ) );
#488 = FACE_BOUND('',#489,.F.);
#489 = EDGE_LOOP('',(#490));
#490 = ORIENTED_EDGE('',*,*,#491,.F.);
#491 = EDGE_CURVE('',#492,#492,#494,.T.);
#492 = VERTEX_POINT('',#493);
#493 = CARTESIAN_POINT('',(0.,25.,19.9));
#494 = SURFACE_CURVE('',#495,(#500,#507),.PCURVE_S1.);
#495 = CIRCLE('',#496,2.1);
#496 = AXIS2_PLACEMENT_3D('',#497,#498,#499);
#497 = CARTESIAN_POINT('',(0.,25.,22.));
#498 = DIRECTION('',(1.,0.,2.22044604925E-16));
#499 = DIRECTION('',(2.22044604925E-16,0.,-1.));
#500 = PCURVE('',#70,#501);
#501 = DEFINITIONAL_REPRESENTATION('',(#502),#506);
#502 = CIRCLE('',#503,2.1);
#503 = AXIS2_PLACEMENT_2D('',#504,#505);
#504 = CARTESIAN_POINT('',(13.,-22.));
#505 = DIRECTION('',(-1.,0.));
#506 = ( GEOMETRIC_REPRESENTATION_CONTEXT(2) 
PARAMETRIC_REPRESENTATION_CONTEXT() REPRESENTATION_CONTEXT('2D SPACE',''
  ) );
#507 = PCURVE('',#508,#513);
#508 = CYLINDRICAL_SURFACE('',#509,2.1);
#509 = AXIS2_PLACEMENT_3D('',#510,#511,#512);
#510 = CARTESIAN_POINT('',(-0.1,25.,22.));
#511 = DIRECTION('',(1.,0.,2.22044604925E-16));
#512 = DIRECTION('',(2.22044604925E-16,0.,-1.));
#513 = DEFINITIONAL_REPRESENTATION('',(#514),#518);
#514 = LINE('',#515,#516);
#515 = CARTESIAN_POINT('',(0.,0.1));
#516 = VECTOR('',#517,1.);
#517 = DIRECTION('',(1.,0.));
#518 = ( GEOMETRIC_REPRESENTATION_CONTEXT(2) 
PARAMETRIC_REPRESENTATION_CONTEXT() REPRESENTATION_CONTEXT('2D SPACE',''
  ) );
#519 = FACE_BOUND('',#520,.F.);
#520 = EDGE_LOOP('',(#521));
#521 = ORIENTED_EDGE('',*,*,#522,.F.);
#522 = EDGE_CURVE('',#523,#523,#525,.T.);
#523 = VERTEX_POINT('',#524);
#524 = CARTESIAN_POINT('',(0.,50.,115.9));
#525 = SURFACE_CURVE('',#526,(#531,#538),.PCURVE_S1.);
#526 = CIRCLE('',#527,2.1);
#527 = AXIS2_PLACEMENT_3D('',#528,#529,#530);
#528 = CARTESIAN_POINT('',(0.,50.,118.));
#529 = DIRECTION('',(1.,0.,2.22044604925E-16));
#530 = DIRECTION('',(2.22044604925E-16,0.,-1.));
#531 = PCURVE('',#70,#532);
#532 = DEFINITIONAL_REPRESENTATION('',(#533),#537);
#533 = CIRCLE('',#534,2.1);
#534 = AXIS2_PLACEMENT_2D('',#535,#536);
#535 = CARTESIAN_POINT('',(109.,-47.));
#536 = DIRECTION('',(-1.,0.));
#537 = ( GEOMETRIC_REPRESENTATION_CONTEXT(2) 
PARAMETRIC_REPRESENTATION_CONTEXT() REPRESENTATION_CONTEXT('2D SPACE',''
  ) );
#538 = PCURVE('',#539,#544);
#539 = CYLINDRICAL_SURFACE('',#540,2.1);
#540 = AXIS2_PLACEMENT_3D('',#541,#542,#543);
#541 = CARTESIAN_POINT('',(-0.1,50.,118.));
#542 = DIRECTION('',(1.,0.,2.22044604925E-16));
#543 = DIRECTION('',(2.22044604925E-16,0.,-1.));
#544 = DEFINITIONAL_REPRESENTATION('',(#545),#549);
#545 = LINE('',#546,#547);
#546 = CARTESIAN_POINT('',(0.,0.1));
#547 = VECTOR('',#548,1.);
#548 = DIRECTION('',(1.,0.));
#549 = ( GEOMETRIC_REPRESENTATION_CONTEXT(2) 
PARAMETRIC_REPRESENTATION_CONTEXT() REPRESENTATION_CONTEXT('2D SPACE',''
  ) );
#550 = FACE_BOUND('',#551,.F.);
#551 = EDGE_LOOP('',(#552));
#552 = ORIENTED_EDGE('',*,*,#553,.F.);
#553 = EDGE_CURVE('',#554,#554,#556,.T.);
#554 = VERTEX_POINT('',#555);
#555 = CARTESIAN_POINT('',(0.,35.,115.85));
#556 = SURFACE_CURVE('',#557,(#562,#569),.PCURVE_S1.);
#557 = CIRCLE('',#558,2.15);
#558 = AXIS2_PLACEMENT_3D('',#559,#560,#561);
#559 = CARTESIAN_POINT('',(0.,35.,118.));
#560 = DIRECTION('',(1.,0.,2.22044604925E-16));
#561 = DIRECTION('',(2.22044604925E-16,0.,-1.));
#562 = PCURVE('',#70,#563);
#563 = DEFINITIONAL_REPRESENTATION('',(#564),#568);
#564 = CIRCLE('',#565,2.15);
#565 = AXIS2_PLACEMENT_2D('',#566,#567);
#566 = CARTESIAN_POINT('',(109.,-32.));
#567 = DIRECTION('',(-1.,0.));
#568 = ( GEOMETRIC_REPRESENTATION_CONTEXT(2) 
PARAMETRIC_REPRESENTATION_CONTEXT() REPRESENTATION_CONTEXT('2D SPACE',''
  ) );
#569 = PCURVE('',#570,#575);
#570 = CYLINDRICAL_SURFACE('',#571,2.15);
#571 = AXIS2_PLACEMENT_3D('',#572,#573,#574);
#572 = CARTESIAN_POINT('',(-1.E-01,35.,118.));
#573 = DIRECTION('',(1.,0.,2.22044604925E-16));
#574 = DIRECTION('',(2.22044604925E-16,0.,-1.));
#575 = DEFINITIONAL_REPRESENTATION('',(#576),#580);
#576 = LINE('',#577,#578);
#577 = CARTESIAN_POINT('',(0.,1.E-01));
#578 = VECTOR('',#579,1.);
#579 = DIRECTION('',(1.,0.));
#580 = ( GEOMETRIC_REPRESENTATION_CONTEXT(2) 
PARAMETRIC_REPRESENTATION_CONTEXT() REPRESENTATION_CONTEXT('2D SPACE',''
  ) );
#581 = ADVANCED_FACE('',(#582),#570,.F.);
#582 = FACE_BOUND('',#583,.F.);
#583 = EDGE_LOOP('',(#584,#607,#634,#635));
#584 = ORIENTED_EDGE('',*,*,#585,.T.);
#585 = EDGE_CURVE('',#554,#586,#588,.T.);
#586 = VERTEX_POINT('',#587);
#587 = CARTESIAN_POINT('',(8.6,35.,115.85));
#588 = SEAM_CURVE('',#589,(#593,#600),.PCURVE_S1.);
#589 = LINE('',#590,#591);
#590 = CARTESIAN_POINT('',(-1.E-01,35.,115.85));
#591 = VECTOR('',#592,1.);
#592 = DIRECTION('',(1.,0.,2.22044604925E-16));
#593 = PCURVE('',#570,#594);
#594 = DEFINITIONAL_REPRESENTATION('',(#595),#599);
#595 = LINE('',#596,#597);
#596 = CARTESIAN_POINT('',(6.28318530718,-0.));
#597 = VECTOR('',#598,1.);
#598 = DIRECTION('',(0.,1.));
#599 = ( GEOMETRIC_REPRESENTATION_CONTEXT(2) 
PARAMETRIC_REPRESENTATION_CONTEXT() REPRESENTATION_CONTEXT('2D SPACE',''
  ) );
#600 = PCURVE('',#570,#601);
#601 = DEFINITIONAL_REPRESENTATION('',(#602),#606);
#602 = LINE('',#603,#604);
#603 = CARTESIAN_POINT('',(0.,-0.));
#604 = VECTOR('',#605,1.);
#605 = DIRECTION('',(0.,1.));
#606 = ( GEOMETRIC_REPRESENTATION_CONTEXT(2) 
PARAMETRIC_REPRESENTATION_CONTEXT() REPRESENTATION_CONTEXT('2D SPACE',''
  ) );
#607 = ORIENTED_EDGE('',*,*,#608,.F.);
#608 = EDGE_CURVE('',#586,#586,#609,.T.);
#609 = SURFACE_CURVE('',#610,(#615,#622),.PCURVE_S1.);
#610 = CIRCLE('',#611,2.15);
#611 = AXIS2_PLACEMENT_3D('',#612,#613,#614);
#612 = CARTESIAN_POINT('',(8.6,35.,118.));
#613 = DIRECTION('',(1.,-0.,2.22044604925E-16));
#614 = DIRECTION('',(2.22044604925E-16,0.,-1.));
#615 = PCURVE('',#570,#616);
#616 = DEFINITIONAL_REPRESENTATION('',(#617),#621);
#617 = LINE('',#618,#619);
#618 = CARTESIAN_POINT('',(0.,8.7));
#619 = VECTOR('',#620,1.);
#620 = DIRECTION('',(1.,0.));
#621 = ( GEOMETRIC_REPRESENTATION_CONTEXT(2) 
PARAMETRIC_REPRESENTATION_CONTEXT() REPRESENTATION_CONTEXT('2D SPACE',''
  ) );
#622 = PCURVE('',#623,#628);
#623 = PLANE('',#624);
#624 = AXIS2_PLACEMENT_3D('',#625,#626,#627);
#625 = CARTESIAN_POINT('',(8.6,35.,118.));
#626 = DIRECTION('',(1.,0.,2.22044604925E-16));
#627 = DIRECTION('',(2.22044604925E-16,0.,-1.));
#628 = DEFINITIONAL_REPRESENTATION('',(#629),#633);
#629 = CIRCLE('',#630,2.15);
#630 = AXIS2_PLACEMENT_2D('',#631,#632);
#631 = CARTESIAN_POINT('',(0.,0.));
#632 = DIRECTION('',(1.,0.));
#633 = ( GEOMETRIC_REPRESENTATION_CONTEXT(2) 
PARAMETRIC_REPRESENTATION_CONTEXT() REPRESENTATION_CONTEXT('2D SPACE',''
  ) );
#634 = ORIENTED_EDGE('',*,*,#585,.F.);
#635 = ORIENTED_EDGE('',*,*,#553,.T.);
#636 = ADVANCED_FACE('',(#637),#623,.F.);
#637 = FACE_BOUND('',#638,.F.);
#638 = EDGE_LOOP('',(#639));
#639 = ORIENTED_EDGE('',*,*,#608,.T.);
#640 = ADVANCED_FACE('',(#641),#539,.F.);
#641 = FACE_BOUND('',#642,.F.);
#642 = EDGE_LOOP('',(#643,#666,#693,#694));
#643 = ORIENTED_EDGE('',*,*,#644,.T.);
#644 = EDGE_CURVE('',#523,#645,#647,.T.);
#645 = VERTEX_POINT('',#646);
#646 = CARTESIAN_POINT('',(6.2,50.,115.9));
#647 = SEAM_CURVE('',#648,(#652,#659),.PCURVE_S1.);
#648 = LINE('',#649,#650);
#649 = CARTESIAN_POINT('',(-1.E-01,50.,115.9));
#650 = VECTOR('',#651,1.);
#651 = DIRECTION('',(1.,0.,2.22044604925E-16));
#652 = PCURVE('',#539,#653);
#653 = DEFINITIONAL_REPRESENTATION('',(#654),#658);
#654 = LINE('',#655,#656);
#655 = CARTESIAN_POINT('',(6.28318530718,-0.));
#656 = VECTOR('',#657,1.);
#657 = DIRECTION('',(0.,1.));
#658 = ( GEOMETRIC_REPRESENTATION_CONTEXT(2) 
PARAMETRIC_REPRESENTATION_CONTEXT() REPRESENTATION_CONTEXT('2D SPACE',''
  ) );
#659 = PCURVE('',#539,#660);
#660 = DEFINITIONAL_REPRESENTATION('',(#661),#665);
#661 = LINE('',#662,#663);
#662 = CARTESIAN_POINT('',(0.,-0.));
#663 = VECTOR('',#664,1.);
#664 = DIRECTION('',(0.,1.));
#665 = ( GEOMETRIC_REPRESENTATION_CONTEXT(2) 
PARAMETRIC_REPRESENTATION_CONTEXT() REPRESENTATION_CONTEXT('2D SPACE',''
  ) );
#666 = ORIENTED_EDGE('',*,*,#667,.F.);
#667 = EDGE_CURVE('',#645,#645,#668,.T.);
#668 = SURFACE_CURVE('',#669,(#674,#681),.PCURVE_S1.);
#669 = CIRCLE('',#670,2.1);
#670 = AXIS2_PLACEMENT_3D('',#671,#672,#673);
#671 = CARTESIAN_POINT('',(6.2,50.,118.));
#672 = DIRECTION('',(1.,-0.,2.22044604925E-16));
#673 = DIRECTION('',(2.22044604925E-16,0.,-1.));
#674 = PCURVE('',#539,#675);
#675 = DEFINITIONAL_REPRESENTATION('',(#676),#680);
#676 = LINE('',#677,#678);
#677 = CARTESIAN_POINT('',(0.,6.3));
#678 = VECTOR('',#679,1.);
#679 = DIRECTION('',(1.,0.));
#680 = ( GEOMETRIC_REPRESENTATION_CONTEXT(2) 
PARAMETRIC_REPRESENTATION_CONTEXT() REPRESENTATION_CONTEXT('2D SPACE',''
  ) );
#681 = PCURVE('',#682,#687);
#682 = PLANE('',#683);
#683 = AXIS2_PLACEMENT_3D('',#684,#685,#686);
#684 = CARTESIAN_POINT('',(6.2,50.,118.));
#685 = DIRECTION('',(1.,0.,2.22044604925E-16));
#686 = DIRECTION('',(2.22044604925E-16,0.,-1.));
#687 = DEFINITIONAL_REPRESENTATION('',(#688),#692);
#688 = CIRCLE('',#689,2.1);
#689 = AXIS2_PLACEMENT_2D('',#690,#691);
#690 = CARTESIAN_POINT('',(0.,0.));
#691 = DIRECTION('',(1.,0.));
#692 = ( GEOMETRIC_REPRESENTATION_CONTEXT(2) 
PARAMETRIC_REPRESENTATION_CONTEXT() REPRESENTATION_CONTEXT('2D SPACE',''
  ) );
#693 = ORIENTED_EDGE('',*,*,#644,.F.);
#694 = ORIENTED_EDGE('',*,*,#522,.T.);
#695 = ADVANCED_FACE('',(#696),#682,.F.);
#696 = FACE_BOUND('',#697,.F.);
#697 = EDGE_LOOP('',(#698));
#698 = ORIENTED_EDGE('',*,*,#667,.T.);
#699 = ADVANCED_FACE('',(#700),#508,.F.);
#700 = FACE_BOUND('',#701,.F.);
#701 = EDGE_LOOP('',(#702,#725,#752,#753));
#702 = ORIENTED_EDGE('',*,*,#703,.T.);
#703 = EDGE_CURVE('',#492,#704,#706,.T.);
#704 = VERTEX_POINT('',#705);
#705 = CARTESIAN_POINT('',(6.2,25.,19.9));
#706 = SEAM_CURVE('',#707,(#711,#718),.PCURVE_S1.);
#707 = LINE('',#708,#709);
#708 = CARTESIAN_POINT('',(-1.E-01,25.,19.9));
#709 = VECTOR('',#710,1.);
#710 = DIRECTION('',(1.,0.,2.22044604925E-16));
#711 = PCURVE('',#508,#712);
#712 = DEFINITIONAL_REPRESENTATION('',(#713),#717);
#713 = LINE('',#714,#715);
#714 = CARTESIAN_POINT('',(6.28318530718,-0.));
#715 = VECTOR('',#716,1.);
#716 = DIRECTION('',(0.,1.));
#717 = ( GEOMETRIC_REPRESENTATION_CONTEXT(2) 
PARAMETRIC_REPRESENTATION_CONTEXT() REPRESENTATION_CONTEXT('2D SPACE',''
  ) );
#718 = PCURVE('',#508,#719);
#719 = DEFINITIONAL_REPRESENTATION('',(#720),#724);
#720 = LINE('',#721,#722);
#721 = CARTESIAN_POINT('',(0.,-0.));
#722 = VECTOR('',#723,1.);
#723 = DIRECTION('',(0.,1.));
#724 = ( GEOMETRIC_REPRESENTATION_CONTEXT(2) 
PARAMETRIC_REPRESENTATION_CONTEXT() REPRESENTATION_CONTEXT('2D SPACE',''
  ) );
#725 = ORIENTED_EDGE('',*,*,#726,.F.);
#726 = EDGE_CURVE('',#704,#704,#727,.T.);
#727 = SURFACE_CURVE('',#728,(#733,#740),.PCURVE_S1.);
#728 = CIRCLE('',#729,2.1);
#729 = AXIS2_PLACEMENT_3D('',#730,#731,#732);
#730 = CARTESIAN_POINT('',(6.2,25.,22.));
#731 = DIRECTION('',(1.,-0.,2.22044604925E-16));
#732 = DIRECTION('',(2.22044604925E-16,0.,-1.));
#733 = PCURVE('',#508,#734);
#734 = DEFINITIONAL_REPRESENTATION('',(#735),#739);
#735 = LINE('',#736,#737);
#736 = CARTESIAN_POINT('',(0.,6.3));
#737 = VECTOR('',#738,1.);
#738 = DIRECTION('',(1.,0.));
#739 = ( GEOMETRIC_REPRESENTATION_CONTEXT(2) 
PARAMETRIC_REPRESENTATION_CONTEXT() REPRESENTATION_CONTEXT('2D SPACE',''
  ) );
#740 = PCURVE('',#741,#746);
#741 = PLANE('',#742);
#742 = AXIS2_PLACEMENT_3D('',#743,#744,#745);
#743 = CARTESIAN_POINT('',(6.2,25.,22.));
#744 = DIRECTION('',(1.,0.,2.22044604925E-16));
#745 = DIRECTION('',(2.22044604925E-16,0.,-1.));
#746 = DEFINITIONAL_REPRESENTATION('',(#747),#751);
#747 = CIRCLE('',#748,2.1);
#748 = AXIS2_PLACEMENT_2D('',#749,#750);
#749 = CARTESIAN_POINT('',(0.,0.));
#750 = DIRECTION('',(1.,0.));
#751 = ( GEOMETRIC_REPRESENTATION_CONTEXT(2) 
PARAMETRIC_REPRESENTATION_CONTEXT() REPRESENTATION_CONTEXT('2D SPACE',''
  ) );
#752 = ORIENTED_EDGE('',*,*,#703,.F.);
#753 = ORIENTED_EDGE('',*,*,#491,.T.);
#754 = ADVANCED_FACE('',(#755),#741,.F.);
#755 = FACE_BOUND('',#756,.F.);
#756 = EDGE_LOOP('',(#757));
#757 = ORIENTED_EDGE('',*,*,#726,.T.);
#758 = ADVANCED_FACE('',(#759),#477,.F.);
#759 = FACE_BOUND('',#760,.F.);
#760 = EDGE_LOOP('',(#761,#784,#811,#812));
#761 = ORIENTED_EDGE('',*,*,#762,.T.);
#762 = EDGE_CURVE('',#461,#763,#765,.T.);
#763 = VERTEX_POINT('',#764);
#764 = CARTESIAN_POINT('',(6.2,76.,67.9));
#765 = SEAM_CURVE('',#766,(#770,#777),.PCURVE_S1.);
#766 = LINE('',#767,#768);
#767 = CARTESIAN_POINT('',(-1.E-01,76.,67.9));
#768 = VECTOR('',#769,1.);
#769 = DIRECTION('',(1.,0.,2.22044604925E-16));
#770 = PCURVE('',#477,#771);
#771 = DEFINITIONAL_REPRESENTATION('',(#772),#776);
#772 = LINE('',#773,#774);
#773 = CARTESIAN_POINT('',(6.28318530718,-0.));
#774 = VECTOR('',#775,1.);
#775 = DIRECTION('',(0.,1.));
#776 = ( GEOMETRIC_REPRESENTATION_CONTEXT(2) 
PARAMETRIC_REPRESENTATION_CONTEXT() REPRESENTATION_CONTEXT('2D SPACE',''
  ) );
#777 = PCURVE('',#477,#778);
#778 = DEFINITIONAL_REPRESENTATION('',(#779),#783);
#779 = LINE('',#780,#781);
#780 = CARTESIAN_POINT('',(0.,-0.));
#781 = VECTOR('',#782,1.);
#782 = DIRECTION('',(0.,1.));
#783 = ( GEOMETRIC_REPRESENTATION_CONTEXT(2) 
PARAMETRIC_REPRESENTATION_CONTEXT() REPRESENTATION_CONTEXT('2D SPACE',''
  ) );
#784 = ORIENTED_EDGE('',*,*,#785,.F.);
#785 = EDGE_CURVE('',#763,#763,#786,.T.);
#786 = SURFACE_CURVE('',#787,(#792,#799),.PCURVE_S1.);
#787 = CIRCLE('',#788,2.1);
#788 = AXIS2_PLACEMENT_3D('',#789,#790,#791);
#789 = CARTESIAN_POINT('',(6.2,76.,70.));
#790 = DIRECTION('',(1.,-0.,2.22044604925E-16));
#791 = DIRECTION('',(2.22044604925E-16,0.,-1.));
#792 = PCURVE('',#477,#793);
#793 = DEFINITIONAL_REPRESENTATION('',(#794),#798);
#794 = LINE('',#795,#796);
#795 = CARTESIAN_POINT('',(0.,6.3));
#796 = VECTOR('',#797,1.);
#797 = DIRECTION('',(1.,0.));
#798 = ( GEOMETRIC_REPRESENTATION_CONTEXT(2) 
PARAMETRIC_REPRESENTATION_CONTEXT() REPRESENTATION_CONTEXT('2D SPACE',''
  ) );
#799 = PCURVE('',#800,#805);
#800 = PLANE('',#801);
#801 = AXIS2_PLACEMENT_3D('',#802,#803,#804);
#802 = CARTESIAN_POINT('',(6.2,76.,70.));
#803 = DIRECTION('',(1.,0.,2.22044604925E-16));
#804 = DIRECTION('',(2.22044604925E-16,0.,-1.));
#805 = DEFINITIONAL_REPRESENTATION('',(#806),#810);
#806 = CIRCLE('',#807,2.1);
#807 = AXIS2_PLACEMENT_2D('',#808,#809);
#808 = CARTESIAN_POINT('',(0.,0.));
#809 = DIRECTION('',(1.,0.));
#810 = ( GEOMETRIC_REPRESENTATION_CONTEXT(2) 
PARAMETRIC_REPRESENTATION_CONTEXT() REPRESENTATION_CONTEXT('2D SPACE',''
  ) );
#811 = ORIENTED_EDGE('',*,*,#762,.F.);
#812 = ORIENTED_EDGE('',*,*,#460,.T.);
#813 = ADVANCED_FACE('',(#814),#800,.F.);
#814 = FACE_BOUND('',#815,.F.);
#815 = EDGE_LOOP('',(#816));
#816 = ORIENTED_EDGE('',*,*,#785,.T.);
#817 = ADVANCED_FACE('',(#818),#446,.F.);
#818 = FACE_BOUND('',#819,.F.);
#819 = EDGE_LOOP('',(#820,#841,#842,#863));
#820 = ORIENTED_EDGE('',*,*,#821,.F.);
#821 = EDGE_CURVE('',#404,#822,#824,.T.);
#822 = VERTEX_POINT('',#823);
#823 = CARTESIAN_POINT('',(6.2,141.,43.153381468738));
#824 = SURFACE_CURVE('',#825,(#829,#835),.PCURVE_S1.);
#825 = LINE('',#826,#827);
#826 = CARTESIAN_POINT('',(-1.E-01,141.,43.153381468738));
#827 = VECTOR('',#828,1.);
#828 = DIRECTION('',(1.,0.,2.22044604925E-16));
#829 = PCURVE('',#446,#830);
#830 = DEFINITIONAL_REPRESENTATION('',(#831),#834);
#831 = B_SPLINE_CURVE_WITH_KNOTS('',1,(#832,#833),.UNSPECIFIED.,.F.,.F.,
  (2,2),(9.99976E-02,6.3000024),.PIECEWISE_BEZIER_KNOTS.);
#832 = CARTESIAN_POINT('',(34.153381468738,-2.400000000055E-06));
#833 = CARTESIAN_POINT('',(34.153381468738,6.2000024));
#834 = ( GEOMETRIC_REPRESENTATION_CONTEXT(2) 
PARAMETRIC_REPRESENTATION_CONTEXT() REPRESENTATION_CONTEXT('2D SPACE',''
  ) );
#835 = PCURVE('',#420,#836);
#836 = DEFINITIONAL_REPRESENTATION('',(#837),#840);
#837 = B_SPLINE_CURVE_WITH_KNOTS('',1,(#838,#839),.UNSPECIFIED.,.F.,.F.,
  (2,2),(1.E-01,6.3),.PIECEWISE_BEZIER_KNOTS.);
#838 = CARTESIAN_POINT('',(6.779502669305,1.E-01));
#839 = CARTESIAN_POINT('',(6.779502669305,6.3));
#840 = ( GEOMETRIC_REPRESENTATION_CONTEXT(2) 
PARAMETRIC_REPRESENTATION_CONTEXT() REPRESENTATION_CONTEXT('2D SPACE',''
  ) );
#841 = ORIENTED_EDGE('',*,*,#432,.T.);
#842 = ORIENTED_EDGE('',*,*,#843,.T.);
#843 = EDGE_CURVE('',#402,#844,#846,.T.);
#844 = VERTEX_POINT('',#845);
#845 = CARTESIAN_POINT('',(6.2,141.,46.846618531262));
#846 = SURFACE_CURVE('',#847,(#851,#857),.PCURVE_S1.);
#847 = LINE('',#848,#849);
#848 = CARTESIAN_POINT('',(-0.1,141.,46.846618531262));
#849 = VECTOR('',#850,1.);
#850 = DIRECTION('',(1.,0.,2.22044604925E-16));
#851 = PCURVE('',#446,#852);
#852 = DEFINITIONAL_REPRESENTATION('',(#853),#856);
#853 = B_SPLINE_CURVE_WITH_KNOTS('',1,(#854,#855),.UNSPECIFIED.,.F.,.F.,
  (2,2),(9.99976E-02,6.3000024),.PIECEWISE_BEZIER_KNOTS.);
#854 = CARTESIAN_POINT('',(37.846618531262,-2.400000000888E-06));
#855 = CARTESIAN_POINT('',(37.846618531262,6.2000024));
#856 = ( GEOMETRIC_REPRESENTATION_CONTEXT(2) 
PARAMETRIC_REPRESENTATION_CONTEXT() REPRESENTATION_CONTEXT('2D SPACE',''
  ) );
#857 = PCURVE('',#420,#858);
#858 = DEFINITIONAL_REPRESENTATION('',(#859),#862);
#859 = B_SPLINE_CURVE_WITH_KNOTS('',1,(#860,#861),.UNSPECIFIED.,.F.,.F.,
  (2,2),(0.1,6.3),.PIECEWISE_BEZIER_KNOTS.);
#860 = CARTESIAN_POINT('',(2.645275291464,0.1));
#861 = CARTESIAN_POINT('',(2.645275291464,6.3));
#862 = ( GEOMETRIC_REPRESENTATION_CONTEXT(2) 
PARAMETRIC_REPRESENTATION_CONTEXT() REPRESENTATION_CONTEXT('2D SPACE',''
  ) );
#863 = ORIENTED_EDGE('',*,*,#864,.F.);
#864 = EDGE_CURVE('',#822,#844,#865,.T.);
#865 = SURFACE_CURVE('',#866,(#870,#876),.PCURVE_S1.);
#866 = LINE('',#867,#868);
#867 = CARTESIAN_POINT('',(6.2,141.,27.));
#868 = VECTOR('',#869,1.);
#869 = DIRECTION('',(-2.22044604925E-16,-0.,1.));
#870 = PCURVE('',#446,#871);
#871 = DEFINITIONAL_REPRESENTATION('',(#872),#875);
#872 = B_SPLINE_CURVE_WITH_KNOTS('',1,(#873,#874),.UNSPECIFIED.,.F.,.F.,
  (2,2),(15.9,20.1),.PIECEWISE_BEZIER_KNOTS.);
#873 = CARTESIAN_POINT('',(33.9,6.2));
#874 = CARTESIAN_POINT('',(38.1,6.2));
#875 = ( GEOMETRIC_REPRESENTATION_CONTEXT(2) 
PARAMETRIC_REPRESENTATION_CONTEXT() REPRESENTATION_CONTEXT('2D SPACE',''
  ) );
#876 = PCURVE('',#877,#882);
#877 = PLANE('',#878);
#878 = AXIS2_PLACEMENT_3D('',#879,#880,#881);
#879 = CARTESIAN_POINT('',(6.2,140.,45.));
#880 = DIRECTION('',(1.,0.,2.22044604925E-16));
#881 = DIRECTION('',(2.22044604925E-16,0.,-1.));
#882 = DEFINITIONAL_REPRESENTATION('',(#883),#886);
#883 = B_SPLINE_CURVE_WITH_KNOTS('',1,(#884,#885),.UNSPECIFIED.,.F.,.F.,
  (2,2),(15.9,20.1),.PIECEWISE_BEZIER_KNOTS.);
#884 = CARTESIAN_POINT('',(2.1,1.));
#885 = CARTESIAN_POINT('',(-2.1,1.));
#886 = ( GEOMETRIC_REPRESENTATION_CONTEXT(2) 
PARAMETRIC_REPRESENTATION_CONTEXT() REPRESENTATION_CONTEXT('2D SPACE',''
  ) );
#887 = ADVANCED_FACE('',(#888),#877,.F.);
#888 = FACE_BOUND('',#889,.F.);
#889 = EDGE_LOOP('',(#890,#912));
#890 = ORIENTED_EDGE('',*,*,#891,.T.);
#891 = EDGE_CURVE('',#844,#822,#892,.T.);
#892 = SURFACE_CURVE('',#893,(#898,#905),.PCURVE_S1.);
#893 = CIRCLE('',#894,2.1);
#894 = AXIS2_PLACEMENT_3D('',#895,#896,#897);
#895 = CARTESIAN_POINT('',(6.2,140.,45.));
#896 = DIRECTION('',(1.,0.,-0.));
#897 = DIRECTION('',(0.,0.47619047619,0.879342157744));
#898 = PCURVE('',#877,#899);
#899 = DEFINITIONAL_REPRESENTATION('',(#900),#904);
#900 = CIRCLE('',#901,2.1);
#901 = AXIS2_PLACEMENT_2D('',#902,#903);
#902 = CARTESIAN_POINT('',(0.,0.));
#903 = DIRECTION('',(-0.879342157744,0.47619047619));
#904 = ( GEOMETRIC_REPRESENTATION_CONTEXT(2) 
PARAMETRIC_REPRESENTATION_CONTEXT() REPRESENTATION_CONTEXT('2D SPACE',''
  ) );
#905 = PCURVE('',#420,#906);
#906 = DEFINITIONAL_REPRESENTATION('',(#907),#911);
#907 = LINE('',#908,#909);
#908 = CARTESIAN_POINT('',(2.645275291464,6.3));
#909 = VECTOR('',#910,1.);
#910 = DIRECTION('',(1.,0.));
#911 = ( GEOMETRIC_REPRESENTATION_CONTEXT(2) 
PARAMETRIC_REPRESENTATION_CONTEXT() REPRESENTATION_CONTEXT('2D SPACE',''
  ) );
#912 = ORIENTED_EDGE('',*,*,#864,.T.);
#913 = ADVANCED_FACE('',(#914),#420,.F.);
#914 = FACE_BOUND('',#915,.F.);
#915 = EDGE_LOOP('',(#916,#917,#918,#919));
#916 = ORIENTED_EDGE('',*,*,#401,.T.);
#917 = ORIENTED_EDGE('',*,*,#821,.T.);
#918 = ORIENTED_EDGE('',*,*,#891,.F.);
#919 = ORIENTED_EDGE('',*,*,#843,.F.);
#920 = ADVANCED_FACE('',(#921),#387,.F.);
#921 = FACE_BOUND('',#922,.F.);
#922 = EDGE_LOOP('',(#923,#944,#945,#966));
#923 = ORIENTED_EDGE('',*,*,#924,.F.);
#924 = EDGE_CURVE('',#345,#925,#927,.T.);
#925 = VERTEX_POINT('',#926);
#926 = CARTESIAN_POINT('',(8.6,141.,68.096713368933));
#927 = SURFACE_CURVE('',#928,(#932,#938),.PCURVE_S1.);
#928 = LINE('',#929,#930);
#929 = CARTESIAN_POINT('',(-1.E-01,141.,68.096713368933));
#930 = VECTOR('',#931,1.);
#931 = DIRECTION('',(1.,0.,2.22044604925E-16));
#932 = PCURVE('',#387,#933);
#933 = DEFINITIONAL_REPRESENTATION('',(#934),#937);
#934 = B_SPLINE_CURVE_WITH_KNOTS('',1,(#935,#936),.UNSPECIFIED.,.F.,.F.,
  (2,2),(9.99976E-02,8.7000024),.PIECEWISE_BEZIER_KNOTS.);
#935 = CARTESIAN_POINT('',(59.096713368933,-2.400000000055E-06));
#936 = CARTESIAN_POINT('',(59.096713368933,8.6000024));
#937 = ( GEOMETRIC_REPRESENTATION_CONTEXT(2) 
PARAMETRIC_REPRESENTATION_CONTEXT() REPRESENTATION_CONTEXT('2D SPACE',''
  ) );
#938 = PCURVE('',#361,#939);
#939 = DEFINITIONAL_REPRESENTATION('',(#940),#943);
#940 = B_SPLINE_CURVE_WITH_KNOTS('',1,(#941,#942),.UNSPECIFIED.,.F.,.F.,
  (2,2),(1.E-01,8.7),.PIECEWISE_BEZIER_KNOTS.);
#941 = CARTESIAN_POINT('',(6.7669512656,1.E-01));
#942 = CARTESIAN_POINT('',(6.7669512656,8.7));
#943 = ( GEOMETRIC_REPRESENTATION_CONTEXT(2) 
PARAMETRIC_REPRESENTATION_CONTEXT() REPRESENTATION_CONTEXT('2D SPACE',''
  ) );
#944 = ORIENTED_EDGE('',*,*,#373,.T.);
#945 = ORIENTED_EDGE('',*,*,#946,.T.);
#946 = EDGE_CURVE('',#343,#947,#949,.T.);
#947 = VERTEX_POINT('',#948);
#948 = CARTESIAN_POINT('',(8.6,141.,71.903286631067));
#949 = SURFACE_CURVE('',#950,(#954,#960),.PCURVE_S1.);
#950 = LINE('',#951,#952);
#951 = CARTESIAN_POINT('',(-0.1,141.,71.903286631067));
#952 = VECTOR('',#953,1.);
#953 = DIRECTION('',(1.,0.,2.22044604925E-16));
#954 = PCURVE('',#387,#955);
#955 = DEFINITIONAL_REPRESENTATION('',(#956),#959);
#956 = B_SPLINE_CURVE_WITH_KNOTS('',1,(#957,#958),.UNSPECIFIED.,.F.,.F.,
  (2,2),(9.99976E-02,8.7000024),.PIECEWISE_BEZIER_KNOTS.);
#957 = CARTESIAN_POINT('',(62.903286631067,-2.400000000888E-06));
#958 = CARTESIAN_POINT('',(62.903286631067,8.6000024));
#959 = ( GEOMETRIC_REPRESENTATION_CONTEXT(2) 
PARAMETRIC_REPRESENTATION_CONTEXT() REPRESENTATION_CONTEXT('2D SPACE',''
  ) );
#960 = PCURVE('',#361,#961);
#961 = DEFINITIONAL_REPRESENTATION('',(#962),#965);
#962 = B_SPLINE_CURVE_WITH_KNOTS('',1,(#963,#964),.UNSPECIFIED.,.F.,.F.,
  (2,2),(1.E-01,8.7),.PIECEWISE_BEZIER_KNOTS.);
#963 = CARTESIAN_POINT('',(2.657826695169,1.E-01));
#964 = CARTESIAN_POINT('',(2.657826695169,8.7));
#965 = ( GEOMETRIC_REPRESENTATION_CONTEXT(2) 
PARAMETRIC_REPRESENTATION_CONTEXT() REPRESENTATION_CONTEXT('2D SPACE',''
  ) );
#966 = ORIENTED_EDGE('',*,*,#967,.F.);
#967 = EDGE_CURVE('',#925,#947,#968,.T.);
#968 = SURFACE_CURVE('',#969,(#973,#979),.PCURVE_S1.);
#969 = LINE('',#970,#971);
#970 = CARTESIAN_POINT('',(8.6,141.,39.5));
#971 = VECTOR('',#972,1.);
#972 = DIRECTION('',(-2.22044604925E-16,-0.,1.));
#973 = PCURVE('',#387,#974);
#974 = DEFINITIONAL_REPRESENTATION('',(#975),#978);
#975 = B_SPLINE_CURVE_WITH_KNOTS('',1,(#976,#977),.UNSPECIFIED.,.F.,.F.,
  (2,2),(28.35,32.65),.PIECEWISE_BEZIER_KNOTS.);
#976 = CARTESIAN_POINT('',(58.85,8.6));
#977 = CARTESIAN_POINT('',(63.15,8.6));
#978 = ( GEOMETRIC_REPRESENTATION_CONTEXT(2) 
PARAMETRIC_REPRESENTATION_CONTEXT() REPRESENTATION_CONTEXT('2D SPACE',''
  ) );
#979 = PCURVE('',#980,#985);
#980 = PLANE('',#981);
#981 = AXIS2_PLACEMENT_3D('',#982,#983,#984);
#982 = CARTESIAN_POINT('',(8.6,140.,70.));
#983 = DIRECTION('',(1.,0.,2.22044604925E-16));
#984 = DIRECTION('',(2.22044604925E-16,0.,-1.));
#985 = DEFINITIONAL_REPRESENTATION('',(#986),#989);
#986 = B_SPLINE_CURVE_WITH_KNOTS('',1,(#987,#988),.UNSPECIFIED.,.F.,.F.,
  (2,2),(28.35,32.65),.PIECEWISE_BEZIER_KNOTS.);
#987 = CARTESIAN_POINT('',(2.15,1.));
#988 = CARTESIAN_POINT('',(-2.15,1.));
#989 = ( GEOMETRIC_REPRESENTATION_CONTEXT(2) 
PARAMETRIC_REPRESENTATION_CONTEXT() REPRESENTATION_CONTEXT('2D SPACE',''
  ) );
#990 = ADVANCED_FACE('',(#991),#980,.F.);
#991 = FACE_BOUND('',#992,.F.);
#992 = EDGE_LOOP('',(#993,#1015));
#993 = ORIENTED_EDGE('',*,*,#994,.T.);
#994 = EDGE_CURVE('',#947,#925,#995,.T.);
#995 = SURFACE_CURVE('',#996,(#1001,#1008),.PCURVE_S1.);
#996 = CIRCLE('',#997,2.15);
#997 = AXIS2_PLACEMENT_3D('',#998,#999,#1000);
#998 = CARTESIAN_POINT('',(8.6,140.,70.));
#999 = DIRECTION('',(1.,0.,-0.));
#1000 = DIRECTION('',(0.,0.46511627907,0.885249595845));
#1001 = PCURVE('',#980,#1002);
#1002 = DEFINITIONAL_REPRESENTATION('',(#1003),#1007);
#1003 = CIRCLE('',#1004,2.15);
#1004 = AXIS2_PLACEMENT_2D('',#1005,#1006);
#1005 = CARTESIAN_POINT('',(0.,0.));
#1006 = DIRECTION('',(-0.885249595845,0.46511627907));
#1007 = ( GEOMETRIC_REPRESENTATION_CONTEXT(2) 
PARAMETRIC_REPRESENTATION_CONTEXT() REPRESENTATION_CONTEXT('2D SPACE',''
  ) );
#1008 = PCURVE('',#361,#1009);
#1009 = DEFINITIONAL_REPRESENTATION('',(#1010),#1014);
#1010 = LINE('',#1011,#1012);
#1011 = CARTESIAN_POINT('',(2.657826695169,8.7));
#1012 = VECTOR('',#1013,1.);
#1013 = DIRECTION('',(1.,0.));
#1014 = ( GEOMETRIC_REPRESENTATION_CONTEXT(2) 
PARAMETRIC_REPRESENTATION_CONTEXT() REPRESENTATION_CONTEXT('2D SPACE',''
  ) );
#1015 = ORIENTED_EDGE('',*,*,#967,.T.);
#1016 = ADVANCED_FACE('',(#1017),#361,.F.);
#1017 = FACE_BOUND('',#1018,.F.);
#1018 = EDGE_LOOP('',(#1019,#1020,#1021,#1022));
#1019 = ORIENTED_EDGE('',*,*,#342,.T.);
#1020 = ORIENTED_EDGE('',*,*,#924,.T.);
#1021 = ORIENTED_EDGE('',*,*,#994,.F.);
#1022 = ORIENTED_EDGE('',*,*,#946,.F.);
#1023 = ADVANCED_FACE('',(#1024),#328,.F.);
#1024 = FACE_BOUND('',#1025,.F.);
#1025 = EDGE_LOOP('',(#1026,#1027,#1048,#1074));
#1026 = ORIENTED_EDGE('',*,*,#314,.T.);
#1027 = ORIENTED_EDGE('',*,*,#1028,.T.);
#1028 = EDGE_CURVE('',#284,#1029,#1031,.T.);
#1029 = VERTEX_POINT('',#1030);
#1030 = CARTESIAN_POINT('',(6.2,141.,119.84661853126));
#1031 = SURFACE_CURVE('',#1032,(#1036,#1042),.PCURVE_S1.);
#1032 = LINE('',#1033,#1034);
#1033 = CARTESIAN_POINT('',(-0.1,141.,119.84661853126));
#1034 = VECTOR('',#1035,1.);
#1035 = DIRECTION('',(1.,0.,2.22044604925E-16));
#1036 = PCURVE('',#328,#1037);
#1037 = DEFINITIONAL_REPRESENTATION('',(#1038),#1041);
#1038 = B_SPLINE_CURVE_WITH_KNOTS('',1,(#1039,#1040),.UNSPECIFIED.,.F.,
  .F.,(2,2),(9.99976E-02,6.3000024),.PIECEWISE_BEZIER_KNOTS.);
#1039 = CARTESIAN_POINT('',(110.84661853126,-2.400000000888E-06));
#1040 = CARTESIAN_POINT('',(110.84661853126,6.2000024));
#1041 = ( GEOMETRIC_REPRESENTATION_CONTEXT(2) 
PARAMETRIC_REPRESENTATION_CONTEXT() REPRESENTATION_CONTEXT('2D SPACE',''
  ) );
#1042 = PCURVE('',#302,#1043);
#1043 = DEFINITIONAL_REPRESENTATION('',(#1044),#1047);
#1044 = B_SPLINE_CURVE_WITH_KNOTS('',1,(#1045,#1046),.UNSPECIFIED.,.F.,
  .F.,(2,2),(0.1,6.3),.PIECEWISE_BEZIER_KNOTS.);
#1045 = CARTESIAN_POINT('',(2.645275291464,0.1));
#1046 = CARTESIAN_POINT('',(2.645275291464,6.3));
#1047 = ( GEOMETRIC_REPRESENTATION_CONTEXT(2) 
PARAMETRIC_REPRESENTATION_CONTEXT() REPRESENTATION_CONTEXT('2D SPACE',''
  ) );
#1048 = ORIENTED_EDGE('',*,*,#1049,.F.);
#1049 = EDGE_CURVE('',#1050,#1029,#1052,.T.);
#1050 = VERTEX_POINT('',#1051);
#1051 = CARTESIAN_POINT('',(6.2,141.,116.15338146873));
#1052 = SURFACE_CURVE('',#1053,(#1057,#1063),.PCURVE_S1.);
#1053 = LINE('',#1054,#1055);
#1054 = CARTESIAN_POINT('',(6.2,141.,63.5));
#1055 = VECTOR('',#1056,1.);
#1056 = DIRECTION('',(-2.22044604925E-16,-0.,1.));
#1057 = PCURVE('',#328,#1058);
#1058 = DEFINITIONAL_REPRESENTATION('',(#1059),#1062);
#1059 = B_SPLINE_CURVE_WITH_KNOTS('',1,(#1060,#1061),.UNSPECIFIED.,.F.,
  .F.,(2,2),(52.4,56.6),.PIECEWISE_BEZIER_KNOTS.);
#1060 = CARTESIAN_POINT('',(106.9,6.2));
#1061 = CARTESIAN_POINT('',(111.1,6.2));
#1062 = ( GEOMETRIC_REPRESENTATION_CONTEXT(2) 
PARAMETRIC_REPRESENTATION_CONTEXT() REPRESENTATION_CONTEXT('2D SPACE',''
  ) );
#1063 = PCURVE('',#1064,#1069);
#1064 = PLANE('',#1065);
#1065 = AXIS2_PLACEMENT_3D('',#1066,#1067,#1068);
#1066 = CARTESIAN_POINT('',(6.2,140.,118.));
#1067 = DIRECTION('',(1.,0.,2.22044604925E-16));
#1068 = DIRECTION('',(2.22044604925E-16,0.,-1.));
#1069 = DEFINITIONAL_REPRESENTATION('',(#1070),#1073);
#1070 = B_SPLINE_CURVE_WITH_KNOTS('',1,(#1071,#1072),.UNSPECIFIED.,.F.,
  .F.,(2,2),(52.4,56.6),.PIECEWISE_BEZIER_KNOTS.);
#1071 = CARTESIAN_POINT('',(2.1,1.));
#1072 = CARTESIAN_POINT('',(-2.1,1.));
#1073 = ( GEOMETRIC_REPRESENTATION_CONTEXT(2) 
PARAMETRIC_REPRESENTATION_CONTEXT() REPRESENTATION_CONTEXT('2D SPACE',''
  ) );
#1074 = ORIENTED_EDGE('',*,*,#1075,.F.);
#1075 = EDGE_CURVE('',#286,#1050,#1076,.T.);
#1076 = SURFACE_CURVE('',#1077,(#1081,#1087),.PCURVE_S1.);
#1077 = LINE('',#1078,#1079);
#1078 = CARTESIAN_POINT('',(-1.E-01,141.,116.15338146873));
#1079 = VECTOR('',#1080,1.);
#1080 = DIRECTION('',(1.,0.,2.22044604925E-16));
#1081 = PCURVE('',#328,#1082);
#1082 = DEFINITIONAL_REPRESENTATION('',(#1083),#1086);
#1083 = B_SPLINE_CURVE_WITH_KNOTS('',1,(#1084,#1085),.UNSPECIFIED.,.F.,
  .F.,(2,2),(9.99976E-02,6.3000024),.PIECEWISE_BEZIER_KNOTS.);
#1084 = CARTESIAN_POINT('',(107.15338146873,-2.400000000055E-06));
#1085 = CARTESIAN_POINT('',(107.15338146873,6.2000024));
#1086 = ( GEOMETRIC_REPRESENTATION_CONTEXT(2) 
PARAMETRIC_REPRESENTATION_CONTEXT() REPRESENTATION_CONTEXT('2D SPACE',''
  ) );
#1087 = PCURVE('',#302,#1088);
#1088 = DEFINITIONAL_REPRESENTATION('',(#1089),#1092);
#1089 = B_SPLINE_CURVE_WITH_KNOTS('',1,(#1090,#1091),.UNSPECIFIED.,.F.,
  .F.,(2,2),(1.E-01,6.3),.PIECEWISE_BEZIER_KNOTS.);
#1090 = CARTESIAN_POINT('',(6.779502669305,1.E-01));
#1091 = CARTESIAN_POINT('',(6.779502669305,6.3));
#1092 = ( GEOMETRIC_REPRESENTATION_CONTEXT(2) 
PARAMETRIC_REPRESENTATION_CONTEXT() REPRESENTATION_CONTEXT('2D SPACE',''
  ) );
#1093 = ADVANCED_FACE('',(#1094),#1064,.F.);
#1094 = FACE_BOUND('',#1095,.F.);
#1095 = EDGE_LOOP('',(#1096,#1118));
#1096 = ORIENTED_EDGE('',*,*,#1097,.T.);
#1097 = EDGE_CURVE('',#1029,#1050,#1098,.T.);
#1098 = SURFACE_CURVE('',#1099,(#1104,#1111),.PCURVE_S1.);
#1099 = CIRCLE('',#1100,2.1);
#1100 = AXIS2_PLACEMENT_3D('',#1101,#1102,#1103);
#1101 = CARTESIAN_POINT('',(6.2,140.,118.));
#1102 = DIRECTION('',(1.,0.,-0.));
#1103 = DIRECTION('',(0.,0.47619047619,0.879342157744));
#1104 = PCURVE('',#1064,#1105);
#1105 = DEFINITIONAL_REPRESENTATION('',(#1106),#1110);
#1106 = CIRCLE('',#1107,2.1);
#1107 = AXIS2_PLACEMENT_2D('',#1108,#1109);
#1108 = CARTESIAN_POINT('',(0.,0.));
#1109 = DIRECTION('',(-0.879342157744,0.47619047619));
#1110 = ( GEOMETRIC_REPRESENTATION_CONTEXT(2) 
PARAMETRIC_REPRESENTATION_CONTEXT() REPRESENTATION_CONTEXT('2D SPACE',''
  ) );
#1111 = PCURVE('',#302,#1112);
#1112 = DEFINITIONAL_REPRESENTATION('',(#1113),#1117);
#1113 = LINE('',#1114,#1115);
#1114 = CARTESIAN_POINT('',(2.645275291464,6.3));
#1115 = VECTOR('',#1116,1.);
#1116 = DIRECTION('',(1.,0.));
#1117 = ( GEOMETRIC_REPRESENTATION_CONTEXT(2) 
PARAMETRIC_REPRESENTATION_CONTEXT() REPRESENTATION_CONTEXT('2D SPACE',''
  ) );
#1118 = ORIENTED_EDGE('',*,*,#1049,.T.);
#1119 = ADVANCED_FACE('',(#1120),#302,.F.);
#1120 = FACE_BOUND('',#1121,.F.);
#1121 = EDGE_LOOP('',(#1122,#1123,#1124,#1125));
#1122 = ORIENTED_EDGE('',*,*,#283,.T.);
#1123 = ORIENTED_EDGE('',*,*,#1075,.T.);
#1124 = ORIENTED_EDGE('',*,*,#1097,.F.);
#1125 = ORIENTED_EDGE('',*,*,#1028,.F.);
#1126 = ADVANCED_FACE('',(#1127,#1202),#269,.F.);
#1127 = FACE_BOUND('',#1128,.F.);
#1128 = EDGE_LOOP('',(#1129,#1152,#1153,#1176));
#1129 = ORIENTED_EDGE('',*,*,#1130,.F.);
#1130 = EDGE_CURVE('',#62,#1131,#1133,.T.);
#1131 = VERTEX_POINT('',#1132);
#1132 = CARTESIAN_POINT('',(158.,0.,9.));
#1133 = SURFACE_CURVE('',#1134,(#1138,#1145),.PCURVE_S1.);
#1134 = LINE('',#1135,#1136);
#1135 = CARTESIAN_POINT('',(0.,0.,9.));
#1136 = VECTOR('',#1137,1.);
#1137 = DIRECTION('',(1.,0.,-0.));
#1138 = PCURVE('',#269,#1139);
#1139 = DEFINITIONAL_REPRESENTATION('',(#1140),#1144);
#1140 = LINE('',#1141,#1142);
#1141 = CARTESIAN_POINT('',(0.,0.));
#1142 = VECTOR('',#1143,1.);
#1143 = DIRECTION('',(0.,1.));
#1144 = ( GEOMETRIC_REPRESENTATION_CONTEXT(2) 
PARAMETRIC_REPRESENTATION_CONTEXT() REPRESENTATION_CONTEXT('2D SPACE',''
  ) );
#1145 = PCURVE('',#82,#1146);
#1146 = DEFINITIONAL_REPRESENTATION('',(#1147),#1151);
#1147 = LINE('',#1148,#1149);
#1148 = CARTESIAN_POINT('',(0.,-3.));
#1149 = VECTOR('',#1150,1.);
#1150 = DIRECTION('',(1.,0.));
#1151 = ( GEOMETRIC_REPRESENTATION_CONTEXT(2) 
PARAMETRIC_REPRESENTATION_CONTEXT() REPRESENTATION_CONTEXT('2D SPACE',''
  ) );
#1152 = ORIENTED_EDGE('',*,*,#255,.T.);
#1153 = ORIENTED_EDGE('',*,*,#1154,.T.);
#1154 = EDGE_CURVE('',#228,#1155,#1157,.T.);
#1155 = VERTEX_POINT('',#1156);
#1156 = CARTESIAN_POINT('',(158.,0.,197.));
#1157 = SURFACE_CURVE('',#1158,(#1162,#1169),.PCURVE_S1.);
#1158 = LINE('',#1159,#1160);
#1159 = CARTESIAN_POINT('',(0.,0.,197.));
#1160 = VECTOR('',#1161,1.);
#1161 = DIRECTION('',(1.,0.,-0.));
#1162 = PCURVE('',#269,#1163);
#1163 = DEFINITIONAL_REPRESENTATION('',(#1164),#1168);
#1164 = LINE('',#1165,#1166);
#1165 = CARTESIAN_POINT('',(188.,0.));
#1166 = VECTOR('',#1167,1.);
#1167 = DIRECTION('',(0.,1.));
#1168 = ( GEOMETRIC_REPRESENTATION_CONTEXT(2) 
PARAMETRIC_REPRESENTATION_CONTEXT() REPRESENTATION_CONTEXT('2D SPACE',''
  ) );
#1169 = PCURVE('',#243,#1170);
#1170 = DEFINITIONAL_REPRESENTATION('',(#1171),#1175);
#1171 = LINE('',#1172,#1173);
#1172 = CARTESIAN_POINT('',(0.,-3.));
#1173 = VECTOR('',#1174,1.);
#1174 = DIRECTION('',(1.,0.));
#1175 = ( GEOMETRIC_REPRESENTATION_CONTEXT(2) 
PARAMETRIC_REPRESENTATION_CONTEXT() REPRESENTATION_CONTEXT('2D SPACE',''
  ) );
#1176 = ORIENTED_EDGE('',*,*,#1177,.F.);
#1177 = EDGE_CURVE('',#1131,#1155,#1178,.T.);
#1178 = SURFACE_CURVE('',#1179,(#1183,#1190),.PCURVE_S1.);
#1179 = LINE('',#1180,#1181);
#1180 = CARTESIAN_POINT('',(158.,0.,9.));
#1181 = VECTOR('',#1182,1.);
#1182 = DIRECTION('',(0.,0.,1.));
#1183 = PCURVE('',#269,#1184);
#1184 = DEFINITIONAL_REPRESENTATION('',(#1185),#1189);
#1185 = LINE('',#1186,#1187);
#1186 = CARTESIAN_POINT('',(0.,158.));
#1187 = VECTOR('',#1188,1.);
#1188 = DIRECTION('',(1.,0.));
#1189 = ( GEOMETRIC_REPRESENTATION_CONTEXT(2) 
PARAMETRIC_REPRESENTATION_CONTEXT() REPRESENTATION_CONTEXT('2D SPACE',''
  ) );
#1190 = PCURVE('',#1191,#1196);
#1191 = PLANE('',#1192);
#1192 = AXIS2_PLACEMENT_3D('',#1193,#1194,#1195);
#1193 = CARTESIAN_POINT('',(158.,3.,9.));
#1194 = DIRECTION('',(1.,0.,-0.));
#1195 = DIRECTION('',(0.,0.,1.));
#1196 = DEFINITIONAL_REPRESENTATION('',(#1197),#1201);
#1197 = LINE('',#1198,#1199);
#1198 = CARTESIAN_POINT('',(0.,3.));
#1199 = VECTOR('',#1200,1.);
#1200 = DIRECTION('',(1.,0.));
#1201 = ( GEOMETRIC_REPRESENTATION_CONTEXT(2) 
PARAMETRIC_REPRESENTATION_CONTEXT() REPRESENTATION_CONTEXT('2D SPACE',''
  ) );
#1202 = FACE_BOUND('',#1203,.F.);
#1203 = EDGE_LOOP('',(#1204,#1232,#1258,#1284));
#1204 = ORIENTED_EDGE('',*,*,#1205,.F.);
#1205 = EDGE_CURVE('',#1206,#1208,#1210,.T.);
#1206 = VERTEX_POINT('',#1207);
#1207 = CARTESIAN_POINT('',(18.5,0.,189.));
#1208 = VERTEX_POINT('',#1209);
#1209 = CARTESIAN_POINT('',(145.5,0.,189.));
#1210 = SURFACE_CURVE('',#1211,(#1215,#1221),.PCURVE_S1.);
#1211 = LINE('',#1212,#1213);
#1212 = CARTESIAN_POINT('',(9.25,0.,189.));
#1213 = VECTOR('',#1214,1.);
#1214 = DIRECTION('',(1.,0.,-0.));
#1215 = PCURVE('',#269,#1216);
#1216 = DEFINITIONAL_REPRESENTATION('',(#1217),#1220);
#1217 = B_SPLINE_CURVE_WITH_KNOTS('',1,(#1218,#1219),.UNSPECIFIED.,.F.,
  .F.,(2,2),(9.25,136.25),.PIECEWISE_BEZIER_KNOTS.);
#1218 = CARTESIAN_POINT('',(180.,18.5));
#1219 = CARTESIAN_POINT('',(180.,145.5));
#1220 = ( GEOMETRIC_REPRESENTATION_CONTEXT(2) 
PARAMETRIC_REPRESENTATION_CONTEXT() REPRESENTATION_CONTEXT('2D SPACE',''
  ) );
#1221 = PCURVE('',#1222,#1227);
#1222 = PLANE('',#1223);
#1223 = AXIS2_PLACEMENT_3D('',#1224,#1225,#1226);
#1224 = CARTESIAN_POINT('',(18.5,-1.,189.));
#1225 = DIRECTION('',(0.,0.,1.));
#1226 = DIRECTION('',(1.,0.,-0.));
#1227 = DEFINITIONAL_REPRESENTATION('',(#1228),#1231);
#1228 = B_SPLINE_CURVE_WITH_KNOTS('',1,(#1229,#1230),.UNSPECIFIED.,.F.,
  .F.,(2,2),(9.25,136.25),.PIECEWISE_BEZIER_KNOTS.);
#1229 = CARTESIAN_POINT('',(0.,1.));
#1230 = CARTESIAN_POINT('',(127.,1.));
#1231 = ( GEOMETRIC_REPRESENTATION_CONTEXT(2) 
PARAMETRIC_REPRESENTATION_CONTEXT() REPRESENTATION_CONTEXT('2D SPACE',''
  ) );
#1232 = ORIENTED_EDGE('',*,*,#1233,.T.);
#1233 = EDGE_CURVE('',#1206,#1234,#1236,.T.);
#1234 = VERTEX_POINT('',#1235);
#1235 = CARTESIAN_POINT('',(18.5,0.,18.));
#1236 = SURFACE_CURVE('',#1237,(#1241,#1247),.PCURVE_S1.);
#1237 = LINE('',#1238,#1239);
#1238 = CARTESIAN_POINT('',(18.5,0.,13.5));
#1239 = VECTOR('',#1240,1.);
#1240 = DIRECTION('',(-0.,0.,-1.));
#1241 = PCURVE('',#269,#1242);
#1242 = DEFINITIONAL_REPRESENTATION('',(#1243),#1246);
#1243 = B_SPLINE_CURVE_WITH_KNOTS('',1,(#1244,#1245),.UNSPECIFIED.,.F.,
  .F.,(2,2),(-175.5,-4.5),.PIECEWISE_BEZIER_KNOTS.);
#1244 = CARTESIAN_POINT('',(180.,18.5));
#1245 = CARTESIAN_POINT('',(9.,18.5));
#1246 = ( GEOMETRIC_REPRESENTATION_CONTEXT(2) 
PARAMETRIC_REPRESENTATION_CONTEXT() REPRESENTATION_CONTEXT('2D SPACE',''
  ) );
#1247 = PCURVE('',#1248,#1253);
#1248 = PLANE('',#1249);
#1249 = AXIS2_PLACEMENT_3D('',#1250,#1251,#1252);
#1250 = CARTESIAN_POINT('',(18.5,-1.,18.));
#1251 = DIRECTION('',(1.,0.,-0.));
#1252 = DIRECTION('',(0.,0.,1.));
#1253 = DEFINITIONAL_REPRESENTATION('',(#1254),#1257);
#1254 = B_SPLINE_CURVE_WITH_KNOTS('',1,(#1255,#1256),.UNSPECIFIED.,.F.,
  .F.,(2,2),(-175.5,-4.5),.PIECEWISE_BEZIER_KNOTS.);
#1255 = CARTESIAN_POINT('',(171.,-1.));
#1256 = CARTESIAN_POINT('',(0.,-1.));
#1257 = ( GEOMETRIC_REPRESENTATION_CONTEXT(2) 
PARAMETRIC_REPRESENTATION_CONTEXT() REPRESENTATION_CONTEXT('2D SPACE',''
  ) );
#1258 = ORIENTED_EDGE('',*,*,#1259,.T.);
#1259 = EDGE_CURVE('',#1234,#1260,#1262,.T.);
#1260 = VERTEX_POINT('',#1261);
#1261 = CARTESIAN_POINT('',(145.5,0.,18.));
#1262 = SURFACE_CURVE('',#1263,(#1267,#1273),.PCURVE_S1.);
#1263 = LINE('',#1264,#1265);
#1264 = CARTESIAN_POINT('',(9.25,0.,18.));
#1265 = VECTOR('',#1266,1.);
#1266 = DIRECTION('',(1.,0.,-0.));
#1267 = PCURVE('',#269,#1268);
#1268 = DEFINITIONAL_REPRESENTATION('',(#1269),#1272);
#1269 = B_SPLINE_CURVE_WITH_KNOTS('',1,(#1270,#1271),.UNSPECIFIED.,.F.,
  .F.,(2,2),(9.25,136.25),.PIECEWISE_BEZIER_KNOTS.);
#1270 = CARTESIAN_POINT('',(9.,18.5));
#1271 = CARTESIAN_POINT('',(9.,145.5));
#1272 = ( GEOMETRIC_REPRESENTATION_CONTEXT(2) 
PARAMETRIC_REPRESENTATION_CONTEXT() REPRESENTATION_CONTEXT('2D SPACE',''
  ) );
#1273 = PCURVE('',#1274,#1279);
#1274 = PLANE('',#1275);
#1275 = AXIS2_PLACEMENT_3D('',#1276,#1277,#1278);
#1276 = CARTESIAN_POINT('',(18.5,-1.,18.));
#1277 = DIRECTION('',(0.,0.,1.));
#1278 = DIRECTION('',(1.,0.,-0.));
#1279 = DEFINITIONAL_REPRESENTATION('',(#1280),#1283);
#1280 = B_SPLINE_CURVE_WITH_KNOTS('',1,(#1281,#1282),.UNSPECIFIED.,.F.,
  .F.,(2,2),(9.25,136.25),.PIECEWISE_BEZIER_KNOTS.);
#1281 = CARTESIAN_POINT('',(0.,1.));
#1282 = CARTESIAN_POINT('',(127.,1.));
#1283 = ( GEOMETRIC_REPRESENTATION_CONTEXT(2) 
PARAMETRIC_REPRESENTATION_CONTEXT() REPRESENTATION_CONTEXT('2D SPACE',''
  ) );
#1284 = ORIENTED_EDGE('',*,*,#1285,.F.);
#1285 = EDGE_CURVE('',#1208,#1260,#1286,.T.);
#1286 = SURFACE_CURVE('',#1287,(#1291,#1297),.PCURVE_S1.);
#1287 = LINE('',#1288,#1289);
#1288 = CARTESIAN_POINT('',(145.5,0.,13.5));
#1289 = VECTOR('',#1290,1.);
#1290 = DIRECTION('',(-0.,0.,-1.));
#1291 = PCURVE('',#269,#1292);
#1292 = DEFINITIONAL_REPRESENTATION('',(#1293),#1296);
#1293 = B_SPLINE_CURVE_WITH_KNOTS('',1,(#1294,#1295),.UNSPECIFIED.,.F.,
  .F.,(2,2),(-175.5,-4.5),.PIECEWISE_BEZIER_KNOTS.);
#1294 = CARTESIAN_POINT('',(180.,145.5));
#1295 = CARTESIAN_POINT('',(9.,145.5));
#1296 = ( GEOMETRIC_REPRESENTATION_CONTEXT(2) 
PARAMETRIC_REPRESENTATION_CONTEXT() REPRESENTATION_CONTEXT('2D SPACE',''
  ) );
#1297 = PCURVE('',#1298,#1303);
#1298 = PLANE('',#1299);
#1299 = AXIS2_PLACEMENT_3D('',#1300,#1301,#1302);
#1300 = CARTESIAN_POINT('',(145.5,-1.,18.));
#1301 = DIRECTION('',(1.,0.,-0.));
#1302 = DIRECTION('',(0.,0.,1.));
#1303 = DEFINITIONAL_REPRESENTATION('',(#1304),#1307);
#1304 = B_SPLINE_CURVE_WITH_KNOTS('',1,(#1305,#1306),.UNSPECIFIED.,.F.,
  .F.,(2,2),(-175.5,-4.5),.PIECEWISE_BEZIER_KNOTS.);
#1305 = CARTESIAN_POINT('',(171.,-1.));
#1306 = CARTESIAN_POINT('',(0.,-1.));
#1307 = ( GEOMETRIC_REPRESENTATION_CONTEXT(2) 
PARAMETRIC_REPRESENTATION_CONTEXT() REPRESENTATION_CONTEXT('2D SPACE',''
  ) );
#1308 = ADVANCED_FACE('',(#1309),#1248,.T.);
#1309 = FACE_BOUND('',#1310,.T.);
#1310 = EDGE_LOOP('',(#1311,#1334,#1335,#1358));
#1311 = ORIENTED_EDGE('',*,*,#1312,.F.);
#1312 = EDGE_CURVE('',#1206,#1313,#1315,.T.);
#1313 = VERTEX_POINT('',#1314);
#1314 = CARTESIAN_POINT('',(18.5,3.,189.));
#1315 = SURFACE_CURVE('',#1316,(#1320,#1327),.PCURVE_S1.);
#1316 = LINE('',#1317,#1318);
#1317 = CARTESIAN_POINT('',(18.5,-1.,189.));
#1318 = VECTOR('',#1319,1.);
#1319 = DIRECTION('',(-0.,1.,0.));
#1320 = PCURVE('',#1248,#1321);
#1321 = DEFINITIONAL_REPRESENTATION('',(#1322),#1326);
#1322 = LINE('',#1323,#1324);
#1323 = CARTESIAN_POINT('',(171.,0.));
#1324 = VECTOR('',#1325,1.);
#1325 = DIRECTION('',(0.,-1.));
#1326 = ( GEOMETRIC_REPRESENTATION_CONTEXT(2) 
PARAMETRIC_REPRESENTATION_CONTEXT() REPRESENTATION_CONTEXT('2D SPACE',''
  ) );
#1327 = PCURVE('',#1222,#1328);
#1328 = DEFINITIONAL_REPRESENTATION('',(#1329),#1333);
#1329 = LINE('',#1330,#1331);
#1330 = CARTESIAN_POINT('',(0.,0.));
#1331 = VECTOR('',#1332,1.);
#1332 = DIRECTION('',(0.,1.));
#1333 = ( GEOMETRIC_REPRESENTATION_CONTEXT(2) 
PARAMETRIC_REPRESENTATION_CONTEXT() REPRESENTATION_CONTEXT('2D SPACE',''
  ) );
#1334 = ORIENTED_EDGE('',*,*,#1233,.T.);
#1335 = ORIENTED_EDGE('',*,*,#1336,.T.);
#1336 = EDGE_CURVE('',#1234,#1337,#1339,.T.);
#1337 = VERTEX_POINT('',#1338);
#1338 = CARTESIAN_POINT('',(18.5,3.,18.));
#1339 = SURFACE_CURVE('',#1340,(#1344,#1351),.PCURVE_S1.);
#1340 = LINE('',#1341,#1342);
#1341 = CARTESIAN_POINT('',(18.5,-1.,18.));
#1342 = VECTOR('',#1343,1.);
#1343 = DIRECTION('',(-0.,1.,0.));
#1344 = PCURVE('',#1248,#1345);
#1345 = DEFINITIONAL_REPRESENTATION('',(#1346),#1350);
#1346 = LINE('',#1347,#1348);
#1347 = CARTESIAN_POINT('',(0.,0.));
#1348 = VECTOR('',#1349,1.);
#1349 = DIRECTION('',(0.,-1.));
#1350 = ( GEOMETRIC_REPRESENTATION_CONTEXT(2) 
PARAMETRIC_REPRESENTATION_CONTEXT() REPRESENTATION_CONTEXT('2D SPACE',''
  ) );
#1351 = PCURVE('',#1274,#1352);
#1352 = DEFINITIONAL_REPRESENTATION('',(#1353),#1357);
#1353 = LINE('',#1354,#1355);
#1354 = CARTESIAN_POINT('',(0.,0.));
#1355 = VECTOR('',#1356,1.);
#1356 = DIRECTION('',(0.,1.));
#1357 = ( GEOMETRIC_REPRESENTATION_CONTEXT(2) 
PARAMETRIC_REPRESENTATION_CONTEXT() REPRESENTATION_CONTEXT('2D SPACE',''
  ) );
#1358 = ORIENTED_EDGE('',*,*,#1359,.F.);
#1359 = EDGE_CURVE('',#1313,#1337,#1360,.T.);
#1360 = SURFACE_CURVE('',#1361,(#1365,#1371),.PCURVE_S1.);
#1361 = LINE('',#1362,#1363);
#1362 = CARTESIAN_POINT('',(18.5,3.,13.5));
#1363 = VECTOR('',#1364,1.);
#1364 = DIRECTION('',(-0.,0.,-1.));
#1365 = PCURVE('',#1248,#1366);
#1366 = DEFINITIONAL_REPRESENTATION('',(#1367),#1370);
#1367 = B_SPLINE_CURVE_WITH_KNOTS('',1,(#1368,#1369),.UNSPECIFIED.,.F.,
  .F.,(2,2),(-175.5,-4.5),.PIECEWISE_BEZIER_KNOTS.);
#1368 = CARTESIAN_POINT('',(171.,-4.));
#1369 = CARTESIAN_POINT('',(0.,-4.));
#1370 = ( GEOMETRIC_REPRESENTATION_CONTEXT(2) 
PARAMETRIC_REPRESENTATION_CONTEXT() REPRESENTATION_CONTEXT('2D SPACE',''
  ) );
#1371 = PCURVE('',#1372,#1377);
#1372 = PLANE('',#1373);
#1373 = AXIS2_PLACEMENT_3D('',#1374,#1375,#1376);
#1374 = CARTESIAN_POINT('',(0.,3.,9.));
#1375 = DIRECTION('',(-0.,1.,0.));
#1376 = DIRECTION('',(0.,0.,1.));
#1377 = DEFINITIONAL_REPRESENTATION('',(#1378),#1381);
#1378 = B_SPLINE_CURVE_WITH_KNOTS('',1,(#1379,#1380),.UNSPECIFIED.,.F.,
  .F.,(2,2),(-175.5,-4.5),.PIECEWISE_BEZIER_KNOTS.);
#1379 = CARTESIAN_POINT('',(180.,18.5));
#1380 = CARTESIAN_POINT('',(9.,18.5));
#1381 = ( GEOMETRIC_REPRESENTATION_CONTEXT(2) 
PARAMETRIC_REPRESENTATION_CONTEXT() REPRESENTATION_CONTEXT('2D SPACE',''
  ) );
#1382 = ADVANCED_FACE('',(#1383,#1492),#1372,.T.);
#1383 = FACE_BOUND('',#1384,.T.);
#1384 = EDGE_LOOP('',(#1385,#1415,#1438,#1466));
#1385 = ORIENTED_EDGE('',*,*,#1386,.T.);
#1386 = EDGE_CURVE('',#1387,#1389,#1391,.T.);
#1387 = VERTEX_POINT('',#1388);
#1388 = CARTESIAN_POINT('',(9.,3.,13.));
#1389 = VERTEX_POINT('',#1390);
#1390 = CARTESIAN_POINT('',(9.,3.,197.));
#1391 = SURFACE_CURVE('',#1392,(#1396,#1403),.PCURVE_S1.);
#1392 = LINE('',#1393,#1394);
#1393 = CARTESIAN_POINT('',(9.,3.,9.));
#1394 = VECTOR('',#1395,1.);
#1395 = DIRECTION('',(0.,0.,1.));
#1396 = PCURVE('',#1372,#1397);
#1397 = DEFINITIONAL_REPRESENTATION('',(#1398),#1402);
#1398 = LINE('',#1399,#1400);
#1399 = CARTESIAN_POINT('',(0.,9.));
#1400 = VECTOR('',#1401,1.);
#1401 = DIRECTION('',(1.,0.));
#1402 = ( GEOMETRIC_REPRESENTATION_CONTEXT(2) 
PARAMETRIC_REPRESENTATION_CONTEXT() REPRESENTATION_CONTEXT('2D SPACE',''
  ) );
#1403 = PCURVE('',#1404,#1409);
#1404 = PLANE('',#1405);
#1405 = AXIS2_PLACEMENT_3D('',#1406,#1407,#1408);
#1406 = CARTESIAN_POINT('',(9.,3.,9.));
#1407 = DIRECTION('',(1.,0.,-0.));
#1408 = DIRECTION('',(0.,0.,1.));
#1409 = DEFINITIONAL_REPRESENTATION('',(#1410),#1414);
#1410 = LINE('',#1411,#1412);
#1411 = CARTESIAN_POINT('',(0.,0.));
#1412 = VECTOR('',#1413,1.);
#1413 = DIRECTION('',(1.,0.));
#1414 = ( GEOMETRIC_REPRESENTATION_CONTEXT(2) 
PARAMETRIC_REPRESENTATION_CONTEXT() REPRESENTATION_CONTEXT('2D SPACE',''
  ) );
#1415 = ORIENTED_EDGE('',*,*,#1416,.T.);
#1416 = EDGE_CURVE('',#1389,#1417,#1419,.T.);
#1417 = VERTEX_POINT('',#1418);
#1418 = CARTESIAN_POINT('',(149.,3.,197.));
#1419 = SURFACE_CURVE('',#1420,(#1424,#1431),.PCURVE_S1.);
#1420 = LINE('',#1421,#1422);
#1421 = CARTESIAN_POINT('',(0.,3.,197.));
#1422 = VECTOR('',#1423,1.);
#1423 = DIRECTION('',(1.,0.,-0.));
#1424 = PCURVE('',#1372,#1425);
#1425 = DEFINITIONAL_REPRESENTATION('',(#1426),#1430);
#1426 = LINE('',#1427,#1428);
#1427 = CARTESIAN_POINT('',(188.,0.));
#1428 = VECTOR('',#1429,1.);
#1429 = DIRECTION('',(0.,1.));
#1430 = ( GEOMETRIC_REPRESENTATION_CONTEXT(2) 
PARAMETRIC_REPRESENTATION_CONTEXT() REPRESENTATION_CONTEXT('2D SPACE',''
  ) );
#1431 = PCURVE('',#243,#1432);
#1432 = DEFINITIONAL_REPRESENTATION('',(#1433),#1437);
#1433 = LINE('',#1434,#1435);
#1434 = CARTESIAN_POINT('',(0.,0.));
#1435 = VECTOR('',#1436,1.);
#1436 = DIRECTION('',(1.,0.));
#1437 = ( GEOMETRIC_REPRESENTATION_CONTEXT(2) 
PARAMETRIC_REPRESENTATION_CONTEXT() REPRESENTATION_CONTEXT('2D SPACE',''
  ) );
#1438 = ORIENTED_EDGE('',*,*,#1439,.F.);
#1439 = EDGE_CURVE('',#1440,#1417,#1442,.T.);
#1440 = VERTEX_POINT('',#1441);
#1441 = CARTESIAN_POINT('',(149.,3.,13.));
#1442 = SURFACE_CURVE('',#1443,(#1447,#1454),.PCURVE_S1.);
#1443 = LINE('',#1444,#1445);
#1444 = CARTESIAN_POINT('',(149.,3.,9.));
#1445 = VECTOR('',#1446,1.);
#1446 = DIRECTION('',(0.,0.,1.));
#1447 = PCURVE('',#1372,#1448);
#1448 = DEFINITIONAL_REPRESENTATION('',(#1449),#1453);
#1449 = LINE('',#1450,#1451);
#1450 = CARTESIAN_POINT('',(0.,149.));
#1451 = VECTOR('',#1452,1.);
#1452 = DIRECTION('',(1.,0.));
#1453 = ( GEOMETRIC_REPRESENTATION_CONTEXT(2) 
PARAMETRIC_REPRESENTATION_CONTEXT() REPRESENTATION_CONTEXT('2D SPACE',''
  ) );
#1454 = PCURVE('',#1455,#1460);
#1455 = PLANE('',#1456);
#1456 = AXIS2_PLACEMENT_3D('',#1457,#1458,#1459);
#1457 = CARTESIAN_POINT('',(149.,3.,9.));
#1458 = DIRECTION('',(1.,0.,-0.));
#1459 = DIRECTION('',(0.,0.,1.));
#1460 = DEFINITIONAL_REPRESENTATION('',(#1461),#1465);
#1461 = LINE('',#1462,#1463);
#1462 = CARTESIAN_POINT('',(0.,0.));
#1463 = VECTOR('',#1464,1.);
#1464 = DIRECTION('',(1.,0.));
#1465 = ( GEOMETRIC_REPRESENTATION_CONTEXT(2) 
PARAMETRIC_REPRESENTATION_CONTEXT() REPRESENTATION_CONTEXT('2D SPACE',''
  ) );
#1466 = ORIENTED_EDGE('',*,*,#1467,.F.);
#1467 = EDGE_CURVE('',#1387,#1440,#1468,.T.);
#1468 = SURFACE_CURVE('',#1469,(#1473,#1480),.PCURVE_S1.);
#1469 = LINE('',#1470,#1471);
#1470 = CARTESIAN_POINT('',(0.,3.,13.));
#1471 = VECTOR('',#1472,1.);
#1472 = DIRECTION('',(1.,0.,-0.));
#1473 = PCURVE('',#1372,#1474);
#1474 = DEFINITIONAL_REPRESENTATION('',(#1475),#1479);
#1475 = LINE('',#1476,#1477);
#1476 = CARTESIAN_POINT('',(4.,0.));
#1477 = VECTOR('',#1478,1.);
#1478 = DIRECTION('',(0.,1.));
#1479 = ( GEOMETRIC_REPRESENTATION_CONTEXT(2) 
PARAMETRIC_REPRESENTATION_CONTEXT() REPRESENTATION_CONTEXT('2D SPACE',''
  ) );
#1480 = PCURVE('',#1481,#1486);
#1481 = PLANE('',#1482);
#1482 = AXIS2_PLACEMENT_3D('',#1483,#1484,#1485);
#1483 = CARTESIAN_POINT('',(0.,3.,13.));
#1484 = DIRECTION('',(0.,0.,1.));
#1485 = DIRECTION('',(1.,0.,-0.));
#1486 = DEFINITIONAL_REPRESENTATION('',(#1487),#1491);
#1487 = LINE('',#1488,#1489);
#1488 = CARTESIAN_POINT('',(0.,0.));
#1489 = VECTOR('',#1490,1.);
#1490 = DIRECTION('',(1.,0.));
#1491 = ( GEOMETRIC_REPRESENTATION_CONTEXT(2) 
PARAMETRIC_REPRESENTATION_CONTEXT() REPRESENTATION_CONTEXT('2D SPACE',''
  ) );
#1492 = FACE_BOUND('',#1493,.T.);
#1493 = EDGE_LOOP('',(#1494,#1515,#1516,#1537));
#1494 = ORIENTED_EDGE('',*,*,#1495,.F.);
#1495 = EDGE_CURVE('',#1313,#1496,#1498,.T.);
#1496 = VERTEX_POINT('',#1497);
#1497 = CARTESIAN_POINT('',(145.5,3.,189.));
#1498 = SURFACE_CURVE('',#1499,(#1503,#1509),.PCURVE_S1.);
#1499 = LINE('',#1500,#1501);
#1500 = CARTESIAN_POINT('',(9.25,3.,189.));
#1501 = VECTOR('',#1502,1.);
#1502 = DIRECTION('',(1.,0.,-0.));
#1503 = PCURVE('',#1372,#1504);
#1504 = DEFINITIONAL_REPRESENTATION('',(#1505),#1508);
#1505 = B_SPLINE_CURVE_WITH_KNOTS('',1,(#1506,#1507),.UNSPECIFIED.,.F.,
  .F.,(2,2),(9.25,136.25),.PIECEWISE_BEZIER_KNOTS.);
#1506 = CARTESIAN_POINT('',(180.,18.5));
#1507 = CARTESIAN_POINT('',(180.,145.5));
#1508 = ( GEOMETRIC_REPRESENTATION_CONTEXT(2) 
PARAMETRIC_REPRESENTATION_CONTEXT() REPRESENTATION_CONTEXT('2D SPACE',''
  ) );
#1509 = PCURVE('',#1222,#1510);
#1510 = DEFINITIONAL_REPRESENTATION('',(#1511),#1514);
#1511 = B_SPLINE_CURVE_WITH_KNOTS('',1,(#1512,#1513),.UNSPECIFIED.,.F.,
  .F.,(2,2),(9.25,136.25),.PIECEWISE_BEZIER_KNOTS.);
#1512 = CARTESIAN_POINT('',(0.,4.));
#1513 = CARTESIAN_POINT('',(127.,4.));
#1514 = ( GEOMETRIC_REPRESENTATION_CONTEXT(2) 
PARAMETRIC_REPRESENTATION_CONTEXT() REPRESENTATION_CONTEXT('2D SPACE',''
  ) );
#1515 = ORIENTED_EDGE('',*,*,#1359,.T.);
#1516 = ORIENTED_EDGE('',*,*,#1517,.T.);
#1517 = EDGE_CURVE('',#1337,#1518,#1520,.T.);
#1518 = VERTEX_POINT('',#1519);
#1519 = CARTESIAN_POINT('',(145.5,3.,18.));
#1520 = SURFACE_CURVE('',#1521,(#1525,#1531),.PCURVE_S1.);
#1521 = LINE('',#1522,#1523);
#1522 = CARTESIAN_POINT('',(9.25,3.,18.));
#1523 = VECTOR('',#1524,1.);
#1524 = DIRECTION('',(1.,0.,-0.));
#1525 = PCURVE('',#1372,#1526);
#1526 = DEFINITIONAL_REPRESENTATION('',(#1527),#1530);
#1527 = B_SPLINE_CURVE_WITH_KNOTS('',1,(#1528,#1529),.UNSPECIFIED.,.F.,
  .F.,(2,2),(9.25,136.25),.PIECEWISE_BEZIER_KNOTS.);
#1528 = CARTESIAN_POINT('',(9.,18.5));
#1529 = CARTESIAN_POINT('',(9.,145.5));
#1530 = ( GEOMETRIC_REPRESENTATION_CONTEXT(2) 
PARAMETRIC_REPRESENTATION_CONTEXT() REPRESENTATION_CONTEXT('2D SPACE',''
  ) );
#1531 = PCURVE('',#1274,#1532);
#1532 = DEFINITIONAL_REPRESENTATION('',(#1533),#1536);
#1533 = B_SPLINE_CURVE_WITH_KNOTS('',1,(#1534,#1535),.UNSPECIFIED.,.F.,
  .F.,(2,2),(9.25,136.25),.PIECEWISE_BEZIER_KNOTS.);
#1534 = CARTESIAN_POINT('',(0.,4.));
#1535 = CARTESIAN_POINT('',(127.,4.));
#1536 = ( GEOMETRIC_REPRESENTATION_CONTEXT(2) 
PARAMETRIC_REPRESENTATION_CONTEXT() REPRESENTATION_CONTEXT('2D SPACE',''
  ) );
#1537 = ORIENTED_EDGE('',*,*,#1538,.F.);
#1538 = EDGE_CURVE('',#1496,#1518,#1539,.T.);
#1539 = SURFACE_CURVE('',#1540,(#1544,#1550),.PCURVE_S1.);
#1540 = LINE('',#1541,#1542);
#1541 = CARTESIAN_POINT('',(145.5,3.,13.5));
#1542 = VECTOR('',#1543,1.);
#1543 = DIRECTION('',(-0.,0.,-1.));
#1544 = PCURVE('',#1372,#1545);
#1545 = DEFINITIONAL_REPRESENTATION('',(#1546),#1549);
#1546 = B_SPLINE_CURVE_WITH_KNOTS('',1,(#1547,#1548),.UNSPECIFIED.,.F.,
  .F.,(2,2),(-175.5,-4.5),.PIECEWISE_BEZIER_KNOTS.);
#1547 = CARTESIAN_POINT('',(180.,145.5));
#1548 = CARTESIAN_POINT('',(9.,145.5));
#1549 = ( GEOMETRIC_REPRESENTATION_CONTEXT(2) 
PARAMETRIC_REPRESENTATION_CONTEXT() REPRESENTATION_CONTEXT('2D SPACE',''
  ) );
#1550 = PCURVE('',#1298,#1551);
#1551 = DEFINITIONAL_REPRESENTATION('',(#1552),#1555);
#1552 = B_SPLINE_CURVE_WITH_KNOTS('',1,(#1553,#1554),.UNSPECIFIED.,.F.,
  .F.,(2,2),(-175.5,-4.5),.PIECEWISE_BEZIER_KNOTS.);
#1553 = CARTESIAN_POINT('',(171.,-4.));
#1554 = CARTESIAN_POINT('',(0.,-4.));
#1555 = ( GEOMETRIC_REPRESENTATION_CONTEXT(2) 
PARAMETRIC_REPRESENTATION_CONTEXT() REPRESENTATION_CONTEXT('2D SPACE',''
  ) );
#1556 = ADVANCED_FACE('',(#1557),#1455,.F.);
#1557 = FACE_BOUND('',#1558,.F.);
#1558 = EDGE_LOOP('',(#1559,#1560,#1581,#1609));
#1559 = ORIENTED_EDGE('',*,*,#1439,.F.);
#1560 = ORIENTED_EDGE('',*,*,#1561,.T.);
#1561 = EDGE_CURVE('',#1440,#1562,#1564,.T.);
#1562 = VERTEX_POINT('',#1563);
#1563 = CARTESIAN_POINT('',(149.,12.,13.));
#1564 = SURFACE_CURVE('',#1565,(#1569,#1575),.PCURVE_S1.);
#1565 = LINE('',#1566,#1567);
#1566 = CARTESIAN_POINT('',(149.,3.,13.));
#1567 = VECTOR('',#1568,1.);
#1568 = DIRECTION('',(-0.,1.,0.));
#1569 = PCURVE('',#1455,#1570);
#1570 = DEFINITIONAL_REPRESENTATION('',(#1571),#1574);
#1571 = B_SPLINE_CURVE_WITH_KNOTS('',1,(#1572,#1573),.UNSPECIFIED.,.F.,
  .F.,(2,2),(0.,9.),.PIECEWISE_BEZIER_KNOTS.);
#1572 = CARTESIAN_POINT('',(4.,0.));
#1573 = CARTESIAN_POINT('',(4.,-9.));
#1574 = ( GEOMETRIC_REPRESENTATION_CONTEXT(2) 
PARAMETRIC_REPRESENTATION_CONTEXT() REPRESENTATION_CONTEXT('2D SPACE',''
  ) );
#1575 = PCURVE('',#1481,#1576);
#1576 = DEFINITIONAL_REPRESENTATION('',(#1577),#1580);
#1577 = B_SPLINE_CURVE_WITH_KNOTS('',1,(#1578,#1579),.UNSPECIFIED.,.F.,
  .F.,(2,2),(0.,9.),.PIECEWISE_BEZIER_KNOTS.);
#1578 = CARTESIAN_POINT('',(149.,0.));
#1579 = CARTESIAN_POINT('',(149.,9.));
#1580 = ( GEOMETRIC_REPRESENTATION_CONTEXT(2) 
PARAMETRIC_REPRESENTATION_CONTEXT() REPRESENTATION_CONTEXT('2D SPACE',''
  ) );
#1581 = ORIENTED_EDGE('',*,*,#1582,.T.);
#1582 = EDGE_CURVE('',#1562,#1583,#1585,.T.);
#1583 = VERTEX_POINT('',#1584);
#1584 = CARTESIAN_POINT('',(149.,12.,197.));
#1585 = SURFACE_CURVE('',#1586,(#1590,#1597),.PCURVE_S1.);
#1586 = LINE('',#1587,#1588);
#1587 = CARTESIAN_POINT('',(149.,12.,9.));
#1588 = VECTOR('',#1589,1.);
#1589 = DIRECTION('',(0.,0.,1.));
#1590 = PCURVE('',#1455,#1591);
#1591 = DEFINITIONAL_REPRESENTATION('',(#1592),#1596);
#1592 = LINE('',#1593,#1594);
#1593 = CARTESIAN_POINT('',(0.,-9.));
#1594 = VECTOR('',#1595,1.);
#1595 = DIRECTION('',(1.,0.));
#1596 = ( GEOMETRIC_REPRESENTATION_CONTEXT(2) 
PARAMETRIC_REPRESENTATION_CONTEXT() REPRESENTATION_CONTEXT('2D SPACE',''
  ) );
#1597 = PCURVE('',#1598,#1603);
#1598 = PLANE('',#1599);
#1599 = AXIS2_PLACEMENT_3D('',#1600,#1601,#1602);
#1600 = CARTESIAN_POINT('',(149.,12.,9.));
#1601 = DIRECTION('',(-0.,1.,0.));
#1602 = DIRECTION('',(0.,0.,1.));
#1603 = DEFINITIONAL_REPRESENTATION('',(#1604),#1608);
#1604 = LINE('',#1605,#1606);
#1605 = CARTESIAN_POINT('',(0.,0.));
#1606 = VECTOR('',#1607,1.);
#1607 = DIRECTION('',(1.,0.));
#1608 = ( GEOMETRIC_REPRESENTATION_CONTEXT(2) 
PARAMETRIC_REPRESENTATION_CONTEXT() REPRESENTATION_CONTEXT('2D SPACE',''
  ) );
#1609 = ORIENTED_EDGE('',*,*,#1610,.F.);
#1610 = EDGE_CURVE('',#1417,#1583,#1611,.T.);
#1611 = SURFACE_CURVE('',#1612,(#1616,#1623),.PCURVE_S1.);
#1612 = LINE('',#1613,#1614);
#1613 = CARTESIAN_POINT('',(149.,3.,197.));
#1614 = VECTOR('',#1615,1.);
#1615 = DIRECTION('',(-0.,1.,0.));
#1616 = PCURVE('',#1455,#1617);
#1617 = DEFINITIONAL_REPRESENTATION('',(#1618),#1622);
#1618 = LINE('',#1619,#1620);
#1619 = CARTESIAN_POINT('',(188.,0.));
#1620 = VECTOR('',#1621,1.);
#1621 = DIRECTION('',(0.,-1.));
#1622 = ( GEOMETRIC_REPRESENTATION_CONTEXT(2) 
PARAMETRIC_REPRESENTATION_CONTEXT() REPRESENTATION_CONTEXT('2D SPACE',''
  ) );
#1623 = PCURVE('',#243,#1624);
#1624 = DEFINITIONAL_REPRESENTATION('',(#1625),#1629);
#1625 = LINE('',#1626,#1627);
#1626 = CARTESIAN_POINT('',(149.,0.));
#1627 = VECTOR('',#1628,1.);
#1628 = DIRECTION('',(0.,1.));
#1629 = ( GEOMETRIC_REPRESENTATION_CONTEXT(2) 
PARAMETRIC_REPRESENTATION_CONTEXT() REPRESENTATION_CONTEXT('2D SPACE',''
  ) );
#1630 = ADVANCED_FACE('',(#1631),#1598,.T.);
#1631 = FACE_BOUND('',#1632,.T.);
#1632 = EDGE_LOOP('',(#1633,#1654,#1655,#1678));
#1633 = ORIENTED_EDGE('',*,*,#1634,.T.);
#1634 = EDGE_CURVE('',#1635,#1562,#1637,.T.);
#1635 = VERTEX_POINT('',#1636);
#1636 = CARTESIAN_POINT('',(155.,12.,13.));
#1637 = SURFACE_CURVE('',#1638,(#1642,#1648),.PCURVE_S1.);
#1638 = LINE('',#1639,#1640);
#1639 = CARTESIAN_POINT('',(74.5,12.,13.));
#1640 = VECTOR('',#1641,1.);
#1641 = DIRECTION('',(-1.,-0.,0.));
#1642 = PCURVE('',#1598,#1643);
#1643 = DEFINITIONAL_REPRESENTATION('',(#1644),#1647);
#1644 = B_SPLINE_CURVE_WITH_KNOTS('',1,(#1645,#1646),.UNSPECIFIED.,.F.,
  .F.,(2,2),(-80.5,-74.5),.PIECEWISE_BEZIER_KNOTS.);
#1645 = CARTESIAN_POINT('',(4.,6.));
#1646 = CARTESIAN_POINT('',(4.,0.));
#1647 = ( GEOMETRIC_REPRESENTATION_CONTEXT(2) 
PARAMETRIC_REPRESENTATION_CONTEXT() REPRESENTATION_CONTEXT('2D SPACE',''
  ) );
#1648 = PCURVE('',#1481,#1649);
#1649 = DEFINITIONAL_REPRESENTATION('',(#1650),#1653);
#1650 = B_SPLINE_CURVE_WITH_KNOTS('',1,(#1651,#1652),.UNSPECIFIED.,.F.,
  .F.,(2,2),(-80.5,-74.5),.PIECEWISE_BEZIER_KNOTS.);
#1651 = CARTESIAN_POINT('',(155.,9.));
#1652 = CARTESIAN_POINT('',(149.,9.));
#1653 = ( GEOMETRIC_REPRESENTATION_CONTEXT(2) 
PARAMETRIC_REPRESENTATION_CONTEXT() REPRESENTATION_CONTEXT('2D SPACE',''
  ) );
#1654 = ORIENTED_EDGE('',*,*,#1582,.T.);
#1655 = ORIENTED_EDGE('',*,*,#1656,.T.);
#1656 = EDGE_CURVE('',#1583,#1657,#1659,.T.);
#1657 = VERTEX_POINT('',#1658);
#1658 = CARTESIAN_POINT('',(155.,12.,197.));
#1659 = SURFACE_CURVE('',#1660,(#1664,#1671),.PCURVE_S1.);
#1660 = LINE('',#1661,#1662);
#1661 = CARTESIAN_POINT('',(149.,12.,197.));
#1662 = VECTOR('',#1663,1.);
#1663 = DIRECTION('',(1.,0.,-0.));
#1664 = PCURVE('',#1598,#1665);
#1665 = DEFINITIONAL_REPRESENTATION('',(#1666),#1670);
#1666 = LINE('',#1667,#1668);
#1667 = CARTESIAN_POINT('',(188.,0.));
#1668 = VECTOR('',#1669,1.);
#1669 = DIRECTION('',(0.,1.));
#1670 = ( GEOMETRIC_REPRESENTATION_CONTEXT(2) 
PARAMETRIC_REPRESENTATION_CONTEXT() REPRESENTATION_CONTEXT('2D SPACE',''
  ) );
#1671 = PCURVE('',#243,#1672);
#1672 = DEFINITIONAL_REPRESENTATION('',(#1673),#1677);
#1673 = LINE('',#1674,#1675);
#1674 = CARTESIAN_POINT('',(149.,9.));
#1675 = VECTOR('',#1676,1.);
#1676 = DIRECTION('',(1.,0.));
#1677 = ( GEOMETRIC_REPRESENTATION_CONTEXT(2) 
PARAMETRIC_REPRESENTATION_CONTEXT() REPRESENTATION_CONTEXT('2D SPACE',''
  ) );
#1678 = ORIENTED_EDGE('',*,*,#1679,.F.);
#1679 = EDGE_CURVE('',#1635,#1657,#1680,.T.);
#1680 = SURFACE_CURVE('',#1681,(#1685,#1691),.PCURVE_S1.);
#1681 = LINE('',#1682,#1683);
#1682 = CARTESIAN_POINT('',(155.,12.,9.));
#1683 = VECTOR('',#1684,1.);
#1684 = DIRECTION('',(0.,0.,1.));
#1685 = PCURVE('',#1598,#1686);
#1686 = DEFINITIONAL_REPRESENTATION('',(#1687),#1690);
#1687 = B_SPLINE_CURVE_WITH_KNOTS('',1,(#1688,#1689),.UNSPECIFIED.,.F.,
  .F.,(2,2),(4.,188.),.PIECEWISE_BEZIER_KNOTS.);
#1688 = CARTESIAN_POINT('',(4.,6.));
#1689 = CARTESIAN_POINT('',(188.,6.));
#1690 = ( GEOMETRIC_REPRESENTATION_CONTEXT(2) 
PARAMETRIC_REPRESENTATION_CONTEXT() REPRESENTATION_CONTEXT('2D SPACE',''
  ) );
#1691 = PCURVE('',#1692,#1697);
#1692 = PLANE('',#1693);
#1693 = AXIS2_PLACEMENT_3D('',#1694,#1695,#1696);
#1694 = CARTESIAN_POINT('',(155.,3.,9.));
#1695 = DIRECTION('',(1.,0.,-0.));
#1696 = DIRECTION('',(0.,0.,1.));
#1697 = DEFINITIONAL_REPRESENTATION('',(#1698),#1701);
#1698 = B_SPLINE_CURVE_WITH_KNOTS('',1,(#1699,#1700),.UNSPECIFIED.,.F.,
  .F.,(2,2),(4.,188.),.PIECEWISE_BEZIER_KNOTS.);
#1699 = CARTESIAN_POINT('',(4.,-9.));
#1700 = CARTESIAN_POINT('',(188.,-9.));
#1701 = ( GEOMETRIC_REPRESENTATION_CONTEXT(2) 
PARAMETRIC_REPRESENTATION_CONTEXT() REPRESENTATION_CONTEXT('2D SPACE',''
  ) );
#1702 = ADVANCED_FACE('',(#1703),#1692,.F.);
#1703 = FACE_BOUND('',#1704,.F.);
#1704 = EDGE_LOOP('',(#1705,#1706,#1727,#1755));
#1705 = ORIENTED_EDGE('',*,*,#1679,.F.);
#1706 = ORIENTED_EDGE('',*,*,#1707,.T.);
#1707 = EDGE_CURVE('',#1635,#1708,#1710,.T.);
#1708 = VERTEX_POINT('',#1709);
#1709 = CARTESIAN_POINT('',(155.,135.,13.));
#1710 = SURFACE_CURVE('',#1711,(#1715,#1721),.PCURVE_S1.);
#1711 = LINE('',#1712,#1713);
#1712 = CARTESIAN_POINT('',(155.,3.,13.));
#1713 = VECTOR('',#1714,1.);
#1714 = DIRECTION('',(-0.,1.,0.));
#1715 = PCURVE('',#1692,#1716);
#1716 = DEFINITIONAL_REPRESENTATION('',(#1717),#1720);
#1717 = B_SPLINE_CURVE_WITH_KNOTS('',1,(#1718,#1719),.UNSPECIFIED.,.F.,
  .F.,(2,2),(0.,158.),.PIECEWISE_BEZIER_KNOTS.);
#1718 = CARTESIAN_POINT('',(4.,0.));
#1719 = CARTESIAN_POINT('',(4.,-158.));
#1720 = ( GEOMETRIC_REPRESENTATION_CONTEXT(2) 
PARAMETRIC_REPRESENTATION_CONTEXT() REPRESENTATION_CONTEXT('2D SPACE',''
  ) );
#1721 = PCURVE('',#1481,#1722);
#1722 = DEFINITIONAL_REPRESENTATION('',(#1723),#1726);
#1723 = B_SPLINE_CURVE_WITH_KNOTS('',1,(#1724,#1725),.UNSPECIFIED.,.F.,
  .F.,(2,2),(0.,158.),.PIECEWISE_BEZIER_KNOTS.);
#1724 = CARTESIAN_POINT('',(155.,0.));
#1725 = CARTESIAN_POINT('',(155.,158.));
#1726 = ( GEOMETRIC_REPRESENTATION_CONTEXT(2) 
PARAMETRIC_REPRESENTATION_CONTEXT() REPRESENTATION_CONTEXT('2D SPACE',''
  ) );
#1727 = ORIENTED_EDGE('',*,*,#1728,.T.);
#1728 = EDGE_CURVE('',#1708,#1729,#1731,.T.);
#1729 = VERTEX_POINT('',#1730);
#1730 = CARTESIAN_POINT('',(155.,135.,197.));
#1731 = SURFACE_CURVE('',#1732,(#1736,#1743),.PCURVE_S1.);
#1732 = LINE('',#1733,#1734);
#1733 = CARTESIAN_POINT('',(155.,135.,9.));
#1734 = VECTOR('',#1735,1.);
#1735 = DIRECTION('',(0.,0.,1.));
#1736 = PCURVE('',#1692,#1737);
#1737 = DEFINITIONAL_REPRESENTATION('',(#1738),#1742);
#1738 = LINE('',#1739,#1740);
#1739 = CARTESIAN_POINT('',(0.,-132.));
#1740 = VECTOR('',#1741,1.);
#1741 = DIRECTION('',(1.,0.));
#1742 = ( GEOMETRIC_REPRESENTATION_CONTEXT(2) 
PARAMETRIC_REPRESENTATION_CONTEXT() REPRESENTATION_CONTEXT('2D SPACE',''
  ) );
#1743 = PCURVE('',#1744,#1749);
#1744 = PLANE('',#1745);
#1745 = AXIS2_PLACEMENT_3D('',#1746,#1747,#1748);
#1746 = CARTESIAN_POINT('',(149.,141.,9.));
#1747 = DIRECTION('',(0.707106781187,0.707106781187,-0.));
#1748 = DIRECTION('',(0.707106781187,-0.707106781187,0.));
#1749 = DEFINITIONAL_REPRESENTATION('',(#1750),#1754);
#1750 = LINE('',#1751,#1752);
#1751 = CARTESIAN_POINT('',(8.485281374239,0.));
#1752 = VECTOR('',#1753,1.);
#1753 = DIRECTION('',(0.,-1.));
#1754 = ( GEOMETRIC_REPRESENTATION_CONTEXT(2) 
PARAMETRIC_REPRESENTATION_CONTEXT() REPRESENTATION_CONTEXT('2D SPACE',''
  ) );
#1755 = ORIENTED_EDGE('',*,*,#1756,.F.);
#1756 = EDGE_CURVE('',#1657,#1729,#1757,.T.);
#1757 = SURFACE_CURVE('',#1758,(#1762,#1769),.PCURVE_S1.);
#1758 = LINE('',#1759,#1760);
#1759 = CARTESIAN_POINT('',(155.,3.,197.));
#1760 = VECTOR('',#1761,1.);
#1761 = DIRECTION('',(-0.,1.,0.));
#1762 = PCURVE('',#1692,#1763);
#1763 = DEFINITIONAL_REPRESENTATION('',(#1764),#1768);
#1764 = LINE('',#1765,#1766);
#1765 = CARTESIAN_POINT('',(188.,0.));
#1766 = VECTOR('',#1767,1.);
#1767 = DIRECTION('',(0.,-1.));
#1768 = ( GEOMETRIC_REPRESENTATION_CONTEXT(2) 
PARAMETRIC_REPRESENTATION_CONTEXT() REPRESENTATION_CONTEXT('2D SPACE',''
  ) );
#1769 = PCURVE('',#243,#1770);
#1770 = DEFINITIONAL_REPRESENTATION('',(#1771),#1775);
#1771 = LINE('',#1772,#1773);
#1772 = CARTESIAN_POINT('',(155.,0.));
#1773 = VECTOR('',#1774,1.);
#1774 = DIRECTION('',(0.,1.));
#1775 = ( GEOMETRIC_REPRESENTATION_CONTEXT(2) 
PARAMETRIC_REPRESENTATION_CONTEXT() REPRESENTATION_CONTEXT('2D SPACE',''
  ) );
#1776 = ADVANCED_FACE('',(#1777),#1744,.F.);
#1777 = FACE_BOUND('',#1778,.F.);
#1778 = EDGE_LOOP('',(#1779,#1800,#1828,#1849));
#1779 = ORIENTED_EDGE('',*,*,#1780,.T.);
#1780 = EDGE_CURVE('',#1708,#1781,#1783,.T.);
#1781 = VERTEX_POINT('',#1782);
#1782 = CARTESIAN_POINT('',(149.,141.,13.));
#1783 = SURFACE_CURVE('',#1784,(#1788,#1794),.PCURVE_S1.);
#1784 = LINE('',#1785,#1786);
#1785 = CARTESIAN_POINT('',(146.25,143.75,13.));
#1786 = VECTOR('',#1787,1.);
#1787 = DIRECTION('',(-0.707106781187,0.707106781187,0.));
#1788 = PCURVE('',#1744,#1789);
#1789 = DEFINITIONAL_REPRESENTATION('',(#1790),#1793);
#1790 = B_SPLINE_CURVE_WITH_KNOTS('',1,(#1791,#1792),.UNSPECIFIED.,.F.,
  .F.,(2,2),(-12.37436867076,-3.889087296526),.PIECEWISE_BEZIER_KNOTS.);
#1791 = CARTESIAN_POINT('',(8.485281374239,-4.));
#1792 = CARTESIAN_POINT('',(0.,-4.));
#1793 = ( GEOMETRIC_REPRESENTATION_CONTEXT(2) 
PARAMETRIC_REPRESENTATION_CONTEXT() REPRESENTATION_CONTEXT('2D SPACE',''
  ) );
#1794 = PCURVE('',#1481,#1795);
#1795 = DEFINITIONAL_REPRESENTATION('',(#1796),#1799);
#1796 = B_SPLINE_CURVE_WITH_KNOTS('',1,(#1797,#1798),.UNSPECIFIED.,.F.,
  .F.,(2,2),(-12.37436867076,-3.889087296526),.PIECEWISE_BEZIER_KNOTS.);
#1797 = CARTESIAN_POINT('',(155.,132.));
#1798 = CARTESIAN_POINT('',(149.,138.));
#1799 = ( GEOMETRIC_REPRESENTATION_CONTEXT(2) 
PARAMETRIC_REPRESENTATION_CONTEXT() REPRESENTATION_CONTEXT('2D SPACE',''
  ) );
#1800 = ORIENTED_EDGE('',*,*,#1801,.T.);
#1801 = EDGE_CURVE('',#1781,#1802,#1804,.T.);
#1802 = VERTEX_POINT('',#1803);
#1803 = CARTESIAN_POINT('',(149.,141.,197.));
#1804 = SURFACE_CURVE('',#1805,(#1809,#1816),.PCURVE_S1.);
#1805 = LINE('',#1806,#1807);
#1806 = CARTESIAN_POINT('',(149.,141.,9.));
#1807 = VECTOR('',#1808,1.);
#1808 = DIRECTION('',(0.,0.,1.));
#1809 = PCURVE('',#1744,#1810);
#1810 = DEFINITIONAL_REPRESENTATION('',(#1811),#1815);
#1811 = LINE('',#1812,#1813);
#1812 = CARTESIAN_POINT('',(0.,0.));
#1813 = VECTOR('',#1814,1.);
#1814 = DIRECTION('',(0.,-1.));
#1815 = ( GEOMETRIC_REPRESENTATION_CONTEXT(2) 
PARAMETRIC_REPRESENTATION_CONTEXT() REPRESENTATION_CONTEXT('2D SPACE',''
  ) );
#1816 = PCURVE('',#1817,#1822);
#1817 = PLANE('',#1818);
#1818 = AXIS2_PLACEMENT_3D('',#1819,#1820,#1821);
#1819 = CARTESIAN_POINT('',(149.,141.,9.));
#1820 = DIRECTION('',(1.,0.,-0.));
#1821 = DIRECTION('',(0.,0.,1.));
#1822 = DEFINITIONAL_REPRESENTATION('',(#1823),#1827);
#1823 = LINE('',#1824,#1825);
#1824 = CARTESIAN_POINT('',(0.,0.));
#1825 = VECTOR('',#1826,1.);
#1826 = DIRECTION('',(1.,0.));
#1827 = ( GEOMETRIC_REPRESENTATION_CONTEXT(2) 
PARAMETRIC_REPRESENTATION_CONTEXT() REPRESENTATION_CONTEXT('2D SPACE',''
  ) );
#1828 = ORIENTED_EDGE('',*,*,#1829,.T.);
#1829 = EDGE_CURVE('',#1802,#1729,#1830,.T.);
#1830 = SURFACE_CURVE('',#1831,(#1835,#1842),.PCURVE_S1.);
#1831 = LINE('',#1832,#1833);
#1832 = CARTESIAN_POINT('',(149.,141.,197.));
#1833 = VECTOR('',#1834,1.);
#1834 = DIRECTION('',(0.707106781187,-0.707106781187,0.));
#1835 = PCURVE('',#1744,#1836);
#1836 = DEFINITIONAL_REPRESENTATION('',(#1837),#1841);
#1837 = LINE('',#1838,#1839);
#1838 = CARTESIAN_POINT('',(0.,-188.));
#1839 = VECTOR('',#1840,1.);
#1840 = DIRECTION('',(1.,0.));
#1841 = ( GEOMETRIC_REPRESENTATION_CONTEXT(2) 
PARAMETRIC_REPRESENTATION_CONTEXT() REPRESENTATION_CONTEXT('2D SPACE',''
  ) );
#1842 = PCURVE('',#243,#1843);
#1843 = DEFINITIONAL_REPRESENTATION('',(#1844),#1848);
#1844 = LINE('',#1845,#1846);
#1845 = CARTESIAN_POINT('',(149.,138.));
#1846 = VECTOR('',#1847,1.);
#1847 = DIRECTION('',(0.707106781187,-0.707106781187));
#1848 = ( GEOMETRIC_REPRESENTATION_CONTEXT(2) 
PARAMETRIC_REPRESENTATION_CONTEXT() REPRESENTATION_CONTEXT('2D SPACE',''
  ) );
#1849 = ORIENTED_EDGE('',*,*,#1728,.F.);
#1850 = ADVANCED_FACE('',(#1851),#1817,.F.);
#1851 = FACE_BOUND('',#1852,.F.);
#1852 = EDGE_LOOP('',(#1853,#1854,#1875,#1898));
#1853 = ORIENTED_EDGE('',*,*,#1801,.F.);
#1854 = ORIENTED_EDGE('',*,*,#1855,.T.);
#1855 = EDGE_CURVE('',#1781,#1856,#1858,.T.);
#1856 = VERTEX_POINT('',#1857);
#1857 = CARTESIAN_POINT('',(149.,161.,13.));
#1858 = SURFACE_CURVE('',#1859,(#1863,#1869),.PCURVE_S1.);
#1859 = LINE('',#1860,#1861);
#1860 = CARTESIAN_POINT('',(149.,72.,13.));
#1861 = VECTOR('',#1862,1.);
#1862 = DIRECTION('',(-0.,1.,0.));
#1863 = PCURVE('',#1817,#1864);
#1864 = DEFINITIONAL_REPRESENTATION('',(#1865),#1868);
#1865 = B_SPLINE_CURVE_WITH_KNOTS('',1,(#1866,#1867),.UNSPECIFIED.,.F.,
  .F.,(2,2),(69.,89.),.PIECEWISE_BEZIER_KNOTS.);
#1866 = CARTESIAN_POINT('',(4.,0.));
#1867 = CARTESIAN_POINT('',(4.,-20.));
#1868 = ( GEOMETRIC_REPRESENTATION_CONTEXT(2) 
PARAMETRIC_REPRESENTATION_CONTEXT() REPRESENTATION_CONTEXT('2D SPACE',''
  ) );
#1869 = PCURVE('',#1481,#1870);
#1870 = DEFINITIONAL_REPRESENTATION('',(#1871),#1874);
#1871 = B_SPLINE_CURVE_WITH_KNOTS('',1,(#1872,#1873),.UNSPECIFIED.,.F.,
  .F.,(2,2),(69.,89.),.PIECEWISE_BEZIER_KNOTS.);
#1872 = CARTESIAN_POINT('',(149.,138.));
#1873 = CARTESIAN_POINT('',(149.,158.));
#1874 = ( GEOMETRIC_REPRESENTATION_CONTEXT(2) 
PARAMETRIC_REPRESENTATION_CONTEXT() REPRESENTATION_CONTEXT('2D SPACE',''
  ) );
#1875 = ORIENTED_EDGE('',*,*,#1876,.T.);
#1876 = EDGE_CURVE('',#1856,#1877,#1879,.T.);
#1877 = VERTEX_POINT('',#1878);
#1878 = CARTESIAN_POINT('',(149.,161.,197.));
#1879 = SURFACE_CURVE('',#1880,(#1884,#1891),.PCURVE_S1.);
#1880 = LINE('',#1881,#1882);
#1881 = CARTESIAN_POINT('',(149.,161.,9.));
#1882 = VECTOR('',#1883,1.);
#1883 = DIRECTION('',(0.,0.,1.));
#1884 = PCURVE('',#1817,#1885);
#1885 = DEFINITIONAL_REPRESENTATION('',(#1886),#1890);
#1886 = LINE('',#1887,#1888);
#1887 = CARTESIAN_POINT('',(0.,-20.));
#1888 = VECTOR('',#1889,1.);
#1889 = DIRECTION('',(1.,0.));
#1890 = ( GEOMETRIC_REPRESENTATION_CONTEXT(2) 
PARAMETRIC_REPRESENTATION_CONTEXT() REPRESENTATION_CONTEXT('2D SPACE',''
  ) );
#1891 = PCURVE('',#215,#1892);
#1892 = DEFINITIONAL_REPRESENTATION('',(#1893),#1897);
#1893 = LINE('',#1894,#1895);
#1894 = CARTESIAN_POINT('',(0.,149.));
#1895 = VECTOR('',#1896,1.);
#1896 = DIRECTION('',(1.,0.));
#1897 = ( GEOMETRIC_REPRESENTATION_CONTEXT(2) 
PARAMETRIC_REPRESENTATION_CONTEXT() REPRESENTATION_CONTEXT('2D SPACE',''
  ) );
#1898 = ORIENTED_EDGE('',*,*,#1899,.F.);
#1899 = EDGE_CURVE('',#1802,#1877,#1900,.T.);
#1900 = SURFACE_CURVE('',#1901,(#1905,#1912),.PCURVE_S1.);
#1901 = LINE('',#1902,#1903);
#1902 = CARTESIAN_POINT('',(149.,141.,197.));
#1903 = VECTOR('',#1904,1.);
#1904 = DIRECTION('',(-0.,1.,0.));
#1905 = PCURVE('',#1817,#1906);
#1906 = DEFINITIONAL_REPRESENTATION('',(#1907),#1911);
#1907 = LINE('',#1908,#1909);
#1908 = CARTESIAN_POINT('',(188.,0.));
#1909 = VECTOR('',#1910,1.);
#1910 = DIRECTION('',(0.,-1.));
#1911 = ( GEOMETRIC_REPRESENTATION_CONTEXT(2) 
PARAMETRIC_REPRESENTATION_CONTEXT() REPRESENTATION_CONTEXT('2D SPACE',''
  ) );
#1912 = PCURVE('',#243,#1913);
#1913 = DEFINITIONAL_REPRESENTATION('',(#1914),#1918);
#1914 = LINE('',#1915,#1916);
#1915 = CARTESIAN_POINT('',(149.,138.));
#1916 = VECTOR('',#1917,1.);
#1917 = DIRECTION('',(0.,1.));
#1918 = ( GEOMETRIC_REPRESENTATION_CONTEXT(2) 
PARAMETRIC_REPRESENTATION_CONTEXT() REPRESENTATION_CONTEXT('2D SPACE',''
  ) );
#1919 = ADVANCED_FACE('',(#1920),#1481,.T.);
#1920 = FACE_BOUND('',#1921,.T.);
#1921 = EDGE_LOOP('',(#1922,#1945,#1967,#1993,#2019,#2040,#2060,#2061,
    #2062,#2063,#2064,#2065));
#1922 = ORIENTED_EDGE('',*,*,#1923,.F.);
#1923 = EDGE_CURVE('',#1924,#1856,#1926,.T.);
#1924 = VERTEX_POINT('',#1925);
#1925 = CARTESIAN_POINT('',(9.,161.,13.));
#1926 = SURFACE_CURVE('',#1927,(#1931,#1938),.PCURVE_S1.);
#1927 = LINE('',#1928,#1929);
#1928 = CARTESIAN_POINT('',(0.,161.,13.));
#1929 = VECTOR('',#1930,1.);
#1930 = DIRECTION('',(1.,0.,-0.));
#1931 = PCURVE('',#1481,#1932);
#1932 = DEFINITIONAL_REPRESENTATION('',(#1933),#1937);
#1933 = LINE('',#1934,#1935);
#1934 = CARTESIAN_POINT('',(0.,158.));
#1935 = VECTOR('',#1936,1.);
#1936 = DIRECTION('',(1.,0.));
#1937 = ( GEOMETRIC_REPRESENTATION_CONTEXT(2) 
PARAMETRIC_REPRESENTATION_CONTEXT() REPRESENTATION_CONTEXT('2D SPACE',''
  ) );
#1938 = PCURVE('',#215,#1939);
#1939 = DEFINITIONAL_REPRESENTATION('',(#1940),#1944);
#1940 = LINE('',#1941,#1942);
#1941 = CARTESIAN_POINT('',(4.,0.));
#1942 = VECTOR('',#1943,1.);
#1943 = DIRECTION('',(0.,1.));
#1944 = ( GEOMETRIC_REPRESENTATION_CONTEXT(2) 
PARAMETRIC_REPRESENTATION_CONTEXT() REPRESENTATION_CONTEXT('2D SPACE',''
  ) );
#1945 = ORIENTED_EDGE('',*,*,#1946,.F.);
#1946 = EDGE_CURVE('',#1947,#1924,#1949,.T.);
#1947 = VERTEX_POINT('',#1948);
#1948 = CARTESIAN_POINT('',(9.,146.,13.));
#1949 = SURFACE_CURVE('',#1950,(#1954,#1960),.PCURVE_S1.);
#1950 = LINE('',#1951,#1952);
#1951 = CARTESIAN_POINT('',(9.,3.,13.));
#1952 = VECTOR('',#1953,1.);
#1953 = DIRECTION('',(-0.,1.,0.));
#1954 = PCURVE('',#1481,#1955);
#1955 = DEFINITIONAL_REPRESENTATION('',(#1956),#1959);
#1956 = B_SPLINE_CURVE_WITH_KNOTS('',1,(#1957,#1958),.UNSPECIFIED.,.F.,
  .F.,(2,2),(0.,158.),.PIECEWISE_BEZIER_KNOTS.);
#1957 = CARTESIAN_POINT('',(9.,0.));
#1958 = CARTESIAN_POINT('',(9.,158.));
#1959 = ( GEOMETRIC_REPRESENTATION_CONTEXT(2) 
PARAMETRIC_REPRESENTATION_CONTEXT() REPRESENTATION_CONTEXT('2D SPACE',''
  ) );
#1960 = PCURVE('',#1404,#1961);
#1961 = DEFINITIONAL_REPRESENTATION('',(#1962),#1966);
#1962 = LINE('',#1963,#1964);
#1963 = CARTESIAN_POINT('',(4.,0.));
#1964 = VECTOR('',#1965,1.);
#1965 = DIRECTION('',(0.,-1.));
#1966 = ( GEOMETRIC_REPRESENTATION_CONTEXT(2) 
PARAMETRIC_REPRESENTATION_CONTEXT() REPRESENTATION_CONTEXT('2D SPACE',''
  ) );
#1967 = ORIENTED_EDGE('',*,*,#1968,.F.);
#1968 = EDGE_CURVE('',#1969,#1947,#1971,.T.);
#1969 = VERTEX_POINT('',#1970);
#1970 = CARTESIAN_POINT('',(10.,146.,13.));
#1971 = SURFACE_CURVE('',#1972,(#1976,#1982),.PCURVE_S1.);
#1972 = LINE('',#1973,#1974);
#1973 = CARTESIAN_POINT('',(-0.5,146.,13.));
#1974 = VECTOR('',#1975,1.);
#1975 = DIRECTION('',(-1.,-0.,0.));
#1976 = PCURVE('',#1481,#1977);
#1977 = DEFINITIONAL_REPRESENTATION('',(#1978),#1981);
#1978 = B_SPLINE_CURVE_WITH_KNOTS('',1,(#1979,#1980),.UNSPECIFIED.,.F.,
  .F.,(2,2),(-10.5,-9.5),.PIECEWISE_BEZIER_KNOTS.);
#1979 = CARTESIAN_POINT('',(10.,143.));
#1980 = CARTESIAN_POINT('',(9.,143.));
#1981 = ( GEOMETRIC_REPRESENTATION_CONTEXT(2) 
PARAMETRIC_REPRESENTATION_CONTEXT() REPRESENTATION_CONTEXT('2D SPACE',''
  ) );
#1982 = PCURVE('',#1983,#1988);
#1983 = PLANE('',#1984);
#1984 = AXIS2_PLACEMENT_3D('',#1985,#1986,#1987);
#1985 = CARTESIAN_POINT('',(-1.,146.,8.));
#1986 = DIRECTION('',(-0.,1.,0.));
#1987 = DIRECTION('',(0.,0.,1.));
#1988 = DEFINITIONAL_REPRESENTATION('',(#1989),#1992);
#1989 = B_SPLINE_CURVE_WITH_KNOTS('',1,(#1990,#1991),.UNSPECIFIED.,.F.,
  .F.,(2,2),(-10.5,-9.5),.PIECEWISE_BEZIER_KNOTS.);
#1990 = CARTESIAN_POINT('',(5.,11.));
#1991 = CARTESIAN_POINT('',(5.,10.));
#1992 = ( GEOMETRIC_REPRESENTATION_CONTEXT(2) 
PARAMETRIC_REPRESENTATION_CONTEXT() REPRESENTATION_CONTEXT('2D SPACE',''
  ) );
#1993 = ORIENTED_EDGE('',*,*,#1994,.F.);
#1994 = EDGE_CURVE('',#1995,#1969,#1997,.T.);
#1995 = VERTEX_POINT('',#1996);
#1996 = CARTESIAN_POINT('',(10.,126.,13.));
#1997 = SURFACE_CURVE('',#1998,(#2002,#2008),.PCURVE_S1.);
#1998 = LINE('',#1999,#2000);
#1999 = CARTESIAN_POINT('',(10.,64.5,13.));
#2000 = VECTOR('',#2001,1.);
#2001 = DIRECTION('',(-0.,1.,0.));
#2002 = PCURVE('',#1481,#2003);
#2003 = DEFINITIONAL_REPRESENTATION('',(#2004),#2007);
#2004 = B_SPLINE_CURVE_WITH_KNOTS('',1,(#2005,#2006),.UNSPECIFIED.,.F.,
  .F.,(2,2),(61.5,81.5),.PIECEWISE_BEZIER_KNOTS.);
#2005 = CARTESIAN_POINT('',(10.,123.));
#2006 = CARTESIAN_POINT('',(10.,143.));
#2007 = ( GEOMETRIC_REPRESENTATION_CONTEXT(2) 
PARAMETRIC_REPRESENTATION_CONTEXT() REPRESENTATION_CONTEXT('2D SPACE',''
  ) );
#2008 = PCURVE('',#2009,#2014);
#2009 = PLANE('',#2010);
#2010 = AXIS2_PLACEMENT_3D('',#2011,#2012,#2013);
#2011 = CARTESIAN_POINT('',(10.,126.,8.));
#2012 = DIRECTION('',(1.,0.,-0.));
#2013 = DIRECTION('',(0.,0.,1.));
#2014 = DEFINITIONAL_REPRESENTATION('',(#2015),#2018);
#2015 = B_SPLINE_CURVE_WITH_KNOTS('',1,(#2016,#2017),.UNSPECIFIED.,.F.,
  .F.,(2,2),(61.5,81.5),.PIECEWISE_BEZIER_KNOTS.);
#2016 = CARTESIAN_POINT('',(5.,0.));
#2017 = CARTESIAN_POINT('',(5.,-20.));
#2018 = ( GEOMETRIC_REPRESENTATION_CONTEXT(2) 
PARAMETRIC_REPRESENTATION_CONTEXT() REPRESENTATION_CONTEXT('2D SPACE',''
  ) );
#2019 = ORIENTED_EDGE('',*,*,#2020,.T.);
#2020 = EDGE_CURVE('',#1995,#2021,#2023,.T.);
#2021 = VERTEX_POINT('',#2022);
#2022 = CARTESIAN_POINT('',(9.,126.,13.));
#2023 = SURFACE_CURVE('',#2024,(#2028,#2034),.PCURVE_S1.);
#2024 = LINE('',#2025,#2026);
#2025 = CARTESIAN_POINT('',(-0.5,126.,13.));
#2026 = VECTOR('',#2027,1.);
#2027 = DIRECTION('',(-1.,-0.,0.));
#2028 = PCURVE('',#1481,#2029);
#2029 = DEFINITIONAL_REPRESENTATION('',(#2030),#2033);
#2030 = B_SPLINE_CURVE_WITH_KNOTS('',1,(#2031,#2032),.UNSPECIFIED.,.F.,
  .F.,(2,2),(-10.5,-9.5),.PIECEWISE_BEZIER_KNOTS.);
#2031 = CARTESIAN_POINT('',(10.,123.));
#2032 = CARTESIAN_POINT('',(9.,123.));
#2033 = ( GEOMETRIC_REPRESENTATION_CONTEXT(2) 
PARAMETRIC_REPRESENTATION_CONTEXT() REPRESENTATION_CONTEXT('2D SPACE',''
  ) );
#2034 = PCURVE('',#110,#2035);
#2035 = DEFINITIONAL_REPRESENTATION('',(#2036),#2039);
#2036 = B_SPLINE_CURVE_WITH_KNOTS('',1,(#2037,#2038),.UNSPECIFIED.,.F.,
  .F.,(2,2),(-10.5,-9.5),.PIECEWISE_BEZIER_KNOTS.);
#2037 = CARTESIAN_POINT('',(5.,11.));
#2038 = CARTESIAN_POINT('',(5.,10.));
#2039 = ( GEOMETRIC_REPRESENTATION_CONTEXT(2) 
PARAMETRIC_REPRESENTATION_CONTEXT() REPRESENTATION_CONTEXT('2D SPACE',''
  ) );
#2040 = ORIENTED_EDGE('',*,*,#2041,.F.);
#2041 = EDGE_CURVE('',#1387,#2021,#2042,.T.);
#2042 = SURFACE_CURVE('',#2043,(#2047,#2053),.PCURVE_S1.);
#2043 = LINE('',#2044,#2045);
#2044 = CARTESIAN_POINT('',(9.,3.,13.));
#2045 = VECTOR('',#2046,1.);
#2046 = DIRECTION('',(-0.,1.,0.));
#2047 = PCURVE('',#1481,#2048);
#2048 = DEFINITIONAL_REPRESENTATION('',(#2049),#2052);
#2049 = B_SPLINE_CURVE_WITH_KNOTS('',1,(#2050,#2051),.UNSPECIFIED.,.F.,
  .F.,(2,2),(0.,158.),.PIECEWISE_BEZIER_KNOTS.);
#2050 = CARTESIAN_POINT('',(9.,0.));
#2051 = CARTESIAN_POINT('',(9.,158.));
#2052 = ( GEOMETRIC_REPRESENTATION_CONTEXT(2) 
PARAMETRIC_REPRESENTATION_CONTEXT() REPRESENTATION_CONTEXT('2D SPACE',''
  ) );
#2053 = PCURVE('',#1404,#2054);
#2054 = DEFINITIONAL_REPRESENTATION('',(#2055),#2059);
#2055 = LINE('',#2056,#2057);
#2056 = CARTESIAN_POINT('',(4.,0.));
#2057 = VECTOR('',#2058,1.);
#2058 = DIRECTION('',(0.,-1.));
#2059 = ( GEOMETRIC_REPRESENTATION_CONTEXT(2) 
PARAMETRIC_REPRESENTATION_CONTEXT() REPRESENTATION_CONTEXT('2D SPACE',''
  ) );
#2060 = ORIENTED_EDGE('',*,*,#1467,.T.);
#2061 = ORIENTED_EDGE('',*,*,#1561,.T.);
#2062 = ORIENTED_EDGE('',*,*,#1634,.F.);
#2063 = ORIENTED_EDGE('',*,*,#1707,.T.);
#2064 = ORIENTED_EDGE('',*,*,#1780,.T.);
#2065 = ORIENTED_EDGE('',*,*,#1855,.T.);
#2066 = ADVANCED_FACE('',(#2067),#1983,.F.);
#2067 = FACE_BOUND('',#2068,.F.);
#2068 = EDGE_LOOP('',(#2069,#2092,#2114,#2134));
#2069 = ORIENTED_EDGE('',*,*,#2070,.F.);
#2070 = EDGE_CURVE('',#2071,#1969,#2073,.T.);
#2071 = VERTEX_POINT('',#2072);
#2072 = CARTESIAN_POINT('',(10.,146.,9.));
#2073 = SURFACE_CURVE('',#2074,(#2078,#2085),.PCURVE_S1.);
#2074 = LINE('',#2075,#2076);
#2075 = CARTESIAN_POINT('',(10.,146.,8.));
#2076 = VECTOR('',#2077,1.);
#2077 = DIRECTION('',(0.,0.,1.));
#2078 = PCURVE('',#1983,#2079);
#2079 = DEFINITIONAL_REPRESENTATION('',(#2080),#2084);
#2080 = LINE('',#2081,#2082);
#2081 = CARTESIAN_POINT('',(0.,11.));
#2082 = VECTOR('',#2083,1.);
#2083 = DIRECTION('',(1.,0.));
#2084 = ( GEOMETRIC_REPRESENTATION_CONTEXT(2) 
PARAMETRIC_REPRESENTATION_CONTEXT() REPRESENTATION_CONTEXT('2D SPACE',''
  ) );
#2085 = PCURVE('',#2009,#2086);
#2086 = DEFINITIONAL_REPRESENTATION('',(#2087),#2091);
#2087 = LINE('',#2088,#2089);
#2088 = CARTESIAN_POINT('',(0.,-20.));
#2089 = VECTOR('',#2090,1.);
#2090 = DIRECTION('',(1.,0.));
#2091 = ( GEOMETRIC_REPRESENTATION_CONTEXT(2) 
PARAMETRIC_REPRESENTATION_CONTEXT() REPRESENTATION_CONTEXT('2D SPACE',''
  ) );
#2092 = ORIENTED_EDGE('',*,*,#2093,.T.);
#2093 = EDGE_CURVE('',#2071,#2094,#2096,.T.);
#2094 = VERTEX_POINT('',#2095);
#2095 = CARTESIAN_POINT('',(9.,146.,9.));
#2096 = SURFACE_CURVE('',#2097,(#2101,#2107),.PCURVE_S1.);
#2097 = LINE('',#2098,#2099);
#2098 = CARTESIAN_POINT('',(-0.5,146.,9.));
#2099 = VECTOR('',#2100,1.);
#2100 = DIRECTION('',(-1.,-0.,0.));
#2101 = PCURVE('',#1983,#2102);
#2102 = DEFINITIONAL_REPRESENTATION('',(#2103),#2106);
#2103 = B_SPLINE_CURVE_WITH_KNOTS('',1,(#2104,#2105),.UNSPECIFIED.,.F.,
  .F.,(2,2),(-10.5,-0.5),.PIECEWISE_BEZIER_KNOTS.);
#2104 = CARTESIAN_POINT('',(1.,11.));
#2105 = CARTESIAN_POINT('',(1.,1.));
#2106 = ( GEOMETRIC_REPRESENTATION_CONTEXT(2) 
PARAMETRIC_REPRESENTATION_CONTEXT() REPRESENTATION_CONTEXT('2D SPACE',''
  ) );
#2107 = PCURVE('',#82,#2108);
#2108 = DEFINITIONAL_REPRESENTATION('',(#2109),#2113);
#2109 = LINE('',#2110,#2111);
#2110 = CARTESIAN_POINT('',(-0.5,143.));
#2111 = VECTOR('',#2112,1.);
#2112 = DIRECTION('',(-1.,0.));
#2113 = ( GEOMETRIC_REPRESENTATION_CONTEXT(2) 
PARAMETRIC_REPRESENTATION_CONTEXT() REPRESENTATION_CONTEXT('2D SPACE',''
  ) );
#2114 = ORIENTED_EDGE('',*,*,#2115,.F.);
#2115 = EDGE_CURVE('',#1947,#2094,#2116,.T.);
#2116 = SURFACE_CURVE('',#2117,(#2121,#2127),.PCURVE_S1.);
#2117 = LINE('',#2118,#2119);
#2118 = CARTESIAN_POINT('',(9.,146.,8.5));
#2119 = VECTOR('',#2120,1.);
#2120 = DIRECTION('',(-0.,0.,-1.));
#2121 = PCURVE('',#1983,#2122);
#2122 = DEFINITIONAL_REPRESENTATION('',(#2123),#2126);
#2123 = B_SPLINE_CURVE_WITH_KNOTS('',1,(#2124,#2125),.UNSPECIFIED.,.F.,
  .F.,(2,2),(-21.5,-0.5),.PIECEWISE_BEZIER_KNOTS.);
#2124 = CARTESIAN_POINT('',(22.,10.));
#2125 = CARTESIAN_POINT('',(1.,10.));
#2126 = ( GEOMETRIC_REPRESENTATION_CONTEXT(2) 
PARAMETRIC_REPRESENTATION_CONTEXT() REPRESENTATION_CONTEXT('2D SPACE',''
  ) );
#2127 = PCURVE('',#1404,#2128);
#2128 = DEFINITIONAL_REPRESENTATION('',(#2129),#2133);
#2129 = LINE('',#2130,#2131);
#2130 = CARTESIAN_POINT('',(-0.5,-143.));
#2131 = VECTOR('',#2132,1.);
#2132 = DIRECTION('',(-1.,-0.));
#2133 = ( GEOMETRIC_REPRESENTATION_CONTEXT(2) 
PARAMETRIC_REPRESENTATION_CONTEXT() REPRESENTATION_CONTEXT('2D SPACE',''
  ) );
#2134 = ORIENTED_EDGE('',*,*,#1968,.F.);
#2135 = ADVANCED_FACE('',(#2136),#2009,.F.);
#2136 = FACE_BOUND('',#2137,.F.);
#2137 = EDGE_LOOP('',(#2138,#2161,#2181,#2182));
#2138 = ORIENTED_EDGE('',*,*,#2139,.F.);
#2139 = EDGE_CURVE('',#2140,#1995,#2142,.T.);
#2140 = VERTEX_POINT('',#2141);
#2141 = CARTESIAN_POINT('',(10.,126.,9.));
#2142 = SURFACE_CURVE('',#2143,(#2147,#2154),.PCURVE_S1.);
#2143 = LINE('',#2144,#2145);
#2144 = CARTESIAN_POINT('',(10.,126.,8.));
#2145 = VECTOR('',#2146,1.);
#2146 = DIRECTION('',(0.,0.,1.));
#2147 = PCURVE('',#2009,#2148);
#2148 = DEFINITIONAL_REPRESENTATION('',(#2149),#2153);
#2149 = LINE('',#2150,#2151);
#2150 = CARTESIAN_POINT('',(0.,0.));
#2151 = VECTOR('',#2152,1.);
#2152 = DIRECTION('',(1.,0.));
#2153 = ( GEOMETRIC_REPRESENTATION_CONTEXT(2) 
PARAMETRIC_REPRESENTATION_CONTEXT() REPRESENTATION_CONTEXT('2D SPACE',''
  ) );
#2154 = PCURVE('',#110,#2155);
#2155 = DEFINITIONAL_REPRESENTATION('',(#2156),#2160);
#2156 = LINE('',#2157,#2158);
#2157 = CARTESIAN_POINT('',(0.,11.));
#2158 = VECTOR('',#2159,1.);
#2159 = DIRECTION('',(1.,0.));
#2160 = ( GEOMETRIC_REPRESENTATION_CONTEXT(2) 
PARAMETRIC_REPRESENTATION_CONTEXT() REPRESENTATION_CONTEXT('2D SPACE',''
  ) );
#2161 = ORIENTED_EDGE('',*,*,#2162,.T.);
#2162 = EDGE_CURVE('',#2140,#2071,#2163,.T.);
#2163 = SURFACE_CURVE('',#2164,(#2168,#2174),.PCURVE_S1.);
#2164 = LINE('',#2165,#2166);
#2165 = CARTESIAN_POINT('',(10.,64.5,9.));
#2166 = VECTOR('',#2167,1.);
#2167 = DIRECTION('',(-0.,1.,0.));
#2168 = PCURVE('',#2009,#2169);
#2169 = DEFINITIONAL_REPRESENTATION('',(#2170),#2173);
#2170 = B_SPLINE_CURVE_WITH_KNOTS('',1,(#2171,#2172),.UNSPECIFIED.,.F.,
  .F.,(2,2),(61.5,81.5),.PIECEWISE_BEZIER_KNOTS.);
#2171 = CARTESIAN_POINT('',(1.,0.));
#2172 = CARTESIAN_POINT('',(1.,-20.));
#2173 = ( GEOMETRIC_REPRESENTATION_CONTEXT(2) 
PARAMETRIC_REPRESENTATION_CONTEXT() REPRESENTATION_CONTEXT('2D SPACE',''
  ) );
#2174 = PCURVE('',#82,#2175);
#2175 = DEFINITIONAL_REPRESENTATION('',(#2176),#2180);
#2176 = LINE('',#2177,#2178);
#2177 = CARTESIAN_POINT('',(10.,61.5));
#2178 = VECTOR('',#2179,1.);
#2179 = DIRECTION('',(0.,1.));
#2180 = ( GEOMETRIC_REPRESENTATION_CONTEXT(2) 
PARAMETRIC_REPRESENTATION_CONTEXT() REPRESENTATION_CONTEXT('2D SPACE',''
  ) );
#2181 = ORIENTED_EDGE('',*,*,#2070,.T.);
#2182 = ORIENTED_EDGE('',*,*,#1994,.F.);
#2183 = ADVANCED_FACE('',(#2184),#1404,.T.);
#2184 = FACE_BOUND('',#2185,.T.);
#2185 = EDGE_LOOP('',(#2186,#2187,#2188,#2210,#2232,#2255,#2276,#2277,
    #2278,#2301));
#2186 = ORIENTED_EDGE('',*,*,#1386,.F.);
#2187 = ORIENTED_EDGE('',*,*,#2041,.T.);
#2188 = ORIENTED_EDGE('',*,*,#2189,.T.);
#2189 = EDGE_CURVE('',#2021,#2190,#2192,.T.);
#2190 = VERTEX_POINT('',#2191);
#2191 = CARTESIAN_POINT('',(9.,126.,30.));
#2192 = SURFACE_CURVE('',#2193,(#2197,#2204),.PCURVE_S1.);
#2193 = LINE('',#2194,#2195);
#2194 = CARTESIAN_POINT('',(9.,126.,8.5));
#2195 = VECTOR('',#2196,1.);
#2196 = DIRECTION('',(0.,0.,1.));
#2197 = PCURVE('',#1404,#2198);
#2198 = DEFINITIONAL_REPRESENTATION('',(#2199),#2203);
#2199 = LINE('',#2200,#2201);
#2200 = CARTESIAN_POINT('',(-0.5,-123.));
#2201 = VECTOR('',#2202,1.);
#2202 = DIRECTION('',(1.,0.));
#2203 = ( GEOMETRIC_REPRESENTATION_CONTEXT(2) 
PARAMETRIC_REPRESENTATION_CONTEXT() REPRESENTATION_CONTEXT('2D SPACE',''
  ) );
#2204 = PCURVE('',#110,#2205);
#2205 = DEFINITIONAL_REPRESENTATION('',(#2206),#2209);
#2206 = B_SPLINE_CURVE_WITH_KNOTS('',1,(#2207,#2208),.UNSPECIFIED.,.F.,
  .F.,(2,2),(4.5,21.5),.PIECEWISE_BEZIER_KNOTS.);
#2207 = CARTESIAN_POINT('',(5.,10.));
#2208 = CARTESIAN_POINT('',(22.,10.));
#2209 = ( GEOMETRIC_REPRESENTATION_CONTEXT(2) 
PARAMETRIC_REPRESENTATION_CONTEXT() REPRESENTATION_CONTEXT('2D SPACE',''
  ) );
#2210 = ORIENTED_EDGE('',*,*,#2211,.F.);
#2211 = EDGE_CURVE('',#2212,#2190,#2214,.T.);
#2212 = VERTEX_POINT('',#2213);
#2213 = CARTESIAN_POINT('',(9.,141.,30.));
#2214 = SURFACE_CURVE('',#2215,(#2219,#2226),.PCURVE_S1.);
#2215 = LINE('',#2216,#2217);
#2216 = CARTESIAN_POINT('',(9.,64.5,30.));
#2217 = VECTOR('',#2218,1.);
#2218 = DIRECTION('',(0.,-1.,0.));
#2219 = PCURVE('',#1404,#2220);
#2220 = DEFINITIONAL_REPRESENTATION('',(#2221),#2225);
#2221 = LINE('',#2222,#2223);
#2222 = CARTESIAN_POINT('',(21.,-61.5));
#2223 = VECTOR('',#2224,1.);
#2224 = DIRECTION('',(0.,1.));
#2225 = ( GEOMETRIC_REPRESENTATION_CONTEXT(2) 
PARAMETRIC_REPRESENTATION_CONTEXT() REPRESENTATION_CONTEXT('2D SPACE',''
  ) );
#2226 = PCURVE('',#137,#2227);
#2227 = DEFINITIONAL_REPRESENTATION('',(#2228),#2231);
#2228 = B_SPLINE_CURVE_WITH_KNOTS('',1,(#2229,#2230),.UNSPECIFIED.,.F.,
  .F.,(2,2),(-81.5,-61.5),.PIECEWISE_BEZIER_KNOTS.);
#2229 = CARTESIAN_POINT('',(10.,20.));
#2230 = CARTESIAN_POINT('',(10.,0.));
#2231 = ( GEOMETRIC_REPRESENTATION_CONTEXT(2) 
PARAMETRIC_REPRESENTATION_CONTEXT() REPRESENTATION_CONTEXT('2D SPACE',''
  ) );
#2232 = ORIENTED_EDGE('',*,*,#2233,.F.);
#2233 = EDGE_CURVE('',#2234,#2212,#2236,.T.);
#2234 = VERTEX_POINT('',#2235);
#2235 = CARTESIAN_POINT('',(9.,141.,9.));
#2236 = SURFACE_CURVE('',#2237,(#2241,#2248),.PCURVE_S1.);
#2237 = LINE('',#2238,#2239);
#2238 = CARTESIAN_POINT('',(9.,141.,9.));
#2239 = VECTOR('',#2240,1.);
#2240 = DIRECTION('',(0.,0.,1.));
#2241 = PCURVE('',#1404,#2242);
#2242 = DEFINITIONAL_REPRESENTATION('',(#2243),#2247);
#2243 = LINE('',#2244,#2245);
#2244 = CARTESIAN_POINT('',(0.,-138.));
#2245 = VECTOR('',#2246,1.);
#2246 = DIRECTION('',(1.,0.));
#2247 = ( GEOMETRIC_REPRESENTATION_CONTEXT(2) 
PARAMETRIC_REPRESENTATION_CONTEXT() REPRESENTATION_CONTEXT('2D SPACE',''
  ) );
#2248 = PCURVE('',#164,#2249);
#2249 = DEFINITIONAL_REPRESENTATION('',(#2250),#2254);
#2250 = LINE('',#2251,#2252);
#2251 = CARTESIAN_POINT('',(0.,9.));
#2252 = VECTOR('',#2253,1.);
#2253 = DIRECTION('',(1.,0.));
#2254 = ( GEOMETRIC_REPRESENTATION_CONTEXT(2) 
PARAMETRIC_REPRESENTATION_CONTEXT() REPRESENTATION_CONTEXT('2D SPACE',''
  ) );
#2255 = ORIENTED_EDGE('',*,*,#2256,.T.);
#2256 = EDGE_CURVE('',#2234,#2094,#2257,.T.);
#2257 = SURFACE_CURVE('',#2258,(#2262,#2269),.PCURVE_S1.);
#2258 = LINE('',#2259,#2260);
#2259 = CARTESIAN_POINT('',(9.,141.,9.));
#2260 = VECTOR('',#2261,1.);
#2261 = DIRECTION('',(-0.,1.,0.));
#2262 = PCURVE('',#1404,#2263);
#2263 = DEFINITIONAL_REPRESENTATION('',(#2264),#2268);
#2264 = LINE('',#2265,#2266);
#2265 = CARTESIAN_POINT('',(0.,-138.));
#2266 = VECTOR('',#2267,1.);
#2267 = DIRECTION('',(0.,-1.));
#2268 = ( GEOMETRIC_REPRESENTATION_CONTEXT(2) 
PARAMETRIC_REPRESENTATION_CONTEXT() REPRESENTATION_CONTEXT('2D SPACE',''
  ) );
#2269 = PCURVE('',#82,#2270);
#2270 = DEFINITIONAL_REPRESENTATION('',(#2271),#2275);
#2271 = LINE('',#2272,#2273);
#2272 = CARTESIAN_POINT('',(9.,138.));
#2273 = VECTOR('',#2274,1.);
#2274 = DIRECTION('',(0.,1.));
#2275 = ( GEOMETRIC_REPRESENTATION_CONTEXT(2) 
PARAMETRIC_REPRESENTATION_CONTEXT() REPRESENTATION_CONTEXT('2D SPACE',''
  ) );
#2276 = ORIENTED_EDGE('',*,*,#2115,.F.);
#2277 = ORIENTED_EDGE('',*,*,#1946,.T.);
#2278 = ORIENTED_EDGE('',*,*,#2279,.T.);
#2279 = EDGE_CURVE('',#1924,#2280,#2282,.T.);
#2280 = VERTEX_POINT('',#2281);
#2281 = CARTESIAN_POINT('',(9.,161.,197.));
#2282 = SURFACE_CURVE('',#2283,(#2287,#2294),.PCURVE_S1.);
#2283 = LINE('',#2284,#2285);
#2284 = CARTESIAN_POINT('',(9.,161.,9.));
#2285 = VECTOR('',#2286,1.);
#2286 = DIRECTION('',(0.,0.,1.));
#2287 = PCURVE('',#1404,#2288);
#2288 = DEFINITIONAL_REPRESENTATION('',(#2289),#2293);
#2289 = LINE('',#2290,#2291);
#2290 = CARTESIAN_POINT('',(0.,-158.));
#2291 = VECTOR('',#2292,1.);
#2292 = DIRECTION('',(1.,0.));
#2293 = ( GEOMETRIC_REPRESENTATION_CONTEXT(2) 
PARAMETRIC_REPRESENTATION_CONTEXT() REPRESENTATION_CONTEXT('2D SPACE',''
  ) );
#2294 = PCURVE('',#215,#2295);
#2295 = DEFINITIONAL_REPRESENTATION('',(#2296),#2300);
#2296 = LINE('',#2297,#2298);
#2297 = CARTESIAN_POINT('',(0.,9.));
#2298 = VECTOR('',#2299,1.);
#2299 = DIRECTION('',(1.,0.));
#2300 = ( GEOMETRIC_REPRESENTATION_CONTEXT(2) 
PARAMETRIC_REPRESENTATION_CONTEXT() REPRESENTATION_CONTEXT('2D SPACE',''
  ) );
#2301 = ORIENTED_EDGE('',*,*,#2302,.F.);
#2302 = EDGE_CURVE('',#1389,#2280,#2303,.T.);
#2303 = SURFACE_CURVE('',#2304,(#2308,#2315),.PCURVE_S1.);
#2304 = LINE('',#2305,#2306);
#2305 = CARTESIAN_POINT('',(9.,3.,197.));
#2306 = VECTOR('',#2307,1.);
#2307 = DIRECTION('',(0.,1.,0.));
#2308 = PCURVE('',#1404,#2309);
#2309 = DEFINITIONAL_REPRESENTATION('',(#2310),#2314);
#2310 = LINE('',#2311,#2312);
#2311 = CARTESIAN_POINT('',(188.,0.));
#2312 = VECTOR('',#2313,1.);
#2313 = DIRECTION('',(0.,-1.));
#2314 = ( GEOMETRIC_REPRESENTATION_CONTEXT(2) 
PARAMETRIC_REPRESENTATION_CONTEXT() REPRESENTATION_CONTEXT('2D SPACE',''
  ) );
#2315 = PCURVE('',#243,#2316);
#2316 = DEFINITIONAL_REPRESENTATION('',(#2317),#2321);
#2317 = LINE('',#2318,#2319);
#2318 = CARTESIAN_POINT('',(9.,0.));
#2319 = VECTOR('',#2320,1.);
#2320 = DIRECTION('',(0.,1.));
#2321 = ( GEOMETRIC_REPRESENTATION_CONTEXT(2) 
PARAMETRIC_REPRESENTATION_CONTEXT() REPRESENTATION_CONTEXT('2D SPACE',''
  ) );
#2322 = ADVANCED_FACE('',(#2323),#1274,.T.);
#2323 = FACE_BOUND('',#2324,.T.);
#2324 = EDGE_LOOP('',(#2325,#2326,#2327,#2348));
#2325 = ORIENTED_EDGE('',*,*,#1336,.F.);
#2326 = ORIENTED_EDGE('',*,*,#1259,.T.);
#2327 = ORIENTED_EDGE('',*,*,#2328,.T.);
#2328 = EDGE_CURVE('',#1260,#1518,#2329,.T.);
#2329 = SURFACE_CURVE('',#2330,(#2334,#2341),.PCURVE_S1.);
#2330 = LINE('',#2331,#2332);
#2331 = CARTESIAN_POINT('',(145.5,-1.,18.));
#2332 = VECTOR('',#2333,1.);
#2333 = DIRECTION('',(-0.,1.,0.));
#2334 = PCURVE('',#1274,#2335);
#2335 = DEFINITIONAL_REPRESENTATION('',(#2336),#2340);
#2336 = LINE('',#2337,#2338);
#2337 = CARTESIAN_POINT('',(127.,0.));
#2338 = VECTOR('',#2339,1.);
#2339 = DIRECTION('',(0.,1.));
#2340 = ( GEOMETRIC_REPRESENTATION_CONTEXT(2) 
PARAMETRIC_REPRESENTATION_CONTEXT() REPRESENTATION_CONTEXT('2D SPACE',''
  ) );
#2341 = PCURVE('',#1298,#2342);
#2342 = DEFINITIONAL_REPRESENTATION('',(#2343),#2347);
#2343 = LINE('',#2344,#2345);
#2344 = CARTESIAN_POINT('',(0.,0.));
#2345 = VECTOR('',#2346,1.);
#2346 = DIRECTION('',(0.,-1.));
#2347 = ( GEOMETRIC_REPRESENTATION_CONTEXT(2) 
PARAMETRIC_REPRESENTATION_CONTEXT() REPRESENTATION_CONTEXT('2D SPACE',''
  ) );
#2348 = ORIENTED_EDGE('',*,*,#1517,.F.);
#2349 = ADVANCED_FACE('',(#2350),#1298,.F.);
#2350 = FACE_BOUND('',#2351,.F.);
#2351 = EDGE_LOOP('',(#2352,#2373,#2374,#2375));
#2352 = ORIENTED_EDGE('',*,*,#2353,.F.);
#2353 = EDGE_CURVE('',#1208,#1496,#2354,.T.);
#2354 = SURFACE_CURVE('',#2355,(#2359,#2366),.PCURVE_S1.);
#2355 = LINE('',#2356,#2357);
#2356 = CARTESIAN_POINT('',(145.5,-1.,189.));
#2357 = VECTOR('',#2358,1.);
#2358 = DIRECTION('',(-0.,1.,0.));
#2359 = PCURVE('',#1298,#2360);
#2360 = DEFINITIONAL_REPRESENTATION('',(#2361),#2365);
#2361 = LINE('',#2362,#2363);
#2362 = CARTESIAN_POINT('',(171.,0.));
#2363 = VECTOR('',#2364,1.);
#2364 = DIRECTION('',(0.,-1.));
#2365 = ( GEOMETRIC_REPRESENTATION_CONTEXT(2) 
PARAMETRIC_REPRESENTATION_CONTEXT() REPRESENTATION_CONTEXT('2D SPACE',''
  ) );
#2366 = PCURVE('',#1222,#2367);
#2367 = DEFINITIONAL_REPRESENTATION('',(#2368),#2372);
#2368 = LINE('',#2369,#2370);
#2369 = CARTESIAN_POINT('',(127.,0.));
#2370 = VECTOR('',#2371,1.);
#2371 = DIRECTION('',(0.,1.));
#2372 = ( GEOMETRIC_REPRESENTATION_CONTEXT(2) 
PARAMETRIC_REPRESENTATION_CONTEXT() REPRESENTATION_CONTEXT('2D SPACE',''
  ) );
#2373 = ORIENTED_EDGE('',*,*,#1285,.T.);
#2374 = ORIENTED_EDGE('',*,*,#2328,.T.);
#2375 = ORIENTED_EDGE('',*,*,#1538,.F.);
#2376 = ADVANCED_FACE('',(#2377),#1222,.F.);
#2377 = FACE_BOUND('',#2378,.F.);
#2378 = EDGE_LOOP('',(#2379,#2380,#2381,#2382));
#2379 = ORIENTED_EDGE('',*,*,#1312,.F.);
#2380 = ORIENTED_EDGE('',*,*,#1205,.T.);
#2381 = ORIENTED_EDGE('',*,*,#2353,.T.);
#2382 = ORIENTED_EDGE('',*,*,#1495,.F.);
#2383 = ADVANCED_FACE('',(#2384),#1191,.T.);
#2384 = FACE_BOUND('',#2385,.T.);
#2385 = EDGE_LOOP('',(#2386,#2409,#2432,#2453));
#2386 = ORIENTED_EDGE('',*,*,#2387,.F.);
#2387 = EDGE_CURVE('',#2388,#1131,#2390,.T.);
#2388 = VERTEX_POINT('',#2389);
#2389 = CARTESIAN_POINT('',(158.,161.,9.));
#2390 = SURFACE_CURVE('',#2391,(#2395,#2402),.PCURVE_S1.);
#2391 = LINE('',#2392,#2393);
#2392 = CARTESIAN_POINT('',(158.,161.,9.));
#2393 = VECTOR('',#2394,1.);
#2394 = DIRECTION('',(0.,-1.,0.));
#2395 = PCURVE('',#1191,#2396);
#2396 = DEFINITIONAL_REPRESENTATION('',(#2397),#2401);
#2397 = LINE('',#2398,#2399);
#2398 = CARTESIAN_POINT('',(0.,-158.));
#2399 = VECTOR('',#2400,1.);
#2400 = DIRECTION('',(0.,1.));
#2401 = ( GEOMETRIC_REPRESENTATION_CONTEXT(2) 
PARAMETRIC_REPRESENTATION_CONTEXT() REPRESENTATION_CONTEXT('2D SPACE',''
  ) );
#2402 = PCURVE('',#82,#2403);
#2403 = DEFINITIONAL_REPRESENTATION('',(#2404),#2408);
#2404 = LINE('',#2405,#2406);
#2405 = CARTESIAN_POINT('',(158.,158.));
#2406 = VECTOR('',#2407,1.);
#2407 = DIRECTION('',(0.,-1.));
#2408 = ( GEOMETRIC_REPRESENTATION_CONTEXT(2) 
PARAMETRIC_REPRESENTATION_CONTEXT() REPRESENTATION_CONTEXT('2D SPACE',''
  ) );
#2409 = ORIENTED_EDGE('',*,*,#2410,.F.);
#2410 = EDGE_CURVE('',#2411,#2388,#2413,.T.);
#2411 = VERTEX_POINT('',#2412);
#2412 = CARTESIAN_POINT('',(158.,161.,197.));
#2413 = SURFACE_CURVE('',#2414,(#2418,#2425),.PCURVE_S1.);
#2414 = LINE('',#2415,#2416);
#2415 = CARTESIAN_POINT('',(158.,161.,197.));
#2416 = VECTOR('',#2417,1.);
#2417 = DIRECTION('',(0.,0.,-1.));
#2418 = PCURVE('',#1191,#2419);
#2419 = DEFINITIONAL_REPRESENTATION('',(#2420),#2424);
#2420 = LINE('',#2421,#2422);
#2421 = CARTESIAN_POINT('',(188.,-158.));
#2422 = VECTOR('',#2423,1.);
#2423 = DIRECTION('',(-1.,0.));
#2424 = ( GEOMETRIC_REPRESENTATION_CONTEXT(2) 
PARAMETRIC_REPRESENTATION_CONTEXT() REPRESENTATION_CONTEXT('2D SPACE',''
  ) );
#2425 = PCURVE('',#215,#2426);
#2426 = DEFINITIONAL_REPRESENTATION('',(#2427),#2431);
#2427 = LINE('',#2428,#2429);
#2428 = CARTESIAN_POINT('',(188.,158.));
#2429 = VECTOR('',#2430,1.);
#2430 = DIRECTION('',(-1.,0.));
#2431 = ( GEOMETRIC_REPRESENTATION_CONTEXT(2) 
PARAMETRIC_REPRESENTATION_CONTEXT() REPRESENTATION_CONTEXT('2D SPACE',''
  ) );
#2432 = ORIENTED_EDGE('',*,*,#2433,.F.);
#2433 = EDGE_CURVE('',#1155,#2411,#2434,.T.);
#2434 = SURFACE_CURVE('',#2435,(#2439,#2446),.PCURVE_S1.);
#2435 = LINE('',#2436,#2437);
#2436 = CARTESIAN_POINT('',(158.,0.,197.));
#2437 = VECTOR('',#2438,1.);
#2438 = DIRECTION('',(0.,1.,0.));
#2439 = PCURVE('',#1191,#2440);
#2440 = DEFINITIONAL_REPRESENTATION('',(#2441),#2445);
#2441 = LINE('',#2442,#2443);
#2442 = CARTESIAN_POINT('',(188.,3.));
#2443 = VECTOR('',#2444,1.);
#2444 = DIRECTION('',(0.,-1.));
#2445 = ( GEOMETRIC_REPRESENTATION_CONTEXT(2) 
PARAMETRIC_REPRESENTATION_CONTEXT() REPRESENTATION_CONTEXT('2D SPACE',''
  ) );
#2446 = PCURVE('',#243,#2447);
#2447 = DEFINITIONAL_REPRESENTATION('',(#2448),#2452);
#2448 = LINE('',#2449,#2450);
#2449 = CARTESIAN_POINT('',(158.,-3.));
#2450 = VECTOR('',#2451,1.);
#2451 = DIRECTION('',(0.,1.));
#2452 = ( GEOMETRIC_REPRESENTATION_CONTEXT(2) 
PARAMETRIC_REPRESENTATION_CONTEXT() REPRESENTATION_CONTEXT('2D SPACE',''
  ) );
#2453 = ORIENTED_EDGE('',*,*,#1177,.F.);
#2454 = ADVANCED_FACE('',(#2455,#2509,#2540),#243,.T.);
#2455 = FACE_BOUND('',#2456,.T.);
#2456 = EDGE_LOOP('',(#2457,#2458,#2459,#2460,#2481,#2482,#2483,#2484,
    #2485,#2486,#2487,#2488));
#2457 = ORIENTED_EDGE('',*,*,#227,.F.);
#2458 = ORIENTED_EDGE('',*,*,#1154,.T.);
#2459 = ORIENTED_EDGE('',*,*,#2433,.T.);
#2460 = ORIENTED_EDGE('',*,*,#2461,.F.);
#2461 = EDGE_CURVE('',#1877,#2411,#2462,.T.);
#2462 = SURFACE_CURVE('',#2463,(#2467,#2474),.PCURVE_S1.);
#2463 = LINE('',#2464,#2465);
#2464 = CARTESIAN_POINT('',(149.,161.,197.));
#2465 = VECTOR('',#2466,1.);
#2466 = DIRECTION('',(1.,0.,0.));
#2467 = PCURVE('',#243,#2468);
#2468 = DEFINITIONAL_REPRESENTATION('',(#2469),#2473);
#2469 = LINE('',#2470,#2471);
#2470 = CARTESIAN_POINT('',(149.,158.));
#2471 = VECTOR('',#2472,1.);
#2472 = DIRECTION('',(1.,0.));
#2473 = ( GEOMETRIC_REPRESENTATION_CONTEXT(2) 
PARAMETRIC_REPRESENTATION_CONTEXT() REPRESENTATION_CONTEXT('2D SPACE',''
  ) );
#2474 = PCURVE('',#215,#2475);
#2475 = DEFINITIONAL_REPRESENTATION('',(#2476),#2480);
#2476 = LINE('',#2477,#2478);
#2477 = CARTESIAN_POINT('',(188.,149.));
#2478 = VECTOR('',#2479,1.);
#2479 = DIRECTION('',(0.,1.));
#2480 = ( GEOMETRIC_REPRESENTATION_CONTEXT(2) 
PARAMETRIC_REPRESENTATION_CONTEXT() REPRESENTATION_CONTEXT('2D SPACE',''
  ) );
#2481 = ORIENTED_EDGE('',*,*,#1899,.F.);
#2482 = ORIENTED_EDGE('',*,*,#1829,.T.);
#2483 = ORIENTED_EDGE('',*,*,#1756,.F.);
#2484 = ORIENTED_EDGE('',*,*,#1656,.F.);
#2485 = ORIENTED_EDGE('',*,*,#1610,.F.);
#2486 = ORIENTED_EDGE('',*,*,#1416,.F.);
#2487 = ORIENTED_EDGE('',*,*,#2302,.T.);
#2488 = ORIENTED_EDGE('',*,*,#2489,.F.);
#2489 = EDGE_CURVE('',#200,#2280,#2490,.T.);
#2490 = SURFACE_CURVE('',#2491,(#2495,#2502),.PCURVE_S1.);
#2491 = LINE('',#2492,#2493);
#2492 = CARTESIAN_POINT('',(0.,161.,197.));
#2493 = VECTOR('',#2494,1.);
#2494 = DIRECTION('',(1.,0.,-0.));
#2495 = PCURVE('',#243,#2496);
#2496 = DEFINITIONAL_REPRESENTATION('',(#2497),#2501);
#2497 = LINE('',#2498,#2499);
#2498 = CARTESIAN_POINT('',(0.,158.));
#2499 = VECTOR('',#2500,1.);
#2500 = DIRECTION('',(1.,0.));
#2501 = ( GEOMETRIC_REPRESENTATION_CONTEXT(2) 
PARAMETRIC_REPRESENTATION_CONTEXT() REPRESENTATION_CONTEXT('2D SPACE',''
  ) );
#2502 = PCURVE('',#215,#2503);
#2503 = DEFINITIONAL_REPRESENTATION('',(#2504),#2508);
#2504 = LINE('',#2505,#2506);
#2505 = CARTESIAN_POINT('',(188.,0.));
#2506 = VECTOR('',#2507,1.);
#2507 = DIRECTION('',(0.,1.));
#2508 = ( GEOMETRIC_REPRESENTATION_CONTEXT(2) 
PARAMETRIC_REPRESENTATION_CONTEXT() REPRESENTATION_CONTEXT('2D SPACE',''
  ) );
#2509 = FACE_BOUND('',#2510,.T.);
#2510 = EDGE_LOOP('',(#2511));
#2511 = ORIENTED_EDGE('',*,*,#2512,.F.);
#2512 = EDGE_CURVE('',#2513,#2513,#2515,.T.);
#2513 = VERTEX_POINT('',#2514);
#2514 = CARTESIAN_POINT('',(6.6,153.,197.));
#2515 = SURFACE_CURVE('',#2516,(#2521,#2528),.PCURVE_S1.);
#2516 = CIRCLE('',#2517,2.1);
#2517 = AXIS2_PLACEMENT_3D('',#2518,#2519,#2520);
#2518 = CARTESIAN_POINT('',(4.5,153.,197.));
#2519 = DIRECTION('',(0.,0.,1.));
#2520 = DIRECTION('',(1.,0.,-0.));
#2521 = PCURVE('',#243,#2522);
#2522 = DEFINITIONAL_REPRESENTATION('',(#2523),#2527);
#2523 = CIRCLE('',#2524,2.1);
#2524 = AXIS2_PLACEMENT_2D('',#2525,#2526);
#2525 = CARTESIAN_POINT('',(4.5,150.));
#2526 = DIRECTION('',(1.,0.));
#2527 = ( GEOMETRIC_REPRESENTATION_CONTEXT(2) 
PARAMETRIC_REPRESENTATION_CONTEXT() REPRESENTATION_CONTEXT('2D SPACE',''
  ) );
#2528 = PCURVE('',#2529,#2534);
#2529 = CYLINDRICAL_SURFACE('',#2530,2.1);
#2530 = AXIS2_PLACEMENT_3D('',#2531,#2532,#2533);
#2531 = CARTESIAN_POINT('',(4.5,153.,190.7));
#2532 = DIRECTION('',(0.,0.,1.));
#2533 = DIRECTION('',(1.,0.,-0.));
#2534 = DEFINITIONAL_REPRESENTATION('',(#2535),#2539);
#2535 = LINE('',#2536,#2537);
#2536 = CARTESIAN_POINT('',(0.,6.3));
#2537 = VECTOR('',#2538,1.);
#2538 = DIRECTION('',(1.,0.));
#2539 = ( GEOMETRIC_REPRESENTATION_CONTEXT(2) 
PARAMETRIC_REPRESENTATION_CONTEXT() REPRESENTATION_CONTEXT('2D SPACE',''
  ) );
#2540 = FACE_BOUND('',#2541,.T.);
#2541 = EDGE_LOOP('',(#2542));
#2542 = ORIENTED_EDGE('',*,*,#2543,.F.);
#2543 = EDGE_CURVE('',#2544,#2544,#2546,.T.);
#2544 = VERTEX_POINT('',#2545);
#2545 = CARTESIAN_POINT('',(155.6,153.,197.));
#2546 = SURFACE_CURVE('',#2547,(#2552,#2559),.PCURVE_S1.);
#2547 = CIRCLE('',#2548,2.1);
#2548 = AXIS2_PLACEMENT_3D('',#2549,#2550,#2551);
#2549 = CARTESIAN_POINT('',(153.5,153.,197.));
#2550 = DIRECTION('',(0.,0.,1.));
#2551 = DIRECTION('',(1.,0.,-0.));
#2552 = PCURVE('',#243,#2553);
#2553 = DEFINITIONAL_REPRESENTATION('',(#2554),#2558);
#2554 = CIRCLE('',#2555,2.1);
#2555 = AXIS2_PLACEMENT_2D('',#2556,#2557);
#2556 = CARTESIAN_POINT('',(153.5,150.));
#2557 = DIRECTION('',(1.,0.));
#2558 = ( GEOMETRIC_REPRESENTATION_CONTEXT(2) 
PARAMETRIC_REPRESENTATION_CONTEXT() REPRESENTATION_CONTEXT('2D SPACE',''
  ) );
#2559 = PCURVE('',#2560,#2565);
#2560 = CYLINDRICAL_SURFACE('',#2561,2.1);
#2561 = AXIS2_PLACEMENT_3D('',#2562,#2563,#2564);
#2562 = CARTESIAN_POINT('',(153.5,153.,190.7));
#2563 = DIRECTION('',(0.,0.,1.));
#2564 = DIRECTION('',(1.,0.,-0.));
#2565 = DEFINITIONAL_REPRESENTATION('',(#2566),#2570);
#2566 = LINE('',#2567,#2568);
#2567 = CARTESIAN_POINT('',(0.,6.3));
#2568 = VECTOR('',#2569,1.);
#2569 = DIRECTION('',(1.,0.));
#2570 = ( GEOMETRIC_REPRESENTATION_CONTEXT(2) 
PARAMETRIC_REPRESENTATION_CONTEXT() REPRESENTATION_CONTEXT('2D SPACE',''
  ) );
#2571 = ADVANCED_FACE('',(#2572),#2560,.F.);
#2572 = FACE_BOUND('',#2573,.F.);
#2573 = EDGE_LOOP('',(#2574,#2575,#2598,#2625));
#2574 = ORIENTED_EDGE('',*,*,#2543,.F.);
#2575 = ORIENTED_EDGE('',*,*,#2576,.F.);
#2576 = EDGE_CURVE('',#2577,#2544,#2579,.T.);
#2577 = VERTEX_POINT('',#2578);
#2578 = CARTESIAN_POINT('',(155.6,153.,190.7));
#2579 = SEAM_CURVE('',#2580,(#2584,#2591),.PCURVE_S1.);
#2580 = LINE('',#2581,#2582);
#2581 = CARTESIAN_POINT('',(155.6,153.,190.7));
#2582 = VECTOR('',#2583,1.);
#2583 = DIRECTION('',(0.,0.,1.));
#2584 = PCURVE('',#2560,#2585);
#2585 = DEFINITIONAL_REPRESENTATION('',(#2586),#2590);
#2586 = LINE('',#2587,#2588);
#2587 = CARTESIAN_POINT('',(6.28318530718,-0.));
#2588 = VECTOR('',#2589,1.);
#2589 = DIRECTION('',(0.,1.));
#2590 = ( GEOMETRIC_REPRESENTATION_CONTEXT(2) 
PARAMETRIC_REPRESENTATION_CONTEXT() REPRESENTATION_CONTEXT('2D SPACE',''
  ) );
#2591 = PCURVE('',#2560,#2592);
#2592 = DEFINITIONAL_REPRESENTATION('',(#2593),#2597);
#2593 = LINE('',#2594,#2595);
#2594 = CARTESIAN_POINT('',(0.,-0.));
#2595 = VECTOR('',#2596,1.);
#2596 = DIRECTION('',(0.,1.));
#2597 = ( GEOMETRIC_REPRESENTATION_CONTEXT(2) 
PARAMETRIC_REPRESENTATION_CONTEXT() REPRESENTATION_CONTEXT('2D SPACE',''
  ) );
#2598 = ORIENTED_EDGE('',*,*,#2599,.T.);
#2599 = EDGE_CURVE('',#2577,#2577,#2600,.T.);
#2600 = SURFACE_CURVE('',#2601,(#2606,#2613),.PCURVE_S1.);
#2601 = CIRCLE('',#2602,2.1);
#2602 = AXIS2_PLACEMENT_3D('',#2603,#2604,#2605);
#2603 = CARTESIAN_POINT('',(153.5,153.,190.7));
#2604 = DIRECTION('',(0.,0.,1.));
#2605 = DIRECTION('',(1.,0.,-0.));
#2606 = PCURVE('',#2560,#2607);
#2607 = DEFINITIONAL_REPRESENTATION('',(#2608),#2612);
#2608 = LINE('',#2609,#2610);
#2609 = CARTESIAN_POINT('',(0.,0.));
#2610 = VECTOR('',#2611,1.);
#2611 = DIRECTION('',(1.,0.));
#2612 = ( GEOMETRIC_REPRESENTATION_CONTEXT(2) 
PARAMETRIC_REPRESENTATION_CONTEXT() REPRESENTATION_CONTEXT('2D SPACE',''
  ) );
#2613 = PCURVE('',#2614,#2619);
#2614 = PLANE('',#2615);
#2615 = AXIS2_PLACEMENT_3D('',#2616,#2617,#2618);
#2616 = CARTESIAN_POINT('',(153.5,153.,190.7));
#2617 = DIRECTION('',(0.,0.,1.));
#2618 = DIRECTION('',(1.,0.,-0.));
#2619 = DEFINITIONAL_REPRESENTATION('',(#2620),#2624);
#2620 = CIRCLE('',#2621,2.1);
#2621 = AXIS2_PLACEMENT_2D('',#2622,#2623);
#2622 = CARTESIAN_POINT('',(0.,0.));
#2623 = DIRECTION('',(1.,0.));
#2624 = ( GEOMETRIC_REPRESENTATION_CONTEXT(2) 
PARAMETRIC_REPRESENTATION_CONTEXT() REPRESENTATION_CONTEXT('2D SPACE',''
  ) );
#2625 = ORIENTED_EDGE('',*,*,#2576,.T.);
#2626 = ADVANCED_FACE('',(#2627),#2614,.T.);
#2627 = FACE_BOUND('',#2628,.F.);
#2628 = EDGE_LOOP('',(#2629));
#2629 = ORIENTED_EDGE('',*,*,#2599,.F.);
#2630 = ADVANCED_FACE('',(#2631),#2529,.F.);
#2631 = FACE_BOUND('',#2632,.F.);
#2632 = EDGE_LOOP('',(#2633,#2634,#2657,#2684));
#2633 = ORIENTED_EDGE('',*,*,#2512,.F.);
#2634 = ORIENTED_EDGE('',*,*,#2635,.F.);
#2635 = EDGE_CURVE('',#2636,#2513,#2638,.T.);
#2636 = VERTEX_POINT('',#2637);
#2637 = CARTESIAN_POINT('',(6.6,153.,190.7));
#2638 = SEAM_CURVE('',#2639,(#2643,#2650),.PCURVE_S1.);
#2639 = LINE('',#2640,#2641);
#2640 = CARTESIAN_POINT('',(6.6,153.,190.7));
#2641 = VECTOR('',#2642,1.);
#2642 = DIRECTION('',(0.,0.,1.));
#2643 = PCURVE('',#2529,#2644);
#2644 = DEFINITIONAL_REPRESENTATION('',(#2645),#2649);
#2645 = LINE('',#2646,#2647);
#2646 = CARTESIAN_POINT('',(6.28318530718,-0.));
#2647 = VECTOR('',#2648,1.);
#2648 = DIRECTION('',(0.,1.));
#2649 = ( GEOMETRIC_REPRESENTATION_CONTEXT(2) 
PARAMETRIC_REPRESENTATION_CONTEXT() REPRESENTATION_CONTEXT('2D SPACE',''
  ) );
#2650 = PCURVE('',#2529,#2651);
#2651 = DEFINITIONAL_REPRESENTATION('',(#2652),#2656);
#2652 = LINE('',#2653,#2654);
#2653 = CARTESIAN_POINT('',(0.,-0.));
#2654 = VECTOR('',#2655,1.);
#2655 = DIRECTION('',(0.,1.));
#2656 = ( GEOMETRIC_REPRESENTATION_CONTEXT(2) 
PARAMETRIC_REPRESENTATION_CONTEXT() REPRESENTATION_CONTEXT('2D SPACE',''
  ) );
#2657 = ORIENTED_EDGE('',*,*,#2658,.T.);
#2658 = EDGE_CURVE('',#2636,#2636,#2659,.T.);
#2659 = SURFACE_CURVE('',#2660,(#2665,#2672),.PCURVE_S1.);
#2660 = CIRCLE('',#2661,2.1);
#2661 = AXIS2_PLACEMENT_3D('',#2662,#2663,#2664);
#2662 = CARTESIAN_POINT('',(4.5,153.,190.7));
#2663 = DIRECTION('',(0.,0.,1.));
#2664 = DIRECTION('',(1.,0.,-0.));
#2665 = PCURVE('',#2529,#2666);
#2666 = DEFINITIONAL_REPRESENTATION('',(#2667),#2671);
#2667 = LINE('',#2668,#2669);
#2668 = CARTESIAN_POINT('',(0.,0.));
#2669 = VECTOR('',#2670,1.);
#2670 = DIRECTION('',(1.,0.));
#2671 = ( GEOMETRIC_REPRESENTATION_CONTEXT(2) 
PARAMETRIC_REPRESENTATION_CONTEXT() REPRESENTATION_CONTEXT('2D SPACE',''
  ) );
#2672 = PCURVE('',#2673,#2678);
#2673 = PLANE('',#2674);
#2674 = AXIS2_PLACEMENT_3D('',#2675,#2676,#2677);
#2675 = CARTESIAN_POINT('',(4.5,153.,190.7));
#2676 = DIRECTION('',(0.,0.,1.));
#2677 = DIRECTION('',(1.,0.,-0.));
#2678 = DEFINITIONAL_REPRESENTATION('',(#2679),#2683);
#2679 = CIRCLE('',#2680,2.1);
#2680 = AXIS2_PLACEMENT_2D('',#2681,#2682);
#2681 = CARTESIAN_POINT('',(0.,0.));
#2682 = DIRECTION('',(1.,0.));
#2683 = ( GEOMETRIC_REPRESENTATION_CONTEXT(2) 
PARAMETRIC_REPRESENTATION_CONTEXT() REPRESENTATION_CONTEXT('2D SPACE',''
  ) );
#2684 = ORIENTED_EDGE('',*,*,#2635,.T.);
#2685 = ADVANCED_FACE('',(#2686),#2673,.T.);
#2686 = FACE_BOUND('',#2687,.F.);
#2687 = EDGE_LOOP('',(#2688));
#2688 = ORIENTED_EDGE('',*,*,#2658,.F.);
#2689 = ADVANCED_FACE('',(#2690,#2720,#2751,#2782,#2813,#2844,#2875,
    #2906,#2937),#215,.T.);
#2690 = FACE_BOUND('',#2691,.T.);
#2691 = EDGE_LOOP('',(#2692,#2693,#2694,#2695,#2696,#2697,#2698,#2699));
#2692 = ORIENTED_EDGE('',*,*,#199,.F.);
#2693 = ORIENTED_EDGE('',*,*,#2489,.T.);
#2694 = ORIENTED_EDGE('',*,*,#2279,.F.);
#2695 = ORIENTED_EDGE('',*,*,#1923,.T.);
#2696 = ORIENTED_EDGE('',*,*,#1876,.T.);
#2697 = ORIENTED_EDGE('',*,*,#2461,.T.);
#2698 = ORIENTED_EDGE('',*,*,#2410,.T.);
#2699 = ORIENTED_EDGE('',*,*,#2700,.F.);
#2700 = EDGE_CURVE('',#177,#2388,#2701,.T.);
#2701 = SURFACE_CURVE('',#2702,(#2706,#2713),.PCURVE_S1.);
#2702 = LINE('',#2703,#2704);
#2703 = CARTESIAN_POINT('',(0.,161.,9.));
#2704 = VECTOR('',#2705,1.);
#2705 = DIRECTION('',(1.,0.,0.));
#2706 = PCURVE('',#215,#2707);
#2707 = DEFINITIONAL_REPRESENTATION('',(#2708),#2712);
#2708 = LINE('',#2709,#2710);
#2709 = CARTESIAN_POINT('',(0.,0.));
#2710 = VECTOR('',#2711,1.);
#2711 = DIRECTION('',(0.,1.));
#2712 = ( GEOMETRIC_REPRESENTATION_CONTEXT(2) 
PARAMETRIC_REPRESENTATION_CONTEXT() REPRESENTATION_CONTEXT('2D SPACE',''
  ) );
#2713 = PCURVE('',#82,#2714);
#2714 = DEFINITIONAL_REPRESENTATION('',(#2715),#2719);
#2715 = LINE('',#2716,#2717);
#2716 = CARTESIAN_POINT('',(0.,158.));
#2717 = VECTOR('',#2718,1.);
#2718 = DIRECTION('',(1.,0.));
#2719 = ( GEOMETRIC_REPRESENTATION_CONTEXT(2) 
PARAMETRIC_REPRESENTATION_CONTEXT() REPRESENTATION_CONTEXT('2D SPACE',''
  ) );
#2720 = FACE_BOUND('',#2721,.T.);
#2721 = EDGE_LOOP('',(#2722));
#2722 = ORIENTED_EDGE('',*,*,#2723,.F.);
#2723 = EDGE_CURVE('',#2724,#2724,#2726,.T.);
#2724 = VERTEX_POINT('',#2725);
#2725 = CARTESIAN_POINT('',(6.6,161.,40.));
#2726 = SURFACE_CURVE('',#2727,(#2732,#2739),.PCURVE_S1.);
#2727 = CIRCLE('',#2728,2.1);
#2728 = AXIS2_PLACEMENT_3D('',#2729,#2730,#2731);
#2729 = CARTESIAN_POINT('',(4.5,161.,40.));
#2730 = DIRECTION('',(0.,1.,2.22044604925E-16));
#2731 = DIRECTION('',(1.,0.,-0.));
#2732 = PCURVE('',#215,#2733);
#2733 = DEFINITIONAL_REPRESENTATION('',(#2734),#2738);
#2734 = CIRCLE('',#2735,2.1);
#2735 = AXIS2_PLACEMENT_2D('',#2736,#2737);
#2736 = CARTESIAN_POINT('',(31.,4.5));
#2737 = DIRECTION('',(0.,1.));
#2738 = ( GEOMETRIC_REPRESENTATION_CONTEXT(2) 
PARAMETRIC_REPRESENTATION_CONTEXT() REPRESENTATION_CONTEXT('2D SPACE',''
  ) );
#2739 = PCURVE('',#2740,#2745);
#2740 = CYLINDRICAL_SURFACE('',#2741,2.1);
#2741 = AXIS2_PLACEMENT_3D('',#2742,#2743,#2744);
#2742 = CARTESIAN_POINT('',(4.5,154.7,40.));
#2743 = DIRECTION('',(0.,1.,2.22044604925E-16));
#2744 = DIRECTION('',(1.,0.,-0.));
#2745 = DEFINITIONAL_REPRESENTATION('',(#2746),#2750);
#2746 = LINE('',#2747,#2748);
#2747 = CARTESIAN_POINT('',(0.,6.3));
#2748 = VECTOR('',#2749,1.);
#2749 = DIRECTION('',(1.,0.));
#2750 = ( GEOMETRIC_REPRESENTATION_CONTEXT(2) 
PARAMETRIC_REPRESENTATION_CONTEXT() REPRESENTATION_CONTEXT('2D SPACE',''
  ) );
#2751 = FACE_BOUND('',#2752,.T.);
#2752 = EDGE_LOOP('',(#2753));
#2753 = ORIENTED_EDGE('',*,*,#2754,.F.);
#2754 = EDGE_CURVE('',#2755,#2755,#2757,.T.);
#2755 = VERTEX_POINT('',#2756);
#2756 = CARTESIAN_POINT('',(6.6,161.,58.));
#2757 = SURFACE_CURVE('',#2758,(#2763,#2770),.PCURVE_S1.);
#2758 = CIRCLE('',#2759,2.1);
#2759 = AXIS2_PLACEMENT_3D('',#2760,#2761,#2762);
#2760 = CARTESIAN_POINT('',(4.5,161.,58.));
#2761 = DIRECTION('',(0.,1.,2.22044604925E-16));
#2762 = DIRECTION('',(1.,0.,-0.));
#2763 = PCURVE('',#215,#2764);
#2764 = DEFINITIONAL_REPRESENTATION('',(#2765),#2769);
#2765 = CIRCLE('',#2766,2.1);
#2766 = AXIS2_PLACEMENT_2D('',#2767,#2768);
#2767 = CARTESIAN_POINT('',(49.,4.5));
#2768 = DIRECTION('',(0.,1.));
#2769 = ( GEOMETRIC_REPRESENTATION_CONTEXT(2) 
PARAMETRIC_REPRESENTATION_CONTEXT() REPRESENTATION_CONTEXT('2D SPACE',''
  ) );
#2770 = PCURVE('',#2771,#2776);
#2771 = CYLINDRICAL_SURFACE('',#2772,2.1);
#2772 = AXIS2_PLACEMENT_3D('',#2773,#2774,#2775);
#2773 = CARTESIAN_POINT('',(4.5,154.7,58.));
#2774 = DIRECTION('',(0.,1.,2.22044604925E-16));
#2775 = DIRECTION('',(1.,0.,-0.));
#2776 = DEFINITIONAL_REPRESENTATION('',(#2777),#2781);
#2777 = LINE('',#2778,#2779);
#2778 = CARTESIAN_POINT('',(0.,6.3));
#2779 = VECTOR('',#2780,1.);
#2780 = DIRECTION('',(1.,0.));
#2781 = ( GEOMETRIC_REPRESENTATION_CONTEXT(2) 
PARAMETRIC_REPRESENTATION_CONTEXT() REPRESENTATION_CONTEXT('2D SPACE',''
  ) );
#2782 = FACE_BOUND('',#2783,.T.);
#2783 = EDGE_LOOP('',(#2784));
#2784 = ORIENTED_EDGE('',*,*,#2785,.F.);
#2785 = EDGE_CURVE('',#2786,#2786,#2788,.T.);
#2786 = VERTEX_POINT('',#2787);
#2787 = CARTESIAN_POINT('',(6.6,161.,137.));
#2788 = SURFACE_CURVE('',#2789,(#2794,#2801),.PCURVE_S1.);
#2789 = CIRCLE('',#2790,2.1);
#2790 = AXIS2_PLACEMENT_3D('',#2791,#2792,#2793);
#2791 = CARTESIAN_POINT('',(4.5,161.,137.));
#2792 = DIRECTION('',(0.,1.,2.22044604925E-16));
#2793 = DIRECTION('',(1.,0.,-0.));
#2794 = PCURVE('',#215,#2795);
#2795 = DEFINITIONAL_REPRESENTATION('',(#2796),#2800);
#2796 = CIRCLE('',#2797,2.1);
#2797 = AXIS2_PLACEMENT_2D('',#2798,#2799);
#2798 = CARTESIAN_POINT('',(128.,4.5));
#2799 = DIRECTION('',(0.,1.));
#2800 = ( GEOMETRIC_REPRESENTATION_CONTEXT(2) 
PARAMETRIC_REPRESENTATION_CONTEXT() REPRESENTATION_CONTEXT('2D SPACE',''
  ) );
#2801 = PCURVE('',#2802,#2807);
#2802 = CYLINDRICAL_SURFACE('',#2803,2.1);
#2803 = AXIS2_PLACEMENT_3D('',#2804,#2805,#2806);
#2804 = CARTESIAN_POINT('',(4.5,154.7,137.));
#2805 = DIRECTION('',(0.,1.,2.22044604925E-16));
#2806 = DIRECTION('',(1.,0.,-0.));
#2807 = DEFINITIONAL_REPRESENTATION('',(#2808),#2812);
#2808 = LINE('',#2809,#2810);
#2809 = CARTESIAN_POINT('',(0.,6.3));
#2810 = VECTOR('',#2811,1.);
#2811 = DIRECTION('',(1.,0.));
#2812 = ( GEOMETRIC_REPRESENTATION_CONTEXT(2) 
PARAMETRIC_REPRESENTATION_CONTEXT() REPRESENTATION_CONTEXT('2D SPACE',''
  ) );
#2813 = FACE_BOUND('',#2814,.T.);
#2814 = EDGE_LOOP('',(#2815));
#2815 = ORIENTED_EDGE('',*,*,#2816,.F.);
#2816 = EDGE_CURVE('',#2817,#2817,#2819,.T.);
#2817 = VERTEX_POINT('',#2818);
#2818 = CARTESIAN_POINT('',(6.6,161.,180.));
#2819 = SURFACE_CURVE('',#2820,(#2825,#2832),.PCURVE_S1.);
#2820 = CIRCLE('',#2821,2.1);
#2821 = AXIS2_PLACEMENT_3D('',#2822,#2823,#2824);
#2822 = CARTESIAN_POINT('',(4.5,161.,180.));
#2823 = DIRECTION('',(0.,1.,2.22044604925E-16));
#2824 = DIRECTION('',(1.,0.,-0.));
#2825 = PCURVE('',#215,#2826);
#2826 = DEFINITIONAL_REPRESENTATION('',(#2827),#2831);
#2827 = CIRCLE('',#2828,2.1);
#2828 = AXIS2_PLACEMENT_2D('',#2829,#2830);
#2829 = CARTESIAN_POINT('',(171.,4.5));
#2830 = DIRECTION('',(0.,1.));
#2831 = ( GEOMETRIC_REPRESENTATION_CONTEXT(2) 
PARAMETRIC_REPRESENTATION_CONTEXT() REPRESENTATION_CONTEXT('2D SPACE',''
  ) );
#2832 = PCURVE('',#2833,#2838);
#2833 = CYLINDRICAL_SURFACE('',#2834,2.1);
#2834 = AXIS2_PLACEMENT_3D('',#2835,#2836,#2837);
#2835 = CARTESIAN_POINT('',(4.5,154.7,180.));
#2836 = DIRECTION('',(0.,1.,2.22044604925E-16));
#2837 = DIRECTION('',(1.,0.,-0.));
#2838 = DEFINITIONAL_REPRESENTATION('',(#2839),#2843);
#2839 = LINE('',#2840,#2841);
#2840 = CARTESIAN_POINT('',(0.,6.3));
#2841 = VECTOR('',#2842,1.);
#2842 = DIRECTION('',(1.,0.));
#2843 = ( GEOMETRIC_REPRESENTATION_CONTEXT(2) 
PARAMETRIC_REPRESENTATION_CONTEXT() REPRESENTATION_CONTEXT('2D SPACE',''
  ) );
#2844 = FACE_BOUND('',#2845,.T.);
#2845 = EDGE_LOOP('',(#2846));
#2846 = ORIENTED_EDGE('',*,*,#2847,.F.);
#2847 = EDGE_CURVE('',#2848,#2848,#2850,.T.);
#2848 = VERTEX_POINT('',#2849);
#2849 = CARTESIAN_POINT('',(155.6,161.,40.));
#2850 = SURFACE_CURVE('',#2851,(#2856,#2863),.PCURVE_S1.);
#2851 = CIRCLE('',#2852,2.1);
#2852 = AXIS2_PLACEMENT_3D('',#2853,#2854,#2855);
#2853 = CARTESIAN_POINT('',(153.5,161.,40.));
#2854 = DIRECTION('',(0.,1.,2.22044604925E-16));
#2855 = DIRECTION('',(1.,0.,-0.));
#2856 = PCURVE('',#215,#2857);
#2857 = DEFINITIONAL_REPRESENTATION('',(#2858),#2862);
#2858 = CIRCLE('',#2859,2.1);
#2859 = AXIS2_PLACEMENT_2D('',#2860,#2861);
#2860 = CARTESIAN_POINT('',(31.,153.5));
#2861 = DIRECTION('',(0.,1.));
#2862 = ( GEOMETRIC_REPRESENTATION_CONTEXT(2) 
PARAMETRIC_REPRESENTATION_CONTEXT() REPRESENTATION_CONTEXT('2D SPACE',''
  ) );
#2863 = PCURVE('',#2864,#2869);
#2864 = CYLINDRICAL_SURFACE('',#2865,2.1);
#2865 = AXIS2_PLACEMENT_3D('',#2866,#2867,#2868);
#2866 = CARTESIAN_POINT('',(153.5,154.7,40.));
#2867 = DIRECTION('',(0.,1.,2.22044604925E-16));
#2868 = DIRECTION('',(1.,0.,-0.));
#2869 = DEFINITIONAL_REPRESENTATION('',(#2870),#2874);
#2870 = LINE('',#2871,#2872);
#2871 = CARTESIAN_POINT('',(0.,6.3));
#2872 = VECTOR('',#2873,1.);
#2873 = DIRECTION('',(1.,0.));
#2874 = ( GEOMETRIC_REPRESENTATION_CONTEXT(2) 
PARAMETRIC_REPRESENTATION_CONTEXT() REPRESENTATION_CONTEXT('2D SPACE',''
  ) );
#2875 = FACE_BOUND('',#2876,.T.);
#2876 = EDGE_LOOP('',(#2877));
#2877 = ORIENTED_EDGE('',*,*,#2878,.F.);
#2878 = EDGE_CURVE('',#2879,#2879,#2881,.T.);
#2879 = VERTEX_POINT('',#2880);
#2880 = CARTESIAN_POINT('',(155.6,161.,58.));
#2881 = SURFACE_CURVE('',#2882,(#2887,#2894),.PCURVE_S1.);
#2882 = CIRCLE('',#2883,2.1);
#2883 = AXIS2_PLACEMENT_3D('',#2884,#2885,#2886);
#2884 = CARTESIAN_POINT('',(153.5,161.,58.));
#2885 = DIRECTION('',(0.,1.,2.22044604925E-16));
#2886 = DIRECTION('',(1.,0.,-0.));
#2887 = PCURVE('',#215,#2888);
#2888 = DEFINITIONAL_REPRESENTATION('',(#2889),#2893);
#2889 = CIRCLE('',#2890,2.1);
#2890 = AXIS2_PLACEMENT_2D('',#2891,#2892);
#2891 = CARTESIAN_POINT('',(49.,153.5));
#2892 = DIRECTION('',(0.,1.));
#2893 = ( GEOMETRIC_REPRESENTATION_CONTEXT(2) 
PARAMETRIC_REPRESENTATION_CONTEXT() REPRESENTATION_CONTEXT('2D SPACE',''
  ) );
#2894 = PCURVE('',#2895,#2900);
#2895 = CYLINDRICAL_SURFACE('',#2896,2.1);
#2896 = AXIS2_PLACEMENT_3D('',#2897,#2898,#2899);
#2897 = CARTESIAN_POINT('',(153.5,154.7,58.));
#2898 = DIRECTION('',(0.,1.,2.22044604925E-16));
#2899 = DIRECTION('',(1.,0.,-0.));
#2900 = DEFINITIONAL_REPRESENTATION('',(#2901),#2905);
#2901 = LINE('',#2902,#2903);
#2902 = CARTESIAN_POINT('',(0.,6.3));
#2903 = VECTOR('',#2904,1.);
#2904 = DIRECTION('',(1.,0.));
#2905 = ( GEOMETRIC_REPRESENTATION_CONTEXT(2) 
PARAMETRIC_REPRESENTATION_CONTEXT() REPRESENTATION_CONTEXT('2D SPACE',''
  ) );
#2906 = FACE_BOUND('',#2907,.T.);
#2907 = EDGE_LOOP('',(#2908));
#2908 = ORIENTED_EDGE('',*,*,#2909,.F.);
#2909 = EDGE_CURVE('',#2910,#2910,#2912,.T.);
#2910 = VERTEX_POINT('',#2911);
#2911 = CARTESIAN_POINT('',(155.6,161.,137.));
#2912 = SURFACE_CURVE('',#2913,(#2918,#2925),.PCURVE_S1.);
#2913 = CIRCLE('',#2914,2.1);
#2914 = AXIS2_PLACEMENT_3D('',#2915,#2916,#2917);
#2915 = CARTESIAN_POINT('',(153.5,161.,137.));
#2916 = DIRECTION('',(0.,1.,2.22044604925E-16));
#2917 = DIRECTION('',(1.,0.,-0.));
#2918 = PCURVE('',#215,#2919);
#2919 = DEFINITIONAL_REPRESENTATION('',(#2920),#2924);
#2920 = CIRCLE('',#2921,2.1);
#2921 = AXIS2_PLACEMENT_2D('',#2922,#2923);
#2922 = CARTESIAN_POINT('',(128.,153.5));
#2923 = DIRECTION('',(0.,1.));
#2924 = ( GEOMETRIC_REPRESENTATION_CONTEXT(2) 
PARAMETRIC_REPRESENTATION_CONTEXT() REPRESENTATION_CONTEXT('2D SPACE',''
  ) );
#2925 = PCURVE('',#2926,#2931);
#2926 = CYLINDRICAL_SURFACE('',#2927,2.1);
#2927 = AXIS2_PLACEMENT_3D('',#2928,#2929,#2930);
#2928 = CARTESIAN_POINT('',(153.5,154.7,137.));
#2929 = DIRECTION('',(0.,1.,2.22044604925E-16));
#2930 = DIRECTION('',(1.,0.,-0.));
#2931 = DEFINITIONAL_REPRESENTATION('',(#2932),#2936);
#2932 = LINE('',#2933,#2934);
#2933 = CARTESIAN_POINT('',(0.,6.3));
#2934 = VECTOR('',#2935,1.);
#2935 = DIRECTION('',(1.,0.));
#2936 = ( GEOMETRIC_REPRESENTATION_CONTEXT(2) 
PARAMETRIC_REPRESENTATION_CONTEXT() REPRESENTATION_CONTEXT('2D SPACE',''
  ) );
#2937 = FACE_BOUND('',#2938,.T.);
#2938 = EDGE_LOOP('',(#2939));
#2939 = ORIENTED_EDGE('',*,*,#2940,.F.);
#2940 = EDGE_CURVE('',#2941,#2941,#2943,.T.);
#2941 = VERTEX_POINT('',#2942);
#2942 = CARTESIAN_POINT('',(155.6,161.,180.));
#2943 = SURFACE_CURVE('',#2944,(#2949,#2956),.PCURVE_S1.);
#2944 = CIRCLE('',#2945,2.1);
#2945 = AXIS2_PLACEMENT_3D('',#2946,#2947,#2948);
#2946 = CARTESIAN_POINT('',(153.5,161.,180.));
#2947 = DIRECTION('',(0.,1.,2.22044604925E-16));
#2948 = DIRECTION('',(1.,0.,-0.));
#2949 = PCURVE('',#215,#2950);
#2950 = DEFINITIONAL_REPRESENTATION('',(#2951),#2955);
#2951 = CIRCLE('',#2952,2.1);
#2952 = AXIS2_PLACEMENT_2D('',#2953,#2954);
#2953 = CARTESIAN_POINT('',(171.,153.5));
#2954 = DIRECTION('',(0.,1.));
#2955 = ( GEOMETRIC_REPRESENTATION_CONTEXT(2) 
PARAMETRIC_REPRESENTATION_CONTEXT() REPRESENTATION_CONTEXT('2D SPACE',''
  ) );
#2956 = PCURVE('',#2957,#2962);
#2957 = CYLINDRICAL_SURFACE('',#2958,2.1);
#2958 = AXIS2_PLACEMENT_3D('',#2959,#2960,#2961);
#2959 = CARTESIAN_POINT('',(153.5,154.7,180.));
#2960 = DIRECTION('',(0.,1.,2.22044604925E-16));
#2961 = DIRECTION('',(1.,0.,-0.));
#2962 = DEFINITIONAL_REPRESENTATION('',(#2963),#2967);
#2963 = LINE('',#2964,#2965);
#2964 = CARTESIAN_POINT('',(0.,6.3));
#2965 = VECTOR('',#2966,1.);
#2966 = DIRECTION('',(1.,0.));
#2967 = ( GEOMETRIC_REPRESENTATION_CONTEXT(2) 
PARAMETRIC_REPRESENTATION_CONTEXT() REPRESENTATION_CONTEXT('2D SPACE',''
  ) );
#2968 = ADVANCED_FACE('',(#2969),#2957,.F.);
#2969 = FACE_BOUND('',#2970,.F.);
#2970 = EDGE_LOOP('',(#2971,#2972,#2995,#3022));
#2971 = ORIENTED_EDGE('',*,*,#2940,.F.);
#2972 = ORIENTED_EDGE('',*,*,#2973,.F.);
#2973 = EDGE_CURVE('',#2974,#2941,#2976,.T.);
#2974 = VERTEX_POINT('',#2975);
#2975 = CARTESIAN_POINT('',(155.6,154.7,180.));
#2976 = SEAM_CURVE('',#2977,(#2981,#2988),.PCURVE_S1.);
#2977 = LINE('',#2978,#2979);
#2978 = CARTESIAN_POINT('',(155.6,154.7,180.));
#2979 = VECTOR('',#2980,1.);
#2980 = DIRECTION('',(0.,1.,2.22044604925E-16));
#2981 = PCURVE('',#2957,#2982);
#2982 = DEFINITIONAL_REPRESENTATION('',(#2983),#2987);
#2983 = LINE('',#2984,#2985);
#2984 = CARTESIAN_POINT('',(6.28318530718,-0.));
#2985 = VECTOR('',#2986,1.);
#2986 = DIRECTION('',(0.,1.));
#2987 = ( GEOMETRIC_REPRESENTATION_CONTEXT(2) 
PARAMETRIC_REPRESENTATION_CONTEXT() REPRESENTATION_CONTEXT('2D SPACE',''
  ) );
#2988 = PCURVE('',#2957,#2989);
#2989 = DEFINITIONAL_REPRESENTATION('',(#2990),#2994);
#2990 = LINE('',#2991,#2992);
#2991 = CARTESIAN_POINT('',(0.,-0.));
#2992 = VECTOR('',#2993,1.);
#2993 = DIRECTION('',(0.,1.));
#2994 = ( GEOMETRIC_REPRESENTATION_CONTEXT(2) 
PARAMETRIC_REPRESENTATION_CONTEXT() REPRESENTATION_CONTEXT('2D SPACE',''
  ) );
#2995 = ORIENTED_EDGE('',*,*,#2996,.T.);
#2996 = EDGE_CURVE('',#2974,#2974,#2997,.T.);
#2997 = SURFACE_CURVE('',#2998,(#3003,#3010),.PCURVE_S1.);
#2998 = CIRCLE('',#2999,2.1);
#2999 = AXIS2_PLACEMENT_3D('',#3000,#3001,#3002);
#3000 = CARTESIAN_POINT('',(153.5,154.7,180.));
#3001 = DIRECTION('',(0.,1.,2.22044604925E-16));
#3002 = DIRECTION('',(1.,0.,-0.));
#3003 = PCURVE('',#2957,#3004);
#3004 = DEFINITIONAL_REPRESENTATION('',(#3005),#3009);
#3005 = LINE('',#3006,#3007);
#3006 = CARTESIAN_POINT('',(0.,0.));
#3007 = VECTOR('',#3008,1.);
#3008 = DIRECTION('',(1.,0.));
#3009 = ( GEOMETRIC_REPRESENTATION_CONTEXT(2) 
PARAMETRIC_REPRESENTATION_CONTEXT() REPRESENTATION_CONTEXT('2D SPACE',''
  ) );
#3010 = PCURVE('',#3011,#3016);
#3011 = PLANE('',#3012);
#3012 = AXIS2_PLACEMENT_3D('',#3013,#3014,#3015);
#3013 = CARTESIAN_POINT('',(153.5,154.7,180.));
#3014 = DIRECTION('',(0.,1.,2.22044604925E-16));
#3015 = DIRECTION('',(1.,0.,-0.));
#3016 = DEFINITIONAL_REPRESENTATION('',(#3017),#3021);
#3017 = CIRCLE('',#3018,2.1);
#3018 = AXIS2_PLACEMENT_2D('',#3019,#3020);
#3019 = CARTESIAN_POINT('',(0.,0.));
#3020 = DIRECTION('',(1.,0.));
#3021 = ( GEOMETRIC_REPRESENTATION_CONTEXT(2) 
PARAMETRIC_REPRESENTATION_CONTEXT() REPRESENTATION_CONTEXT('2D SPACE',''
  ) );
#3022 = ORIENTED_EDGE('',*,*,#2973,.T.);
#3023 = ADVANCED_FACE('',(#3024),#3011,.T.);
#3024 = FACE_BOUND('',#3025,.F.);
#3025 = EDGE_LOOP('',(#3026));
#3026 = ORIENTED_EDGE('',*,*,#2996,.F.);
#3027 = ADVANCED_FACE('',(#3028),#2926,.F.);
#3028 = FACE_BOUND('',#3029,.F.);
#3029 = EDGE_LOOP('',(#3030,#3031,#3054,#3081));
#3030 = ORIENTED_EDGE('',*,*,#2909,.F.);
#3031 = ORIENTED_EDGE('',*,*,#3032,.F.);
#3032 = EDGE_CURVE('',#3033,#2910,#3035,.T.);
#3033 = VERTEX_POINT('',#3034);
#3034 = CARTESIAN_POINT('',(155.6,154.7,137.));
#3035 = SEAM_CURVE('',#3036,(#3040,#3047),.PCURVE_S1.);
#3036 = LINE('',#3037,#3038);
#3037 = CARTESIAN_POINT('',(155.6,154.7,137.));
#3038 = VECTOR('',#3039,1.);
#3039 = DIRECTION('',(0.,1.,2.22044604925E-16));
#3040 = PCURVE('',#2926,#3041);
#3041 = DEFINITIONAL_REPRESENTATION('',(#3042),#3046);
#3042 = LINE('',#3043,#3044);
#3043 = CARTESIAN_POINT('',(6.28318530718,-0.));
#3044 = VECTOR('',#3045,1.);
#3045 = DIRECTION('',(0.,1.));
#3046 = ( GEOMETRIC_REPRESENTATION_CONTEXT(2) 
PARAMETRIC_REPRESENTATION_CONTEXT() REPRESENTATION_CONTEXT('2D SPACE',''
  ) );
#3047 = PCURVE('',#2926,#3048);
#3048 = DEFINITIONAL_REPRESENTATION('',(#3049),#3053);
#3049 = LINE('',#3050,#3051);
#3050 = CARTESIAN_POINT('',(0.,-0.));
#3051 = VECTOR('',#3052,1.);
#3052 = DIRECTION('',(0.,1.));
#3053 = ( GEOMETRIC_REPRESENTATION_CONTEXT(2) 
PARAMETRIC_REPRESENTATION_CONTEXT() REPRESENTATION_CONTEXT('2D SPACE',''
  ) );
#3054 = ORIENTED_EDGE('',*,*,#3055,.T.);
#3055 = EDGE_CURVE('',#3033,#3033,#3056,.T.);
#3056 = SURFACE_CURVE('',#3057,(#3062,#3069),.PCURVE_S1.);
#3057 = CIRCLE('',#3058,2.1);
#3058 = AXIS2_PLACEMENT_3D('',#3059,#3060,#3061);
#3059 = CARTESIAN_POINT('',(153.5,154.7,137.));
#3060 = DIRECTION('',(0.,1.,2.22044604925E-16));
#3061 = DIRECTION('',(1.,0.,-0.));
#3062 = PCURVE('',#2926,#3063);
#3063 = DEFINITIONAL_REPRESENTATION('',(#3064),#3068);
#3064 = LINE('',#3065,#3066);
#3065 = CARTESIAN_POINT('',(0.,0.));
#3066 = VECTOR('',#3067,1.);
#3067 = DIRECTION('',(1.,0.));
#3068 = ( GEOMETRIC_REPRESENTATION_CONTEXT(2) 
PARAMETRIC_REPRESENTATION_CONTEXT() REPRESENTATION_CONTEXT('2D SPACE',''
  ) );
#3069 = PCURVE('',#3070,#3075);
#3070 = PLANE('',#3071);
#3071 = AXIS2_PLACEMENT_3D('',#3072,#3073,#3074);
#3072 = CARTESIAN_POINT('',(153.5,154.7,137.));
#3073 = DIRECTION('',(0.,1.,2.22044604925E-16));
#3074 = DIRECTION('',(1.,0.,-0.));
#3075 = DEFINITIONAL_REPRESENTATION('',(#3076),#3080);
#3076 = CIRCLE('',#3077,2.1);
#3077 = AXIS2_PLACEMENT_2D('',#3078,#3079);
#3078 = CARTESIAN_POINT('',(0.,0.));
#3079 = DIRECTION('',(1.,0.));
#3080 = ( GEOMETRIC_REPRESENTATION_CONTEXT(2) 
PARAMETRIC_REPRESENTATION_CONTEXT() REPRESENTATION_CONTEXT('2D SPACE',''
  ) );
#3081 = ORIENTED_EDGE('',*,*,#3032,.T.);
#3082 = ADVANCED_FACE('',(#3083),#3070,.T.);
#3083 = FACE_BOUND('',#3084,.F.);
#3084 = EDGE_LOOP('',(#3085));
#3085 = ORIENTED_EDGE('',*,*,#3055,.F.);
#3086 = ADVANCED_FACE('',(#3087),#2895,.F.);
#3087 = FACE_BOUND('',#3088,.F.);
#3088 = EDGE_LOOP('',(#3089,#3090,#3113,#3140));
#3089 = ORIENTED_EDGE('',*,*,#2878,.F.);
#3090 = ORIENTED_EDGE('',*,*,#3091,.F.);
#3091 = EDGE_CURVE('',#3092,#2879,#3094,.T.);
#3092 = VERTEX_POINT('',#3093);
#3093 = CARTESIAN_POINT('',(155.6,154.7,58.));
#3094 = SEAM_CURVE('',#3095,(#3099,#3106),.PCURVE_S1.);
#3095 = LINE('',#3096,#3097);
#3096 = CARTESIAN_POINT('',(155.6,154.7,58.));
#3097 = VECTOR('',#3098,1.);
#3098 = DIRECTION('',(0.,1.,2.22044604925E-16));
#3099 = PCURVE('',#2895,#3100);
#3100 = DEFINITIONAL_REPRESENTATION('',(#3101),#3105);
#3101 = LINE('',#3102,#3103);
#3102 = CARTESIAN_POINT('',(6.28318530718,-0.));
#3103 = VECTOR('',#3104,1.);
#3104 = DIRECTION('',(0.,1.));
#3105 = ( GEOMETRIC_REPRESENTATION_CONTEXT(2) 
PARAMETRIC_REPRESENTATION_CONTEXT() REPRESENTATION_CONTEXT('2D SPACE',''
  ) );
#3106 = PCURVE('',#2895,#3107);
#3107 = DEFINITIONAL_REPRESENTATION('',(#3108),#3112);
#3108 = LINE('',#3109,#3110);
#3109 = CARTESIAN_POINT('',(0.,-0.));
#3110 = VECTOR('',#3111,1.);
#3111 = DIRECTION('',(0.,1.));
#3112 = ( GEOMETRIC_REPRESENTATION_CONTEXT(2) 
PARAMETRIC_REPRESENTATION_CONTEXT() REPRESENTATION_CONTEXT('2D SPACE',''
  ) );
#3113 = ORIENTED_EDGE('',*,*,#3114,.T.);
#3114 = EDGE_CURVE('',#3092,#3092,#3115,.T.);
#3115 = SURFACE_CURVE('',#3116,(#3121,#3128),.PCURVE_S1.);
#3116 = CIRCLE('',#3117,2.1);
#3117 = AXIS2_PLACEMENT_3D('',#3118,#3119,#3120);
#3118 = CARTESIAN_POINT('',(153.5,154.7,58.));
#3119 = DIRECTION('',(0.,1.,2.22044604925E-16));
#3120 = DIRECTION('',(1.,0.,-0.));
#3121 = PCURVE('',#2895,#3122);
#3122 = DEFINITIONAL_REPRESENTATION('',(#3123),#3127);
#3123 = LINE('',#3124,#3125);
#3124 = CARTESIAN_POINT('',(0.,0.));
#3125 = VECTOR('',#3126,1.);
#3126 = DIRECTION('',(1.,0.));
#3127 = ( GEOMETRIC_REPRESENTATION_CONTEXT(2) 
PARAMETRIC_REPRESENTATION_CONTEXT() REPRESENTATION_CONTEXT('2D SPACE',''
  ) );
#3128 = PCURVE('',#3129,#3134);
#3129 = PLANE('',#3130);
#3130 = AXIS2_PLACEMENT_3D('',#3131,#3132,#3133);
#3131 = CARTESIAN_POINT('',(153.5,154.7,58.));
#3132 = DIRECTION('',(0.,1.,2.22044604925E-16));
#3133 = DIRECTION('',(1.,0.,-0.));
#3134 = DEFINITIONAL_REPRESENTATION('',(#3135),#3139);
#3135 = CIRCLE('',#3136,2.1);
#3136 = AXIS2_PLACEMENT_2D('',#3137,#3138);
#3137 = CARTESIAN_POINT('',(0.,0.));
#3138 = DIRECTION('',(1.,0.));
#3139 = ( GEOMETRIC_REPRESENTATION_CONTEXT(2) 
PARAMETRIC_REPRESENTATION_CONTEXT() REPRESENTATION_CONTEXT('2D SPACE',''
  ) );
#3140 = ORIENTED_EDGE('',*,*,#3091,.T.);
#3141 = ADVANCED_FACE('',(#3142),#3129,.T.);
#3142 = FACE_BOUND('',#3143,.F.);
#3143 = EDGE_LOOP('',(#3144));
#3144 = ORIENTED_EDGE('',*,*,#3114,.F.);
#3145 = ADVANCED_FACE('',(#3146),#2864,.F.);
#3146 = FACE_BOUND('',#3147,.F.);
#3147 = EDGE_LOOP('',(#3148,#3149,#3172,#3199));
#3148 = ORIENTED_EDGE('',*,*,#2847,.F.);
#3149 = ORIENTED_EDGE('',*,*,#3150,.F.);
#3150 = EDGE_CURVE('',#3151,#2848,#3153,.T.);
#3151 = VERTEX_POINT('',#3152);
#3152 = CARTESIAN_POINT('',(155.6,154.7,40.));
#3153 = SEAM_CURVE('',#3154,(#3158,#3165),.PCURVE_S1.);
#3154 = LINE('',#3155,#3156);
#3155 = CARTESIAN_POINT('',(155.6,154.7,40.));
#3156 = VECTOR('',#3157,1.);
#3157 = DIRECTION('',(0.,1.,2.22044604925E-16));
#3158 = PCURVE('',#2864,#3159);
#3159 = DEFINITIONAL_REPRESENTATION('',(#3160),#3164);
#3160 = LINE('',#3161,#3162);
#3161 = CARTESIAN_POINT('',(6.28318530718,-0.));
#3162 = VECTOR('',#3163,1.);
#3163 = DIRECTION('',(0.,1.));
#3164 = ( GEOMETRIC_REPRESENTATION_CONTEXT(2) 
PARAMETRIC_REPRESENTATION_CONTEXT() REPRESENTATION_CONTEXT('2D SPACE',''
  ) );
#3165 = PCURVE('',#2864,#3166);
#3166 = DEFINITIONAL_REPRESENTATION('',(#3167),#3171);
#3167 = LINE('',#3168,#3169);
#3168 = CARTESIAN_POINT('',(0.,-0.));
#3169 = VECTOR('',#3170,1.);
#3170 = DIRECTION('',(0.,1.));
#3171 = ( GEOMETRIC_REPRESENTATION_CONTEXT(2) 
PARAMETRIC_REPRESENTATION_CONTEXT() REPRESENTATION_CONTEXT('2D SPACE',''
  ) );
#3172 = ORIENTED_EDGE('',*,*,#3173,.T.);
#3173 = EDGE_CURVE('',#3151,#3151,#3174,.T.);
#3174 = SURFACE_CURVE('',#3175,(#3180,#3187),.PCURVE_S1.);
#3175 = CIRCLE('',#3176,2.1);
#3176 = AXIS2_PLACEMENT_3D('',#3177,#3178,#3179);
#3177 = CARTESIAN_POINT('',(153.5,154.7,40.));
#3178 = DIRECTION('',(0.,1.,2.22044604925E-16));
#3179 = DIRECTION('',(1.,0.,-0.));
#3180 = PCURVE('',#2864,#3181);
#3181 = DEFINITIONAL_REPRESENTATION('',(#3182),#3186);
#3182 = LINE('',#3183,#3184);
#3183 = CARTESIAN_POINT('',(0.,0.));
#3184 = VECTOR('',#3185,1.);
#3185 = DIRECTION('',(1.,0.));
#3186 = ( GEOMETRIC_REPRESENTATION_CONTEXT(2) 
PARAMETRIC_REPRESENTATION_CONTEXT() REPRESENTATION_CONTEXT('2D SPACE',''
  ) );
#3187 = PCURVE('',#3188,#3193);
#3188 = PLANE('',#3189);
#3189 = AXIS2_PLACEMENT_3D('',#3190,#3191,#3192);
#3190 = CARTESIAN_POINT('',(153.5,154.7,40.));
#3191 = DIRECTION('',(0.,1.,2.22044604925E-16));
#3192 = DIRECTION('',(1.,0.,-0.));
#3193 = DEFINITIONAL_REPRESENTATION('',(#3194),#3198);
#3194 = CIRCLE('',#3195,2.1);
#3195 = AXIS2_PLACEMENT_2D('',#3196,#3197);
#3196 = CARTESIAN_POINT('',(0.,0.));
#3197 = DIRECTION('',(1.,0.));
#3198 = ( GEOMETRIC_REPRESENTATION_CONTEXT(2) 
PARAMETRIC_REPRESENTATION_CONTEXT() REPRESENTATION_CONTEXT('2D SPACE',''
  ) );
#3199 = ORIENTED_EDGE('',*,*,#3150,.T.);
#3200 = ADVANCED_FACE('',(#3201),#3188,.T.);
#3201 = FACE_BOUND('',#3202,.F.);
#3202 = EDGE_LOOP('',(#3203));
#3203 = ORIENTED_EDGE('',*,*,#3173,.F.);
#3204 = ADVANCED_FACE('',(#3205),#2833,.F.);
#3205 = FACE_BOUND('',#3206,.F.);
#3206 = EDGE_LOOP('',(#3207,#3208,#3231,#3258));
#3207 = ORIENTED_EDGE('',*,*,#2816,.F.);
#3208 = ORIENTED_EDGE('',*,*,#3209,.F.);
#3209 = EDGE_CURVE('',#3210,#2817,#3212,.T.);
#3210 = VERTEX_POINT('',#3211);
#3211 = CARTESIAN_POINT('',(6.6,154.7,180.));
#3212 = SEAM_CURVE('',#3213,(#3217,#3224),.PCURVE_S1.);
#3213 = LINE('',#3214,#3215);
#3214 = CARTESIAN_POINT('',(6.6,154.7,180.));
#3215 = VECTOR('',#3216,1.);
#3216 = DIRECTION('',(0.,1.,2.22044604925E-16));
#3217 = PCURVE('',#2833,#3218);
#3218 = DEFINITIONAL_REPRESENTATION('',(#3219),#3223);
#3219 = LINE('',#3220,#3221);
#3220 = CARTESIAN_POINT('',(6.28318530718,-0.));
#3221 = VECTOR('',#3222,1.);
#3222 = DIRECTION('',(0.,1.));
#3223 = ( GEOMETRIC_REPRESENTATION_CONTEXT(2) 
PARAMETRIC_REPRESENTATION_CONTEXT() REPRESENTATION_CONTEXT('2D SPACE',''
  ) );
#3224 = PCURVE('',#2833,#3225);
#3225 = DEFINITIONAL_REPRESENTATION('',(#3226),#3230);
#3226 = LINE('',#3227,#3228);
#3227 = CARTESIAN_POINT('',(0.,-0.));
#3228 = VECTOR('',#3229,1.);
#3229 = DIRECTION('',(0.,1.));
#3230 = ( GEOMETRIC_REPRESENTATION_CONTEXT(2) 
PARAMETRIC_REPRESENTATION_CONTEXT() REPRESENTATION_CONTEXT('2D SPACE',''
  ) );
#3231 = ORIENTED_EDGE('',*,*,#3232,.T.);
#3232 = EDGE_CURVE('',#3210,#3210,#3233,.T.);
#3233 = SURFACE_CURVE('',#3234,(#3239,#3246),.PCURVE_S1.);
#3234 = CIRCLE('',#3235,2.1);
#3235 = AXIS2_PLACEMENT_3D('',#3236,#3237,#3238);
#3236 = CARTESIAN_POINT('',(4.5,154.7,180.));
#3237 = DIRECTION('',(0.,1.,2.22044604925E-16));
#3238 = DIRECTION('',(1.,0.,-0.));
#3239 = PCURVE('',#2833,#3240);
#3240 = DEFINITIONAL_REPRESENTATION('',(#3241),#3245);
#3241 = LINE('',#3242,#3243);
#3242 = CARTESIAN_POINT('',(0.,0.));
#3243 = VECTOR('',#3244,1.);
#3244 = DIRECTION('',(1.,0.));
#3245 = ( GEOMETRIC_REPRESENTATION_CONTEXT(2) 
PARAMETRIC_REPRESENTATION_CONTEXT() REPRESENTATION_CONTEXT('2D SPACE',''
  ) );
#3246 = PCURVE('',#3247,#3252);
#3247 = PLANE('',#3248);
#3248 = AXIS2_PLACEMENT_3D('',#3249,#3250,#3251);
#3249 = CARTESIAN_POINT('',(4.5,154.7,180.));
#3250 = DIRECTION('',(0.,1.,2.22044604925E-16));
#3251 = DIRECTION('',(1.,0.,-0.));
#3252 = DEFINITIONAL_REPRESENTATION('',(#3253),#3257);
#3253 = CIRCLE('',#3254,2.1);
#3254 = AXIS2_PLACEMENT_2D('',#3255,#3256);
#3255 = CARTESIAN_POINT('',(0.,0.));
#3256 = DIRECTION('',(1.,0.));
#3257 = ( GEOMETRIC_REPRESENTATION_CONTEXT(2) 
PARAMETRIC_REPRESENTATION_CONTEXT() REPRESENTATION_CONTEXT('2D SPACE',''
  ) );
#3258 = ORIENTED_EDGE('',*,*,#3209,.T.);
#3259 = ADVANCED_FACE('',(#3260),#3247,.T.);
#3260 = FACE_BOUND('',#3261,.F.);
#3261 = EDGE_LOOP('',(#3262));
#3262 = ORIENTED_EDGE('',*,*,#3232,.F.);
#3263 = ADVANCED_FACE('',(#3264),#2802,.F.);
#3264 = FACE_BOUND('',#3265,.F.);
#3265 = EDGE_LOOP('',(#3266,#3267,#3290,#3317));
#3266 = ORIENTED_EDGE('',*,*,#2785,.F.);
#3267 = ORIENTED_EDGE('',*,*,#3268,.F.);
#3268 = EDGE_CURVE('',#3269,#2786,#3271,.T.);
#3269 = VERTEX_POINT('',#3270);
#3270 = CARTESIAN_POINT('',(6.6,154.7,137.));
#3271 = SEAM_CURVE('',#3272,(#3276,#3283),.PCURVE_S1.);
#3272 = LINE('',#3273,#3274);
#3273 = CARTESIAN_POINT('',(6.6,154.7,137.));
#3274 = VECTOR('',#3275,1.);
#3275 = DIRECTION('',(0.,1.,2.22044604925E-16));
#3276 = PCURVE('',#2802,#3277);
#3277 = DEFINITIONAL_REPRESENTATION('',(#3278),#3282);
#3278 = LINE('',#3279,#3280);
#3279 = CARTESIAN_POINT('',(6.28318530718,-0.));
#3280 = VECTOR('',#3281,1.);
#3281 = DIRECTION('',(0.,1.));
#3282 = ( GEOMETRIC_REPRESENTATION_CONTEXT(2) 
PARAMETRIC_REPRESENTATION_CONTEXT() REPRESENTATION_CONTEXT('2D SPACE',''
  ) );
#3283 = PCURVE('',#2802,#3284);
#3284 = DEFINITIONAL_REPRESENTATION('',(#3285),#3289);
#3285 = LINE('',#3286,#3287);
#3286 = CARTESIAN_POINT('',(0.,-0.));
#3287 = VECTOR('',#3288,1.);
#3288 = DIRECTION('',(0.,1.));
#3289 = ( GEOMETRIC_REPRESENTATION_CONTEXT(2) 
PARAMETRIC_REPRESENTATION_CONTEXT() REPRESENTATION_CONTEXT('2D SPACE',''
  ) );
#3290 = ORIENTED_EDGE('',*,*,#3291,.T.);
#3291 = EDGE_CURVE('',#3269,#3269,#3292,.T.);
#3292 = SURFACE_CURVE('',#3293,(#3298,#3305),.PCURVE_S1.);
#3293 = CIRCLE('',#3294,2.1);
#3294 = AXIS2_PLACEMENT_3D('',#3295,#3296,#3297);
#3295 = CARTESIAN_POINT('',(4.5,154.7,137.));
#3296 = DIRECTION('',(0.,1.,2.22044604925E-16));
#3297 = DIRECTION('',(1.,0.,-0.));
#3298 = PCURVE('',#2802,#3299);
#3299 = DEFINITIONAL_REPRESENTATION('',(#3300),#3304);
#3300 = LINE('',#3301,#3302);
#3301 = CARTESIAN_POINT('',(0.,0.));
#3302 = VECTOR('',#3303,1.);
#3303 = DIRECTION('',(1.,0.));
#3304 = ( GEOMETRIC_REPRESENTATION_CONTEXT(2) 
PARAMETRIC_REPRESENTATION_CONTEXT() REPRESENTATION_CONTEXT('2D SPACE',''
  ) );
#3305 = PCURVE('',#3306,#3311);
#3306 = PLANE('',#3307);
#3307 = AXIS2_PLACEMENT_3D('',#3308,#3309,#3310);
#3308 = CARTESIAN_POINT('',(4.5,154.7,137.));
#3309 = DIRECTION('',(0.,1.,2.22044604925E-16));
#3310 = DIRECTION('',(1.,0.,-0.));
#3311 = DEFINITIONAL_REPRESENTATION('',(#3312),#3316);
#3312 = CIRCLE('',#3313,2.1);
#3313 = AXIS2_PLACEMENT_2D('',#3314,#3315);
#3314 = CARTESIAN_POINT('',(0.,0.));
#3315 = DIRECTION('',(1.,0.));
#3316 = ( GEOMETRIC_REPRESENTATION_CONTEXT(2) 
PARAMETRIC_REPRESENTATION_CONTEXT() REPRESENTATION_CONTEXT('2D SPACE',''
  ) );
#3317 = ORIENTED_EDGE('',*,*,#3268,.T.);
#3318 = ADVANCED_FACE('',(#3319),#3306,.T.);
#3319 = FACE_BOUND('',#3320,.F.);
#3320 = EDGE_LOOP('',(#3321));
#3321 = ORIENTED_EDGE('',*,*,#3291,.F.);
#3322 = ADVANCED_FACE('',(#3323),#2771,.F.);
#3323 = FACE_BOUND('',#3324,.F.);
#3324 = EDGE_LOOP('',(#3325,#3326,#3349,#3376));
#3325 = ORIENTED_EDGE('',*,*,#2754,.F.);
#3326 = ORIENTED_EDGE('',*,*,#3327,.F.);
#3327 = EDGE_CURVE('',#3328,#2755,#3330,.T.);
#3328 = VERTEX_POINT('',#3329);
#3329 = CARTESIAN_POINT('',(6.6,154.7,58.));
#3330 = SEAM_CURVE('',#3331,(#3335,#3342),.PCURVE_S1.);
#3331 = LINE('',#3332,#3333);
#3332 = CARTESIAN_POINT('',(6.6,154.7,58.));
#3333 = VECTOR('',#3334,1.);
#3334 = DIRECTION('',(0.,1.,2.22044604925E-16));
#3335 = PCURVE('',#2771,#3336);
#3336 = DEFINITIONAL_REPRESENTATION('',(#3337),#3341);
#3337 = LINE('',#3338,#3339);
#3338 = CARTESIAN_POINT('',(6.28318530718,-0.));
#3339 = VECTOR('',#3340,1.);
#3340 = DIRECTION('',(0.,1.));
#3341 = ( GEOMETRIC_REPRESENTATION_CONTEXT(2) 
PARAMETRIC_REPRESENTATION_CONTEXT() REPRESENTATION_CONTEXT('2D SPACE',''
  ) );
#3342 = PCURVE('',#2771,#3343);
#3343 = DEFINITIONAL_REPRESENTATION('',(#3344),#3348);
#3344 = LINE('',#3345,#3346);
#3345 = CARTESIAN_POINT('',(0.,-0.));
#3346 = VECTOR('',#3347,1.);
#3347 = DIRECTION('',(0.,1.));
#3348 = ( GEOMETRIC_REPRESENTATION_CONTEXT(2) 
PARAMETRIC_REPRESENTATION_CONTEXT() REPRESENTATION_CONTEXT('2D SPACE',''
  ) );
#3349 = ORIENTED_EDGE('',*,*,#3350,.T.);
#3350 = EDGE_CURVE('',#3328,#3328,#3351,.T.);
#3351 = SURFACE_CURVE('',#3352,(#3357,#3364),.PCURVE_S1.);
#3352 = CIRCLE('',#3353,2.1);
#3353 = AXIS2_PLACEMENT_3D('',#3354,#3355,#3356);
#3354 = CARTESIAN_POINT('',(4.5,154.7,58.));
#3355 = DIRECTION('',(0.,1.,2.22044604925E-16));
#3356 = DIRECTION('',(1.,0.,-0.));
#3357 = PCURVE('',#2771,#3358);
#3358 = DEFINITIONAL_REPRESENTATION('',(#3359),#3363);
#3359 = LINE('',#3360,#3361);
#3360 = CARTESIAN_POINT('',(0.,0.));
#3361 = VECTOR('',#3362,1.);
#3362 = DIRECTION('',(1.,0.));
#3363 = ( GEOMETRIC_REPRESENTATION_CONTEXT(2) 
PARAMETRIC_REPRESENTATION_CONTEXT() REPRESENTATION_CONTEXT('2D SPACE',''
  ) );
#3364 = PCURVE('',#3365,#3370);
#3365 = PLANE('',#3366);
#3366 = AXIS2_PLACEMENT_3D('',#3367,#3368,#3369);
#3367 = CARTESIAN_POINT('',(4.5,154.7,58.));
#3368 = DIRECTION('',(0.,1.,2.22044604925E-16));
#3369 = DIRECTION('',(1.,0.,-0.));
#3370 = DEFINITIONAL_REPRESENTATION('',(#3371),#3375);
#3371 = CIRCLE('',#3372,2.1);
#3372 = AXIS2_PLACEMENT_2D('',#3373,#3374);
#3373 = CARTESIAN_POINT('',(0.,0.));
#3374 = DIRECTION('',(1.,0.));
#3375 = ( GEOMETRIC_REPRESENTATION_CONTEXT(2) 
PARAMETRIC_REPRESENTATION_CONTEXT() REPRESENTATION_CONTEXT('2D SPACE',''
  ) );
#3376 = ORIENTED_EDGE('',*,*,#3327,.T.);
#3377 = ADVANCED_FACE('',(#3378),#3365,.T.);
#3378 = FACE_BOUND('',#3379,.F.);
#3379 = EDGE_LOOP('',(#3380));
#3380 = ORIENTED_EDGE('',*,*,#3350,.F.);
#3381 = ADVANCED_FACE('',(#3382),#2740,.F.);
#3382 = FACE_BOUND('',#3383,.F.);
#3383 = EDGE_LOOP('',(#3384,#3385,#3408,#3435));
#3384 = ORIENTED_EDGE('',*,*,#2723,.F.);
#3385 = ORIENTED_EDGE('',*,*,#3386,.F.);
#3386 = EDGE_CURVE('',#3387,#2724,#3389,.T.);
#3387 = VERTEX_POINT('',#3388);
#3388 = CARTESIAN_POINT('',(6.6,154.7,40.));
#3389 = SEAM_CURVE('',#3390,(#3394,#3401),.PCURVE_S1.);
#3390 = LINE('',#3391,#3392);
#3391 = CARTESIAN_POINT('',(6.6,154.7,40.));
#3392 = VECTOR('',#3393,1.);
#3393 = DIRECTION('',(0.,1.,2.22044604925E-16));
#3394 = PCURVE('',#2740,#3395);
#3395 = DEFINITIONAL_REPRESENTATION('',(#3396),#3400);
#3396 = LINE('',#3397,#3398);
#3397 = CARTESIAN_POINT('',(6.28318530718,-0.));
#3398 = VECTOR('',#3399,1.);
#3399 = DIRECTION('',(0.,1.));
#3400 = ( GEOMETRIC_REPRESENTATION_CONTEXT(2) 
PARAMETRIC_REPRESENTATION_CONTEXT() REPRESENTATION_CONTEXT('2D SPACE',''
  ) );
#3401 = PCURVE('',#2740,#3402);
#3402 = DEFINITIONAL_REPRESENTATION('',(#3403),#3407);
#3403 = LINE('',#3404,#3405);
#3404 = CARTESIAN_POINT('',(0.,-0.));
#3405 = VECTOR('',#3406,1.);
#3406 = DIRECTION('',(0.,1.));
#3407 = ( GEOMETRIC_REPRESENTATION_CONTEXT(2) 
PARAMETRIC_REPRESENTATION_CONTEXT() REPRESENTATION_CONTEXT('2D SPACE',''
  ) );
#3408 = ORIENTED_EDGE('',*,*,#3409,.T.);
#3409 = EDGE_CURVE('',#3387,#3387,#3410,.T.);
#3410 = SURFACE_CURVE('',#3411,(#3416,#3423),.PCURVE_S1.);
#3411 = CIRCLE('',#3412,2.1);
#3412 = AXIS2_PLACEMENT_3D('',#3413,#3414,#3415);
#3413 = CARTESIAN_POINT('',(4.5,154.7,40.));
#3414 = DIRECTION('',(0.,1.,2.22044604925E-16));
#3415 = DIRECTION('',(1.,0.,-0.));
#3416 = PCURVE('',#2740,#3417);
#3417 = DEFINITIONAL_REPRESENTATION('',(#3418),#3422);
#3418 = LINE('',#3419,#3420);
#3419 = CARTESIAN_POINT('',(0.,0.));
#3420 = VECTOR('',#3421,1.);
#3421 = DIRECTION('',(1.,0.));
#3422 = ( GEOMETRIC_REPRESENTATION_CONTEXT(2) 
PARAMETRIC_REPRESENTATION_CONTEXT() REPRESENTATION_CONTEXT('2D SPACE',''
  ) );
#3423 = PCURVE('',#3424,#3429);
#3424 = PLANE('',#3425);
#3425 = AXIS2_PLACEMENT_3D('',#3426,#3427,#3428);
#3426 = CARTESIAN_POINT('',(4.5,154.7,40.));
#3427 = DIRECTION('',(0.,1.,2.22044604925E-16));
#3428 = DIRECTION('',(1.,0.,-0.));
#3429 = DEFINITIONAL_REPRESENTATION('',(#3430),#3434);
#3430 = CIRCLE('',#3431,2.1);
#3431 = AXIS2_PLACEMENT_2D('',#3432,#3433);
#3432 = CARTESIAN_POINT('',(0.,0.));
#3433 = DIRECTION('',(1.,0.));
#3434 = ( GEOMETRIC_REPRESENTATION_CONTEXT(2) 
PARAMETRIC_REPRESENTATION_CONTEXT() REPRESENTATION_CONTEXT('2D SPACE',''
  ) );
#3435 = ORIENTED_EDGE('',*,*,#3386,.T.);
#3436 = ADVANCED_FACE('',(#3437),#3424,.T.);
#3437 = FACE_BOUND('',#3438,.F.);
#3438 = EDGE_LOOP('',(#3439));
#3439 = ORIENTED_EDGE('',*,*,#3409,.F.);
#3440 = ADVANCED_FACE('',(#3441),#164,.F.);
#3441 = FACE_BOUND('',#3442,.F.);
#3442 = EDGE_LOOP('',(#3443,#3444,#3465,#3466));
#3443 = ORIENTED_EDGE('',*,*,#2233,.F.);
#3444 = ORIENTED_EDGE('',*,*,#3445,.F.);
#3445 = EDGE_CURVE('',#149,#2234,#3446,.T.);
#3446 = SURFACE_CURVE('',#3447,(#3451,#3458),.PCURVE_S1.);
#3447 = LINE('',#3448,#3449);
#3448 = CARTESIAN_POINT('',(0.,141.,9.));
#3449 = VECTOR('',#3450,1.);
#3450 = DIRECTION('',(1.,0.,-0.));
#3451 = PCURVE('',#164,#3452);
#3452 = DEFINITIONAL_REPRESENTATION('',(#3453),#3457);
#3453 = LINE('',#3454,#3455);
#3454 = CARTESIAN_POINT('',(0.,0.));
#3455 = VECTOR('',#3456,1.);
#3456 = DIRECTION('',(0.,1.));
#3457 = ( GEOMETRIC_REPRESENTATION_CONTEXT(2) 
PARAMETRIC_REPRESENTATION_CONTEXT() REPRESENTATION_CONTEXT('2D SPACE',''
  ) );
#3458 = PCURVE('',#82,#3459);
#3459 = DEFINITIONAL_REPRESENTATION('',(#3460),#3464);
#3460 = LINE('',#3461,#3462);
#3461 = CARTESIAN_POINT('',(0.,138.));
#3462 = VECTOR('',#3463,1.);
#3463 = DIRECTION('',(1.,0.));
#3464 = ( GEOMETRIC_REPRESENTATION_CONTEXT(2) 
PARAMETRIC_REPRESENTATION_CONTEXT() REPRESENTATION_CONTEXT('2D SPACE',''
  ) );
#3465 = ORIENTED_EDGE('',*,*,#148,.T.);
#3466 = ORIENTED_EDGE('',*,*,#3467,.F.);
#3467 = EDGE_CURVE('',#2212,#122,#3468,.T.);
#3468 = SURFACE_CURVE('',#3469,(#3473,#3479),.PCURVE_S1.);
#3469 = LINE('',#3470,#3471);
#3470 = CARTESIAN_POINT('',(-0.5,141.,30.));
#3471 = VECTOR('',#3472,1.);
#3472 = DIRECTION('',(-1.,-0.,0.));
#3473 = PCURVE('',#164,#3474);
#3474 = DEFINITIONAL_REPRESENTATION('',(#3475),#3478);
#3475 = B_SPLINE_CURVE_WITH_KNOTS('',1,(#3476,#3477),.UNSPECIFIED.,.F.,
  .F.,(2,2),(-9.5,-0.5),.PIECEWISE_BEZIER_KNOTS.);
#3476 = CARTESIAN_POINT('',(21.,9.));
#3477 = CARTESIAN_POINT('',(21.,0.));
#3478 = ( GEOMETRIC_REPRESENTATION_CONTEXT(2) 
PARAMETRIC_REPRESENTATION_CONTEXT() REPRESENTATION_CONTEXT('2D SPACE',''
  ) );
#3479 = PCURVE('',#137,#3480);
#3480 = DEFINITIONAL_REPRESENTATION('',(#3481),#3484);
#3481 = B_SPLINE_CURVE_WITH_KNOTS('',1,(#3482,#3483),.UNSPECIFIED.,.F.,
  .F.,(2,2),(-9.5,-0.5),.PIECEWISE_BEZIER_KNOTS.);
#3482 = CARTESIAN_POINT('',(10.,15.));
#3483 = CARTESIAN_POINT('',(1.,15.));
#3484 = ( GEOMETRIC_REPRESENTATION_CONTEXT(2) 
PARAMETRIC_REPRESENTATION_CONTEXT() REPRESENTATION_CONTEXT('2D SPACE',''
  ) );
#3485 = ADVANCED_FACE('',(#3486),#137,.F.);
#3486 = FACE_BOUND('',#3487,.F.);
#3487 = EDGE_LOOP('',(#3488,#3489,#3490,#3511));
#3488 = ORIENTED_EDGE('',*,*,#3467,.T.);
#3489 = ORIENTED_EDGE('',*,*,#121,.T.);
#3490 = ORIENTED_EDGE('',*,*,#3491,.T.);
#3491 = EDGE_CURVE('',#95,#2190,#3492,.T.);
#3492 = SURFACE_CURVE('',#3493,(#3497,#3504),.PCURVE_S1.);
#3493 = LINE('',#3494,#3495);
#3494 = CARTESIAN_POINT('',(-1.,126.,30.));
#3495 = VECTOR('',#3496,1.);
#3496 = DIRECTION('',(1.,0.,-0.));
#3497 = PCURVE('',#137,#3498);
#3498 = DEFINITIONAL_REPRESENTATION('',(#3499),#3503);
#3499 = LINE('',#3500,#3501);
#3500 = CARTESIAN_POINT('',(0.,0.));
#3501 = VECTOR('',#3502,1.);
#3502 = DIRECTION('',(1.,0.));
#3503 = ( GEOMETRIC_REPRESENTATION_CONTEXT(2) 
PARAMETRIC_REPRESENTATION_CONTEXT() REPRESENTATION_CONTEXT('2D SPACE',''
  ) );
#3504 = PCURVE('',#110,#3505);
#3505 = DEFINITIONAL_REPRESENTATION('',(#3506),#3510);
#3506 = LINE('',#3507,#3508);
#3507 = CARTESIAN_POINT('',(22.,0.));
#3508 = VECTOR('',#3509,1.);
#3509 = DIRECTION('',(0.,1.));
#3510 = ( GEOMETRIC_REPRESENTATION_CONTEXT(2) 
PARAMETRIC_REPRESENTATION_CONTEXT() REPRESENTATION_CONTEXT('2D SPACE',''
  ) );
#3511 = ORIENTED_EDGE('',*,*,#2211,.F.);
#3512 = ADVANCED_FACE('',(#3513),#110,.T.);
#3513 = FACE_BOUND('',#3514,.T.);
#3514 = EDGE_LOOP('',(#3515,#3516,#3536,#3537,#3538,#3539));
#3515 = ORIENTED_EDGE('',*,*,#2139,.F.);
#3516 = ORIENTED_EDGE('',*,*,#3517,.T.);
#3517 = EDGE_CURVE('',#2140,#60,#3518,.T.);
#3518 = SURFACE_CURVE('',#3519,(#3523,#3529),.PCURVE_S1.);
#3519 = LINE('',#3520,#3521);
#3520 = CARTESIAN_POINT('',(-0.5,126.,9.));
#3521 = VECTOR('',#3522,1.);
#3522 = DIRECTION('',(-1.,-0.,0.));
#3523 = PCURVE('',#110,#3524);
#3524 = DEFINITIONAL_REPRESENTATION('',(#3525),#3528);
#3525 = B_SPLINE_CURVE_WITH_KNOTS('',1,(#3526,#3527),.UNSPECIFIED.,.F.,
  .F.,(2,2),(-10.5,-0.5),.PIECEWISE_BEZIER_KNOTS.);
#3526 = CARTESIAN_POINT('',(1.,11.));
#3527 = CARTESIAN_POINT('',(1.,1.));
#3528 = ( GEOMETRIC_REPRESENTATION_CONTEXT(2) 
PARAMETRIC_REPRESENTATION_CONTEXT() REPRESENTATION_CONTEXT('2D SPACE',''
  ) );
#3529 = PCURVE('',#82,#3530);
#3530 = DEFINITIONAL_REPRESENTATION('',(#3531),#3535);
#3531 = LINE('',#3532,#3533);
#3532 = CARTESIAN_POINT('',(-0.5,123.));
#3533 = VECTOR('',#3534,1.);
#3534 = DIRECTION('',(-1.,0.));
#3535 = ( GEOMETRIC_REPRESENTATION_CONTEXT(2) 
PARAMETRIC_REPRESENTATION_CONTEXT() REPRESENTATION_CONTEXT('2D SPACE',''
  ) );
#3536 = ORIENTED_EDGE('',*,*,#94,.T.);
#3537 = ORIENTED_EDGE('',*,*,#3491,.T.);
#3538 = ORIENTED_EDGE('',*,*,#2189,.F.);
#3539 = ORIENTED_EDGE('',*,*,#2020,.F.);
#3540 = ADVANCED_FACE('',(#3541),#82,.F.);
#3541 = FACE_BOUND('',#3542,.F.);
#3542 = EDGE_LOOP('',(#3543,#3544,#3545,#3546,#3547,#3548,#3549,#3550,
    #3551,#3552));
#3543 = ORIENTED_EDGE('',*,*,#59,.T.);
#3544 = ORIENTED_EDGE('',*,*,#1130,.T.);
#3545 = ORIENTED_EDGE('',*,*,#2387,.F.);
#3546 = ORIENTED_EDGE('',*,*,#2700,.F.);
#3547 = ORIENTED_EDGE('',*,*,#176,.T.);
#3548 = ORIENTED_EDGE('',*,*,#3445,.T.);
#3549 = ORIENTED_EDGE('',*,*,#2256,.T.);
#3550 = ORIENTED_EDGE('',*,*,#2093,.F.);
#3551 = ORIENTED_EDGE('',*,*,#2162,.F.);
#3552 = ORIENTED_EDGE('',*,*,#3517,.T.);
#3553 = ( GEOMETRIC_REPRESENTATION_CONTEXT(3) 
GLOBAL_UNCERTAINTY_ASSIGNED_CONTEXT((#3557)) 
GLOBAL_UNIT_ASSIGNED_CONTEXT((#3554,#3555,#3556)) REPRESENTATION_CONTEXT
('Context #1','3D Context with UNIT and UNCERTAINTY') );
#3554 = ( LENGTH_UNIT() NAMED_UNIT(*) SI_UNIT(.MILLI.,.METRE.) );
#3555 = ( NAMED_UNIT(*) PLANE_ANGLE_UNIT() SI_UNIT($,.RADIAN.) );
#3556 = ( NAMED_UNIT(*) SI_UNIT($,.STERADIAN.) SOLID_ANGLE_UNIT() );
#3557 = UNCERTAINTY_MEASURE_WITH_UNIT(LENGTH_MEASURE(2.E-07),#3554,
  'distance_accuracy_value','confusion accuracy');
#3558 = CONTEXT_DEPENDENT_SHAPE_REPRESENTATION(#3559,#3561);
#3559 = ( REPRESENTATION_RELATIONSHIP('','',#52,#10) 
REPRESENTATION_RELATIONSHIP_WITH_TRANSFORMATION(#3560) 
SHAPE_REPRESENTATION_RELATIONSHIP() );
#3560 = ITEM_DEFINED_TRANSFORMATION('','',#11,#15);
#3561 = PRODUCT_DEFINITION_SHAPE('Placement','Placement of an item',
  #3562);
#3562 = NEXT_ASSEMBLY_USAGE_OCCURRENCE('1','shell','',#5,#47,$);
#3563 = PRODUCT_RELATED_PRODUCT_CATEGORY('part',$,(#49));
#3564 = SHAPE_DEFINITION_REPRESENTATION(#3565,#3571);
#3565 = PRODUCT_DEFINITION_SHAPE('','',#3566);
#3566 = PRODUCT_DEFINITION('design','',#3567,#3570);
#3567 = PRODUCT_DEFINITION_FORMATION('','',#3568);
#3568 = PRODUCT('cradle_tray','cradle_tray','',(#3569));
#3569 = PRODUCT_CONTEXT('',#2,'mechanical');
#3570 = PRODUCT_DEFINITION_CONTEXT('part definition',#2,'design');
#3571 = ADVANCED_BREP_SHAPE_REPRESENTATION('',(#11,#3572),#4636);
#3572 = MANIFOLD_SOLID_BREP('',#3573);
#3573 = CLOSED_SHELL('',(#3574,#3694,#3770,#3981,#4030,#4164,#4191,#4218
    ,#4294,#4370,#4419,#4468,#4495,#4545,#4595,#4622,#4629));
#3574 = ADVANCED_FACE('',(#3575),#3589,.F.);
#3575 = FACE_BOUND('',#3576,.F.);
#3576 = EDGE_LOOP('',(#3577,#3612,#3640,#3668));
#3577 = ORIENTED_EDGE('',*,*,#3578,.F.);
#3578 = EDGE_CURVE('',#3579,#3581,#3583,.T.);
#3579 = VERTEX_POINT('',#3580);
#3580 = CARTESIAN_POINT('',(9.5,3.5,13.));
#3581 = VERTEX_POINT('',#3582);
#3582 = CARTESIAN_POINT('',(9.5,3.5,16.));
#3583 = SURFACE_CURVE('',#3584,(#3588,#3600),.PCURVE_S1.);
#3584 = LINE('',#3585,#3586);
#3585 = CARTESIAN_POINT('',(9.5,3.5,13.));
#3586 = VECTOR('',#3587,1.);
#3587 = DIRECTION('',(0.,0.,1.));
#3588 = PCURVE('',#3589,#3594);
#3589 = PLANE('',#3590);
#3590 = AXIS2_PLACEMENT_3D('',#3591,#3592,#3593);
#3591 = CARTESIAN_POINT('',(9.5,3.5,13.));
#3592 = DIRECTION('',(1.,0.,-0.));
#3593 = DIRECTION('',(0.,0.,1.));
#3594 = DEFINITIONAL_REPRESENTATION('',(#3595),#3599);
#3595 = LINE('',#3596,#3597);
#3596 = CARTESIAN_POINT('',(0.,0.));
#3597 = VECTOR('',#3598,1.);
#3598 = DIRECTION('',(1.,0.));
#3599 = ( GEOMETRIC_REPRESENTATION_CONTEXT(2) 
PARAMETRIC_REPRESENTATION_CONTEXT() REPRESENTATION_CONTEXT('2D SPACE',''
  ) );
#3600 = PCURVE('',#3601,#3606);
#3601 = PLANE('',#3602);
#3602 = AXIS2_PLACEMENT_3D('',#3603,#3604,#3605);
#3603 = CARTESIAN_POINT('',(9.5,3.5,13.));
#3604 = DIRECTION('',(-0.,1.,0.));
#3605 = DIRECTION('',(0.,0.,1.));
#3606 = DEFINITIONAL_REPRESENTATION('',(#3607),#3611);
#3607 = LINE('',#3608,#3609);
#3608 = CARTESIAN_POINT('',(0.,0.));
#3609 = VECTOR('',#3610,1.);
#3610 = DIRECTION('',(1.,0.));
#3611 = ( GEOMETRIC_REPRESENTATION_CONTEXT(2) 
PARAMETRIC_REPRESENTATION_CONTEXT() REPRESENTATION_CONTEXT('2D SPACE',''
  ) );
#3612 = ORIENTED_EDGE('',*,*,#3613,.T.);
#3613 = EDGE_CURVE('',#3579,#3614,#3616,.T.);
#3614 = VERTEX_POINT('',#3615);
#3615 = CARTESIAN_POINT('',(9.5,160.5,13.));
#3616 = SURFACE_CURVE('',#3617,(#3621,#3628),.PCURVE_S1.);
#3617 = LINE('',#3618,#3619);
#3618 = CARTESIAN_POINT('',(9.5,3.5,13.));
#3619 = VECTOR('',#3620,1.);
#3620 = DIRECTION('',(-0.,1.,0.));
#3621 = PCURVE('',#3589,#3622);
#3622 = DEFINITIONAL_REPRESENTATION('',(#3623),#3627);
#3623 = LINE('',#3624,#3625);
#3624 = CARTESIAN_POINT('',(0.,0.));
#3625 = VECTOR('',#3626,1.);
#3626 = DIRECTION('',(0.,-1.));
#3627 = ( GEOMETRIC_REPRESENTATION_CONTEXT(2) 
PARAMETRIC_REPRESENTATION_CONTEXT() REPRESENTATION_CONTEXT('2D SPACE',''
  ) );
#3628 = PCURVE('',#3629,#3634);
#3629 = PLANE('',#3630);
#3630 = AXIS2_PLACEMENT_3D('',#3631,#3632,#3633);
#3631 = CARTESIAN_POINT('',(9.5,3.5,13.));
#3632 = DIRECTION('',(0.,0.,1.));
#3633 = DIRECTION('',(1.,0.,-0.));
#3634 = DEFINITIONAL_REPRESENTATION('',(#3635),#3639);
#3635 = LINE('',#3636,#3637);
#3636 = CARTESIAN_POINT('',(0.,0.));
#3637 = VECTOR('',#3638,1.);
#3638 = DIRECTION('',(0.,1.));
#3639 = ( GEOMETRIC_REPRESENTATION_CONTEXT(2) 
PARAMETRIC_REPRESENTATION_CONTEXT() REPRESENTATION_CONTEXT('2D SPACE',''
  ) );
#3640 = ORIENTED_EDGE('',*,*,#3641,.T.);
#3641 = EDGE_CURVE('',#3614,#3642,#3644,.T.);
#3642 = VERTEX_POINT('',#3643);
#3643 = CARTESIAN_POINT('',(9.5,160.5,16.));
#3644 = SURFACE_CURVE('',#3645,(#3649,#3656),.PCURVE_S1.);
#3645 = LINE('',#3646,#3647);
#3646 = CARTESIAN_POINT('',(9.5,160.5,13.));
#3647 = VECTOR('',#3648,1.);
#3648 = DIRECTION('',(0.,0.,1.));
#3649 = PCURVE('',#3589,#3650);
#3650 = DEFINITIONAL_REPRESENTATION('',(#3651),#3655);
#3651 = LINE('',#3652,#3653);
#3652 = CARTESIAN_POINT('',(0.,-157.));
#3653 = VECTOR('',#3654,1.);
#3654 = DIRECTION('',(1.,0.));
#3655 = ( GEOMETRIC_REPRESENTATION_CONTEXT(2) 
PARAMETRIC_REPRESENTATION_CONTEXT() REPRESENTATION_CONTEXT('2D SPACE',''
  ) );
#3656 = PCURVE('',#3657,#3662);
#3657 = PLANE('',#3658);
#3658 = AXIS2_PLACEMENT_3D('',#3659,#3660,#3661);
#3659 = CARTESIAN_POINT('',(9.5,160.5,13.));
#3660 = DIRECTION('',(-0.,1.,0.));
#3661 = DIRECTION('',(0.,0.,1.));
#3662 = DEFINITIONAL_REPRESENTATION('',(#3663),#3667);
#3663 = LINE('',#3664,#3665);
#3664 = CARTESIAN_POINT('',(0.,0.));
#3665 = VECTOR('',#3666,1.);
#3666 = DIRECTION('',(1.,0.));
#3667 = ( GEOMETRIC_REPRESENTATION_CONTEXT(2) 
PARAMETRIC_REPRESENTATION_CONTEXT() REPRESENTATION_CONTEXT('2D SPACE',''
  ) );
#3668 = ORIENTED_EDGE('',*,*,#3669,.F.);
#3669 = EDGE_CURVE('',#3581,#3642,#3670,.T.);
#3670 = SURFACE_CURVE('',#3671,(#3675,#3682),.PCURVE_S1.);
#3671 = LINE('',#3672,#3673);
#3672 = CARTESIAN_POINT('',(9.5,3.5,16.));
#3673 = VECTOR('',#3674,1.);
#3674 = DIRECTION('',(-0.,1.,0.));
#3675 = PCURVE('',#3589,#3676);
#3676 = DEFINITIONAL_REPRESENTATION('',(#3677),#3681);
#3677 = LINE('',#3678,#3679);
#3678 = CARTESIAN_POINT('',(3.,0.));
#3679 = VECTOR('',#3680,1.);
#3680 = DIRECTION('',(0.,-1.));
#3681 = ( GEOMETRIC_REPRESENTATION_CONTEXT(2) 
PARAMETRIC_REPRESENTATION_CONTEXT() REPRESENTATION_CONTEXT('2D SPACE',''
  ) );
#3682 = PCURVE('',#3683,#3688);
#3683 = PLANE('',#3684);
#3684 = AXIS2_PLACEMENT_3D('',#3685,#3686,#3687);
#3685 = CARTESIAN_POINT('',(9.5,3.5,16.));
#3686 = DIRECTION('',(0.,0.,1.));
#3687 = DIRECTION('',(1.,0.,-0.));
#3688 = DEFINITIONAL_REPRESENTATION('',(#3689),#3693);
#3689 = LINE('',#3690,#3691);
#3690 = CARTESIAN_POINT('',(0.,0.));
#3691 = VECTOR('',#3692,1.);
#3692 = DIRECTION('',(0.,1.));
#3693 = ( GEOMETRIC_REPRESENTATION_CONTEXT(2) 
PARAMETRIC_REPRESENTATION_CONTEXT() REPRESENTATION_CONTEXT('2D SPACE',''
  ) );
#3694 = ADVANCED_FACE('',(#3695),#3601,.F.);
#3695 = FACE_BOUND('',#3696,.F.);
#3696 = EDGE_LOOP('',(#3697,#3720,#3721,#3744));
#3697 = ORIENTED_EDGE('',*,*,#3698,.F.);
#3698 = EDGE_CURVE('',#3579,#3699,#3701,.T.);
#3699 = VERTEX_POINT('',#3700);
#3700 = CARTESIAN_POINT('',(148.5,3.5,13.));
#3701 = SURFACE_CURVE('',#3702,(#3706,#3713),.PCURVE_S1.);
#3702 = LINE('',#3703,#3704);
#3703 = CARTESIAN_POINT('',(9.5,3.5,13.));
#3704 = VECTOR('',#3705,1.);
#3705 = DIRECTION('',(1.,0.,-0.));
#3706 = PCURVE('',#3601,#3707);
#3707 = DEFINITIONAL_REPRESENTATION('',(#3708),#3712);
#3708 = LINE('',#3709,#3710);
#3709 = CARTESIAN_POINT('',(0.,0.));
#3710 = VECTOR('',#3711,1.);
#3711 = DIRECTION('',(0.,1.));
#3712 = ( GEOMETRIC_REPRESENTATION_CONTEXT(2) 
PARAMETRIC_REPRESENTATION_CONTEXT() REPRESENTATION_CONTEXT('2D SPACE',''
  ) );
#3713 = PCURVE('',#3629,#3714);
#3714 = DEFINITIONAL_REPRESENTATION('',(#3715),#3719);
#3715 = LINE('',#3716,#3717);
#3716 = CARTESIAN_POINT('',(0.,0.));
#3717 = VECTOR('',#3718,1.);
#3718 = DIRECTION('',(1.,0.));
#3719 = ( GEOMETRIC_REPRESENTATION_CONTEXT(2) 
PARAMETRIC_REPRESENTATION_CONTEXT() REPRESENTATION_CONTEXT('2D SPACE',''
  ) );
#3720 = ORIENTED_EDGE('',*,*,#3578,.T.);
#3721 = ORIENTED_EDGE('',*,*,#3722,.T.);
#3722 = EDGE_CURVE('',#3581,#3723,#3725,.T.);
#3723 = VERTEX_POINT('',#3724);
#3724 = CARTESIAN_POINT('',(148.5,3.5,16.));
#3725 = SURFACE_CURVE('',#3726,(#3730,#3737),.PCURVE_S1.);
#3726 = LINE('',#3727,#3728);
#3727 = CARTESIAN_POINT('',(9.5,3.5,16.));
#3728 = VECTOR('',#3729,1.);
#3729 = DIRECTION('',(1.,0.,-0.));
#3730 = PCURVE('',#3601,#3731);
#3731 = DEFINITIONAL_REPRESENTATION('',(#3732),#3736);
#3732 = LINE('',#3733,#3734);
#3733 = CARTESIAN_POINT('',(3.,0.));
#3734 = VECTOR('',#3735,1.);
#3735 = DIRECTION('',(0.,1.));
#3736 = ( GEOMETRIC_REPRESENTATION_CONTEXT(2) 
PARAMETRIC_REPRESENTATION_CONTEXT() REPRESENTATION_CONTEXT('2D SPACE',''
  ) );
#3737 = PCURVE('',#3683,#3738);
#3738 = DEFINITIONAL_REPRESENTATION('',(#3739),#3743);
#3739 = LINE('',#3740,#3741);
#3740 = CARTESIAN_POINT('',(0.,0.));
#3741 = VECTOR('',#3742,1.);
#3742 = DIRECTION('',(1.,0.));
#3743 = ( GEOMETRIC_REPRESENTATION_CONTEXT(2) 
PARAMETRIC_REPRESENTATION_CONTEXT() REPRESENTATION_CONTEXT('2D SPACE',''
  ) );
#3744 = ORIENTED_EDGE('',*,*,#3745,.F.);
#3745 = EDGE_CURVE('',#3699,#3723,#3746,.T.);
#3746 = SURFACE_CURVE('',#3747,(#3751,#3758),.PCURVE_S1.);
#3747 = LINE('',#3748,#3749);
#3748 = CARTESIAN_POINT('',(148.5,3.5,13.));
#3749 = VECTOR('',#3750,1.);
#3750 = DIRECTION('',(0.,0.,1.));
#3751 = PCURVE('',#3601,#3752);
#3752 = DEFINITIONAL_REPRESENTATION('',(#3753),#3757);
#3753 = LINE('',#3754,#3755);
#3754 = CARTESIAN_POINT('',(0.,139.));
#3755 = VECTOR('',#3756,1.);
#3756 = DIRECTION('',(1.,0.));
#3757 = ( GEOMETRIC_REPRESENTATION_CONTEXT(2) 
PARAMETRIC_REPRESENTATION_CONTEXT() REPRESENTATION_CONTEXT('2D SPACE',''
  ) );
#3758 = PCURVE('',#3759,#3764);
#3759 = PLANE('',#3760);
#3760 = AXIS2_PLACEMENT_3D('',#3761,#3762,#3763);
#3761 = CARTESIAN_POINT('',(148.5,3.5,13.));
#3762 = DIRECTION('',(1.,0.,-0.));
#3763 = DIRECTION('',(0.,0.,1.));
#3764 = DEFINITIONAL_REPRESENTATION('',(#3765),#3769);
#3765 = LINE('',#3766,#3767);
#3766 = CARTESIAN_POINT('',(0.,0.));
#3767 = VECTOR('',#3768,1.);
#3768 = DIRECTION('',(1.,0.));
#3769 = ( GEOMETRIC_REPRESENTATION_CONTEXT(2) 
PARAMETRIC_REPRESENTATION_CONTEXT() REPRESENTATION_CONTEXT('2D SPACE',''
  ) );
#3770 = ADVANCED_FACE('',(#3771,#3875),#3683,.T.);
#3771 = FACE_BOUND('',#3772,.T.);
#3772 = EDGE_LOOP('',(#3773,#3774,#3775,#3798,#3826,#3854));
#3773 = ORIENTED_EDGE('',*,*,#3669,.F.);
#3774 = ORIENTED_EDGE('',*,*,#3722,.T.);
#3775 = ORIENTED_EDGE('',*,*,#3776,.F.);
#3776 = EDGE_CURVE('',#3777,#3723,#3779,.T.);
#3777 = VERTEX_POINT('',#3778);
#3778 = CARTESIAN_POINT('',(148.5,12.5,16.));
#3779 = SURFACE_CURVE('',#3780,(#3784,#3791),.PCURVE_S1.);
#3780 = LINE('',#3781,#3782);
#3781 = CARTESIAN_POINT('',(148.5,160.5,16.));
#3782 = VECTOR('',#3783,1.);
#3783 = DIRECTION('',(0.,-1.,0.));
#3784 = PCURVE('',#3683,#3785);
#3785 = DEFINITIONAL_REPRESENTATION('',(#3786),#3790);
#3786 = LINE('',#3787,#3788);
#3787 = CARTESIAN_POINT('',(139.,157.));
#3788 = VECTOR('',#3789,1.);
#3789 = DIRECTION('',(0.,-1.));
#3790 = ( GEOMETRIC_REPRESENTATION_CONTEXT(2) 
PARAMETRIC_REPRESENTATION_CONTEXT() REPRESENTATION_CONTEXT('2D SPACE',''
  ) );
#3791 = PCURVE('',#3759,#3792);
#3792 = DEFINITIONAL_REPRESENTATION('',(#3793),#3797);
#3793 = LINE('',#3794,#3795);
#3794 = CARTESIAN_POINT('',(3.,-157.));
#3795 = VECTOR('',#3796,1.);
#3796 = DIRECTION('',(0.,1.));
#3797 = ( GEOMETRIC_REPRESENTATION_CONTEXT(2) 
PARAMETRIC_REPRESENTATION_CONTEXT() REPRESENTATION_CONTEXT('2D SPACE',''
  ) );
#3798 = ORIENTED_EDGE('',*,*,#3799,.F.);
#3799 = EDGE_CURVE('',#3800,#3777,#3802,.T.);
#3800 = VERTEX_POINT('',#3801);
#3801 = CARTESIAN_POINT('',(148.5,124.5,16.));
#3802 = SURFACE_CURVE('',#3803,(#3807,#3814),.PCURVE_S1.);
#3803 = LINE('',#3804,#3805);
#3804 = CARTESIAN_POINT('',(148.5,160.5,16.));
#3805 = VECTOR('',#3806,1.);
#3806 = DIRECTION('',(0.,-1.,0.));
#3807 = PCURVE('',#3683,#3808);
#3808 = DEFINITIONAL_REPRESENTATION('',(#3809),#3813);
#3809 = LINE('',#3810,#3811);
#3810 = CARTESIAN_POINT('',(139.,157.));
#3811 = VECTOR('',#3812,1.);
#3812 = DIRECTION('',(0.,-1.));
#3813 = ( GEOMETRIC_REPRESENTATION_CONTEXT(2) 
PARAMETRIC_REPRESENTATION_CONTEXT() REPRESENTATION_CONTEXT('2D SPACE',''
  ) );
#3814 = PCURVE('',#3815,#3820);
#3815 = PLANE('',#3816);
#3816 = AXIS2_PLACEMENT_3D('',#3817,#3818,#3819);
#3817 = CARTESIAN_POINT('',(148.5,12.5,13.));
#3818 = DIRECTION('',(1.,0.,-0.));
#3819 = DIRECTION('',(0.,0.,1.));
#3820 = DEFINITIONAL_REPRESENTATION('',(#3821),#3825);
#3821 = LINE('',#3822,#3823);
#3822 = CARTESIAN_POINT('',(3.,-148.));
#3823 = VECTOR('',#3824,1.);
#3824 = DIRECTION('',(0.,1.));
#3825 = ( GEOMETRIC_REPRESENTATION_CONTEXT(2) 
PARAMETRIC_REPRESENTATION_CONTEXT() REPRESENTATION_CONTEXT('2D SPACE',''
  ) );
#3826 = ORIENTED_EDGE('',*,*,#3827,.F.);
#3827 = EDGE_CURVE('',#3828,#3800,#3830,.T.);
#3828 = VERTEX_POINT('',#3829);
#3829 = CARTESIAN_POINT('',(148.5,160.5,16.));
#3830 = SURFACE_CURVE('',#3831,(#3835,#3842),.PCURVE_S1.);
#3831 = LINE('',#3832,#3833);
#3832 = CARTESIAN_POINT('',(148.5,160.5,16.));
#3833 = VECTOR('',#3834,1.);
#3834 = DIRECTION('',(0.,-1.,0.));
#3835 = PCURVE('',#3683,#3836);
#3836 = DEFINITIONAL_REPRESENTATION('',(#3837),#3841);
#3837 = LINE('',#3838,#3839);
#3838 = CARTESIAN_POINT('',(139.,157.));
#3839 = VECTOR('',#3840,1.);
#3840 = DIRECTION('',(0.,-1.));
#3841 = ( GEOMETRIC_REPRESENTATION_CONTEXT(2) 
PARAMETRIC_REPRESENTATION_CONTEXT() REPRESENTATION_CONTEXT('2D SPACE',''
  ) );
#3842 = PCURVE('',#3843,#3848);
#3843 = PLANE('',#3844);
#3844 = AXIS2_PLACEMENT_3D('',#3845,#3846,#3847);
#3845 = CARTESIAN_POINT('',(148.5,3.5,13.));
#3846 = DIRECTION('',(1.,0.,-0.));
#3847 = DIRECTION('',(0.,0.,1.));
#3848 = DEFINITIONAL_REPRESENTATION('',(#3849),#3853);
#3849 = LINE('',#3850,#3851);
#3850 = CARTESIAN_POINT('',(3.,-157.));
#3851 = VECTOR('',#3852,1.);
#3852 = DIRECTION('',(0.,1.));
#3853 = ( GEOMETRIC_REPRESENTATION_CONTEXT(2) 
PARAMETRIC_REPRESENTATION_CONTEXT() REPRESENTATION_CONTEXT('2D SPACE',''
  ) );
#3854 = ORIENTED_EDGE('',*,*,#3855,.F.);
#3855 = EDGE_CURVE('',#3642,#3828,#3856,.T.);
#3856 = SURFACE_CURVE('',#3857,(#3861,#3868),.PCURVE_S1.);
#3857 = LINE('',#3858,#3859);
#3858 = CARTESIAN_POINT('',(9.5,160.5,16.));
#3859 = VECTOR('',#3860,1.);
#3860 = DIRECTION('',(1.,0.,-0.));
#3861 = PCURVE('',#3683,#3862);
#3862 = DEFINITIONAL_REPRESENTATION('',(#3863),#3867);
#3863 = LINE('',#3864,#3865);
#3864 = CARTESIAN_POINT('',(0.,157.));
#3865 = VECTOR('',#3866,1.);
#3866 = DIRECTION('',(1.,0.));
#3867 = ( GEOMETRIC_REPRESENTATION_CONTEXT(2) 
PARAMETRIC_REPRESENTATION_CONTEXT() REPRESENTATION_CONTEXT('2D SPACE',''
  ) );
#3868 = PCURVE('',#3657,#3869);
#3869 = DEFINITIONAL_REPRESENTATION('',(#3870),#3874);
#3870 = LINE('',#3871,#3872);
#3871 = CARTESIAN_POINT('',(3.,0.));
#3872 = VECTOR('',#3873,1.);
#3873 = DIRECTION('',(0.,1.));
#3874 = ( GEOMETRIC_REPRESENTATION_CONTEXT(2) 
PARAMETRIC_REPRESENTATION_CONTEXT() REPRESENTATION_CONTEXT('2D SPACE',''
  ) );
#3875 = FACE_BOUND('',#3876,.T.);
#3876 = EDGE_LOOP('',(#3877,#3905,#3931,#3957));
#3877 = ORIENTED_EDGE('',*,*,#3878,.T.);
#3878 = EDGE_CURVE('',#3879,#3881,#3883,.T.);
#3879 = VERTEX_POINT('',#3880);
#3880 = CARTESIAN_POINT('',(15.5,12.5,16.));
#3881 = VERTEX_POINT('',#3882);
#3882 = CARTESIAN_POINT('',(13.5,12.5,16.));
#3883 = SURFACE_CURVE('',#3884,(#3888,#3894),.PCURVE_S1.);
#3884 = LINE('',#3885,#3886);
#3885 = CARTESIAN_POINT('',(11.5,12.5,16.));
#3886 = VECTOR('',#3887,1.);
#3887 = DIRECTION('',(-1.,-0.,0.));
#3888 = PCURVE('',#3683,#3889);
#3889 = DEFINITIONAL_REPRESENTATION('',(#3890),#3893);
#3890 = B_SPLINE_CURVE_WITH_KNOTS('',1,(#3891,#3892),.UNSPECIFIED.,.F.,
  .F.,(2,2),(-4.,-2.),.PIECEWISE_BEZIER_KNOTS.);
#3891 = CARTESIAN_POINT('',(6.,9.));
#3892 = CARTESIAN_POINT('',(4.,9.));
#3893 = ( GEOMETRIC_REPRESENTATION_CONTEXT(2) 
PARAMETRIC_REPRESENTATION_CONTEXT() REPRESENTATION_CONTEXT('2D SPACE',''
  ) );
#3894 = PCURVE('',#3895,#3900);
#3895 = PLANE('',#3896);
#3896 = AXIS2_PLACEMENT_3D('',#3897,#3898,#3899);
#3897 = CARTESIAN_POINT('',(13.5,12.5,13.));
#3898 = DIRECTION('',(-0.,1.,0.));
#3899 = DIRECTION('',(0.,0.,1.));
#3900 = DEFINITIONAL_REPRESENTATION('',(#3901),#3904);
#3901 = B_SPLINE_CURVE_WITH_KNOTS('',1,(#3902,#3903),.UNSPECIFIED.,.F.,
  .F.,(2,2),(-4.,-2.),.PIECEWISE_BEZIER_KNOTS.);
#3902 = CARTESIAN_POINT('',(3.,2.));
#3903 = CARTESIAN_POINT('',(3.,0.));
#3904 = ( GEOMETRIC_REPRESENTATION_CONTEXT(2) 
PARAMETRIC_REPRESENTATION_CONTEXT() REPRESENTATION_CONTEXT('2D SPACE',''
  ) );
#3905 = ORIENTED_EDGE('',*,*,#3906,.T.);
#3906 = EDGE_CURVE('',#3881,#3907,#3909,.T.);
#3907 = VERTEX_POINT('',#3908);
#3908 = CARTESIAN_POINT('',(13.5,124.5,16.));
#3909 = SURFACE_CURVE('',#3910,(#3914,#3920),.PCURVE_S1.);
#3910 = LINE('',#3911,#3912);
#3911 = CARTESIAN_POINT('',(13.5,8.,16.));
#3912 = VECTOR('',#3913,1.);
#3913 = DIRECTION('',(-0.,1.,0.));
#3914 = PCURVE('',#3683,#3915);
#3915 = DEFINITIONAL_REPRESENTATION('',(#3916),#3919);
#3916 = B_SPLINE_CURVE_WITH_KNOTS('',1,(#3917,#3918),.UNSPECIFIED.,.F.,
  .F.,(2,2),(4.5,116.5),.PIECEWISE_BEZIER_KNOTS.);
#3917 = CARTESIAN_POINT('',(4.,9.));
#3918 = CARTESIAN_POINT('',(4.,121.));
#3919 = ( GEOMETRIC_REPRESENTATION_CONTEXT(2) 
PARAMETRIC_REPRESENTATION_CONTEXT() REPRESENTATION_CONTEXT('2D SPACE',''
  ) );
#3920 = PCURVE('',#3921,#3926);
#3921 = PLANE('',#3922);
#3922 = AXIS2_PLACEMENT_3D('',#3923,#3924,#3925);
#3923 = CARTESIAN_POINT('',(13.5,12.5,13.));
#3924 = DIRECTION('',(1.,0.,-0.));
#3925 = DIRECTION('',(0.,0.,1.));
#3926 = DEFINITIONAL_REPRESENTATION('',(#3927),#3930);
#3927 = B_SPLINE_CURVE_WITH_KNOTS('',1,(#3928,#3929),.UNSPECIFIED.,.F.,
  .F.,(2,2),(4.5,116.5),.PIECEWISE_BEZIER_KNOTS.);
#3928 = CARTESIAN_POINT('',(3.,0.));
#3929 = CARTESIAN_POINT('',(3.,-112.));
#3930 = ( GEOMETRIC_REPRESENTATION_CONTEXT(2) 
PARAMETRIC_REPRESENTATION_CONTEXT() REPRESENTATION_CONTEXT('2D SPACE',''
  ) );
#3931 = ORIENTED_EDGE('',*,*,#3932,.F.);
#3932 = EDGE_CURVE('',#3933,#3907,#3935,.T.);
#3933 = VERTEX_POINT('',#3934);
#3934 = CARTESIAN_POINT('',(15.5,124.5,16.));
#3935 = SURFACE_CURVE('',#3936,(#3940,#3946),.PCURVE_S1.);
#3936 = LINE('',#3937,#3938);
#3937 = CARTESIAN_POINT('',(11.5,124.5,16.));
#3938 = VECTOR('',#3939,1.);
#3939 = DIRECTION('',(-1.,-0.,0.));
#3940 = PCURVE('',#3683,#3941);
#3941 = DEFINITIONAL_REPRESENTATION('',(#3942),#3945);
#3942 = B_SPLINE_CURVE_WITH_KNOTS('',1,(#3943,#3944),.UNSPECIFIED.,.F.,
  .F.,(2,2),(-4.,-2.),.PIECEWISE_BEZIER_KNOTS.);
#3943 = CARTESIAN_POINT('',(6.,121.));
#3944 = CARTESIAN_POINT('',(4.,121.));
#3945 = ( GEOMETRIC_REPRESENTATION_CONTEXT(2) 
PARAMETRIC_REPRESENTATION_CONTEXT() REPRESENTATION_CONTEXT('2D SPACE',''
  ) );
#3946 = PCURVE('',#3947,#3952);
#3947 = PLANE('',#3948);
#3948 = AXIS2_PLACEMENT_3D('',#3949,#3950,#3951);
#3949 = CARTESIAN_POINT('',(13.5,124.5,13.));
#3950 = DIRECTION('',(-0.,1.,0.));
#3951 = DIRECTION('',(0.,0.,1.));
#3952 = DEFINITIONAL_REPRESENTATION('',(#3953),#3956);
#3953 = B_SPLINE_CURVE_WITH_KNOTS('',1,(#3954,#3955),.UNSPECIFIED.,.F.,
  .F.,(2,2),(-4.,-2.),.PIECEWISE_BEZIER_KNOTS.);
#3954 = CARTESIAN_POINT('',(3.,2.));
#3955 = CARTESIAN_POINT('',(3.,0.));
#3956 = ( GEOMETRIC_REPRESENTATION_CONTEXT(2) 
PARAMETRIC_REPRESENTATION_CONTEXT() REPRESENTATION_CONTEXT('2D SPACE',''
  ) );
#3957 = ORIENTED_EDGE('',*,*,#3958,.F.);
#3958 = EDGE_CURVE('',#3879,#3933,#3959,.T.);
#3959 = SURFACE_CURVE('',#3960,(#3964,#3970),.PCURVE_S1.);
#3960 = LINE('',#3961,#3962);
#3961 = CARTESIAN_POINT('',(15.5,8.,16.));
#3962 = VECTOR('',#3963,1.);
#3963 = DIRECTION('',(-0.,1.,0.));
#3964 = PCURVE('',#3683,#3965);
#3965 = DEFINITIONAL_REPRESENTATION('',(#3966),#3969);
#3966 = B_SPLINE_CURVE_WITH_KNOTS('',1,(#3967,#3968),.UNSPECIFIED.,.F.,
  .F.,(2,2),(4.5,116.5),.PIECEWISE_BEZIER_KNOTS.);
#3967 = CARTESIAN_POINT('',(6.,9.));
#3968 = CARTESIAN_POINT('',(6.,121.));
#3969 = ( GEOMETRIC_REPRESENTATION_CONTEXT(2) 
PARAMETRIC_REPRESENTATION_CONTEXT() REPRESENTATION_CONTEXT('2D SPACE',''
  ) );
#3970 = PCURVE('',#3971,#3976);
#3971 = PLANE('',#3972);
#3972 = AXIS2_PLACEMENT_3D('',#3973,#3974,#3975);
#3973 = CARTESIAN_POINT('',(15.5,12.5,13.));
#3974 = DIRECTION('',(1.,0.,-0.));
#3975 = DIRECTION('',(0.,0.,1.));
#3976 = DEFINITIONAL_REPRESENTATION('',(#3977),#3980);
#3977 = B_SPLINE_CURVE_WITH_KNOTS('',1,(#3978,#3979),.UNSPECIFIED.,.F.,
  .F.,(2,2),(4.5,116.5),.PIECEWISE_BEZIER_KNOTS.);
#3978 = CARTESIAN_POINT('',(3.,0.));
#3979 = CARTESIAN_POINT('',(3.,-112.));
#3980 = ( GEOMETRIC_REPRESENTATION_CONTEXT(2) 
PARAMETRIC_REPRESENTATION_CONTEXT() REPRESENTATION_CONTEXT('2D SPACE',''
  ) );
#3981 = ADVANCED_FACE('',(#3982),#3657,.T.);
#3982 = FACE_BOUND('',#3983,.T.);
#3983 = EDGE_LOOP('',(#3984,#4007,#4008,#4009));
#3984 = ORIENTED_EDGE('',*,*,#3985,.F.);
#3985 = EDGE_CURVE('',#3614,#3986,#3988,.T.);
#3986 = VERTEX_POINT('',#3987);
#3987 = CARTESIAN_POINT('',(148.5,160.5,13.));
#3988 = SURFACE_CURVE('',#3989,(#3993,#4000),.PCURVE_S1.);
#3989 = LINE('',#3990,#3991);
#3990 = CARTESIAN_POINT('',(9.5,160.5,13.));
#3991 = VECTOR('',#3992,1.);
#3992 = DIRECTION('',(1.,0.,-0.));
#3993 = PCURVE('',#3657,#3994);
#3994 = DEFINITIONAL_REPRESENTATION('',(#3995),#3999);
#3995 = LINE('',#3996,#3997);
#3996 = CARTESIAN_POINT('',(0.,0.));
#3997 = VECTOR('',#3998,1.);
#3998 = DIRECTION('',(0.,1.));
#3999 = ( GEOMETRIC_REPRESENTATION_CONTEXT(2) 
PARAMETRIC_REPRESENTATION_CONTEXT() REPRESENTATION_CONTEXT('2D SPACE',''
  ) );
#4000 = PCURVE('',#3629,#4001);
#4001 = DEFINITIONAL_REPRESENTATION('',(#4002),#4006);
#4002 = LINE('',#4003,#4004);
#4003 = CARTESIAN_POINT('',(0.,157.));
#4004 = VECTOR('',#4005,1.);
#4005 = DIRECTION('',(1.,0.));
#4006 = ( GEOMETRIC_REPRESENTATION_CONTEXT(2) 
PARAMETRIC_REPRESENTATION_CONTEXT() REPRESENTATION_CONTEXT('2D SPACE',''
  ) );
#4007 = ORIENTED_EDGE('',*,*,#3641,.T.);
#4008 = ORIENTED_EDGE('',*,*,#3855,.T.);
#4009 = ORIENTED_EDGE('',*,*,#4010,.F.);
#4010 = EDGE_CURVE('',#3986,#3828,#4011,.T.);
#4011 = SURFACE_CURVE('',#4012,(#4016,#4023),.PCURVE_S1.);
#4012 = LINE('',#4013,#4014);
#4013 = CARTESIAN_POINT('',(148.5,160.5,13.));
#4014 = VECTOR('',#4015,1.);
#4015 = DIRECTION('',(0.,0.,1.));
#4016 = PCURVE('',#3657,#4017);
#4017 = DEFINITIONAL_REPRESENTATION('',(#4018),#4022);
#4018 = LINE('',#4019,#4020);
#4019 = CARTESIAN_POINT('',(0.,139.));
#4020 = VECTOR('',#4021,1.);
#4021 = DIRECTION('',(1.,0.));
#4022 = ( GEOMETRIC_REPRESENTATION_CONTEXT(2) 
PARAMETRIC_REPRESENTATION_CONTEXT() REPRESENTATION_CONTEXT('2D SPACE',''
  ) );
#4023 = PCURVE('',#3843,#4024);
#4024 = DEFINITIONAL_REPRESENTATION('',(#4025),#4029);
#4025 = LINE('',#4026,#4027);
#4026 = CARTESIAN_POINT('',(0.,-157.));
#4027 = VECTOR('',#4028,1.);
#4028 = DIRECTION('',(1.,0.));
#4029 = ( GEOMETRIC_REPRESENTATION_CONTEXT(2) 
PARAMETRIC_REPRESENTATION_CONTEXT() REPRESENTATION_CONTEXT('2D SPACE',''
  ) );
#4030 = ADVANCED_FACE('',(#4031),#3629,.F.);
#4031 = FACE_BOUND('',#4032,.F.);
#4032 = EDGE_LOOP('',(#4033,#4034,#4035,#4058,#4086,#4114,#4142,#4163));
#4033 = ORIENTED_EDGE('',*,*,#3613,.F.);
#4034 = ORIENTED_EDGE('',*,*,#3698,.T.);
#4035 = ORIENTED_EDGE('',*,*,#4036,.T.);
#4036 = EDGE_CURVE('',#3699,#4037,#4039,.T.);
#4037 = VERTEX_POINT('',#4038);
#4038 = CARTESIAN_POINT('',(148.5,12.5,13.));
#4039 = SURFACE_CURVE('',#4040,(#4044,#4051),.PCURVE_S1.);
#4040 = LINE('',#4041,#4042);
#4041 = CARTESIAN_POINT('',(148.5,3.5,13.));
#4042 = VECTOR('',#4043,1.);
#4043 = DIRECTION('',(0.,1.,0.));
#4044 = PCURVE('',#3629,#4045);
#4045 = DEFINITIONAL_REPRESENTATION('',(#4046),#4050);
#4046 = LINE('',#4047,#4048);
#4047 = CARTESIAN_POINT('',(139.,0.));
#4048 = VECTOR('',#4049,1.);
#4049 = DIRECTION('',(0.,1.));
#4050 = ( GEOMETRIC_REPRESENTATION_CONTEXT(2) 
PARAMETRIC_REPRESENTATION_CONTEXT() REPRESENTATION_CONTEXT('2D SPACE',''
  ) );
#4051 = PCURVE('',#3759,#4052);
#4052 = DEFINITIONAL_REPRESENTATION('',(#4053),#4057);
#4053 = LINE('',#4054,#4055);
#4054 = CARTESIAN_POINT('',(0.,0.));
#4055 = VECTOR('',#4056,1.);
#4056 = DIRECTION('',(0.,-1.));
#4057 = ( GEOMETRIC_REPRESENTATION_CONTEXT(2) 
PARAMETRIC_REPRESENTATION_CONTEXT() REPRESENTATION_CONTEXT('2D SPACE',''
  ) );
#4058 = ORIENTED_EDGE('',*,*,#4059,.T.);
#4059 = EDGE_CURVE('',#4037,#4060,#4062,.T.);
#4060 = VERTEX_POINT('',#4061);
#4061 = CARTESIAN_POINT('',(150.5,12.5,13.));
#4062 = SURFACE_CURVE('',#4063,(#4067,#4074),.PCURVE_S1.);
#4063 = LINE('',#4064,#4065);
#4064 = CARTESIAN_POINT('',(148.5,12.5,13.));
#4065 = VECTOR('',#4066,1.);
#4066 = DIRECTION('',(1.,0.,-0.));
#4067 = PCURVE('',#3629,#4068);
#4068 = DEFINITIONAL_REPRESENTATION('',(#4069),#4073);
#4069 = LINE('',#4070,#4071);
#4070 = CARTESIAN_POINT('',(139.,9.));
#4071 = VECTOR('',#4072,1.);
#4072 = DIRECTION('',(1.,0.));
#4073 = ( GEOMETRIC_REPRESENTATION_CONTEXT(2) 
PARAMETRIC_REPRESENTATION_CONTEXT() REPRESENTATION_CONTEXT('2D SPACE',''
  ) );
#4074 = PCURVE('',#4075,#4080);
#4075 = PLANE('',#4076);
#4076 = AXIS2_PLACEMENT_3D('',#4077,#4078,#4079);
#4077 = CARTESIAN_POINT('',(148.5,12.5,13.));
#4078 = DIRECTION('',(-0.,1.,0.));
#4079 = DIRECTION('',(0.,0.,1.));
#4080 = DEFINITIONAL_REPRESENTATION('',(#4081),#4085);
#4081 = LINE('',#4082,#4083);
#4082 = CARTESIAN_POINT('',(0.,0.));
#4083 = VECTOR('',#4084,1.);
#4084 = DIRECTION('',(0.,1.));
#4085 = ( GEOMETRIC_REPRESENTATION_CONTEXT(2) 
PARAMETRIC_REPRESENTATION_CONTEXT() REPRESENTATION_CONTEXT('2D SPACE',''
  ) );
#4086 = ORIENTED_EDGE('',*,*,#4087,.T.);
#4087 = EDGE_CURVE('',#4060,#4088,#4090,.T.);
#4088 = VERTEX_POINT('',#4089);
#4089 = CARTESIAN_POINT('',(150.5,124.5,13.));
#4090 = SURFACE_CURVE('',#4091,(#4095,#4102),.PCURVE_S1.);
#4091 = LINE('',#4092,#4093);
#4092 = CARTESIAN_POINT('',(150.5,12.5,13.));
#4093 = VECTOR('',#4094,1.);
#4094 = DIRECTION('',(-0.,1.,0.));
#4095 = PCURVE('',#3629,#4096);
#4096 = DEFINITIONAL_REPRESENTATION('',(#4097),#4101);
#4097 = LINE('',#4098,#4099);
#4098 = CARTESIAN_POINT('',(141.,9.));
#4099 = VECTOR('',#4100,1.);
#4100 = DIRECTION('',(0.,1.));
#4101 = ( GEOMETRIC_REPRESENTATION_CONTEXT(2) 
PARAMETRIC_REPRESENTATION_CONTEXT() REPRESENTATION_CONTEXT('2D SPACE',''
  ) );
#4102 = PCURVE('',#4103,#4108);
#4103 = PLANE('',#4104);
#4104 = AXIS2_PLACEMENT_3D('',#4105,#4106,#4107);
#4105 = CARTESIAN_POINT('',(150.5,12.5,13.));
#4106 = DIRECTION('',(1.,0.,-0.));
#4107 = DIRECTION('',(0.,0.,1.));
#4108 = DEFINITIONAL_REPRESENTATION('',(#4109),#4113);
#4109 = LINE('',#4110,#4111);
#4110 = CARTESIAN_POINT('',(0.,0.));
#4111 = VECTOR('',#4112,1.);
#4112 = DIRECTION('',(0.,-1.));
#4113 = ( GEOMETRIC_REPRESENTATION_CONTEXT(2) 
PARAMETRIC_REPRESENTATION_CONTEXT() REPRESENTATION_CONTEXT('2D SPACE',''
  ) );
#4114 = ORIENTED_EDGE('',*,*,#4115,.F.);
#4115 = EDGE_CURVE('',#4116,#4088,#4118,.T.);
#4116 = VERTEX_POINT('',#4117);
#4117 = CARTESIAN_POINT('',(148.5,124.5,13.));
#4118 = SURFACE_CURVE('',#4119,(#4123,#4130),.PCURVE_S1.);
#4119 = LINE('',#4120,#4121);
#4120 = CARTESIAN_POINT('',(148.5,124.5,13.));
#4121 = VECTOR('',#4122,1.);
#4122 = DIRECTION('',(1.,0.,-0.));
#4123 = PCURVE('',#3629,#4124);
#4124 = DEFINITIONAL_REPRESENTATION('',(#4125),#4129);
#4125 = LINE('',#4126,#4127);
#4126 = CARTESIAN_POINT('',(139.,121.));
#4127 = VECTOR('',#4128,1.);
#4128 = DIRECTION('',(1.,0.));
#4129 = ( GEOMETRIC_REPRESENTATION_CONTEXT(2) 
PARAMETRIC_REPRESENTATION_CONTEXT() REPRESENTATION_CONTEXT('2D SPACE',''
  ) );
#4130 = PCURVE('',#4131,#4136);
#4131 = PLANE('',#4132);
#4132 = AXIS2_PLACEMENT_3D('',#4133,#4134,#4135);
#4133 = CARTESIAN_POINT('',(148.5,124.5,13.));
#4134 = DIRECTION('',(-0.,1.,0.));
#4135 = DIRECTION('',(0.,0.,1.));
#4136 = DEFINITIONAL_REPRESENTATION('',(#4137),#4141);
#4137 = LINE('',#4138,#4139);
#4138 = CARTESIAN_POINT('',(0.,0.));
#4139 = VECTOR('',#4140,1.);
#4140 = DIRECTION('',(0.,1.));
#4141 = ( GEOMETRIC_REPRESENTATION_CONTEXT(2) 
PARAMETRIC_REPRESENTATION_CONTEXT() REPRESENTATION_CONTEXT('2D SPACE',''
  ) );
#4142 = ORIENTED_EDGE('',*,*,#4143,.T.);
#4143 = EDGE_CURVE('',#4116,#3986,#4144,.T.);
#4144 = SURFACE_CURVE('',#4145,(#4149,#4156),.PCURVE_S1.);
#4145 = LINE('',#4146,#4147);
#4146 = CARTESIAN_POINT('',(148.5,3.5,13.));
#4147 = VECTOR('',#4148,1.);
#4148 = DIRECTION('',(0.,1.,0.));
#4149 = PCURVE('',#3629,#4150);
#4150 = DEFINITIONAL_REPRESENTATION('',(#4151),#4155);
#4151 = LINE('',#4152,#4153);
#4152 = CARTESIAN_POINT('',(139.,0.));
#4153 = VECTOR('',#4154,1.);
#4154 = DIRECTION('',(0.,1.));
#4155 = ( GEOMETRIC_REPRESENTATION_CONTEXT(2) 
PARAMETRIC_REPRESENTATION_CONTEXT() REPRESENTATION_CONTEXT('2D SPACE',''
  ) );
#4156 = PCURVE('',#3843,#4157);
#4157 = DEFINITIONAL_REPRESENTATION('',(#4158),#4162);
#4158 = LINE('',#4159,#4160);
#4159 = CARTESIAN_POINT('',(0.,0.));
#4160 = VECTOR('',#4161,1.);
#4161 = DIRECTION('',(0.,-1.));
#4162 = ( GEOMETRIC_REPRESENTATION_CONTEXT(2) 
PARAMETRIC_REPRESENTATION_CONTEXT() REPRESENTATION_CONTEXT('2D SPACE',''
  ) );
#4163 = ORIENTED_EDGE('',*,*,#3985,.F.);
#4164 = ADVANCED_FACE('',(#4165),#3759,.T.);
#4165 = FACE_BOUND('',#4166,.T.);
#4166 = EDGE_LOOP('',(#4167,#4168,#4169,#4170));
#4167 = ORIENTED_EDGE('',*,*,#3776,.T.);
#4168 = ORIENTED_EDGE('',*,*,#3745,.F.);
#4169 = ORIENTED_EDGE('',*,*,#4036,.T.);
#4170 = ORIENTED_EDGE('',*,*,#4171,.T.);
#4171 = EDGE_CURVE('',#4037,#3777,#4172,.T.);
#4172 = SURFACE_CURVE('',#4173,(#4177,#4184),.PCURVE_S1.);
#4173 = LINE('',#4174,#4175);
#4174 = CARTESIAN_POINT('',(148.5,12.5,13.));
#4175 = VECTOR('',#4176,1.);
#4176 = DIRECTION('',(0.,0.,1.));
#4177 = PCURVE('',#3759,#4178);
#4178 = DEFINITIONAL_REPRESENTATION('',(#4179),#4183);
#4179 = LINE('',#4180,#4181);
#4180 = CARTESIAN_POINT('',(0.,-9.));
#4181 = VECTOR('',#4182,1.);
#4182 = DIRECTION('',(1.,0.));
#4183 = ( GEOMETRIC_REPRESENTATION_CONTEXT(2) 
PARAMETRIC_REPRESENTATION_CONTEXT() REPRESENTATION_CONTEXT('2D SPACE',''
  ) );
#4184 = PCURVE('',#4075,#4185);
#4185 = DEFINITIONAL_REPRESENTATION('',(#4186),#4190);
#4186 = LINE('',#4187,#4188);
#4187 = CARTESIAN_POINT('',(0.,0.));
#4188 = VECTOR('',#4189,1.);
#4189 = DIRECTION('',(1.,0.));
#4190 = ( GEOMETRIC_REPRESENTATION_CONTEXT(2) 
PARAMETRIC_REPRESENTATION_CONTEXT() REPRESENTATION_CONTEXT('2D SPACE',''
  ) );
#4191 = ADVANCED_FACE('',(#4192),#3843,.T.);
#4192 = FACE_BOUND('',#4193,.T.);
#4193 = EDGE_LOOP('',(#4194,#4195,#4216,#4217));
#4194 = ORIENTED_EDGE('',*,*,#3827,.T.);
#4195 = ORIENTED_EDGE('',*,*,#4196,.F.);
#4196 = EDGE_CURVE('',#4116,#3800,#4197,.T.);
#4197 = SURFACE_CURVE('',#4198,(#4202,#4209),.PCURVE_S1.);
#4198 = LINE('',#4199,#4200);
#4199 = CARTESIAN_POINT('',(148.5,124.5,13.));
#4200 = VECTOR('',#4201,1.);
#4201 = DIRECTION('',(0.,0.,1.));
#4202 = PCURVE('',#3843,#4203);
#4203 = DEFINITIONAL_REPRESENTATION('',(#4204),#4208);
#4204 = LINE('',#4205,#4206);
#4205 = CARTESIAN_POINT('',(0.,-121.));
#4206 = VECTOR('',#4207,1.);
#4207 = DIRECTION('',(1.,0.));
#4208 = ( GEOMETRIC_REPRESENTATION_CONTEXT(2) 
PARAMETRIC_REPRESENTATION_CONTEXT() REPRESENTATION_CONTEXT('2D SPACE',''
  ) );
#4209 = PCURVE('',#4131,#4210);
#4210 = DEFINITIONAL_REPRESENTATION('',(#4211),#4215);
#4211 = LINE('',#4212,#4213);
#4212 = CARTESIAN_POINT('',(0.,0.));
#4213 = VECTOR('',#4214,1.);
#4214 = DIRECTION('',(1.,0.));
#4215 = ( GEOMETRIC_REPRESENTATION_CONTEXT(2) 
PARAMETRIC_REPRESENTATION_CONTEXT() REPRESENTATION_CONTEXT('2D SPACE',''
  ) );
#4216 = ORIENTED_EDGE('',*,*,#4143,.T.);
#4217 = ORIENTED_EDGE('',*,*,#4010,.T.);
#4218 = ADVANCED_FACE('',(#4219),#3815,.F.);
#4219 = FACE_BOUND('',#4220,.F.);
#4220 = EDGE_LOOP('',(#4221,#4244,#4245,#4268));
#4221 = ORIENTED_EDGE('',*,*,#4222,.F.);
#4222 = EDGE_CURVE('',#3777,#4223,#4225,.T.);
#4223 = VERTEX_POINT('',#4224);
#4224 = CARTESIAN_POINT('',(148.5,12.5,33.));
#4225 = SURFACE_CURVE('',#4226,(#4230,#4237),.PCURVE_S1.);
#4226 = LINE('',#4227,#4228);
#4227 = CARTESIAN_POINT('',(148.5,12.5,13.));
#4228 = VECTOR('',#4229,1.);
#4229 = DIRECTION('',(0.,0.,1.));
#4230 = PCURVE('',#3815,#4231);
#4231 = DEFINITIONAL_REPRESENTATION('',(#4232),#4236);
#4232 = LINE('',#4233,#4234);
#4233 = CARTESIAN_POINT('',(0.,0.));
#4234 = VECTOR('',#4235,1.);
#4235 = DIRECTION('',(1.,0.));
#4236 = ( GEOMETRIC_REPRESENTATION_CONTEXT(2) 
PARAMETRIC_REPRESENTATION_CONTEXT() REPRESENTATION_CONTEXT('2D SPACE',''
  ) );
#4237 = PCURVE('',#4075,#4238);
#4238 = DEFINITIONAL_REPRESENTATION('',(#4239),#4243);
#4239 = LINE('',#4240,#4241);
#4240 = CARTESIAN_POINT('',(0.,0.));
#4241 = VECTOR('',#4242,1.);
#4242 = DIRECTION('',(1.,0.));
#4243 = ( GEOMETRIC_REPRESENTATION_CONTEXT(2) 
PARAMETRIC_REPRESENTATION_CONTEXT() REPRESENTATION_CONTEXT('2D SPACE',''
  ) );
#4244 = ORIENTED_EDGE('',*,*,#3799,.F.);
#4245 = ORIENTED_EDGE('',*,*,#4246,.T.);
#4246 = EDGE_CURVE('',#3800,#4247,#4249,.T.);
#4247 = VERTEX_POINT('',#4248);
#4248 = CARTESIAN_POINT('',(148.5,124.5,33.));
#4249 = SURFACE_CURVE('',#4250,(#4254,#4261),.PCURVE_S1.);
#4250 = LINE('',#4251,#4252);
#4251 = CARTESIAN_POINT('',(148.5,124.5,13.));
#4252 = VECTOR('',#4253,1.);
#4253 = DIRECTION('',(0.,0.,1.));
#4254 = PCURVE('',#3815,#4255);
#4255 = DEFINITIONAL_REPRESENTATION('',(#4256),#4260);
#4256 = LINE('',#4257,#4258);
#4257 = CARTESIAN_POINT('',(0.,-112.));
#4258 = VECTOR('',#4259,1.);
#4259 = DIRECTION('',(1.,0.));
#4260 = ( GEOMETRIC_REPRESENTATION_CONTEXT(2) 
PARAMETRIC_REPRESENTATION_CONTEXT() REPRESENTATION_CONTEXT('2D SPACE',''
  ) );
#4261 = PCURVE('',#4131,#4262);
#4262 = DEFINITIONAL_REPRESENTATION('',(#4263),#4267);
#4263 = LINE('',#4264,#4265);
#4264 = CARTESIAN_POINT('',(0.,0.));
#4265 = VECTOR('',#4266,1.);
#4266 = DIRECTION('',(1.,0.));
#4267 = ( GEOMETRIC_REPRESENTATION_CONTEXT(2) 
PARAMETRIC_REPRESENTATION_CONTEXT() REPRESENTATION_CONTEXT('2D SPACE',''
  ) );
#4268 = ORIENTED_EDGE('',*,*,#4269,.F.);
#4269 = EDGE_CURVE('',#4223,#4247,#4270,.T.);
#4270 = SURFACE_CURVE('',#4271,(#4275,#4282),.PCURVE_S1.);
#4271 = LINE('',#4272,#4273);
#4272 = CARTESIAN_POINT('',(148.5,12.5,33.));
#4273 = VECTOR('',#4274,1.);
#4274 = DIRECTION('',(-0.,1.,0.));
#4275 = PCURVE('',#3815,#4276);
#4276 = DEFINITIONAL_REPRESENTATION('',(#4277),#4281);
#4277 = LINE('',#4278,#4279);
#4278 = CARTESIAN_POINT('',(20.,0.));
#4279 = VECTOR('',#4280,1.);
#4280 = DIRECTION('',(0.,-1.));
#4281 = ( GEOMETRIC_REPRESENTATION_CONTEXT(2) 
PARAMETRIC_REPRESENTATION_CONTEXT() REPRESENTATION_CONTEXT('2D SPACE',''
  ) );
#4282 = PCURVE('',#4283,#4288);
#4283 = PLANE('',#4284);
#4284 = AXIS2_PLACEMENT_3D('',#4285,#4286,#4287);
#4285 = CARTESIAN_POINT('',(148.5,12.5,33.));
#4286 = DIRECTION('',(0.,0.,1.));
#4287 = DIRECTION('',(1.,0.,-0.));
#4288 = DEFINITIONAL_REPRESENTATION('',(#4289),#4293);
#4289 = LINE('',#4290,#4291);
#4290 = CARTESIAN_POINT('',(0.,0.));
#4291 = VECTOR('',#4292,1.);
#4292 = DIRECTION('',(0.,1.));
#4293 = ( GEOMETRIC_REPRESENTATION_CONTEXT(2) 
PARAMETRIC_REPRESENTATION_CONTEXT() REPRESENTATION_CONTEXT('2D SPACE',''
  ) );
#4294 = ADVANCED_FACE('',(#4295),#3895,.F.);
#4295 = FACE_BOUND('',#4296,.F.);
#4296 = EDGE_LOOP('',(#4297,#4320,#4321,#4344));
#4297 = ORIENTED_EDGE('',*,*,#4298,.F.);
#4298 = EDGE_CURVE('',#3879,#4299,#4301,.T.);
#4299 = VERTEX_POINT('',#4300);
#4300 = CARTESIAN_POINT('',(15.5,12.5,33.));
#4301 = SURFACE_CURVE('',#4302,(#4306,#4313),.PCURVE_S1.);
#4302 = LINE('',#4303,#4304);
#4303 = CARTESIAN_POINT('',(15.5,12.5,13.));
#4304 = VECTOR('',#4305,1.);
#4305 = DIRECTION('',(0.,0.,1.));
#4306 = PCURVE('',#3895,#4307);
#4307 = DEFINITIONAL_REPRESENTATION('',(#4308),#4312);
#4308 = LINE('',#4309,#4310);
#4309 = CARTESIAN_POINT('',(0.,2.));
#4310 = VECTOR('',#4311,1.);
#4311 = DIRECTION('',(1.,0.));
#4312 = ( GEOMETRIC_REPRESENTATION_CONTEXT(2) 
PARAMETRIC_REPRESENTATION_CONTEXT() REPRESENTATION_CONTEXT('2D SPACE',''
  ) );
#4313 = PCURVE('',#3971,#4314);
#4314 = DEFINITIONAL_REPRESENTATION('',(#4315),#4319);
#4315 = LINE('',#4316,#4317);
#4316 = CARTESIAN_POINT('',(0.,0.));
#4317 = VECTOR('',#4318,1.);
#4318 = DIRECTION('',(1.,0.));
#4319 = ( GEOMETRIC_REPRESENTATION_CONTEXT(2) 
PARAMETRIC_REPRESENTATION_CONTEXT() REPRESENTATION_CONTEXT('2D SPACE',''
  ) );
#4320 = ORIENTED_EDGE('',*,*,#3878,.T.);
#4321 = ORIENTED_EDGE('',*,*,#4322,.T.);
#4322 = EDGE_CURVE('',#3881,#4323,#4325,.T.);
#4323 = VERTEX_POINT('',#4324);
#4324 = CARTESIAN_POINT('',(13.5,12.5,33.));
#4325 = SURFACE_CURVE('',#4326,(#4330,#4337),.PCURVE_S1.);
#4326 = LINE('',#4327,#4328);
#4327 = CARTESIAN_POINT('',(13.5,12.5,13.));
#4328 = VECTOR('',#4329,1.);
#4329 = DIRECTION('',(0.,0.,1.));
#4330 = PCURVE('',#3895,#4331);
#4331 = DEFINITIONAL_REPRESENTATION('',(#4332),#4336);
#4332 = LINE('',#4333,#4334);
#4333 = CARTESIAN_POINT('',(0.,0.));
#4334 = VECTOR('',#4335,1.);
#4335 = DIRECTION('',(1.,0.));
#4336 = ( GEOMETRIC_REPRESENTATION_CONTEXT(2) 
PARAMETRIC_REPRESENTATION_CONTEXT() REPRESENTATION_CONTEXT('2D SPACE',''
  ) );
#4337 = PCURVE('',#3921,#4338);
#4338 = DEFINITIONAL_REPRESENTATION('',(#4339),#4343);
#4339 = LINE('',#4340,#4341);
#4340 = CARTESIAN_POINT('',(0.,0.));
#4341 = VECTOR('',#4342,1.);
#4342 = DIRECTION('',(1.,0.));
#4343 = ( GEOMETRIC_REPRESENTATION_CONTEXT(2) 
PARAMETRIC_REPRESENTATION_CONTEXT() REPRESENTATION_CONTEXT('2D SPACE',''
  ) );
#4344 = ORIENTED_EDGE('',*,*,#4345,.T.);
#4345 = EDGE_CURVE('',#4323,#4299,#4346,.T.);
#4346 = SURFACE_CURVE('',#4347,(#4351,#4358),.PCURVE_S1.);
#4347 = LINE('',#4348,#4349);
#4348 = CARTESIAN_POINT('',(13.5,12.5,33.));
#4349 = VECTOR('',#4350,1.);
#4350 = DIRECTION('',(1.,0.,-0.));
#4351 = PCURVE('',#3895,#4352);
#4352 = DEFINITIONAL_REPRESENTATION('',(#4353),#4357);
#4353 = LINE('',#4354,#4355);
#4354 = CARTESIAN_POINT('',(20.,0.));
#4355 = VECTOR('',#4356,1.);
#4356 = DIRECTION('',(0.,1.));
#4357 = ( GEOMETRIC_REPRESENTATION_CONTEXT(2) 
PARAMETRIC_REPRESENTATION_CONTEXT() REPRESENTATION_CONTEXT('2D SPACE',''
  ) );
#4358 = PCURVE('',#4359,#4364);
#4359 = PLANE('',#4360);
#4360 = AXIS2_PLACEMENT_3D('',#4361,#4362,#4363);
#4361 = CARTESIAN_POINT('',(13.5,12.5,33.));
#4362 = DIRECTION('',(0.,0.,1.));
#4363 = DIRECTION('',(1.,0.,-0.));
#4364 = DEFINITIONAL_REPRESENTATION('',(#4365),#4369);
#4365 = LINE('',#4366,#4367);
#4366 = CARTESIAN_POINT('',(0.,0.));
#4367 = VECTOR('',#4368,1.);
#4368 = DIRECTION('',(1.,0.));
#4369 = ( GEOMETRIC_REPRESENTATION_CONTEXT(2) 
PARAMETRIC_REPRESENTATION_CONTEXT() REPRESENTATION_CONTEXT('2D SPACE',''
  ) );
#4370 = ADVANCED_FACE('',(#4371),#3971,.T.);
#4371 = FACE_BOUND('',#4372,.T.);
#4372 = EDGE_LOOP('',(#4373,#4374,#4375,#4398));
#4373 = ORIENTED_EDGE('',*,*,#4298,.F.);
#4374 = ORIENTED_EDGE('',*,*,#3958,.T.);
#4375 = ORIENTED_EDGE('',*,*,#4376,.T.);
#4376 = EDGE_CURVE('',#3933,#4377,#4379,.T.);
#4377 = VERTEX_POINT('',#4378);
#4378 = CARTESIAN_POINT('',(15.5,124.5,33.));
#4379 = SURFACE_CURVE('',#4380,(#4384,#4391),.PCURVE_S1.);
#4380 = LINE('',#4381,#4382);
#4381 = CARTESIAN_POINT('',(15.5,124.5,13.));
#4382 = VECTOR('',#4383,1.);
#4383 = DIRECTION('',(0.,0.,1.));
#4384 = PCURVE('',#3971,#4385);
#4385 = DEFINITIONAL_REPRESENTATION('',(#4386),#4390);
#4386 = LINE('',#4387,#4388);
#4387 = CARTESIAN_POINT('',(0.,-112.));
#4388 = VECTOR('',#4389,1.);
#4389 = DIRECTION('',(1.,0.));
#4390 = ( GEOMETRIC_REPRESENTATION_CONTEXT(2) 
PARAMETRIC_REPRESENTATION_CONTEXT() REPRESENTATION_CONTEXT('2D SPACE',''
  ) );
#4391 = PCURVE('',#3947,#4392);
#4392 = DEFINITIONAL_REPRESENTATION('',(#4393),#4397);
#4393 = LINE('',#4394,#4395);
#4394 = CARTESIAN_POINT('',(0.,2.));
#4395 = VECTOR('',#4396,1.);
#4396 = DIRECTION('',(1.,0.));
#4397 = ( GEOMETRIC_REPRESENTATION_CONTEXT(2) 
PARAMETRIC_REPRESENTATION_CONTEXT() REPRESENTATION_CONTEXT('2D SPACE',''
  ) );
#4398 = ORIENTED_EDGE('',*,*,#4399,.F.);
#4399 = EDGE_CURVE('',#4299,#4377,#4400,.T.);
#4400 = SURFACE_CURVE('',#4401,(#4405,#4412),.PCURVE_S1.);
#4401 = LINE('',#4402,#4403);
#4402 = CARTESIAN_POINT('',(15.5,12.5,33.));
#4403 = VECTOR('',#4404,1.);
#4404 = DIRECTION('',(-0.,1.,0.));
#4405 = PCURVE('',#3971,#4406);
#4406 = DEFINITIONAL_REPRESENTATION('',(#4407),#4411);
#4407 = LINE('',#4408,#4409);
#4408 = CARTESIAN_POINT('',(20.,0.));
#4409 = VECTOR('',#4410,1.);
#4410 = DIRECTION('',(0.,-1.));
#4411 = ( GEOMETRIC_REPRESENTATION_CONTEXT(2) 
PARAMETRIC_REPRESENTATION_CONTEXT() REPRESENTATION_CONTEXT('2D SPACE',''
  ) );
#4412 = PCURVE('',#4359,#4413);
#4413 = DEFINITIONAL_REPRESENTATION('',(#4414),#4418);
#4414 = LINE('',#4415,#4416);
#4415 = CARTESIAN_POINT('',(2.,0.));
#4416 = VECTOR('',#4417,1.);
#4417 = DIRECTION('',(0.,1.));
#4418 = ( GEOMETRIC_REPRESENTATION_CONTEXT(2) 
PARAMETRIC_REPRESENTATION_CONTEXT() REPRESENTATION_CONTEXT('2D SPACE',''
  ) );
#4419 = ADVANCED_FACE('',(#4420),#3947,.T.);
#4420 = FACE_BOUND('',#4421,.T.);
#4421 = EDGE_LOOP('',(#4422,#4423,#4424,#4447));
#4422 = ORIENTED_EDGE('',*,*,#4376,.F.);
#4423 = ORIENTED_EDGE('',*,*,#3932,.T.);
#4424 = ORIENTED_EDGE('',*,*,#4425,.T.);
#4425 = EDGE_CURVE('',#3907,#4426,#4428,.T.);
#4426 = VERTEX_POINT('',#4427);
#4427 = CARTESIAN_POINT('',(13.5,124.5,33.));
#4428 = SURFACE_CURVE('',#4429,(#4433,#4440),.PCURVE_S1.);
#4429 = LINE('',#4430,#4431);
#4430 = CARTESIAN_POINT('',(13.5,124.5,13.));
#4431 = VECTOR('',#4432,1.);
#4432 = DIRECTION('',(0.,0.,1.));
#4433 = PCURVE('',#3947,#4434);
#4434 = DEFINITIONAL_REPRESENTATION('',(#4435),#4439);
#4435 = LINE('',#4436,#4437);
#4436 = CARTESIAN_POINT('',(0.,0.));
#4437 = VECTOR('',#4438,1.);
#4438 = DIRECTION('',(1.,0.));
#4439 = ( GEOMETRIC_REPRESENTATION_CONTEXT(2) 
PARAMETRIC_REPRESENTATION_CONTEXT() REPRESENTATION_CONTEXT('2D SPACE',''
  ) );
#4440 = PCURVE('',#3921,#4441);
#4441 = DEFINITIONAL_REPRESENTATION('',(#4442),#4446);
#4442 = LINE('',#4443,#4444);
#4443 = CARTESIAN_POINT('',(0.,-112.));
#4444 = VECTOR('',#4445,1.);
#4445 = DIRECTION('',(1.,0.));
#4446 = ( GEOMETRIC_REPRESENTATION_CONTEXT(2) 
PARAMETRIC_REPRESENTATION_CONTEXT() REPRESENTATION_CONTEXT('2D SPACE',''
  ) );
#4447 = ORIENTED_EDGE('',*,*,#4448,.T.);
#4448 = EDGE_CURVE('',#4426,#4377,#4449,.T.);
#4449 = SURFACE_CURVE('',#4450,(#4454,#4461),.PCURVE_S1.);
#4450 = LINE('',#4451,#4452);
#4451 = CARTESIAN_POINT('',(13.5,124.5,33.));
#4452 = VECTOR('',#4453,1.);
#4453 = DIRECTION('',(1.,0.,-0.));
#4454 = PCURVE('',#3947,#4455);
#4455 = DEFINITIONAL_REPRESENTATION('',(#4456),#4460);
#4456 = LINE('',#4457,#4458);
#4457 = CARTESIAN_POINT('',(20.,0.));
#4458 = VECTOR('',#4459,1.);
#4459 = DIRECTION('',(0.,1.));
#4460 = ( GEOMETRIC_REPRESENTATION_CONTEXT(2) 
PARAMETRIC_REPRESENTATION_CONTEXT() REPRESENTATION_CONTEXT('2D SPACE',''
  ) );
#4461 = PCURVE('',#4359,#4462);
#4462 = DEFINITIONAL_REPRESENTATION('',(#4463),#4467);
#4463 = LINE('',#4464,#4465);
#4464 = CARTESIAN_POINT('',(0.,112.));
#4465 = VECTOR('',#4466,1.);
#4466 = DIRECTION('',(1.,0.));
#4467 = ( GEOMETRIC_REPRESENTATION_CONTEXT(2) 
PARAMETRIC_REPRESENTATION_CONTEXT() REPRESENTATION_CONTEXT('2D SPACE',''
  ) );
#4468 = ADVANCED_FACE('',(#4469),#3921,.F.);
#4469 = FACE_BOUND('',#4470,.F.);
#4470 = EDGE_LOOP('',(#4471,#4472,#4473,#4474));
#4471 = ORIENTED_EDGE('',*,*,#4322,.F.);
#4472 = ORIENTED_EDGE('',*,*,#3906,.T.);
#4473 = ORIENTED_EDGE('',*,*,#4425,.T.);
#4474 = ORIENTED_EDGE('',*,*,#4475,.F.);
#4475 = EDGE_CURVE('',#4323,#4426,#4476,.T.);
#4476 = SURFACE_CURVE('',#4477,(#4481,#4488),.PCURVE_S1.);
#4477 = LINE('',#4478,#4479);
#4478 = CARTESIAN_POINT('',(13.5,12.5,33.));
#4479 = VECTOR('',#4480,1.);
#4480 = DIRECTION('',(-0.,1.,0.));
#4481 = PCURVE('',#3921,#4482);
#4482 = DEFINITIONAL_REPRESENTATION('',(#4483),#4487);
#4483 = LINE('',#4484,#4485);
#4484 = CARTESIAN_POINT('',(20.,0.));
#4485 = VECTOR('',#4486,1.);
#4486 = DIRECTION('',(0.,-1.));
#4487 = ( GEOMETRIC_REPRESENTATION_CONTEXT(2) 
PARAMETRIC_REPRESENTATION_CONTEXT() REPRESENTATION_CONTEXT('2D SPACE',''
  ) );
#4488 = PCURVE('',#4359,#4489);
#4489 = DEFINITIONAL_REPRESENTATION('',(#4490),#4494);
#4490 = LINE('',#4491,#4492);
#4491 = CARTESIAN_POINT('',(0.,0.));
#4492 = VECTOR('',#4493,1.);
#4493 = DIRECTION('',(0.,1.));
#4494 = ( GEOMETRIC_REPRESENTATION_CONTEXT(2) 
PARAMETRIC_REPRESENTATION_CONTEXT() REPRESENTATION_CONTEXT('2D SPACE',''
  ) );
#4495 = ADVANCED_FACE('',(#4496),#4075,.F.);
#4496 = FACE_BOUND('',#4497,.F.);
#4497 = EDGE_LOOP('',(#4498,#4499,#4500,#4501,#4524));
#4498 = ORIENTED_EDGE('',*,*,#4059,.F.);
#4499 = ORIENTED_EDGE('',*,*,#4171,.T.);
#4500 = ORIENTED_EDGE('',*,*,#4222,.T.);
#4501 = ORIENTED_EDGE('',*,*,#4502,.T.);
#4502 = EDGE_CURVE('',#4223,#4503,#4505,.T.);
#4503 = VERTEX_POINT('',#4504);
#4504 = CARTESIAN_POINT('',(150.5,12.5,33.));
#4505 = SURFACE_CURVE('',#4506,(#4510,#4517),.PCURVE_S1.);
#4506 = LINE('',#4507,#4508);
#4507 = CARTESIAN_POINT('',(148.5,12.5,33.));
#4508 = VECTOR('',#4509,1.);
#4509 = DIRECTION('',(1.,0.,-0.));
#4510 = PCURVE('',#4075,#4511);
#4511 = DEFINITIONAL_REPRESENTATION('',(#4512),#4516);
#4512 = LINE('',#4513,#4514);
#4513 = CARTESIAN_POINT('',(20.,0.));
#4514 = VECTOR('',#4515,1.);
#4515 = DIRECTION('',(0.,1.));
#4516 = ( GEOMETRIC_REPRESENTATION_CONTEXT(2) 
PARAMETRIC_REPRESENTATION_CONTEXT() REPRESENTATION_CONTEXT('2D SPACE',''
  ) );
#4517 = PCURVE('',#4283,#4518);
#4518 = DEFINITIONAL_REPRESENTATION('',(#4519),#4523);
#4519 = LINE('',#4520,#4521);
#4520 = CARTESIAN_POINT('',(0.,0.));
#4521 = VECTOR('',#4522,1.);
#4522 = DIRECTION('',(1.,0.));
#4523 = ( GEOMETRIC_REPRESENTATION_CONTEXT(2) 
PARAMETRIC_REPRESENTATION_CONTEXT() REPRESENTATION_CONTEXT('2D SPACE',''
  ) );
#4524 = ORIENTED_EDGE('',*,*,#4525,.F.);
#4525 = EDGE_CURVE('',#4060,#4503,#4526,.T.);
#4526 = SURFACE_CURVE('',#4527,(#4531,#4538),.PCURVE_S1.);
#4527 = LINE('',#4528,#4529);
#4528 = CARTESIAN_POINT('',(150.5,12.5,13.));
#4529 = VECTOR('',#4530,1.);
#4530 = DIRECTION('',(0.,0.,1.));
#4531 = PCURVE('',#4075,#4532);
#4532 = DEFINITIONAL_REPRESENTATION('',(#4533),#4537);
#4533 = LINE('',#4534,#4535);
#4534 = CARTESIAN_POINT('',(0.,2.));
#4535 = VECTOR('',#4536,1.);
#4536 = DIRECTION('',(1.,0.));
#4537 = ( GEOMETRIC_REPRESENTATION_CONTEXT(2) 
PARAMETRIC_REPRESENTATION_CONTEXT() REPRESENTATION_CONTEXT('2D SPACE',''
  ) );
#4538 = PCURVE('',#4103,#4539);
#4539 = DEFINITIONAL_REPRESENTATION('',(#4540),#4544);
#4540 = LINE('',#4541,#4542);
#4541 = CARTESIAN_POINT('',(0.,0.));
#4542 = VECTOR('',#4543,1.);
#4543 = DIRECTION('',(1.,0.));
#4544 = ( GEOMETRIC_REPRESENTATION_CONTEXT(2) 
PARAMETRIC_REPRESENTATION_CONTEXT() REPRESENTATION_CONTEXT('2D SPACE',''
  ) );
#4545 = ADVANCED_FACE('',(#4546),#4131,.T.);
#4546 = FACE_BOUND('',#4547,.T.);
#4547 = EDGE_LOOP('',(#4548,#4549,#4550,#4551,#4574));
#4548 = ORIENTED_EDGE('',*,*,#4115,.F.);
#4549 = ORIENTED_EDGE('',*,*,#4196,.T.);
#4550 = ORIENTED_EDGE('',*,*,#4246,.T.);
#4551 = ORIENTED_EDGE('',*,*,#4552,.T.);
#4552 = EDGE_CURVE('',#4247,#4553,#4555,.T.);
#4553 = VERTEX_POINT('',#4554);
#4554 = CARTESIAN_POINT('',(150.5,124.5,33.));
#4555 = SURFACE_CURVE('',#4556,(#4560,#4567),.PCURVE_S1.);
#4556 = LINE('',#4557,#4558);
#4557 = CARTESIAN_POINT('',(148.5,124.5,33.));
#4558 = VECTOR('',#4559,1.);
#4559 = DIRECTION('',(1.,0.,-0.));
#4560 = PCURVE('',#4131,#4561);
#4561 = DEFINITIONAL_REPRESENTATION('',(#4562),#4566);
#4562 = LINE('',#4563,#4564);
#4563 = CARTESIAN_POINT('',(20.,0.));
#4564 = VECTOR('',#4565,1.);
#4565 = DIRECTION('',(0.,1.));
#4566 = ( GEOMETRIC_REPRESENTATION_CONTEXT(2) 
PARAMETRIC_REPRESENTATION_CONTEXT() REPRESENTATION_CONTEXT('2D SPACE',''
  ) );
#4567 = PCURVE('',#4283,#4568);
#4568 = DEFINITIONAL_REPRESENTATION('',(#4569),#4573);
#4569 = LINE('',#4570,#4571);
#4570 = CARTESIAN_POINT('',(0.,112.));
#4571 = VECTOR('',#4572,1.);
#4572 = DIRECTION('',(1.,0.));
#4573 = ( GEOMETRIC_REPRESENTATION_CONTEXT(2) 
PARAMETRIC_REPRESENTATION_CONTEXT() REPRESENTATION_CONTEXT('2D SPACE',''
  ) );
#4574 = ORIENTED_EDGE('',*,*,#4575,.F.);
#4575 = EDGE_CURVE('',#4088,#4553,#4576,.T.);
#4576 = SURFACE_CURVE('',#4577,(#4581,#4588),.PCURVE_S1.);
#4577 = LINE('',#4578,#4579);
#4578 = CARTESIAN_POINT('',(150.5,124.5,13.));
#4579 = VECTOR('',#4580,1.);
#4580 = DIRECTION('',(0.,0.,1.));
#4581 = PCURVE('',#4131,#4582);
#4582 = DEFINITIONAL_REPRESENTATION('',(#4583),#4587);
#4583 = LINE('',#4584,#4585);
#4584 = CARTESIAN_POINT('',(0.,2.));
#4585 = VECTOR('',#4586,1.);
#4586 = DIRECTION('',(1.,0.));
#4587 = ( GEOMETRIC_REPRESENTATION_CONTEXT(2) 
PARAMETRIC_REPRESENTATION_CONTEXT() REPRESENTATION_CONTEXT('2D SPACE',''
  ) );
#4588 = PCURVE('',#4103,#4589);
#4589 = DEFINITIONAL_REPRESENTATION('',(#4590),#4594);
#4590 = LINE('',#4591,#4592);
#4591 = CARTESIAN_POINT('',(0.,-112.));
#4592 = VECTOR('',#4593,1.);
#4593 = DIRECTION('',(1.,0.));
#4594 = ( GEOMETRIC_REPRESENTATION_CONTEXT(2) 
PARAMETRIC_REPRESENTATION_CONTEXT() REPRESENTATION_CONTEXT('2D SPACE',''
  ) );
#4595 = ADVANCED_FACE('',(#4596),#4283,.T.);
#4596 = FACE_BOUND('',#4597,.T.);
#4597 = EDGE_LOOP('',(#4598,#4599,#4600,#4621));
#4598 = ORIENTED_EDGE('',*,*,#4269,.F.);
#4599 = ORIENTED_EDGE('',*,*,#4502,.T.);
#4600 = ORIENTED_EDGE('',*,*,#4601,.T.);
#4601 = EDGE_CURVE('',#4503,#4553,#4602,.T.);
#4602 = SURFACE_CURVE('',#4603,(#4607,#4614),.PCURVE_S1.);
#4603 = LINE('',#4604,#4605);
#4604 = CARTESIAN_POINT('',(150.5,12.5,33.));
#4605 = VECTOR('',#4606,1.);
#4606 = DIRECTION('',(-0.,1.,0.));
#4607 = PCURVE('',#4283,#4608);
#4608 = DEFINITIONAL_REPRESENTATION('',(#4609),#4613);
#4609 = LINE('',#4610,#4611);
#4610 = CARTESIAN_POINT('',(2.,0.));
#4611 = VECTOR('',#4612,1.);
#4612 = DIRECTION('',(0.,1.));
#4613 = ( GEOMETRIC_REPRESENTATION_CONTEXT(2) 
PARAMETRIC_REPRESENTATION_CONTEXT() REPRESENTATION_CONTEXT('2D SPACE',''
  ) );
#4614 = PCURVE('',#4103,#4615);
#4615 = DEFINITIONAL_REPRESENTATION('',(#4616),#4620);
#4616 = LINE('',#4617,#4618);
#4617 = CARTESIAN_POINT('',(20.,0.));
#4618 = VECTOR('',#4619,1.);
#4619 = DIRECTION('',(0.,-1.));
#4620 = ( GEOMETRIC_REPRESENTATION_CONTEXT(2) 
PARAMETRIC_REPRESENTATION_CONTEXT() REPRESENTATION_CONTEXT('2D SPACE',''
  ) );
#4621 = ORIENTED_EDGE('',*,*,#4552,.F.);
#4622 = ADVANCED_FACE('',(#4623),#4359,.T.);
#4623 = FACE_BOUND('',#4624,.T.);
#4624 = EDGE_LOOP('',(#4625,#4626,#4627,#4628));
#4625 = ORIENTED_EDGE('',*,*,#4475,.F.);
#4626 = ORIENTED_EDGE('',*,*,#4345,.T.);
#4627 = ORIENTED_EDGE('',*,*,#4399,.T.);
#4628 = ORIENTED_EDGE('',*,*,#4448,.F.);
#4629 = ADVANCED_FACE('',(#4630),#4103,.T.);
#4630 = FACE_BOUND('',#4631,.T.);
#4631 = EDGE_LOOP('',(#4632,#4633,#4634,#4635));
#4632 = ORIENTED_EDGE('',*,*,#4525,.F.);
#4633 = ORIENTED_EDGE('',*,*,#4087,.T.);
#4634 = ORIENTED_EDGE('',*,*,#4575,.T.);
#4635 = ORIENTED_EDGE('',*,*,#4601,.F.);
#4636 = ( GEOMETRIC_REPRESENTATION_CONTEXT(3) 
GLOBAL_UNCERTAINTY_ASSIGNED_CONTEXT((#4640)) 
GLOBAL_UNIT_ASSIGNED_CONTEXT((#4637,#4638,#4639)) REPRESENTATION_CONTEXT
('Context #1','3D Context with UNIT and UNCERTAINTY') );
#4637 = ( LENGTH_UNIT() NAMED_UNIT(*) SI_UNIT(.MILLI.,.METRE.) );
#4638 = ( NAMED_UNIT(*) PLANE_ANGLE_UNIT() SI_UNIT($,.RADIAN.) );
#4639 = ( NAMED_UNIT(*) SI_UNIT($,.STERADIAN.) SOLID_ANGLE_UNIT() );
#4640 = UNCERTAINTY_MEASURE_WITH_UNIT(LENGTH_MEASURE(2.E-07),#4637,
  'distance_accuracy_value','confusion accuracy');
#4641 = CONTEXT_DEPENDENT_SHAPE_REPRESENTATION(#4642,#4644);
#4642 = ( REPRESENTATION_RELATIONSHIP('','',#3571,#10) 
REPRESENTATION_RELATIONSHIP_WITH_TRANSFORMATION(#4643) 
SHAPE_REPRESENTATION_RELATIONSHIP() );
#4643 = ITEM_DEFINED_TRANSFORMATION('','',#11,#19);
#4644 = PRODUCT_DEFINITION_SHAPE('Placement','Placement of an item',
  #4645);
#4645 = NEXT_ASSEMBLY_USAGE_OCCURRENCE('2','cradle_tray','',#5,#3566,$);
#4646 = PRODUCT_RELATED_PRODUCT_CATEGORY('part',$,(#3568));
#4647 = SHAPE_DEFINITION_REPRESENTATION(#4648,#4654);
#4648 = PRODUCT_DEFINITION_SHAPE('','',#4649);
#4649 = PRODUCT_DEFINITION('design','',#4650,#4653);
#4650 = PRODUCT_DEFINITION_FORMATION('','',#4651);
#4651 = PRODUCT('retaining_bar_58','retaining_bar_58','',(#4652));
#4652 = PRODUCT_CONTEXT('',#2,'mechanical');
#4653 = PRODUCT_DEFINITION_CONTEXT('part definition',#2,'design');
#4654 = ADVANCED_BREP_SHAPE_REPRESENTATION('',(#11,#4655),#5769);
#4655 = MANIFOLD_SOLID_BREP('',#4656);
#4656 = CLOSED_SHELL('',(#4657,#4777,#4882,#5155,#5261,#5472,#5499,#5526
    ,#5553,#5604,#5647,#5674,#5681,#5708,#5735,#5762));
#4657 = ADVANCED_FACE('',(#4658),#4672,.F.);
#4658 = FACE_BOUND('',#4659,.F.);
#4659 = EDGE_LOOP('',(#4660,#4695,#4723,#4751));
#4660 = ORIENTED_EDGE('',*,*,#4661,.F.);
#4661 = EDGE_CURVE('',#4662,#4664,#4666,.T.);
#4662 = VERTEX_POINT('',#4663);
#4663 = CARTESIAN_POINT('',(0.,161.,51.));
#4664 = VERTEX_POINT('',#4665);
#4665 = CARTESIAN_POINT('',(0.,161.,65.));
#4666 = SURFACE_CURVE('',#4667,(#4671,#4683),.PCURVE_S1.);
#4667 = LINE('',#4668,#4669);
#4668 = CARTESIAN_POINT('',(0.,161.,51.));
#4669 = VECTOR('',#4670,1.);
#4670 = DIRECTION('',(0.,0.,1.));
#4671 = PCURVE('',#4672,#4677);
#4672 = PLANE('',#4673);
#4673 = AXIS2_PLACEMENT_3D('',#4674,#4675,#4676);
#4674 = CARTESIAN_POINT('',(0.,161.,51.));
#4675 = DIRECTION('',(1.,0.,-0.));
#4676 = DIRECTION('',(0.,0.,1.));
#4677 = DEFINITIONAL_REPRESENTATION('',(#4678),#4682);
#4678 = LINE('',#4679,#4680);
#4679 = CARTESIAN_POINT('',(0.,0.));
#4680 = VECTOR('',#4681,1.);
#4681 = DIRECTION('',(1.,0.));
#4682 = ( GEOMETRIC_REPRESENTATION_CONTEXT(2) 
PARAMETRIC_REPRESENTATION_CONTEXT() REPRESENTATION_CONTEXT('2D SPACE',''
  ) );
#4683 = PCURVE('',#4684,#4689);
#4684 = PLANE('',#4685);
#4685 = AXIS2_PLACEMENT_3D('',#4686,#4687,#4688);
#4686 = CARTESIAN_POINT('',(0.,161.,51.));
#4687 = DIRECTION('',(-0.,1.,0.));
#4688 = DIRECTION('',(0.,0.,1.));
#4689 = DEFINITIONAL_REPRESENTATION('',(#4690),#4694);
#4690 = LINE('',#4691,#4692);
#4691 = CARTESIAN_POINT('',(0.,0.));
#4692 = VECTOR('',#4693,1.);
#4693 = DIRECTION('',(1.,0.));
#4694 = ( GEOMETRIC_REPRESENTATION_CONTEXT(2) 
PARAMETRIC_REPRESENTATION_CONTEXT() REPRESENTATION_CONTEXT('2D SPACE',''
  ) );
#4695 = ORIENTED_EDGE('',*,*,#4696,.T.);
#4696 = EDGE_CURVE('',#4662,#4697,#4699,.T.);
#4697 = VERTEX_POINT('',#4698);
#4698 = CARTESIAN_POINT('',(0.,167.,51.));
#4699 = SURFACE_CURVE('',#4700,(#4704,#4711),.PCURVE_S1.);
#4700 = LINE('',#4701,#4702);
#4701 = CARTESIAN_POINT('',(0.,161.,51.));
#4702 = VECTOR('',#4703,1.);
#4703 = DIRECTION('',(-0.,1.,0.));
#4704 = PCURVE('',#4672,#4705);
#4705 = DEFINITIONAL_REPRESENTATION('',(#4706),#4710);
#4706 = LINE('',#4707,#4708);
#4707 = CARTESIAN_POINT('',(0.,0.));
#4708 = VECTOR('',#4709,1.);
#4709 = DIRECTION('',(0.,-1.));
#4710 = ( GEOMETRIC_REPRESENTATION_CONTEXT(2) 
PARAMETRIC_REPRESENTATION_CONTEXT() REPRESENTATION_CONTEXT('2D SPACE',''
  ) );
#4711 = PCURVE('',#4712,#4717);
#4712 = PLANE('',#4713);
#4713 = AXIS2_PLACEMENT_3D('',#4714,#4715,#4716);
#4714 = CARTESIAN_POINT('',(0.,161.,51.));
#4715 = DIRECTION('',(0.,0.,1.));
#4716 = DIRECTION('',(1.,0.,-0.));
#4717 = DEFINITIONAL_REPRESENTATION('',(#4718),#4722);
#4718 = LINE('',#4719,#4720);
#4719 = CARTESIAN_POINT('',(0.,0.));
#4720 = VECTOR('',#4721,1.);
#4721 = DIRECTION('',(0.,1.));
#4722 = ( GEOMETRIC_REPRESENTATION_CONTEXT(2) 
PARAMETRIC_REPRESENTATION_CONTEXT() REPRESENTATION_CONTEXT('2D SPACE',''
  ) );
#4723 = ORIENTED_EDGE('',*,*,#4724,.T.);
#4724 = EDGE_CURVE('',#4697,#4725,#4727,.T.);
#4725 = VERTEX_POINT('',#4726);
#4726 = CARTESIAN_POINT('',(0.,167.,65.));
#4727 = SURFACE_CURVE('',#4728,(#4732,#4739),.PCURVE_S1.);
#4728 = LINE('',#4729,#4730);
#4729 = CARTESIAN_POINT('',(0.,167.,51.));
#4730 = VECTOR('',#4731,1.);
#4731 = DIRECTION('',(0.,0.,1.));
#4732 = PCURVE('',#4672,#4733);
#4733 = DEFINITIONAL_REPRESENTATION('',(#4734),#4738);
#4734 = LINE('',#4735,#4736);
#4735 = CARTESIAN_POINT('',(0.,-6.));
#4736 = VECTOR('',#4737,1.);
#4737 = DIRECTION('',(1.,0.));
#4738 = ( GEOMETRIC_REPRESENTATION_CONTEXT(2) 
PARAMETRIC_REPRESENTATION_CONTEXT() REPRESENTATION_CONTEXT('2D SPACE',''
  ) );
#4739 = PCURVE('',#4740,#4745);
#4740 = PLANE('',#4741);
#4741 = AXIS2_PLACEMENT_3D('',#4742,#4743,#4744);
#4742 = CARTESIAN_POINT('',(0.,167.,51.));
#4743 = DIRECTION('',(-0.,1.,0.));
#4744 = DIRECTION('',(0.,0.,1.));
#4745 = DEFINITIONAL_REPRESENTATION('',(#4746),#4750);
#4746 = LINE('',#4747,#4748);
#4747 = CARTESIAN_POINT('',(0.,0.));
#4748 = VECTOR('',#4749,1.);
#4749 = DIRECTION('',(1.,0.));
#4750 = ( GEOMETRIC_REPRESENTATION_CONTEXT(2) 
PARAMETRIC_REPRESENTATION_CONTEXT() REPRESENTATION_CONTEXT('2D SPACE',''
  ) );
#4751 = ORIENTED_EDGE('',*,*,#4752,.F.);
#4752 = EDGE_CURVE('',#4664,#4725,#4753,.T.);
#4753 = SURFACE_CURVE('',#4754,(#4758,#4765),.PCURVE_S1.);
#4754 = LINE('',#4755,#4756);
#4755 = CARTESIAN_POINT('',(0.,161.,65.));
#4756 = VECTOR('',#4757,1.);
#4757 = DIRECTION('',(-0.,1.,0.));
#4758 = PCURVE('',#4672,#4759);
#4759 = DEFINITIONAL_REPRESENTATION('',(#4760),#4764);
#4760 = LINE('',#4761,#4762);
#4761 = CARTESIAN_POINT('',(14.,0.));
#4762 = VECTOR('',#4763,1.);
#4763 = DIRECTION('',(0.,-1.));
#4764 = ( GEOMETRIC_REPRESENTATION_CONTEXT(2) 
PARAMETRIC_REPRESENTATION_CONTEXT() REPRESENTATION_CONTEXT('2D SPACE',''
  ) );
#4765 = PCURVE('',#4766,#4771);
#4766 = PLANE('',#4767);
#4767 = AXIS2_PLACEMENT_3D('',#4768,#4769,#4770);
#4768 = CARTESIAN_POINT('',(0.,161.,65.));
#4769 = DIRECTION('',(0.,0.,1.));
#4770 = DIRECTION('',(1.,0.,-0.));
#4771 = DEFINITIONAL_REPRESENTATION('',(#4772),#4776);
#4772 = LINE('',#4773,#4774);
#4773 = CARTESIAN_POINT('',(0.,0.));
#4774 = VECTOR('',#4775,1.);
#4775 = DIRECTION('',(0.,1.));
#4776 = ( GEOMETRIC_REPRESENTATION_CONTEXT(2) 
PARAMETRIC_REPRESENTATION_CONTEXT() REPRESENTATION_CONTEXT('2D SPACE',''
  ) );
#4777 = ADVANCED_FACE('',(#4778,#4851),#4684,.F.);
#4778 = FACE_BOUND('',#4779,.F.);
#4779 = EDGE_LOOP('',(#4780,#4803,#4804,#4827));
#4780 = ORIENTED_EDGE('',*,*,#4781,.F.);
#4781 = EDGE_CURVE('',#4662,#4782,#4784,.T.);
#4782 = VERTEX_POINT('',#4783);
#4783 = CARTESIAN_POINT('',(25.,161.,51.));
#4784 = SURFACE_CURVE('',#4785,(#4789,#4796),.PCURVE_S1.);
#4785 = LINE('',#4786,#4787);
#4786 = CARTESIAN_POINT('',(0.,161.,51.));
#4787 = VECTOR('',#4788,1.);
#4788 = DIRECTION('',(1.,0.,-0.));
#4789 = PCURVE('',#4684,#4790);
#4790 = DEFINITIONAL_REPRESENTATION('',(#4791),#4795);
#4791 = LINE('',#4792,#4793);
#4792 = CARTESIAN_POINT('',(0.,0.));
#4793 = VECTOR('',#4794,1.);
#4794 = DIRECTION('',(0.,1.));
#4795 = ( GEOMETRIC_REPRESENTATION_CONTEXT(2) 
PARAMETRIC_REPRESENTATION_CONTEXT() REPRESENTATION_CONTEXT('2D SPACE',''
  ) );
#4796 = PCURVE('',#4712,#4797);
#4797 = DEFINITIONAL_REPRESENTATION('',(#4798),#4802);
#4798 = LINE('',#4799,#4800);
#4799 = CARTESIAN_POINT('',(0.,0.));
#4800 = VECTOR('',#4801,1.);
#4801 = DIRECTION('',(1.,0.));
#4802 = ( GEOMETRIC_REPRESENTATION_CONTEXT(2) 
PARAMETRIC_REPRESENTATION_CONTEXT() REPRESENTATION_CONTEXT('2D SPACE',''
  ) );
#4803 = ORIENTED_EDGE('',*,*,#4661,.T.);
#4804 = ORIENTED_EDGE('',*,*,#4805,.T.);
#4805 = EDGE_CURVE('',#4664,#4806,#4808,.T.);
#4806 = VERTEX_POINT('',#4807);
#4807 = CARTESIAN_POINT('',(25.,161.,65.));
#4808 = SURFACE_CURVE('',#4809,(#4813,#4820),.PCURVE_S1.);
#4809 = LINE('',#4810,#4811);
#4810 = CARTESIAN_POINT('',(0.,161.,65.));
#4811 = VECTOR('',#4812,1.);
#4812 = DIRECTION('',(1.,0.,-0.));
#4813 = PCURVE('',#4684,#4814);
#4814 = DEFINITIONAL_REPRESENTATION('',(#4815),#4819);
#4815 = LINE('',#4816,#4817);
#4816 = CARTESIAN_POINT('',(14.,0.));
#4817 = VECTOR('',#4818,1.);
#4818 = DIRECTION('',(0.,1.));
#4819 = ( GEOMETRIC_REPRESENTATION_CONTEXT(2) 
PARAMETRIC_REPRESENTATION_CONTEXT() REPRESENTATION_CONTEXT('2D SPACE',''
  ) );
#4820 = PCURVE('',#4766,#4821);
#4821 = DEFINITIONAL_REPRESENTATION('',(#4822),#4826);
#4822 = LINE('',#4823,#4824);
#4823 = CARTESIAN_POINT('',(0.,0.));
#4824 = VECTOR('',#4825,1.);
#4825 = DIRECTION('',(1.,0.));
#4826 = ( GEOMETRIC_REPRESENTATION_CONTEXT(2) 
PARAMETRIC_REPRESENTATION_CONTEXT() REPRESENTATION_CONTEXT('2D SPACE',''
  ) );
#4827 = ORIENTED_EDGE('',*,*,#4828,.T.);
#4828 = EDGE_CURVE('',#4806,#4782,#4829,.T.);
#4829 = SURFACE_CURVE('',#4830,(#4834,#4840),.PCURVE_S1.);
#4830 = LINE('',#4831,#4832);
#4831 = CARTESIAN_POINT('',(25.,161.,51.));
#4832 = VECTOR('',#4833,1.);
#4833 = DIRECTION('',(-0.,0.,-1.));
#4834 = PCURVE('',#4684,#4835);
#4835 = DEFINITIONAL_REPRESENTATION('',(#4836),#4839);
#4836 = B_SPLINE_CURVE_WITH_KNOTS('',1,(#4837,#4838),.UNSPECIFIED.,.F.,
  .F.,(2,2),(-14.,0.),.PIECEWISE_BEZIER_KNOTS.);
#4837 = CARTESIAN_POINT('',(14.,25.));
#4838 = CARTESIAN_POINT('',(0.,25.));
#4839 = ( GEOMETRIC_REPRESENTATION_CONTEXT(2) 
PARAMETRIC_REPRESENTATION_CONTEXT() REPRESENTATION_CONTEXT('2D SPACE',''
  ) );
#4840 = PCURVE('',#4841,#4846);
#4841 = PLANE('',#4842);
#4842 = AXIS2_PLACEMENT_3D('',#4843,#4844,#4845);
#4843 = CARTESIAN_POINT('',(25.,124.5,51.));
#4844 = DIRECTION('',(1.,0.,-0.));
#4845 = DIRECTION('',(0.,0.,1.));
#4846 = DEFINITIONAL_REPRESENTATION('',(#4847),#4850);
#4847 = B_SPLINE_CURVE_WITH_KNOTS('',1,(#4848,#4849),.UNSPECIFIED.,.F.,
  .F.,(2,2),(-14.,0.),.PIECEWISE_BEZIER_KNOTS.);
#4848 = CARTESIAN_POINT('',(14.,-36.5));
#4849 = CARTESIAN_POINT('',(0.,-36.5));
#4850 = ( GEOMETRIC_REPRESENTATION_CONTEXT(2) 
PARAMETRIC_REPRESENTATION_CONTEXT() REPRESENTATION_CONTEXT('2D SPACE',''
  ) );
#4851 = FACE_BOUND('',#4852,.F.);
#4852 = EDGE_LOOP('',(#4853));
#4853 = ORIENTED_EDGE('',*,*,#4854,.F.);
#4854 = EDGE_CURVE('',#4855,#4855,#4857,.T.);
#4855 = VERTEX_POINT('',#4856);
#4856 = CARTESIAN_POINT('',(6.2,161.,58.));
#4857 = SURFACE_CURVE('',#4858,(#4863,#4870),.PCURVE_S1.);
#4858 = CIRCLE('',#4859,1.7);
#4859 = AXIS2_PLACEMENT_3D('',#4860,#4861,#4862);
#4860 = CARTESIAN_POINT('',(4.5,161.,58.));
#4861 = DIRECTION('',(0.,1.,2.22044604925E-16));
#4862 = DIRECTION('',(1.,0.,-0.));
#4863 = PCURVE('',#4684,#4864);
#4864 = DEFINITIONAL_REPRESENTATION('',(#4865),#4869);
#4865 = CIRCLE('',#4866,1.7);
#4866 = AXIS2_PLACEMENT_2D('',#4867,#4868);
#4867 = CARTESIAN_POINT('',(7.,4.5));
#4868 = DIRECTION('',(0.,1.));
#4869 = ( GEOMETRIC_REPRESENTATION_CONTEXT(2) 
PARAMETRIC_REPRESENTATION_CONTEXT() REPRESENTATION_CONTEXT('2D SPACE',''
  ) );
#4870 = PCURVE('',#4871,#4876);
#4871 = CYLINDRICAL_SURFACE('',#4872,1.7);
#4872 = AXIS2_PLACEMENT_3D('',#4873,#4874,#4875);
#4873 = CARTESIAN_POINT('',(4.5,160.9,58.));
#4874 = DIRECTION('',(0.,1.,2.22044604925E-16));
#4875 = DIRECTION('',(1.,0.,-0.));
#4876 = DEFINITIONAL_REPRESENTATION('',(#4877),#4881);
#4877 = LINE('',#4878,#4879);
#4878 = CARTESIAN_POINT('',(0.,9.999999999999E-02));
#4879 = VECTOR('',#4880,1.);
#4880 = DIRECTION('',(1.,0.));
#4881 = ( GEOMETRIC_REPRESENTATION_CONTEXT(2) 
PARAMETRIC_REPRESENTATION_CONTEXT() REPRESENTATION_CONTEXT('2D SPACE',''
  ) );
#4882 = ADVANCED_FACE('',(#4883),#4766,.T.);
#4883 = FACE_BOUND('',#4884,.T.);
#4884 = EDGE_LOOP('',(#4885,#4915,#4936,#4937,#4938,#4961,#4989,#5017,
    #5045,#5073,#5101,#5129));
#4885 = ORIENTED_EDGE('',*,*,#4886,.T.);
#4886 = EDGE_CURVE('',#4887,#4889,#4891,.T.);
#4887 = VERTEX_POINT('',#4888);
#4888 = CARTESIAN_POINT('',(158.,161.,65.));
#4889 = VERTEX_POINT('',#4890);
#4890 = CARTESIAN_POINT('',(158.,167.,65.));
#4891 = SURFACE_CURVE('',#4892,(#4896,#4903),.PCURVE_S1.);
#4892 = LINE('',#4893,#4894);
#4893 = CARTESIAN_POINT('',(158.,161.,65.));
#4894 = VECTOR('',#4895,1.);
#4895 = DIRECTION('',(-0.,1.,0.));
#4896 = PCURVE('',#4766,#4897);
#4897 = DEFINITIONAL_REPRESENTATION('',(#4898),#4902);
#4898 = LINE('',#4899,#4900);
#4899 = CARTESIAN_POINT('',(158.,0.));
#4900 = VECTOR('',#4901,1.);
#4901 = DIRECTION('',(0.,1.));
#4902 = ( GEOMETRIC_REPRESENTATION_CONTEXT(2) 
PARAMETRIC_REPRESENTATION_CONTEXT() REPRESENTATION_CONTEXT('2D SPACE',''
  ) );
#4903 = PCURVE('',#4904,#4909);
#4904 = PLANE('',#4905);
#4905 = AXIS2_PLACEMENT_3D('',#4906,#4907,#4908);
#4906 = CARTESIAN_POINT('',(158.,161.,51.));
#4907 = DIRECTION('',(1.,0.,-0.));
#4908 = DIRECTION('',(0.,0.,1.));
#4909 = DEFINITIONAL_REPRESENTATION('',(#4910),#4914);
#4910 = LINE('',#4911,#4912);
#4911 = CARTESIAN_POINT('',(14.,0.));
#4912 = VECTOR('',#4913,1.);
#4913 = DIRECTION('',(0.,-1.));
#4914 = ( GEOMETRIC_REPRESENTATION_CONTEXT(2) 
PARAMETRIC_REPRESENTATION_CONTEXT() REPRESENTATION_CONTEXT('2D SPACE',''
  ) );
#4915 = ORIENTED_EDGE('',*,*,#4916,.F.);
#4916 = EDGE_CURVE('',#4725,#4889,#4917,.T.);
#4917 = SURFACE_CURVE('',#4918,(#4922,#4929),.PCURVE_S1.);
#4918 = LINE('',#4919,#4920);
#4919 = CARTESIAN_POINT('',(0.,167.,65.));
#4920 = VECTOR('',#4921,1.);
#4921 = DIRECTION('',(1.,0.,-0.));
#4922 = PCURVE('',#4766,#4923);
#4923 = DEFINITIONAL_REPRESENTATION('',(#4924),#4928);
#4924 = LINE('',#4925,#4926);
#4925 = CARTESIAN_POINT('',(0.,6.));
#4926 = VECTOR('',#4927,1.);
#4927 = DIRECTION('',(1.,0.));
#4928 = ( GEOMETRIC_REPRESENTATION_CONTEXT(2) 
PARAMETRIC_REPRESENTATION_CONTEXT() REPRESENTATION_CONTEXT('2D SPACE',''
  ) );
#4929 = PCURVE('',#4740,#4930);
#4930 = DEFINITIONAL_REPRESENTATION('',(#4931),#4935);
#4931 = LINE('',#4932,#4933);
#4932 = CARTESIAN_POINT('',(14.,0.));
#4933 = VECTOR('',#4934,1.);
#4934 = DIRECTION('',(0.,1.));
#4935 = ( GEOMETRIC_REPRESENTATION_CONTEXT(2) 
PARAMETRIC_REPRESENTATION_CONTEXT() REPRESENTATION_CONTEXT('2D SPACE',''
  ) );
#4936 = ORIENTED_EDGE('',*,*,#4752,.F.);
#4937 = ORIENTED_EDGE('',*,*,#4805,.T.);
#4938 = ORIENTED_EDGE('',*,*,#4939,.F.);
#4939 = EDGE_CURVE('',#4940,#4806,#4942,.T.);
#4940 = VERTEX_POINT('',#4941);
#4941 = CARTESIAN_POINT('',(25.,124.5,65.));
#4942 = SURFACE_CURVE('',#4943,(#4947,#4954),.PCURVE_S1.);
#4943 = LINE('',#4944,#4945);
#4944 = CARTESIAN_POINT('',(25.,124.5,65.));
#4945 = VECTOR('',#4946,1.);
#4946 = DIRECTION('',(-0.,1.,0.));
#4947 = PCURVE('',#4766,#4948);
#4948 = DEFINITIONAL_REPRESENTATION('',(#4949),#4953);
#4949 = LINE('',#4950,#4951);
#4950 = CARTESIAN_POINT('',(25.,-36.5));
#4951 = VECTOR('',#4952,1.);
#4952 = DIRECTION('',(0.,1.));
#4953 = ( GEOMETRIC_REPRESENTATION_CONTEXT(2) 
PARAMETRIC_REPRESENTATION_CONTEXT() REPRESENTATION_CONTEXT('2D SPACE',''
  ) );
#4954 = PCURVE('',#4841,#4955);
#4955 = DEFINITIONAL_REPRESENTATION('',(#4956),#4960);
#4956 = LINE('',#4957,#4958);
#4957 = CARTESIAN_POINT('',(14.,0.));
#4958 = VECTOR('',#4959,1.);
#4959 = DIRECTION('',(0.,-1.));
#4960 = ( GEOMETRIC_REPRESENTATION_CONTEXT(2) 
PARAMETRIC_REPRESENTATION_CONTEXT() REPRESENTATION_CONTEXT('2D SPACE',''
  ) );
#4961 = ORIENTED_EDGE('',*,*,#4962,.T.);
#4962 = EDGE_CURVE('',#4940,#4963,#4965,.T.);
#4963 = VERTEX_POINT('',#4964);
#4964 = CARTESIAN_POINT('',(36.,124.5,65.));
#4965 = SURFACE_CURVE('',#4966,(#4970,#4977),.PCURVE_S1.);
#4966 = LINE('',#4967,#4968);
#4967 = CARTESIAN_POINT('',(25.,124.5,65.));
#4968 = VECTOR('',#4969,1.);
#4969 = DIRECTION('',(1.,0.,-0.));
#4970 = PCURVE('',#4766,#4971);
#4971 = DEFINITIONAL_REPRESENTATION('',(#4972),#4976);
#4972 = LINE('',#4973,#4974);
#4973 = CARTESIAN_POINT('',(25.,-36.5));
#4974 = VECTOR('',#4975,1.);
#4975 = DIRECTION('',(1.,0.));
#4976 = ( GEOMETRIC_REPRESENTATION_CONTEXT(2) 
PARAMETRIC_REPRESENTATION_CONTEXT() REPRESENTATION_CONTEXT('2D SPACE',''
  ) );
#4977 = PCURVE('',#4978,#4983);
#4978 = PLANE('',#4979);
#4979 = AXIS2_PLACEMENT_3D('',#4980,#4981,#4982);
#4980 = CARTESIAN_POINT('',(25.,124.5,51.));
#4981 = DIRECTION('',(-0.,1.,0.));
#4982 = DIRECTION('',(0.,0.,1.));
#4983 = DEFINITIONAL_REPRESENTATION('',(#4984),#4988);
#4984 = LINE('',#4985,#4986);
#4985 = CARTESIAN_POINT('',(14.,0.));
#4986 = VECTOR('',#4987,1.);
#4987 = DIRECTION('',(0.,1.));
#4988 = ( GEOMETRIC_REPRESENTATION_CONTEXT(2) 
PARAMETRIC_REPRESENTATION_CONTEXT() REPRESENTATION_CONTEXT('2D SPACE',''
  ) );
#4989 = ORIENTED_EDGE('',*,*,#4990,.T.);
#4990 = EDGE_CURVE('',#4963,#4991,#4993,.T.);
#4991 = VERTEX_POINT('',#4992);
#4992 = CARTESIAN_POINT('',(36.,161.,65.));
#4993 = SURFACE_CURVE('',#4994,(#4998,#5005),.PCURVE_S1.);
#4994 = LINE('',#4995,#4996);
#4995 = CARTESIAN_POINT('',(36.,124.5,65.));
#4996 = VECTOR('',#4997,1.);
#4997 = DIRECTION('',(-0.,1.,0.));
#4998 = PCURVE('',#4766,#4999);
#4999 = DEFINITIONAL_REPRESENTATION('',(#5000),#5004);
#5000 = LINE('',#5001,#5002);
#5001 = CARTESIAN_POINT('',(36.,-36.5));
#5002 = VECTOR('',#5003,1.);
#5003 = DIRECTION('',(0.,1.));
#5004 = ( GEOMETRIC_REPRESENTATION_CONTEXT(2) 
PARAMETRIC_REPRESENTATION_CONTEXT() REPRESENTATION_CONTEXT('2D SPACE',''
  ) );
#5005 = PCURVE('',#5006,#5011);
#5006 = PLANE('',#5007);
#5007 = AXIS2_PLACEMENT_3D('',#5008,#5009,#5010);
#5008 = CARTESIAN_POINT('',(36.,124.5,51.));
#5009 = DIRECTION('',(1.,0.,-0.));
#5010 = DIRECTION('',(0.,0.,1.));
#5011 = DEFINITIONAL_REPRESENTATION('',(#5012),#5016);
#5012 = LINE('',#5013,#5014);
#5013 = CARTESIAN_POINT('',(14.,0.));
#5014 = VECTOR('',#5015,1.);
#5015 = DIRECTION('',(0.,-1.));
#5016 = ( GEOMETRIC_REPRESENTATION_CONTEXT(2) 
PARAMETRIC_REPRESENTATION_CONTEXT() REPRESENTATION_CONTEXT('2D SPACE',''
  ) );
#5017 = ORIENTED_EDGE('',*,*,#5018,.T.);
#5018 = EDGE_CURVE('',#4991,#5019,#5021,.T.);
#5019 = VERTEX_POINT('',#5020);
#5020 = CARTESIAN_POINT('',(122.,161.,65.));
#5021 = SURFACE_CURVE('',#5022,(#5026,#5033),.PCURVE_S1.);
#5022 = LINE('',#5023,#5024);
#5023 = CARTESIAN_POINT('',(0.,161.,65.));
#5024 = VECTOR('',#5025,1.);
#5025 = DIRECTION('',(1.,0.,-0.));
#5026 = PCURVE('',#4766,#5027);
#5027 = DEFINITIONAL_REPRESENTATION('',(#5028),#5032);
#5028 = LINE('',#5029,#5030);
#5029 = CARTESIAN_POINT('',(0.,0.));
#5030 = VECTOR('',#5031,1.);
#5031 = DIRECTION('',(1.,0.));
#5032 = ( GEOMETRIC_REPRESENTATION_CONTEXT(2) 
PARAMETRIC_REPRESENTATION_CONTEXT() REPRESENTATION_CONTEXT('2D SPACE',''
  ) );
#5033 = PCURVE('',#5034,#5039);
#5034 = PLANE('',#5035);
#5035 = AXIS2_PLACEMENT_3D('',#5036,#5037,#5038);
#5036 = CARTESIAN_POINT('',(0.,161.,51.));
#5037 = DIRECTION('',(-0.,1.,0.));
#5038 = DIRECTION('',(0.,0.,1.));
#5039 = DEFINITIONAL_REPRESENTATION('',(#5040),#5044);
#5040 = LINE('',#5041,#5042);
#5041 = CARTESIAN_POINT('',(14.,0.));
#5042 = VECTOR('',#5043,1.);
#5043 = DIRECTION('',(0.,1.));
#5044 = ( GEOMETRIC_REPRESENTATION_CONTEXT(2) 
PARAMETRIC_REPRESENTATION_CONTEXT() REPRESENTATION_CONTEXT('2D SPACE',''
  ) );
#5045 = ORIENTED_EDGE('',*,*,#5046,.F.);
#5046 = EDGE_CURVE('',#5047,#5019,#5049,.T.);
#5047 = VERTEX_POINT('',#5048);
#5048 = CARTESIAN_POINT('',(122.,124.5,65.));
#5049 = SURFACE_CURVE('',#5050,(#5054,#5061),.PCURVE_S1.);
#5050 = LINE('',#5051,#5052);
#5051 = CARTESIAN_POINT('',(122.,124.5,65.));
#5052 = VECTOR('',#5053,1.);
#5053 = DIRECTION('',(-0.,1.,0.));
#5054 = PCURVE('',#4766,#5055);
#5055 = DEFINITIONAL_REPRESENTATION('',(#5056),#5060);
#5056 = LINE('',#5057,#5058);
#5057 = CARTESIAN_POINT('',(122.,-36.5));
#5058 = VECTOR('',#5059,1.);
#5059 = DIRECTION('',(0.,1.));
#5060 = ( GEOMETRIC_REPRESENTATION_CONTEXT(2) 
PARAMETRIC_REPRESENTATION_CONTEXT() REPRESENTATION_CONTEXT('2D SPACE',''
  ) );
#5061 = PCURVE('',#5062,#5067);
#5062 = PLANE('',#5063);
#5063 = AXIS2_PLACEMENT_3D('',#5064,#5065,#5066);
#5064 = CARTESIAN_POINT('',(122.,124.5,51.));
#5065 = DIRECTION('',(1.,0.,-0.));
#5066 = DIRECTION('',(0.,0.,1.));
#5067 = DEFINITIONAL_REPRESENTATION('',(#5068),#5072);
#5068 = LINE('',#5069,#5070);
#5069 = CARTESIAN_POINT('',(14.,0.));
#5070 = VECTOR('',#5071,1.);
#5071 = DIRECTION('',(0.,-1.));
#5072 = ( GEOMETRIC_REPRESENTATION_CONTEXT(2) 
PARAMETRIC_REPRESENTATION_CONTEXT() REPRESENTATION_CONTEXT('2D SPACE',''
  ) );
#5073 = ORIENTED_EDGE('',*,*,#5074,.T.);
#5074 = EDGE_CURVE('',#5047,#5075,#5077,.T.);
#5075 = VERTEX_POINT('',#5076);
#5076 = CARTESIAN_POINT('',(133.,124.5,65.));
#5077 = SURFACE_CURVE('',#5078,(#5082,#5089),.PCURVE_S1.);
#5078 = LINE('',#5079,#5080);
#5079 = CARTESIAN_POINT('',(122.,124.5,65.));
#5080 = VECTOR('',#5081,1.);
#5081 = DIRECTION('',(1.,0.,-0.));
#5082 = PCURVE('',#4766,#5083);
#5083 = DEFINITIONAL_REPRESENTATION('',(#5084),#5088);
#5084 = LINE('',#5085,#5086);
#5085 = CARTESIAN_POINT('',(122.,-36.5));
#5086 = VECTOR('',#5087,1.);
#5087 = DIRECTION('',(1.,0.));
#5088 = ( GEOMETRIC_REPRESENTATION_CONTEXT(2) 
PARAMETRIC_REPRESENTATION_CONTEXT() REPRESENTATION_CONTEXT('2D SPACE',''
  ) );
#5089 = PCURVE('',#5090,#5095);
#5090 = PLANE('',#5091);
#5091 = AXIS2_PLACEMENT_3D('',#5092,#5093,#5094);
#5092 = CARTESIAN_POINT('',(122.,124.5,51.));
#5093 = DIRECTION('',(-0.,1.,0.));
#5094 = DIRECTION('',(0.,0.,1.));
#5095 = DEFINITIONAL_REPRESENTATION('',(#5096),#5100);
#5096 = LINE('',#5097,#5098);
#5097 = CARTESIAN_POINT('',(14.,0.));
#5098 = VECTOR('',#5099,1.);
#5099 = DIRECTION('',(0.,1.));
#5100 = ( GEOMETRIC_REPRESENTATION_CONTEXT(2) 
PARAMETRIC_REPRESENTATION_CONTEXT() REPRESENTATION_CONTEXT('2D SPACE',''
  ) );
#5101 = ORIENTED_EDGE('',*,*,#5102,.T.);
#5102 = EDGE_CURVE('',#5075,#5103,#5105,.T.);
#5103 = VERTEX_POINT('',#5104);
#5104 = CARTESIAN_POINT('',(133.,161.,65.));
#5105 = SURFACE_CURVE('',#5106,(#5110,#5117),.PCURVE_S1.);
#5106 = LINE('',#5107,#5108);
#5107 = CARTESIAN_POINT('',(133.,124.5,65.));
#5108 = VECTOR('',#5109,1.);
#5109 = DIRECTION('',(-0.,1.,0.));
#5110 = PCURVE('',#4766,#5111);
#5111 = DEFINITIONAL_REPRESENTATION('',(#5112),#5116);
#5112 = LINE('',#5113,#5114);
#5113 = CARTESIAN_POINT('',(133.,-36.5));
#5114 = VECTOR('',#5115,1.);
#5115 = DIRECTION('',(0.,1.));
#5116 = ( GEOMETRIC_REPRESENTATION_CONTEXT(2) 
PARAMETRIC_REPRESENTATION_CONTEXT() REPRESENTATION_CONTEXT('2D SPACE',''
  ) );
#5117 = PCURVE('',#5118,#5123);
#5118 = PLANE('',#5119);
#5119 = AXIS2_PLACEMENT_3D('',#5120,#5121,#5122);
#5120 = CARTESIAN_POINT('',(133.,124.5,51.));
#5121 = DIRECTION('',(1.,0.,-0.));
#5122 = DIRECTION('',(0.,0.,1.));
#5123 = DEFINITIONAL_REPRESENTATION('',(#5124),#5128);
#5124 = LINE('',#5125,#5126);
#5125 = CARTESIAN_POINT('',(14.,0.));
#5126 = VECTOR('',#5127,1.);
#5127 = DIRECTION('',(0.,-1.));
#5128 = ( GEOMETRIC_REPRESENTATION_CONTEXT(2) 
PARAMETRIC_REPRESENTATION_CONTEXT() REPRESENTATION_CONTEXT('2D SPACE',''
  ) );
#5129 = ORIENTED_EDGE('',*,*,#5130,.T.);
#5130 = EDGE_CURVE('',#5103,#4887,#5131,.T.);
#5131 = SURFACE_CURVE('',#5132,(#5136,#5143),.PCURVE_S1.);
#5132 = LINE('',#5133,#5134);
#5133 = CARTESIAN_POINT('',(0.,161.,65.));
#5134 = VECTOR('',#5135,1.);
#5135 = DIRECTION('',(1.,0.,-0.));
#5136 = PCURVE('',#4766,#5137);
#5137 = DEFINITIONAL_REPRESENTATION('',(#5138),#5142);
#5138 = LINE('',#5139,#5140);
#5139 = CARTESIAN_POINT('',(0.,0.));
#5140 = VECTOR('',#5141,1.);
#5141 = DIRECTION('',(1.,0.));
#5142 = ( GEOMETRIC_REPRESENTATION_CONTEXT(2) 
PARAMETRIC_REPRESENTATION_CONTEXT() REPRESENTATION_CONTEXT('2D SPACE',''
  ) );
#5143 = PCURVE('',#5144,#5149);
#5144 = PLANE('',#5145);
#5145 = AXIS2_PLACEMENT_3D('',#5146,#5147,#5148);
#5146 = CARTESIAN_POINT('',(0.,161.,51.));
#5147 = DIRECTION('',(-0.,1.,0.));
#5148 = DIRECTION('',(0.,0.,1.));
#5149 = DEFINITIONAL_REPRESENTATION('',(#5150),#5154);
#5150 = LINE('',#5151,#5152);
#5151 = CARTESIAN_POINT('',(14.,0.));
#5152 = VECTOR('',#5153,1.);
#5153 = DIRECTION('',(0.,1.));
#5154 = ( GEOMETRIC_REPRESENTATION_CONTEXT(2) 
PARAMETRIC_REPRESENTATION_CONTEXT() REPRESENTATION_CONTEXT('2D SPACE',''
  ) );
#5155 = ADVANCED_FACE('',(#5156,#5204,#5230),#4740,.T.);
#5156 = FACE_BOUND('',#5157,.T.);
#5157 = EDGE_LOOP('',(#5158,#5181,#5182,#5183));
#5158 = ORIENTED_EDGE('',*,*,#5159,.F.);
#5159 = EDGE_CURVE('',#4697,#5160,#5162,.T.);
#5160 = VERTEX_POINT('',#5161);
#5161 = CARTESIAN_POINT('',(158.,167.,51.));
#5162 = SURFACE_CURVE('',#5163,(#5167,#5174),.PCURVE_S1.);
#5163 = LINE('',#5164,#5165);
#5164 = CARTESIAN_POINT('',(0.,167.,51.));
#5165 = VECTOR('',#5166,1.);
#5166 = DIRECTION('',(1.,0.,-0.));
#5167 = PCURVE('',#4740,#5168);
#5168 = DEFINITIONAL_REPRESENTATION('',(#5169),#5173);
#5169 = LINE('',#5170,#5171);
#5170 = CARTESIAN_POINT('',(0.,0.));
#5171 = VECTOR('',#5172,1.);
#5172 = DIRECTION('',(0.,1.));
#5173 = ( GEOMETRIC_REPRESENTATION_CONTEXT(2) 
PARAMETRIC_REPRESENTATION_CONTEXT() REPRESENTATION_CONTEXT('2D SPACE',''
  ) );
#5174 = PCURVE('',#4712,#5175);
#5175 = DEFINITIONAL_REPRESENTATION('',(#5176),#5180);
#5176 = LINE('',#5177,#5178);
#5177 = CARTESIAN_POINT('',(0.,6.));
#5178 = VECTOR('',#5179,1.);
#5179 = DIRECTION('',(1.,0.));
#5180 = ( GEOMETRIC_REPRESENTATION_CONTEXT(2) 
PARAMETRIC_REPRESENTATION_CONTEXT() REPRESENTATION_CONTEXT('2D SPACE',''
  ) );
#5181 = ORIENTED_EDGE('',*,*,#4724,.T.);
#5182 = ORIENTED_EDGE('',*,*,#4916,.T.);
#5183 = ORIENTED_EDGE('',*,*,#5184,.F.);
#5184 = EDGE_CURVE('',#5160,#4889,#5185,.T.);
#5185 = SURFACE_CURVE('',#5186,(#5190,#5197),.PCURVE_S1.);
#5186 = LINE('',#5187,#5188);
#5187 = CARTESIAN_POINT('',(158.,167.,51.));
#5188 = VECTOR('',#5189,1.);
#5189 = DIRECTION('',(0.,0.,1.));
#5190 = PCURVE('',#4740,#5191);
#5191 = DEFINITIONAL_REPRESENTATION('',(#5192),#5196);
#5192 = LINE('',#5193,#5194);
#5193 = CARTESIAN_POINT('',(0.,158.));
#5194 = VECTOR('',#5195,1.);
#5195 = DIRECTION('',(1.,0.));
#5196 = ( GEOMETRIC_REPRESENTATION_CONTEXT(2) 
PARAMETRIC_REPRESENTATION_CONTEXT() REPRESENTATION_CONTEXT('2D SPACE',''
  ) );
#5197 = PCURVE('',#4904,#5198);
#5198 = DEFINITIONAL_REPRESENTATION('',(#5199),#5203);
#5199 = LINE('',#5200,#5201);
#5200 = CARTESIAN_POINT('',(0.,-6.));
#5201 = VECTOR('',#5202,1.);
#5202 = DIRECTION('',(1.,0.));
#5203 = ( GEOMETRIC_REPRESENTATION_CONTEXT(2) 
PARAMETRIC_REPRESENTATION_CONTEXT() REPRESENTATION_CONTEXT('2D SPACE',''
  ) );
#5204 = FACE_BOUND('',#5205,.T.);
#5205 = EDGE_LOOP('',(#5206));
#5206 = ORIENTED_EDGE('',*,*,#5207,.F.);
#5207 = EDGE_CURVE('',#5208,#5208,#5210,.T.);
#5208 = VERTEX_POINT('',#5209);
#5209 = CARTESIAN_POINT('',(6.2,167.,58.));
#5210 = SURFACE_CURVE('',#5211,(#5216,#5223),.PCURVE_S1.);
#5211 = CIRCLE('',#5212,1.7);
#5212 = AXIS2_PLACEMENT_3D('',#5213,#5214,#5215);
#5213 = CARTESIAN_POINT('',(4.5,167.,58.));
#5214 = DIRECTION('',(0.,1.,2.22044604925E-16));
#5215 = DIRECTION('',(1.,0.,-0.));
#5216 = PCURVE('',#4740,#5217);
#5217 = DEFINITIONAL_REPRESENTATION('',(#5218),#5222);
#5218 = CIRCLE('',#5219,1.7);
#5219 = AXIS2_PLACEMENT_2D('',#5220,#5221);
#5220 = CARTESIAN_POINT('',(7.,4.5));
#5221 = DIRECTION('',(0.,1.));
#5222 = ( GEOMETRIC_REPRESENTATION_CONTEXT(2) 
PARAMETRIC_REPRESENTATION_CONTEXT() REPRESENTATION_CONTEXT('2D SPACE',''
  ) );
#5223 = PCURVE('',#4871,#5224);
#5224 = DEFINITIONAL_REPRESENTATION('',(#5225),#5229);
#5225 = LINE('',#5226,#5227);
#5226 = CARTESIAN_POINT('',(0.,6.1));
#5227 = VECTOR('',#5228,1.);
#5228 = DIRECTION('',(1.,0.));
#5229 = ( GEOMETRIC_REPRESENTATION_CONTEXT(2) 
PARAMETRIC_REPRESENTATION_CONTEXT() REPRESENTATION_CONTEXT('2D SPACE',''
  ) );
#5230 = FACE_BOUND('',#5231,.T.);
#5231 = EDGE_LOOP('',(#5232));
#5232 = ORIENTED_EDGE('',*,*,#5233,.F.);
#5233 = EDGE_CURVE('',#5234,#5234,#5236,.T.);
#5234 = VERTEX_POINT('',#5235);
#5235 = CARTESIAN_POINT('',(155.2,167.,58.));
#5236 = SURFACE_CURVE('',#5237,(#5242,#5249),.PCURVE_S1.);
#5237 = CIRCLE('',#5238,1.7);
#5238 = AXIS2_PLACEMENT_3D('',#5239,#5240,#5241);
#5239 = CARTESIAN_POINT('',(153.5,167.,58.));
#5240 = DIRECTION('',(0.,1.,2.22044604925E-16));
#5241 = DIRECTION('',(1.,0.,-0.));
#5242 = PCURVE('',#4740,#5243);
#5243 = DEFINITIONAL_REPRESENTATION('',(#5244),#5248);
#5244 = CIRCLE('',#5245,1.7);
#5245 = AXIS2_PLACEMENT_2D('',#5246,#5247);
#5246 = CARTESIAN_POINT('',(7.,153.5));
#5247 = DIRECTION('',(0.,1.));
#5248 = ( GEOMETRIC_REPRESENTATION_CONTEXT(2) 
PARAMETRIC_REPRESENTATION_CONTEXT() REPRESENTATION_CONTEXT('2D SPACE',''
  ) );
#5249 = PCURVE('',#5250,#5255);
#5250 = CYLINDRICAL_SURFACE('',#5251,1.7);
#5251 = AXIS2_PLACEMENT_3D('',#5252,#5253,#5254);
#5252 = CARTESIAN_POINT('',(153.5,160.9,58.));
#5253 = DIRECTION('',(0.,1.,2.22044604925E-16));
#5254 = DIRECTION('',(1.,0.,-0.));
#5255 = DEFINITIONAL_REPRESENTATION('',(#5256),#5260);
#5256 = LINE('',#5257,#5258);
#5257 = CARTESIAN_POINT('',(0.,6.1));
#5258 = VECTOR('',#5259,1.);
#5259 = DIRECTION('',(1.,0.));
#5260 = ( GEOMETRIC_REPRESENTATION_CONTEXT(2) 
PARAMETRIC_REPRESENTATION_CONTEXT() REPRESENTATION_CONTEXT('2D SPACE',''
  ) );
#5261 = ADVANCED_FACE('',(#5262),#4712,.F.);
#5262 = FACE_BOUND('',#5263,.F.);
#5263 = EDGE_LOOP('',(#5264,#5287,#5288,#5289,#5290,#5313,#5336,#5359,
    #5382,#5405,#5428,#5451));
#5264 = ORIENTED_EDGE('',*,*,#5265,.T.);
#5265 = EDGE_CURVE('',#5266,#5160,#5268,.T.);
#5266 = VERTEX_POINT('',#5267);
#5267 = CARTESIAN_POINT('',(158.,161.,51.));
#5268 = SURFACE_CURVE('',#5269,(#5273,#5280),.PCURVE_S1.);
#5269 = LINE('',#5270,#5271);
#5270 = CARTESIAN_POINT('',(158.,161.,51.));
#5271 = VECTOR('',#5272,1.);
#5272 = DIRECTION('',(-0.,1.,0.));
#5273 = PCURVE('',#4712,#5274);
#5274 = DEFINITIONAL_REPRESENTATION('',(#5275),#5279);
#5275 = LINE('',#5276,#5277);
#5276 = CARTESIAN_POINT('',(158.,0.));
#5277 = VECTOR('',#5278,1.);
#5278 = DIRECTION('',(0.,1.));
#5279 = ( GEOMETRIC_REPRESENTATION_CONTEXT(2) 
PARAMETRIC_REPRESENTATION_CONTEXT() REPRESENTATION_CONTEXT('2D SPACE',''
  ) );
#5280 = PCURVE('',#4904,#5281);
#5281 = DEFINITIONAL_REPRESENTATION('',(#5282),#5286);
#5282 = LINE('',#5283,#5284);
#5283 = CARTESIAN_POINT('',(0.,0.));
#5284 = VECTOR('',#5285,1.);
#5285 = DIRECTION('',(0.,-1.));
#5286 = ( GEOMETRIC_REPRESENTATION_CONTEXT(2) 
PARAMETRIC_REPRESENTATION_CONTEXT() REPRESENTATION_CONTEXT('2D SPACE',''
  ) );
#5287 = ORIENTED_EDGE('',*,*,#5159,.F.);
#5288 = ORIENTED_EDGE('',*,*,#4696,.F.);
#5289 = ORIENTED_EDGE('',*,*,#4781,.T.);
#5290 = ORIENTED_EDGE('',*,*,#5291,.F.);
#5291 = EDGE_CURVE('',#5292,#4782,#5294,.T.);
#5292 = VERTEX_POINT('',#5293);
#5293 = CARTESIAN_POINT('',(25.,124.5,51.));
#5294 = SURFACE_CURVE('',#5295,(#5299,#5306),.PCURVE_S1.);
#5295 = LINE('',#5296,#5297);
#5296 = CARTESIAN_POINT('',(25.,124.5,51.));
#5297 = VECTOR('',#5298,1.);
#5298 = DIRECTION('',(-0.,1.,0.));
#5299 = PCURVE('',#4712,#5300);
#5300 = DEFINITIONAL_REPRESENTATION('',(#5301),#5305);
#5301 = LINE('',#5302,#5303);
#5302 = CARTESIAN_POINT('',(25.,-36.5));
#5303 = VECTOR('',#5304,1.);
#5304 = DIRECTION('',(0.,1.));
#5305 = ( GEOMETRIC_REPRESENTATION_CONTEXT(2) 
PARAMETRIC_REPRESENTATION_CONTEXT() REPRESENTATION_CONTEXT('2D SPACE',''
  ) );
#5306 = PCURVE('',#4841,#5307);
#5307 = DEFINITIONAL_REPRESENTATION('',(#5308),#5312);
#5308 = LINE('',#5309,#5310);
#5309 = CARTESIAN_POINT('',(0.,0.));
#5310 = VECTOR('',#5311,1.);
#5311 = DIRECTION('',(0.,-1.));
#5312 = ( GEOMETRIC_REPRESENTATION_CONTEXT(2) 
PARAMETRIC_REPRESENTATION_CONTEXT() REPRESENTATION_CONTEXT('2D SPACE',''
  ) );
#5313 = ORIENTED_EDGE('',*,*,#5314,.T.);
#5314 = EDGE_CURVE('',#5292,#5315,#5317,.T.);
#5315 = VERTEX_POINT('',#5316);
#5316 = CARTESIAN_POINT('',(36.,124.5,51.));
#5317 = SURFACE_CURVE('',#5318,(#5322,#5329),.PCURVE_S1.);
#5318 = LINE('',#5319,#5320);
#5319 = CARTESIAN_POINT('',(25.,124.5,51.));
#5320 = VECTOR('',#5321,1.);
#5321 = DIRECTION('',(1.,0.,-0.));
#5322 = PCURVE('',#4712,#5323);
#5323 = DEFINITIONAL_REPRESENTATION('',(#5324),#5328);
#5324 = LINE('',#5325,#5326);
#5325 = CARTESIAN_POINT('',(25.,-36.5));
#5326 = VECTOR('',#5327,1.);
#5327 = DIRECTION('',(1.,0.));
#5328 = ( GEOMETRIC_REPRESENTATION_CONTEXT(2) 
PARAMETRIC_REPRESENTATION_CONTEXT() REPRESENTATION_CONTEXT('2D SPACE',''
  ) );
#5329 = PCURVE('',#4978,#5330);
#5330 = DEFINITIONAL_REPRESENTATION('',(#5331),#5335);
#5331 = LINE('',#5332,#5333);
#5332 = CARTESIAN_POINT('',(0.,0.));
#5333 = VECTOR('',#5334,1.);
#5334 = DIRECTION('',(0.,1.));
#5335 = ( GEOMETRIC_REPRESENTATION_CONTEXT(2) 
PARAMETRIC_REPRESENTATION_CONTEXT() REPRESENTATION_CONTEXT('2D SPACE',''
  ) );
#5336 = ORIENTED_EDGE('',*,*,#5337,.T.);
#5337 = EDGE_CURVE('',#5315,#5338,#5340,.T.);
#5338 = VERTEX_POINT('',#5339);
#5339 = CARTESIAN_POINT('',(36.,161.,51.));
#5340 = SURFACE_CURVE('',#5341,(#5345,#5352),.PCURVE_S1.);
#5341 = LINE('',#5342,#5343);
#5342 = CARTESIAN_POINT('',(36.,124.5,51.));
#5343 = VECTOR('',#5344,1.);
#5344 = DIRECTION('',(-0.,1.,0.));
#5345 = PCURVE('',#4712,#5346);
#5346 = DEFINITIONAL_REPRESENTATION('',(#5347),#5351);
#5347 = LINE('',#5348,#5349);
#5348 = CARTESIAN_POINT('',(36.,-36.5));
#5349 = VECTOR('',#5350,1.);
#5350 = DIRECTION('',(0.,1.));
#5351 = ( GEOMETRIC_REPRESENTATION_CONTEXT(2) 
PARAMETRIC_REPRESENTATION_CONTEXT() REPRESENTATION_CONTEXT('2D SPACE',''
  ) );
#5352 = PCURVE('',#5006,#5353);
#5353 = DEFINITIONAL_REPRESENTATION('',(#5354),#5358);
#5354 = LINE('',#5355,#5356);
#5355 = CARTESIAN_POINT('',(0.,0.));
#5356 = VECTOR('',#5357,1.);
#5357 = DIRECTION('',(0.,-1.));
#5358 = ( GEOMETRIC_REPRESENTATION_CONTEXT(2) 
PARAMETRIC_REPRESENTATION_CONTEXT() REPRESENTATION_CONTEXT('2D SPACE',''
  ) );
#5359 = ORIENTED_EDGE('',*,*,#5360,.T.);
#5360 = EDGE_CURVE('',#5338,#5361,#5363,.T.);
#5361 = VERTEX_POINT('',#5362);
#5362 = CARTESIAN_POINT('',(122.,161.,51.));
#5363 = SURFACE_CURVE('',#5364,(#5368,#5375),.PCURVE_S1.);
#5364 = LINE('',#5365,#5366);
#5365 = CARTESIAN_POINT('',(0.,161.,51.));
#5366 = VECTOR('',#5367,1.);
#5367 = DIRECTION('',(1.,0.,-0.));
#5368 = PCURVE('',#4712,#5369);
#5369 = DEFINITIONAL_REPRESENTATION('',(#5370),#5374);
#5370 = LINE('',#5371,#5372);
#5371 = CARTESIAN_POINT('',(0.,0.));
#5372 = VECTOR('',#5373,1.);
#5373 = DIRECTION('',(1.,0.));
#5374 = ( GEOMETRIC_REPRESENTATION_CONTEXT(2) 
PARAMETRIC_REPRESENTATION_CONTEXT() REPRESENTATION_CONTEXT('2D SPACE',''
  ) );
#5375 = PCURVE('',#5034,#5376);
#5376 = DEFINITIONAL_REPRESENTATION('',(#5377),#5381);
#5377 = LINE('',#5378,#5379);
#5378 = CARTESIAN_POINT('',(0.,0.));
#5379 = VECTOR('',#5380,1.);
#5380 = DIRECTION('',(0.,1.));
#5381 = ( GEOMETRIC_REPRESENTATION_CONTEXT(2) 
PARAMETRIC_REPRESENTATION_CONTEXT() REPRESENTATION_CONTEXT('2D SPACE',''
  ) );
#5382 = ORIENTED_EDGE('',*,*,#5383,.F.);
#5383 = EDGE_CURVE('',#5384,#5361,#5386,.T.);
#5384 = VERTEX_POINT('',#5385);
#5385 = CARTESIAN_POINT('',(122.,124.5,51.));
#5386 = SURFACE_CURVE('',#5387,(#5391,#5398),.PCURVE_S1.);
#5387 = LINE('',#5388,#5389);
#5388 = CARTESIAN_POINT('',(122.,124.5,51.));
#5389 = VECTOR('',#5390,1.);
#5390 = DIRECTION('',(-0.,1.,0.));
#5391 = PCURVE('',#4712,#5392);
#5392 = DEFINITIONAL_REPRESENTATION('',(#5393),#5397);
#5393 = LINE('',#5394,#5395);
#5394 = CARTESIAN_POINT('',(122.,-36.5));
#5395 = VECTOR('',#5396,1.);
#5396 = DIRECTION('',(0.,1.));
#5397 = ( GEOMETRIC_REPRESENTATION_CONTEXT(2) 
PARAMETRIC_REPRESENTATION_CONTEXT() REPRESENTATION_CONTEXT('2D SPACE',''
  ) );
#5398 = PCURVE('',#5062,#5399);
#5399 = DEFINITIONAL_REPRESENTATION('',(#5400),#5404);
#5400 = LINE('',#5401,#5402);
#5401 = CARTESIAN_POINT('',(0.,0.));
#5402 = VECTOR('',#5403,1.);
#5403 = DIRECTION('',(0.,-1.));
#5404 = ( GEOMETRIC_REPRESENTATION_CONTEXT(2) 
PARAMETRIC_REPRESENTATION_CONTEXT() REPRESENTATION_CONTEXT('2D SPACE',''
  ) );
#5405 = ORIENTED_EDGE('',*,*,#5406,.T.);
#5406 = EDGE_CURVE('',#5384,#5407,#5409,.T.);
#5407 = VERTEX_POINT('',#5408);
#5408 = CARTESIAN_POINT('',(133.,124.5,51.));
#5409 = SURFACE_CURVE('',#5410,(#5414,#5421),.PCURVE_S1.);
#5410 = LINE('',#5411,#5412);
#5411 = CARTESIAN_POINT('',(122.,124.5,51.));
#5412 = VECTOR('',#5413,1.);
#5413 = DIRECTION('',(1.,0.,-0.));
#5414 = PCURVE('',#4712,#5415);
#5415 = DEFINITIONAL_REPRESENTATION('',(#5416),#5420);
#5416 = LINE('',#5417,#5418);
#5417 = CARTESIAN_POINT('',(122.,-36.5));
#5418 = VECTOR('',#5419,1.);
#5419 = DIRECTION('',(1.,0.));
#5420 = ( GEOMETRIC_REPRESENTATION_CONTEXT(2) 
PARAMETRIC_REPRESENTATION_CONTEXT() REPRESENTATION_CONTEXT('2D SPACE',''
  ) );
#5421 = PCURVE('',#5090,#5422);
#5422 = DEFINITIONAL_REPRESENTATION('',(#5423),#5427);
#5423 = LINE('',#5424,#5425);
#5424 = CARTESIAN_POINT('',(0.,0.));
#5425 = VECTOR('',#5426,1.);
#5426 = DIRECTION('',(0.,1.));
#5427 = ( GEOMETRIC_REPRESENTATION_CONTEXT(2) 
PARAMETRIC_REPRESENTATION_CONTEXT() REPRESENTATION_CONTEXT('2D SPACE',''
  ) );
#5428 = ORIENTED_EDGE('',*,*,#5429,.T.);
#5429 = EDGE_CURVE('',#5407,#5430,#5432,.T.);
#5430 = VERTEX_POINT('',#5431);
#5431 = CARTESIAN_POINT('',(133.,161.,51.));
#5432 = SURFACE_CURVE('',#5433,(#5437,#5444),.PCURVE_S1.);
#5433 = LINE('',#5434,#5435);
#5434 = CARTESIAN_POINT('',(133.,124.5,51.));
#5435 = VECTOR('',#5436,1.);
#5436 = DIRECTION('',(-0.,1.,0.));
#5437 = PCURVE('',#4712,#5438);
#5438 = DEFINITIONAL_REPRESENTATION('',(#5439),#5443);
#5439 = LINE('',#5440,#5441);
#5440 = CARTESIAN_POINT('',(133.,-36.5));
#5441 = VECTOR('',#5442,1.);
#5442 = DIRECTION('',(0.,1.));
#5443 = ( GEOMETRIC_REPRESENTATION_CONTEXT(2) 
PARAMETRIC_REPRESENTATION_CONTEXT() REPRESENTATION_CONTEXT('2D SPACE',''
  ) );
#5444 = PCURVE('',#5118,#5445);
#5445 = DEFINITIONAL_REPRESENTATION('',(#5446),#5450);
#5446 = LINE('',#5447,#5448);
#5447 = CARTESIAN_POINT('',(0.,0.));
#5448 = VECTOR('',#5449,1.);
#5449 = DIRECTION('',(0.,-1.));
#5450 = ( GEOMETRIC_REPRESENTATION_CONTEXT(2) 
PARAMETRIC_REPRESENTATION_CONTEXT() REPRESENTATION_CONTEXT('2D SPACE',''
  ) );
#5451 = ORIENTED_EDGE('',*,*,#5452,.T.);
#5452 = EDGE_CURVE('',#5430,#5266,#5453,.T.);
#5453 = SURFACE_CURVE('',#5454,(#5458,#5465),.PCURVE_S1.);
#5454 = LINE('',#5455,#5456);
#5455 = CARTESIAN_POINT('',(0.,161.,51.));
#5456 = VECTOR('',#5457,1.);
#5457 = DIRECTION('',(1.,0.,-0.));
#5458 = PCURVE('',#4712,#5459);
#5459 = DEFINITIONAL_REPRESENTATION('',(#5460),#5464);
#5460 = LINE('',#5461,#5462);
#5461 = CARTESIAN_POINT('',(0.,0.));
#5462 = VECTOR('',#5463,1.);
#5463 = DIRECTION('',(1.,0.));
#5464 = ( GEOMETRIC_REPRESENTATION_CONTEXT(2) 
PARAMETRIC_REPRESENTATION_CONTEXT() REPRESENTATION_CONTEXT('2D SPACE',''
  ) );
#5465 = PCURVE('',#5144,#5466);
#5466 = DEFINITIONAL_REPRESENTATION('',(#5467),#5471);
#5467 = LINE('',#5468,#5469);
#5468 = CARTESIAN_POINT('',(0.,0.));
#5469 = VECTOR('',#5470,1.);
#5470 = DIRECTION('',(0.,1.));
#5471 = ( GEOMETRIC_REPRESENTATION_CONTEXT(2) 
PARAMETRIC_REPRESENTATION_CONTEXT() REPRESENTATION_CONTEXT('2D SPACE',''
  ) );
#5472 = ADVANCED_FACE('',(#5473),#4841,.F.);
#5473 = FACE_BOUND('',#5474,.F.);
#5474 = EDGE_LOOP('',(#5475,#5476,#5497,#5498));
#5475 = ORIENTED_EDGE('',*,*,#4939,.F.);
#5476 = ORIENTED_EDGE('',*,*,#5477,.F.);
#5477 = EDGE_CURVE('',#5292,#4940,#5478,.T.);
#5478 = SURFACE_CURVE('',#5479,(#5483,#5490),.PCURVE_S1.);
#5479 = LINE('',#5480,#5481);
#5480 = CARTESIAN_POINT('',(25.,124.5,51.));
#5481 = VECTOR('',#5482,1.);
#5482 = DIRECTION('',(0.,0.,1.));
#5483 = PCURVE('',#4841,#5484);
#5484 = DEFINITIONAL_REPRESENTATION('',(#5485),#5489);
#5485 = LINE('',#5486,#5487);
#5486 = CARTESIAN_POINT('',(0.,0.));
#5487 = VECTOR('',#5488,1.);
#5488 = DIRECTION('',(1.,0.));
#5489 = ( GEOMETRIC_REPRESENTATION_CONTEXT(2) 
PARAMETRIC_REPRESENTATION_CONTEXT() REPRESENTATION_CONTEXT('2D SPACE',''
  ) );
#5490 = PCURVE('',#4978,#5491);
#5491 = DEFINITIONAL_REPRESENTATION('',(#5492),#5496);
#5492 = LINE('',#5493,#5494);
#5493 = CARTESIAN_POINT('',(0.,0.));
#5494 = VECTOR('',#5495,1.);
#5495 = DIRECTION('',(1.,0.));
#5496 = ( GEOMETRIC_REPRESENTATION_CONTEXT(2) 
PARAMETRIC_REPRESENTATION_CONTEXT() REPRESENTATION_CONTEXT('2D SPACE',''
  ) );
#5497 = ORIENTED_EDGE('',*,*,#5291,.T.);
#5498 = ORIENTED_EDGE('',*,*,#4828,.F.);
#5499 = ADVANCED_FACE('',(#5500),#4871,.F.);
#5500 = FACE_BOUND('',#5501,.F.);
#5501 = EDGE_LOOP('',(#5502,#5503,#5524,#5525));
#5502 = ORIENTED_EDGE('',*,*,#5207,.F.);
#5503 = ORIENTED_EDGE('',*,*,#5504,.F.);
#5504 = EDGE_CURVE('',#4855,#5208,#5505,.T.);
#5505 = SEAM_CURVE('',#5506,(#5510,#5517),.PCURVE_S1.);
#5506 = LINE('',#5507,#5508);
#5507 = CARTESIAN_POINT('',(6.2,160.9,58.));
#5508 = VECTOR('',#5509,1.);
#5509 = DIRECTION('',(0.,1.,2.22044604925E-16));
#5510 = PCURVE('',#4871,#5511);
#5511 = DEFINITIONAL_REPRESENTATION('',(#5512),#5516);
#5512 = LINE('',#5513,#5514);
#5513 = CARTESIAN_POINT('',(6.28318530718,-0.));
#5514 = VECTOR('',#5515,1.);
#5515 = DIRECTION('',(0.,1.));
#5516 = ( GEOMETRIC_REPRESENTATION_CONTEXT(2) 
PARAMETRIC_REPRESENTATION_CONTEXT() REPRESENTATION_CONTEXT('2D SPACE',''
  ) );
#5517 = PCURVE('',#4871,#5518);
#5518 = DEFINITIONAL_REPRESENTATION('',(#5519),#5523);
#5519 = LINE('',#5520,#5521);
#5520 = CARTESIAN_POINT('',(0.,-0.));
#5521 = VECTOR('',#5522,1.);
#5522 = DIRECTION('',(0.,1.));
#5523 = ( GEOMETRIC_REPRESENTATION_CONTEXT(2) 
PARAMETRIC_REPRESENTATION_CONTEXT() REPRESENTATION_CONTEXT('2D SPACE',''
  ) );
#5524 = ORIENTED_EDGE('',*,*,#4854,.T.);
#5525 = ORIENTED_EDGE('',*,*,#5504,.T.);
#5526 = ADVANCED_FACE('',(#5527),#4904,.T.);
#5527 = FACE_BOUND('',#5528,.T.);
#5528 = EDGE_LOOP('',(#5529,#5550,#5551,#5552));
#5529 = ORIENTED_EDGE('',*,*,#5530,.F.);
#5530 = EDGE_CURVE('',#5266,#4887,#5531,.T.);
#5531 = SURFACE_CURVE('',#5532,(#5536,#5543),.PCURVE_S1.);
#5532 = LINE('',#5533,#5534);
#5533 = CARTESIAN_POINT('',(158.,161.,51.));
#5534 = VECTOR('',#5535,1.);
#5535 = DIRECTION('',(0.,0.,1.));
#5536 = PCURVE('',#4904,#5537);
#5537 = DEFINITIONAL_REPRESENTATION('',(#5538),#5542);
#5538 = LINE('',#5539,#5540);
#5539 = CARTESIAN_POINT('',(0.,0.));
#5540 = VECTOR('',#5541,1.);
#5541 = DIRECTION('',(1.,0.));
#5542 = ( GEOMETRIC_REPRESENTATION_CONTEXT(2) 
PARAMETRIC_REPRESENTATION_CONTEXT() REPRESENTATION_CONTEXT('2D SPACE',''
  ) );
#5543 = PCURVE('',#5144,#5544);
#5544 = DEFINITIONAL_REPRESENTATION('',(#5545),#5549);
#5545 = LINE('',#5546,#5547);
#5546 = CARTESIAN_POINT('',(0.,158.));
#5547 = VECTOR('',#5548,1.);
#5548 = DIRECTION('',(1.,0.));
#5549 = ( GEOMETRIC_REPRESENTATION_CONTEXT(2) 
PARAMETRIC_REPRESENTATION_CONTEXT() REPRESENTATION_CONTEXT('2D SPACE',''
  ) );
#5550 = ORIENTED_EDGE('',*,*,#5265,.T.);
#5551 = ORIENTED_EDGE('',*,*,#5184,.T.);
#5552 = ORIENTED_EDGE('',*,*,#4886,.F.);
#5553 = ADVANCED_FACE('',(#5554,#5578),#5144,.F.);
#5554 = FACE_BOUND('',#5555,.F.);
#5555 = EDGE_LOOP('',(#5556,#5557,#5576,#5577));
#5556 = ORIENTED_EDGE('',*,*,#5452,.F.);
#5557 = ORIENTED_EDGE('',*,*,#5558,.F.);
#5558 = EDGE_CURVE('',#5103,#5430,#5559,.T.);
#5559 = SURFACE_CURVE('',#5560,(#5564,#5570),.PCURVE_S1.);
#5560 = LINE('',#5561,#5562);
#5561 = CARTESIAN_POINT('',(133.,161.,51.));
#5562 = VECTOR('',#5563,1.);
#5563 = DIRECTION('',(-0.,0.,-1.));
#5564 = PCURVE('',#5144,#5565);
#5565 = DEFINITIONAL_REPRESENTATION('',(#5566),#5569);
#5566 = B_SPLINE_CURVE_WITH_KNOTS('',1,(#5567,#5568),.UNSPECIFIED.,.F.,
  .F.,(2,2),(-14.,0.),.PIECEWISE_BEZIER_KNOTS.);
#5567 = CARTESIAN_POINT('',(14.,133.));
#5568 = CARTESIAN_POINT('',(0.,133.));
#5569 = ( GEOMETRIC_REPRESENTATION_CONTEXT(2) 
PARAMETRIC_REPRESENTATION_CONTEXT() REPRESENTATION_CONTEXT('2D SPACE',''
  ) );
#5570 = PCURVE('',#5118,#5571);
#5571 = DEFINITIONAL_REPRESENTATION('',(#5572),#5575);
#5572 = B_SPLINE_CURVE_WITH_KNOTS('',1,(#5573,#5574),.UNSPECIFIED.,.F.,
  .F.,(2,2),(-14.,0.),.PIECEWISE_BEZIER_KNOTS.);
#5573 = CARTESIAN_POINT('',(14.,-36.5));
#5574 = CARTESIAN_POINT('',(0.,-36.5));
#5575 = ( GEOMETRIC_REPRESENTATION_CONTEXT(2) 
PARAMETRIC_REPRESENTATION_CONTEXT() REPRESENTATION_CONTEXT('2D SPACE',''
  ) );
#5576 = ORIENTED_EDGE('',*,*,#5130,.T.);
#5577 = ORIENTED_EDGE('',*,*,#5530,.F.);
#5578 = FACE_BOUND('',#5579,.F.);
#5579 = EDGE_LOOP('',(#5580));
#5580 = ORIENTED_EDGE('',*,*,#5581,.F.);
#5581 = EDGE_CURVE('',#5582,#5582,#5584,.T.);
#5582 = VERTEX_POINT('',#5583);
#5583 = CARTESIAN_POINT('',(155.2,161.,58.));
#5584 = SURFACE_CURVE('',#5585,(#5590,#5597),.PCURVE_S1.);
#5585 = CIRCLE('',#5586,1.7);
#5586 = AXIS2_PLACEMENT_3D('',#5587,#5588,#5589);
#5587 = CARTESIAN_POINT('',(153.5,161.,58.));
#5588 = DIRECTION('',(0.,1.,2.22044604925E-16));
#5589 = DIRECTION('',(1.,0.,-0.));
#5590 = PCURVE('',#5144,#5591);
#5591 = DEFINITIONAL_REPRESENTATION('',(#5592),#5596);
#5592 = CIRCLE('',#5593,1.7);
#5593 = AXIS2_PLACEMENT_2D('',#5594,#5595);
#5594 = CARTESIAN_POINT('',(7.,153.5));
#5595 = DIRECTION('',(0.,1.));
#5596 = ( GEOMETRIC_REPRESENTATION_CONTEXT(2) 
PARAMETRIC_REPRESENTATION_CONTEXT() REPRESENTATION_CONTEXT('2D SPACE',''
  ) );
#5597 = PCURVE('',#5250,#5598);
#5598 = DEFINITIONAL_REPRESENTATION('',(#5599),#5603);
#5599 = LINE('',#5600,#5601);
#5600 = CARTESIAN_POINT('',(0.,9.999999999999E-02));
#5601 = VECTOR('',#5602,1.);
#5602 = DIRECTION('',(1.,0.));
#5603 = ( GEOMETRIC_REPRESENTATION_CONTEXT(2) 
PARAMETRIC_REPRESENTATION_CONTEXT() REPRESENTATION_CONTEXT('2D SPACE',''
  ) );
#5604 = ADVANCED_FACE('',(#5605),#5034,.F.);
#5605 = FACE_BOUND('',#5606,.F.);
#5606 = EDGE_LOOP('',(#5607,#5608,#5627,#5628));
#5607 = ORIENTED_EDGE('',*,*,#5360,.F.);
#5608 = ORIENTED_EDGE('',*,*,#5609,.F.);
#5609 = EDGE_CURVE('',#4991,#5338,#5610,.T.);
#5610 = SURFACE_CURVE('',#5611,(#5615,#5621),.PCURVE_S1.);
#5611 = LINE('',#5612,#5613);
#5612 = CARTESIAN_POINT('',(36.,161.,51.));
#5613 = VECTOR('',#5614,1.);
#5614 = DIRECTION('',(-0.,0.,-1.));
#5615 = PCURVE('',#5034,#5616);
#5616 = DEFINITIONAL_REPRESENTATION('',(#5617),#5620);
#5617 = B_SPLINE_CURVE_WITH_KNOTS('',1,(#5618,#5619),.UNSPECIFIED.,.F.,
  .F.,(2,2),(-14.,0.),.PIECEWISE_BEZIER_KNOTS.);
#5618 = CARTESIAN_POINT('',(14.,36.));
#5619 = CARTESIAN_POINT('',(0.,36.));
#5620 = ( GEOMETRIC_REPRESENTATION_CONTEXT(2) 
PARAMETRIC_REPRESENTATION_CONTEXT() REPRESENTATION_CONTEXT('2D SPACE',''
  ) );
#5621 = PCURVE('',#5006,#5622);
#5622 = DEFINITIONAL_REPRESENTATION('',(#5623),#5626);
#5623 = B_SPLINE_CURVE_WITH_KNOTS('',1,(#5624,#5625),.UNSPECIFIED.,.F.,
  .F.,(2,2),(-14.,0.),.PIECEWISE_BEZIER_KNOTS.);
#5624 = CARTESIAN_POINT('',(14.,-36.5));
#5625 = CARTESIAN_POINT('',(0.,-36.5));
#5626 = ( GEOMETRIC_REPRESENTATION_CONTEXT(2) 
PARAMETRIC_REPRESENTATION_CONTEXT() REPRESENTATION_CONTEXT('2D SPACE',''
  ) );
#5627 = ORIENTED_EDGE('',*,*,#5018,.T.);
#5628 = ORIENTED_EDGE('',*,*,#5629,.T.);
#5629 = EDGE_CURVE('',#5019,#5361,#5630,.T.);
#5630 = SURFACE_CURVE('',#5631,(#5635,#5641),.PCURVE_S1.);
#5631 = LINE('',#5632,#5633);
#5632 = CARTESIAN_POINT('',(122.,161.,51.));
#5633 = VECTOR('',#5634,1.);
#5634 = DIRECTION('',(-0.,0.,-1.));
#5635 = PCURVE('',#5034,#5636);
#5636 = DEFINITIONAL_REPRESENTATION('',(#5637),#5640);
#5637 = B_SPLINE_CURVE_WITH_KNOTS('',1,(#5638,#5639),.UNSPECIFIED.,.F.,
  .F.,(2,2),(-14.,0.),.PIECEWISE_BEZIER_KNOTS.);
#5638 = CARTESIAN_POINT('',(14.,122.));
#5639 = CARTESIAN_POINT('',(0.,122.));
#5640 = ( GEOMETRIC_REPRESENTATION_CONTEXT(2) 
PARAMETRIC_REPRESENTATION_CONTEXT() REPRESENTATION_CONTEXT('2D SPACE',''
  ) );
#5641 = PCURVE('',#5062,#5642);
#5642 = DEFINITIONAL_REPRESENTATION('',(#5643),#5646);
#5643 = B_SPLINE_CURVE_WITH_KNOTS('',1,(#5644,#5645),.UNSPECIFIED.,.F.,
  .F.,(2,2),(-14.,0.),.PIECEWISE_BEZIER_KNOTS.);
#5644 = CARTESIAN_POINT('',(14.,-36.5));
#5645 = CARTESIAN_POINT('',(0.,-36.5));
#5646 = ( GEOMETRIC_REPRESENTATION_CONTEXT(2) 
PARAMETRIC_REPRESENTATION_CONTEXT() REPRESENTATION_CONTEXT('2D SPACE',''
  ) );
#5647 = ADVANCED_FACE('',(#5648),#5006,.T.);
#5648 = FACE_BOUND('',#5649,.T.);
#5649 = EDGE_LOOP('',(#5650,#5651,#5672,#5673));
#5650 = ORIENTED_EDGE('',*,*,#4990,.F.);
#5651 = ORIENTED_EDGE('',*,*,#5652,.F.);
#5652 = EDGE_CURVE('',#5315,#4963,#5653,.T.);
#5653 = SURFACE_CURVE('',#5654,(#5658,#5665),.PCURVE_S1.);
#5654 = LINE('',#5655,#5656);
#5655 = CARTESIAN_POINT('',(36.,124.5,51.));
#5656 = VECTOR('',#5657,1.);
#5657 = DIRECTION('',(0.,0.,1.));
#5658 = PCURVE('',#5006,#5659);
#5659 = DEFINITIONAL_REPRESENTATION('',(#5660),#5664);
#5660 = LINE('',#5661,#5662);
#5661 = CARTESIAN_POINT('',(0.,0.));
#5662 = VECTOR('',#5663,1.);
#5663 = DIRECTION('',(1.,0.));
#5664 = ( GEOMETRIC_REPRESENTATION_CONTEXT(2) 
PARAMETRIC_REPRESENTATION_CONTEXT() REPRESENTATION_CONTEXT('2D SPACE',''
  ) );
#5665 = PCURVE('',#4978,#5666);
#5666 = DEFINITIONAL_REPRESENTATION('',(#5667),#5671);
#5667 = LINE('',#5668,#5669);
#5668 = CARTESIAN_POINT('',(0.,11.));
#5669 = VECTOR('',#5670,1.);
#5670 = DIRECTION('',(1.,0.));
#5671 = ( GEOMETRIC_REPRESENTATION_CONTEXT(2) 
PARAMETRIC_REPRESENTATION_CONTEXT() REPRESENTATION_CONTEXT('2D SPACE',''
  ) );
#5672 = ORIENTED_EDGE('',*,*,#5337,.T.);
#5673 = ORIENTED_EDGE('',*,*,#5609,.F.);
#5674 = ADVANCED_FACE('',(#5675),#4978,.F.);
#5675 = FACE_BOUND('',#5676,.F.);
#5676 = EDGE_LOOP('',(#5677,#5678,#5679,#5680));
#5677 = ORIENTED_EDGE('',*,*,#5314,.F.);
#5678 = ORIENTED_EDGE('',*,*,#5477,.T.);
#5679 = ORIENTED_EDGE('',*,*,#4962,.T.);
#5680 = ORIENTED_EDGE('',*,*,#5652,.F.);
#5681 = ADVANCED_FACE('',(#5682),#5250,.F.);
#5682 = FACE_BOUND('',#5683,.F.);
#5683 = EDGE_LOOP('',(#5684,#5685,#5706,#5707));
#5684 = ORIENTED_EDGE('',*,*,#5233,.F.);
#5685 = ORIENTED_EDGE('',*,*,#5686,.F.);
#5686 = EDGE_CURVE('',#5582,#5234,#5687,.T.);
#5687 = SEAM_CURVE('',#5688,(#5692,#5699),.PCURVE_S1.);
#5688 = LINE('',#5689,#5690);
#5689 = CARTESIAN_POINT('',(155.2,160.9,58.));
#5690 = VECTOR('',#5691,1.);
#5691 = DIRECTION('',(0.,1.,2.22044604925E-16));
#5692 = PCURVE('',#5250,#5693);
#5693 = DEFINITIONAL_REPRESENTATION('',(#5694),#5698);
#5694 = LINE('',#5695,#5696);
#5695 = CARTESIAN_POINT('',(6.28318530718,-0.));
#5696 = VECTOR('',#5697,1.);
#5697 = DIRECTION('',(0.,1.));
#5698 = ( GEOMETRIC_REPRESENTATION_CONTEXT(2) 
PARAMETRIC_REPRESENTATION_CONTEXT() REPRESENTATION_CONTEXT('2D SPACE',''
  ) );
#5699 = PCURVE('',#5250,#5700);
#5700 = DEFINITIONAL_REPRESENTATION('',(#5701),#5705);
#5701 = LINE('',#5702,#5703);
#5702 = CARTESIAN_POINT('',(0.,-0.));
#5703 = VECTOR('',#5704,1.);
#5704 = DIRECTION('',(0.,1.));
#5705 = ( GEOMETRIC_REPRESENTATION_CONTEXT(2) 
PARAMETRIC_REPRESENTATION_CONTEXT() REPRESENTATION_CONTEXT('2D SPACE',''
  ) );
#5706 = ORIENTED_EDGE('',*,*,#5581,.T.);
#5707 = ORIENTED_EDGE('',*,*,#5686,.T.);
#5708 = ADVANCED_FACE('',(#5709),#5118,.T.);
#5709 = FACE_BOUND('',#5710,.T.);
#5710 = EDGE_LOOP('',(#5711,#5712,#5733,#5734));
#5711 = ORIENTED_EDGE('',*,*,#5102,.F.);
#5712 = ORIENTED_EDGE('',*,*,#5713,.F.);
#5713 = EDGE_CURVE('',#5407,#5075,#5714,.T.);
#5714 = SURFACE_CURVE('',#5715,(#5719,#5726),.PCURVE_S1.);
#5715 = LINE('',#5716,#5717);
#5716 = CARTESIAN_POINT('',(133.,124.5,51.));
#5717 = VECTOR('',#5718,1.);
#5718 = DIRECTION('',(0.,0.,1.));
#5719 = PCURVE('',#5118,#5720);
#5720 = DEFINITIONAL_REPRESENTATION('',(#5721),#5725);
#5721 = LINE('',#5722,#5723);
#5722 = CARTESIAN_POINT('',(0.,0.));
#5723 = VECTOR('',#5724,1.);
#5724 = DIRECTION('',(1.,0.));
#5725 = ( GEOMETRIC_REPRESENTATION_CONTEXT(2) 
PARAMETRIC_REPRESENTATION_CONTEXT() REPRESENTATION_CONTEXT('2D SPACE',''
  ) );
#5726 = PCURVE('',#5090,#5727);
#5727 = DEFINITIONAL_REPRESENTATION('',(#5728),#5732);
#5728 = LINE('',#5729,#5730);
#5729 = CARTESIAN_POINT('',(0.,11.));
#5730 = VECTOR('',#5731,1.);
#5731 = DIRECTION('',(1.,0.));
#5732 = ( GEOMETRIC_REPRESENTATION_CONTEXT(2) 
PARAMETRIC_REPRESENTATION_CONTEXT() REPRESENTATION_CONTEXT('2D SPACE',''
  ) );
#5733 = ORIENTED_EDGE('',*,*,#5429,.T.);
#5734 = ORIENTED_EDGE('',*,*,#5558,.F.);
#5735 = ADVANCED_FACE('',(#5736),#5062,.F.);
#5736 = FACE_BOUND('',#5737,.F.);
#5737 = EDGE_LOOP('',(#5738,#5739,#5760,#5761));
#5738 = ORIENTED_EDGE('',*,*,#5046,.F.);
#5739 = ORIENTED_EDGE('',*,*,#5740,.F.);
#5740 = EDGE_CURVE('',#5384,#5047,#5741,.T.);
#5741 = SURFACE_CURVE('',#5742,(#5746,#5753),.PCURVE_S1.);
#5742 = LINE('',#5743,#5744);
#5743 = CARTESIAN_POINT('',(122.,124.5,51.));
#5744 = VECTOR('',#5745,1.);
#5745 = DIRECTION('',(0.,0.,1.));
#5746 = PCURVE('',#5062,#5747);
#5747 = DEFINITIONAL_REPRESENTATION('',(#5748),#5752);
#5748 = LINE('',#5749,#5750);
#5749 = CARTESIAN_POINT('',(0.,0.));
#5750 = VECTOR('',#5751,1.);
#5751 = DIRECTION('',(1.,0.));
#5752 = ( GEOMETRIC_REPRESENTATION_CONTEXT(2) 
PARAMETRIC_REPRESENTATION_CONTEXT() REPRESENTATION_CONTEXT('2D SPACE',''
  ) );
#5753 = PCURVE('',#5090,#5754);
#5754 = DEFINITIONAL_REPRESENTATION('',(#5755),#5759);
#5755 = LINE('',#5756,#5757);
#5756 = CARTESIAN_POINT('',(0.,0.));
#5757 = VECTOR('',#5758,1.);
#5758 = DIRECTION('',(1.,0.));
#5759 = ( GEOMETRIC_REPRESENTATION_CONTEXT(2) 
PARAMETRIC_REPRESENTATION_CONTEXT() REPRESENTATION_CONTEXT('2D SPACE',''
  ) );
#5760 = ORIENTED_EDGE('',*,*,#5383,.T.);
#5761 = ORIENTED_EDGE('',*,*,#5629,.F.);
#5762 = ADVANCED_FACE('',(#5763),#5090,.F.);
#5763 = FACE_BOUND('',#5764,.F.);
#5764 = EDGE_LOOP('',(#5765,#5766,#5767,#5768));
#5765 = ORIENTED_EDGE('',*,*,#5406,.F.);
#5766 = ORIENTED_EDGE('',*,*,#5740,.T.);
#5767 = ORIENTED_EDGE('',*,*,#5074,.T.);
#5768 = ORIENTED_EDGE('',*,*,#5713,.F.);
#5769 = ( GEOMETRIC_REPRESENTATION_CONTEXT(3) 
GLOBAL_UNCERTAINTY_ASSIGNED_CONTEXT((#5773)) 
GLOBAL_UNIT_ASSIGNED_CONTEXT((#5770,#5771,#5772)) REPRESENTATION_CONTEXT
('Context #1','3D Context with UNIT and UNCERTAINTY') );
#5770 = ( LENGTH_UNIT() NAMED_UNIT(*) SI_UNIT(.MILLI.,.METRE.) );
#5771 = ( NAMED_UNIT(*) PLANE_ANGLE_UNIT() SI_UNIT($,.RADIAN.) );
#5772 = ( NAMED_UNIT(*) SI_UNIT($,.STERADIAN.) SOLID_ANGLE_UNIT() );
#5773 = UNCERTAINTY_MEASURE_WITH_UNIT(LENGTH_MEASURE(2.E-07),#5770,
  'distance_accuracy_value','confusion accuracy');
#5774 = CONTEXT_DEPENDENT_SHAPE_REPRESENTATION(#5775,#5777);
#5775 = ( REPRESENTATION_RELATIONSHIP('','',#4654,#10) 
REPRESENTATION_RELATIONSHIP_WITH_TRANSFORMATION(#5776) 
SHAPE_REPRESENTATION_RELATIONSHIP() );
#5776 = ITEM_DEFINED_TRANSFORMATION('','',#11,#23);
#5777 = PRODUCT_DEFINITION_SHAPE('Placement','Placement of an item',
  #5778);
#5778 = NEXT_ASSEMBLY_USAGE_OCCURRENCE('3','retaining_bar_58','',#5,
  #4649,$);
#5779 = PRODUCT_RELATED_PRODUCT_CATEGORY('part',$,(#4651));
#5780 = SHAPE_DEFINITION_REPRESENTATION(#5781,#5787);
#5781 = PRODUCT_DEFINITION_SHAPE('','',#5782);
#5782 = PRODUCT_DEFINITION('design','',#5783,#5786);
#5783 = PRODUCT_DEFINITION_FORMATION('','',#5784);
#5784 = PRODUCT('retaining_bar_137','retaining_bar_137','',(#5785));
#5785 = PRODUCT_CONTEXT('',#2,'mechanical');
#5786 = PRODUCT_DEFINITION_CONTEXT('part definition',#2,'design');
#5787 = ADVANCED_BREP_SHAPE_REPRESENTATION('',(#11,#5788),#6902);
#5788 = MANIFOLD_SOLID_BREP('',#5789);
#5789 = CLOSED_SHELL('',(#5790,#5910,#6015,#6288,#6394,#6605,#6632,#6659
    ,#6686,#6737,#6780,#6807,#6814,#6841,#6868,#6895));
#5790 = ADVANCED_FACE('',(#5791),#5805,.F.);
#5791 = FACE_BOUND('',#5792,.F.);
#5792 = EDGE_LOOP('',(#5793,#5828,#5856,#5884));
#5793 = ORIENTED_EDGE('',*,*,#5794,.F.);
#5794 = EDGE_CURVE('',#5795,#5797,#5799,.T.);
#5795 = VERTEX_POINT('',#5796);
#5796 = CARTESIAN_POINT('',(0.,161.,130.));
#5797 = VERTEX_POINT('',#5798);
#5798 = CARTESIAN_POINT('',(0.,161.,144.));
#5799 = SURFACE_CURVE('',#5800,(#5804,#5816),.PCURVE_S1.);
#5800 = LINE('',#5801,#5802);
#5801 = CARTESIAN_POINT('',(0.,161.,130.));
#5802 = VECTOR('',#5803,1.);
#5803 = DIRECTION('',(0.,0.,1.));
#5804 = PCURVE('',#5805,#5810);
#5805 = PLANE('',#5806);
#5806 = AXIS2_PLACEMENT_3D('',#5807,#5808,#5809);
#5807 = CARTESIAN_POINT('',(0.,161.,130.));
#5808 = DIRECTION('',(1.,0.,-0.));
#5809 = DIRECTION('',(0.,0.,1.));
#5810 = DEFINITIONAL_REPRESENTATION('',(#5811),#5815);
#5811 = LINE('',#5812,#5813);
#5812 = CARTESIAN_POINT('',(0.,0.));
#5813 = VECTOR('',#5814,1.);
#5814 = DIRECTION('',(1.,0.));
#5815 = ( GEOMETRIC_REPRESENTATION_CONTEXT(2) 
PARAMETRIC_REPRESENTATION_CONTEXT() REPRESENTATION_CONTEXT('2D SPACE',''
  ) );
#5816 = PCURVE('',#5817,#5822);
#5817 = PLANE('',#5818);
#5818 = AXIS2_PLACEMENT_3D('',#5819,#5820,#5821);
#5819 = CARTESIAN_POINT('',(0.,161.,130.));
#5820 = DIRECTION('',(-0.,1.,0.));
#5821 = DIRECTION('',(0.,0.,1.));
#5822 = DEFINITIONAL_REPRESENTATION('',(#5823),#5827);
#5823 = LINE('',#5824,#5825);
#5824 = CARTESIAN_POINT('',(0.,0.));
#5825 = VECTOR('',#5826,1.);
#5826 = DIRECTION('',(1.,0.));
#5827 = ( GEOMETRIC_REPRESENTATION_CONTEXT(2) 
PARAMETRIC_REPRESENTATION_CONTEXT() REPRESENTATION_CONTEXT('2D SPACE',''
  ) );
#5828 = ORIENTED_EDGE('',*,*,#5829,.T.);
#5829 = EDGE_CURVE('',#5795,#5830,#5832,.T.);
#5830 = VERTEX_POINT('',#5831);
#5831 = CARTESIAN_POINT('',(0.,167.,130.));
#5832 = SURFACE_CURVE('',#5833,(#5837,#5844),.PCURVE_S1.);
#5833 = LINE('',#5834,#5835);
#5834 = CARTESIAN_POINT('',(0.,161.,130.));
#5835 = VECTOR('',#5836,1.);
#5836 = DIRECTION('',(-0.,1.,0.));
#5837 = PCURVE('',#5805,#5838);
#5838 = DEFINITIONAL_REPRESENTATION('',(#5839),#5843);
#5839 = LINE('',#5840,#5841);
#5840 = CARTESIAN_POINT('',(0.,0.));
#5841 = VECTOR('',#5842,1.);
#5842 = DIRECTION('',(0.,-1.));
#5843 = ( GEOMETRIC_REPRESENTATION_CONTEXT(2) 
PARAMETRIC_REPRESENTATION_CONTEXT() REPRESENTATION_CONTEXT('2D SPACE',''
  ) );
#5844 = PCURVE('',#5845,#5850);
#5845 = PLANE('',#5846);
#5846 = AXIS2_PLACEMENT_3D('',#5847,#5848,#5849);
#5847 = CARTESIAN_POINT('',(0.,161.,130.));
#5848 = DIRECTION('',(0.,0.,1.));
#5849 = DIRECTION('',(1.,0.,-0.));
#5850 = DEFINITIONAL_REPRESENTATION('',(#5851),#5855);
#5851 = LINE('',#5852,#5853);
#5852 = CARTESIAN_POINT('',(0.,0.));
#5853 = VECTOR('',#5854,1.);
#5854 = DIRECTION('',(0.,1.));
#5855 = ( GEOMETRIC_REPRESENTATION_CONTEXT(2) 
PARAMETRIC_REPRESENTATION_CONTEXT() REPRESENTATION_CONTEXT('2D SPACE',''
  ) );
#5856 = ORIENTED_EDGE('',*,*,#5857,.T.);
#5857 = EDGE_CURVE('',#5830,#5858,#5860,.T.);
#5858 = VERTEX_POINT('',#5859);
#5859 = CARTESIAN_POINT('',(0.,167.,144.));
#5860 = SURFACE_CURVE('',#5861,(#5865,#5872),.PCURVE_S1.);
#5861 = LINE('',#5862,#5863);
#5862 = CARTESIAN_POINT('',(0.,167.,130.));
#5863 = VECTOR('',#5864,1.);
#5864 = DIRECTION('',(0.,0.,1.));
#5865 = PCURVE('',#5805,#5866);
#5866 = DEFINITIONAL_REPRESENTATION('',(#5867),#5871);
#5867 = LINE('',#5868,#5869);
#5868 = CARTESIAN_POINT('',(0.,-6.));
#5869 = VECTOR('',#5870,1.);
#5870 = DIRECTION('',(1.,0.));
#5871 = ( GEOMETRIC_REPRESENTATION_CONTEXT(2) 
PARAMETRIC_REPRESENTATION_CONTEXT() REPRESENTATION_CONTEXT('2D SPACE',''
  ) );
#5872 = PCURVE('',#5873,#5878);
#5873 = PLANE('',#5874);
#5874 = AXIS2_PLACEMENT_3D('',#5875,#5876,#5877);
#5875 = CARTESIAN_POINT('',(0.,167.,130.));
#5876 = DIRECTION('',(-0.,1.,0.));
#5877 = DIRECTION('',(0.,0.,1.));
#5878 = DEFINITIONAL_REPRESENTATION('',(#5879),#5883);
#5879 = LINE('',#5880,#5881);
#5880 = CARTESIAN_POINT('',(0.,0.));
#5881 = VECTOR('',#5882,1.);
#5882 = DIRECTION('',(1.,0.));
#5883 = ( GEOMETRIC_REPRESENTATION_CONTEXT(2) 
PARAMETRIC_REPRESENTATION_CONTEXT() REPRESENTATION_CONTEXT('2D SPACE',''
  ) );
#5884 = ORIENTED_EDGE('',*,*,#5885,.F.);
#5885 = EDGE_CURVE('',#5797,#5858,#5886,.T.);
#5886 = SURFACE_CURVE('',#5887,(#5891,#5898),.PCURVE_S1.);
#5887 = LINE('',#5888,#5889);
#5888 = CARTESIAN_POINT('',(0.,161.,144.));
#5889 = VECTOR('',#5890,1.);
#5890 = DIRECTION('',(-0.,1.,0.));
#5891 = PCURVE('',#5805,#5892);
#5892 = DEFINITIONAL_REPRESENTATION('',(#5893),#5897);
#5893 = LINE('',#5894,#5895);
#5894 = CARTESIAN_POINT('',(14.,0.));
#5895 = VECTOR('',#5896,1.);
#5896 = DIRECTION('',(0.,-1.));
#5897 = ( GEOMETRIC_REPRESENTATION_CONTEXT(2) 
PARAMETRIC_REPRESENTATION_CONTEXT() REPRESENTATION_CONTEXT('2D SPACE',''
  ) );
#5898 = PCURVE('',#5899,#5904);
#5899 = PLANE('',#5900);
#5900 = AXIS2_PLACEMENT_3D('',#5901,#5902,#5903);
#5901 = CARTESIAN_POINT('',(0.,161.,144.));
#5902 = DIRECTION('',(0.,0.,1.));
#5903 = DIRECTION('',(1.,0.,-0.));
#5904 = DEFINITIONAL_REPRESENTATION('',(#5905),#5909);
#5905 = LINE('',#5906,#5907);
#5906 = CARTESIAN_POINT('',(0.,0.));
#5907 = VECTOR('',#5908,1.);
#5908 = DIRECTION('',(0.,1.));
#5909 = ( GEOMETRIC_REPRESENTATION_CONTEXT(2) 
PARAMETRIC_REPRESENTATION_CONTEXT() REPRESENTATION_CONTEXT('2D SPACE',''
  ) );
#5910 = ADVANCED_FACE('',(#5911,#5984),#5817,.F.);
#5911 = FACE_BOUND('',#5912,.F.);
#5912 = EDGE_LOOP('',(#5913,#5936,#5937,#5960));
#5913 = ORIENTED_EDGE('',*,*,#5914,.F.);
#5914 = EDGE_CURVE('',#5795,#5915,#5917,.T.);
#5915 = VERTEX_POINT('',#5916);
#5916 = CARTESIAN_POINT('',(25.,161.,130.));
#5917 = SURFACE_CURVE('',#5918,(#5922,#5929),.PCURVE_S1.);
#5918 = LINE('',#5919,#5920);
#5919 = CARTESIAN_POINT('',(0.,161.,130.));
#5920 = VECTOR('',#5921,1.);
#5921 = DIRECTION('',(1.,0.,-0.));
#5922 = PCURVE('',#5817,#5923);
#5923 = DEFINITIONAL_REPRESENTATION('',(#5924),#5928);
#5924 = LINE('',#5925,#5926);
#5925 = CARTESIAN_POINT('',(0.,0.));
#5926 = VECTOR('',#5927,1.);
#5927 = DIRECTION('',(0.,1.));
#5928 = ( GEOMETRIC_REPRESENTATION_CONTEXT(2) 
PARAMETRIC_REPRESENTATION_CONTEXT() REPRESENTATION_CONTEXT('2D SPACE',''
  ) );
#5929 = PCURVE('',#5845,#5930);
#5930 = DEFINITIONAL_REPRESENTATION('',(#5931),#5935);
#5931 = LINE('',#5932,#5933);
#5932 = CARTESIAN_POINT('',(0.,0.));
#5933 = VECTOR('',#5934,1.);
#5934 = DIRECTION('',(1.,0.));
#5935 = ( GEOMETRIC_REPRESENTATION_CONTEXT(2) 
PARAMETRIC_REPRESENTATION_CONTEXT() REPRESENTATION_CONTEXT('2D SPACE',''
  ) );
#5936 = ORIENTED_EDGE('',*,*,#5794,.T.);
#5937 = ORIENTED_EDGE('',*,*,#5938,.T.);
#5938 = EDGE_CURVE('',#5797,#5939,#5941,.T.);
#5939 = VERTEX_POINT('',#5940);
#5940 = CARTESIAN_POINT('',(25.,161.,144.));
#5941 = SURFACE_CURVE('',#5942,(#5946,#5953),.PCURVE_S1.);
#5942 = LINE('',#5943,#5944);
#5943 = CARTESIAN_POINT('',(0.,161.,144.));
#5944 = VECTOR('',#5945,1.);
#5945 = DIRECTION('',(1.,0.,-0.));
#5946 = PCURVE('',#5817,#5947);
#5947 = DEFINITIONAL_REPRESENTATION('',(#5948),#5952);
#5948 = LINE('',#5949,#5950);
#5949 = CARTESIAN_POINT('',(14.,0.));
#5950 = VECTOR('',#5951,1.);
#5951 = DIRECTION('',(0.,1.));
#5952 = ( GEOMETRIC_REPRESENTATION_CONTEXT(2) 
PARAMETRIC_REPRESENTATION_CONTEXT() REPRESENTATION_CONTEXT('2D SPACE',''
  ) );
#5953 = PCURVE('',#5899,#5954);
#5954 = DEFINITIONAL_REPRESENTATION('',(#5955),#5959);
#5955 = LINE('',#5956,#5957);
#5956 = CARTESIAN_POINT('',(0.,0.));
#5957 = VECTOR('',#5958,1.);
#5958 = DIRECTION('',(1.,0.));
#5959 = ( GEOMETRIC_REPRESENTATION_CONTEXT(2) 
PARAMETRIC_REPRESENTATION_CONTEXT() REPRESENTATION_CONTEXT('2D SPACE',''
  ) );
#5960 = ORIENTED_EDGE('',*,*,#5961,.T.);
#5961 = EDGE_CURVE('',#5939,#5915,#5962,.T.);
#5962 = SURFACE_CURVE('',#5963,(#5967,#5973),.PCURVE_S1.);
#5963 = LINE('',#5964,#5965);
#5964 = CARTESIAN_POINT('',(25.,161.,130.));
#5965 = VECTOR('',#5966,1.);
#5966 = DIRECTION('',(-0.,0.,-1.));
#5967 = PCURVE('',#5817,#5968);
#5968 = DEFINITIONAL_REPRESENTATION('',(#5969),#5972);
#5969 = B_SPLINE_CURVE_WITH_KNOTS('',1,(#5970,#5971),.UNSPECIFIED.,.F.,
  .F.,(2,2),(-14.,0.),.PIECEWISE_BEZIER_KNOTS.);
#5970 = CARTESIAN_POINT('',(14.,25.));
#5971 = CARTESIAN_POINT('',(0.,25.));
#5972 = ( GEOMETRIC_REPRESENTATION_CONTEXT(2) 
PARAMETRIC_REPRESENTATION_CONTEXT() REPRESENTATION_CONTEXT('2D SPACE',''
  ) );
#5973 = PCURVE('',#5974,#5979);
#5974 = PLANE('',#5975);
#5975 = AXIS2_PLACEMENT_3D('',#5976,#5977,#5978);
#5976 = CARTESIAN_POINT('',(25.,124.5,130.));
#5977 = DIRECTION('',(1.,0.,-0.));
#5978 = DIRECTION('',(0.,0.,1.));
#5979 = DEFINITIONAL_REPRESENTATION('',(#5980),#5983);
#5980 = B_SPLINE_CURVE_WITH_KNOTS('',1,(#5981,#5982),.UNSPECIFIED.,.F.,
  .F.,(2,2),(-14.,0.),.PIECEWISE_BEZIER_KNOTS.);
#5981 = CARTESIAN_POINT('',(14.,-36.5));
#5982 = CARTESIAN_POINT('',(0.,-36.5));
#5983 = ( GEOMETRIC_REPRESENTATION_CONTEXT(2) 
PARAMETRIC_REPRESENTATION_CONTEXT() REPRESENTATION_CONTEXT('2D SPACE',''
  ) );
#5984 = FACE_BOUND('',#5985,.F.);
#5985 = EDGE_LOOP('',(#5986));
#5986 = ORIENTED_EDGE('',*,*,#5987,.F.);
#5987 = EDGE_CURVE('',#5988,#5988,#5990,.T.);
#5988 = VERTEX_POINT('',#5989);
#5989 = CARTESIAN_POINT('',(6.2,161.,137.));
#5990 = SURFACE_CURVE('',#5991,(#5996,#6003),.PCURVE_S1.);
#5991 = CIRCLE('',#5992,1.7);
#5992 = AXIS2_PLACEMENT_3D('',#5993,#5994,#5995);
#5993 = CARTESIAN_POINT('',(4.5,161.,137.));
#5994 = DIRECTION('',(0.,1.,2.22044604925E-16));
#5995 = DIRECTION('',(1.,0.,-0.));
#5996 = PCURVE('',#5817,#5997);
#5997 = DEFINITIONAL_REPRESENTATION('',(#5998),#6002);
#5998 = CIRCLE('',#5999,1.7);
#5999 = AXIS2_PLACEMENT_2D('',#6000,#6001);
#6000 = CARTESIAN_POINT('',(7.,4.5));
#6001 = DIRECTION('',(0.,1.));
#6002 = ( GEOMETRIC_REPRESENTATION_CONTEXT(2) 
PARAMETRIC_REPRESENTATION_CONTEXT() REPRESENTATION_CONTEXT('2D SPACE',''
  ) );
#6003 = PCURVE('',#6004,#6009);
#6004 = CYLINDRICAL_SURFACE('',#6005,1.7);
#6005 = AXIS2_PLACEMENT_3D('',#6006,#6007,#6008);
#6006 = CARTESIAN_POINT('',(4.5,160.9,137.));
#6007 = DIRECTION('',(0.,1.,2.22044604925E-16));
#6008 = DIRECTION('',(1.,0.,-0.));
#6009 = DEFINITIONAL_REPRESENTATION('',(#6010),#6014);
#6010 = LINE('',#6011,#6012);
#6011 = CARTESIAN_POINT('',(0.,9.999999999999E-02));
#6012 = VECTOR('',#6013,1.);
#6013 = DIRECTION('',(1.,0.));
#6014 = ( GEOMETRIC_REPRESENTATION_CONTEXT(2) 
PARAMETRIC_REPRESENTATION_CONTEXT() REPRESENTATION_CONTEXT('2D SPACE',''
  ) );
#6015 = ADVANCED_FACE('',(#6016),#5899,.T.);
#6016 = FACE_BOUND('',#6017,.T.);
#6017 = EDGE_LOOP('',(#6018,#6048,#6069,#6070,#6071,#6094,#6122,#6150,
    #6178,#6206,#6234,#6262));
#6018 = ORIENTED_EDGE('',*,*,#6019,.T.);
#6019 = EDGE_CURVE('',#6020,#6022,#6024,.T.);
#6020 = VERTEX_POINT('',#6021);
#6021 = CARTESIAN_POINT('',(158.,161.,144.));
#6022 = VERTEX_POINT('',#6023);
#6023 = CARTESIAN_POINT('',(158.,167.,144.));
#6024 = SURFACE_CURVE('',#6025,(#6029,#6036),.PCURVE_S1.);
#6025 = LINE('',#6026,#6027);
#6026 = CARTESIAN_POINT('',(158.,161.,144.));
#6027 = VECTOR('',#6028,1.);
#6028 = DIRECTION('',(-0.,1.,0.));
#6029 = PCURVE('',#5899,#6030);
#6030 = DEFINITIONAL_REPRESENTATION('',(#6031),#6035);
#6031 = LINE('',#6032,#6033);
#6032 = CARTESIAN_POINT('',(158.,0.));
#6033 = VECTOR('',#6034,1.);
#6034 = DIRECTION('',(0.,1.));
#6035 = ( GEOMETRIC_REPRESENTATION_CONTEXT(2) 
PARAMETRIC_REPRESENTATION_CONTEXT() REPRESENTATION_CONTEXT('2D SPACE',''
  ) );
#6036 = PCURVE('',#6037,#6042);
#6037 = PLANE('',#6038);
#6038 = AXIS2_PLACEMENT_3D('',#6039,#6040,#6041);
#6039 = CARTESIAN_POINT('',(158.,161.,130.));
#6040 = DIRECTION('',(1.,0.,-0.));
#6041 = DIRECTION('',(0.,0.,1.));
#6042 = DEFINITIONAL_REPRESENTATION('',(#6043),#6047);
#6043 = LINE('',#6044,#6045);
#6044 = CARTESIAN_POINT('',(14.,0.));
#6045 = VECTOR('',#6046,1.);
#6046 = DIRECTION('',(0.,-1.));
#6047 = ( GEOMETRIC_REPRESENTATION_CONTEXT(2) 
PARAMETRIC_REPRESENTATION_CONTEXT() REPRESENTATION_CONTEXT('2D SPACE',''
  ) );
#6048 = ORIENTED_EDGE('',*,*,#6049,.F.);
#6049 = EDGE_CURVE('',#5858,#6022,#6050,.T.);
#6050 = SURFACE_CURVE('',#6051,(#6055,#6062),.PCURVE_S1.);
#6051 = LINE('',#6052,#6053);
#6052 = CARTESIAN_POINT('',(0.,167.,144.));
#6053 = VECTOR('',#6054,1.);
#6054 = DIRECTION('',(1.,0.,-0.));
#6055 = PCURVE('',#5899,#6056);
#6056 = DEFINITIONAL_REPRESENTATION('',(#6057),#6061);
#6057 = LINE('',#6058,#6059);
#6058 = CARTESIAN_POINT('',(0.,6.));
#6059 = VECTOR('',#6060,1.);
#6060 = DIRECTION('',(1.,0.));
#6061 = ( GEOMETRIC_REPRESENTATION_CONTEXT(2) 
PARAMETRIC_REPRESENTATION_CONTEXT() REPRESENTATION_CONTEXT('2D SPACE',''
  ) );
#6062 = PCURVE('',#5873,#6063);
#6063 = DEFINITIONAL_REPRESENTATION('',(#6064),#6068);
#6064 = LINE('',#6065,#6066);
#6065 = CARTESIAN_POINT('',(14.,0.));
#6066 = VECTOR('',#6067,1.);
#6067 = DIRECTION('',(0.,1.));
#6068 = ( GEOMETRIC_REPRESENTATION_CONTEXT(2) 
PARAMETRIC_REPRESENTATION_CONTEXT() REPRESENTATION_CONTEXT('2D SPACE',''
  ) );
#6069 = ORIENTED_EDGE('',*,*,#5885,.F.);
#6070 = ORIENTED_EDGE('',*,*,#5938,.T.);
#6071 = ORIENTED_EDGE('',*,*,#6072,.F.);
#6072 = EDGE_CURVE('',#6073,#5939,#6075,.T.);
#6073 = VERTEX_POINT('',#6074);
#6074 = CARTESIAN_POINT('',(25.,124.5,144.));
#6075 = SURFACE_CURVE('',#6076,(#6080,#6087),.PCURVE_S1.);
#6076 = LINE('',#6077,#6078);
#6077 = CARTESIAN_POINT('',(25.,124.5,144.));
#6078 = VECTOR('',#6079,1.);
#6079 = DIRECTION('',(-0.,1.,0.));
#6080 = PCURVE('',#5899,#6081);
#6081 = DEFINITIONAL_REPRESENTATION('',(#6082),#6086);
#6082 = LINE('',#6083,#6084);
#6083 = CARTESIAN_POINT('',(25.,-36.5));
#6084 = VECTOR('',#6085,1.);
#6085 = DIRECTION('',(0.,1.));
#6086 = ( GEOMETRIC_REPRESENTATION_CONTEXT(2) 
PARAMETRIC_REPRESENTATION_CONTEXT() REPRESENTATION_CONTEXT('2D SPACE',''
  ) );
#6087 = PCURVE('',#5974,#6088);
#6088 = DEFINITIONAL_REPRESENTATION('',(#6089),#6093);
#6089 = LINE('',#6090,#6091);
#6090 = CARTESIAN_POINT('',(14.,0.));
#6091 = VECTOR('',#6092,1.);
#6092 = DIRECTION('',(0.,-1.));
#6093 = ( GEOMETRIC_REPRESENTATION_CONTEXT(2) 
PARAMETRIC_REPRESENTATION_CONTEXT() REPRESENTATION_CONTEXT('2D SPACE',''
  ) );
#6094 = ORIENTED_EDGE('',*,*,#6095,.T.);
#6095 = EDGE_CURVE('',#6073,#6096,#6098,.T.);
#6096 = VERTEX_POINT('',#6097);
#6097 = CARTESIAN_POINT('',(36.,124.5,144.));
#6098 = SURFACE_CURVE('',#6099,(#6103,#6110),.PCURVE_S1.);
#6099 = LINE('',#6100,#6101);
#6100 = CARTESIAN_POINT('',(25.,124.5,144.));
#6101 = VECTOR('',#6102,1.);
#6102 = DIRECTION('',(1.,0.,-0.));
#6103 = PCURVE('',#5899,#6104);
#6104 = DEFINITIONAL_REPRESENTATION('',(#6105),#6109);
#6105 = LINE('',#6106,#6107);
#6106 = CARTESIAN_POINT('',(25.,-36.5));
#6107 = VECTOR('',#6108,1.);
#6108 = DIRECTION('',(1.,0.));
#6109 = ( GEOMETRIC_REPRESENTATION_CONTEXT(2) 
PARAMETRIC_REPRESENTATION_CONTEXT() REPRESENTATION_CONTEXT('2D SPACE',''
  ) );
#6110 = PCURVE('',#6111,#6116);
#6111 = PLANE('',#6112);
#6112 = AXIS2_PLACEMENT_3D('',#6113,#6114,#6115);
#6113 = CARTESIAN_POINT('',(25.,124.5,130.));
#6114 = DIRECTION('',(-0.,1.,0.));
#6115 = DIRECTION('',(0.,0.,1.));
#6116 = DEFINITIONAL_REPRESENTATION('',(#6117),#6121);
#6117 = LINE('',#6118,#6119);
#6118 = CARTESIAN_POINT('',(14.,0.));
#6119 = VECTOR('',#6120,1.);
#6120 = DIRECTION('',(0.,1.));
#6121 = ( GEOMETRIC_REPRESENTATION_CONTEXT(2) 
PARAMETRIC_REPRESENTATION_CONTEXT() REPRESENTATION_CONTEXT('2D SPACE',''
  ) );
#6122 = ORIENTED_EDGE('',*,*,#6123,.T.);
#6123 = EDGE_CURVE('',#6096,#6124,#6126,.T.);
#6124 = VERTEX_POINT('',#6125);
#6125 = CARTESIAN_POINT('',(36.,161.,144.));
#6126 = SURFACE_CURVE('',#6127,(#6131,#6138),.PCURVE_S1.);
#6127 = LINE('',#6128,#6129);
#6128 = CARTESIAN_POINT('',(36.,124.5,144.));
#6129 = VECTOR('',#6130,1.);
#6130 = DIRECTION('',(-0.,1.,0.));
#6131 = PCURVE('',#5899,#6132);
#6132 = DEFINITIONAL_REPRESENTATION('',(#6133),#6137);
#6133 = LINE('',#6134,#6135);
#6134 = CARTESIAN_POINT('',(36.,-36.5));
#6135 = VECTOR('',#6136,1.);
#6136 = DIRECTION('',(0.,1.));
#6137 = ( GEOMETRIC_REPRESENTATION_CONTEXT(2) 
PARAMETRIC_REPRESENTATION_CONTEXT() REPRESENTATION_CONTEXT('2D SPACE',''
  ) );
#6138 = PCURVE('',#6139,#6144);
#6139 = PLANE('',#6140);
#6140 = AXIS2_PLACEMENT_3D('',#6141,#6142,#6143);
#6141 = CARTESIAN_POINT('',(36.,124.5,130.));
#6142 = DIRECTION('',(1.,0.,-0.));
#6143 = DIRECTION('',(0.,0.,1.));
#6144 = DEFINITIONAL_REPRESENTATION('',(#6145),#6149);
#6145 = LINE('',#6146,#6147);
#6146 = CARTESIAN_POINT('',(14.,0.));
#6147 = VECTOR('',#6148,1.);
#6148 = DIRECTION('',(0.,-1.));
#6149 = ( GEOMETRIC_REPRESENTATION_CONTEXT(2) 
PARAMETRIC_REPRESENTATION_CONTEXT() REPRESENTATION_CONTEXT('2D SPACE',''
  ) );
#6150 = ORIENTED_EDGE('',*,*,#6151,.T.);
#6151 = EDGE_CURVE('',#6124,#6152,#6154,.T.);
#6152 = VERTEX_POINT('',#6153);
#6153 = CARTESIAN_POINT('',(122.,161.,144.));
#6154 = SURFACE_CURVE('',#6155,(#6159,#6166),.PCURVE_S1.);
#6155 = LINE('',#6156,#6157);
#6156 = CARTESIAN_POINT('',(0.,161.,144.));
#6157 = VECTOR('',#6158,1.);
#6158 = DIRECTION('',(1.,0.,-0.));
#6159 = PCURVE('',#5899,#6160);
#6160 = DEFINITIONAL_REPRESENTATION('',(#6161),#6165);
#6161 = LINE('',#6162,#6163);
#6162 = CARTESIAN_POINT('',(0.,0.));
#6163 = VECTOR('',#6164,1.);
#6164 = DIRECTION('',(1.,0.));
#6165 = ( GEOMETRIC_REPRESENTATION_CONTEXT(2) 
PARAMETRIC_REPRESENTATION_CONTEXT() REPRESENTATION_CONTEXT('2D SPACE',''
  ) );
#6166 = PCURVE('',#6167,#6172);
#6167 = PLANE('',#6168);
#6168 = AXIS2_PLACEMENT_3D('',#6169,#6170,#6171);
#6169 = CARTESIAN_POINT('',(0.,161.,130.));
#6170 = DIRECTION('',(-0.,1.,0.));
#6171 = DIRECTION('',(0.,0.,1.));
#6172 = DEFINITIONAL_REPRESENTATION('',(#6173),#6177);
#6173 = LINE('',#6174,#6175);
#6174 = CARTESIAN_POINT('',(14.,0.));
#6175 = VECTOR('',#6176,1.);
#6176 = DIRECTION('',(0.,1.));
#6177 = ( GEOMETRIC_REPRESENTATION_CONTEXT(2) 
PARAMETRIC_REPRESENTATION_CONTEXT() REPRESENTATION_CONTEXT('2D SPACE',''
  ) );
#6178 = ORIENTED_EDGE('',*,*,#6179,.F.);
#6179 = EDGE_CURVE('',#6180,#6152,#6182,.T.);
#6180 = VERTEX_POINT('',#6181);
#6181 = CARTESIAN_POINT('',(122.,124.5,144.));
#6182 = SURFACE_CURVE('',#6183,(#6187,#6194),.PCURVE_S1.);
#6183 = LINE('',#6184,#6185);
#6184 = CARTESIAN_POINT('',(122.,124.5,144.));
#6185 = VECTOR('',#6186,1.);
#6186 = DIRECTION('',(-0.,1.,0.));
#6187 = PCURVE('',#5899,#6188);
#6188 = DEFINITIONAL_REPRESENTATION('',(#6189),#6193);
#6189 = LINE('',#6190,#6191);
#6190 = CARTESIAN_POINT('',(122.,-36.5));
#6191 = VECTOR('',#6192,1.);
#6192 = DIRECTION('',(0.,1.));
#6193 = ( GEOMETRIC_REPRESENTATION_CONTEXT(2) 
PARAMETRIC_REPRESENTATION_CONTEXT() REPRESENTATION_CONTEXT('2D SPACE',''
  ) );
#6194 = PCURVE('',#6195,#6200);
#6195 = PLANE('',#6196);
#6196 = AXIS2_PLACEMENT_3D('',#6197,#6198,#6199);
#6197 = CARTESIAN_POINT('',(122.,124.5,130.));
#6198 = DIRECTION('',(1.,0.,-0.));
#6199 = DIRECTION('',(0.,0.,1.));
#6200 = DEFINITIONAL_REPRESENTATION('',(#6201),#6205);
#6201 = LINE('',#6202,#6203);
#6202 = CARTESIAN_POINT('',(14.,0.));
#6203 = VECTOR('',#6204,1.);
#6204 = DIRECTION('',(0.,-1.));
#6205 = ( GEOMETRIC_REPRESENTATION_CONTEXT(2) 
PARAMETRIC_REPRESENTATION_CONTEXT() REPRESENTATION_CONTEXT('2D SPACE',''
  ) );
#6206 = ORIENTED_EDGE('',*,*,#6207,.T.);
#6207 = EDGE_CURVE('',#6180,#6208,#6210,.T.);
#6208 = VERTEX_POINT('',#6209);
#6209 = CARTESIAN_POINT('',(133.,124.5,144.));
#6210 = SURFACE_CURVE('',#6211,(#6215,#6222),.PCURVE_S1.);
#6211 = LINE('',#6212,#6213);
#6212 = CARTESIAN_POINT('',(122.,124.5,144.));
#6213 = VECTOR('',#6214,1.);
#6214 = DIRECTION('',(1.,0.,-0.));
#6215 = PCURVE('',#5899,#6216);
#6216 = DEFINITIONAL_REPRESENTATION('',(#6217),#6221);
#6217 = LINE('',#6218,#6219);
#6218 = CARTESIAN_POINT('',(122.,-36.5));
#6219 = VECTOR('',#6220,1.);
#6220 = DIRECTION('',(1.,0.));
#6221 = ( GEOMETRIC_REPRESENTATION_CONTEXT(2) 
PARAMETRIC_REPRESENTATION_CONTEXT() REPRESENTATION_CONTEXT('2D SPACE',''
  ) );
#6222 = PCURVE('',#6223,#6228);
#6223 = PLANE('',#6224);
#6224 = AXIS2_PLACEMENT_3D('',#6225,#6226,#6227);
#6225 = CARTESIAN_POINT('',(122.,124.5,130.));
#6226 = DIRECTION('',(-0.,1.,0.));
#6227 = DIRECTION('',(0.,0.,1.));
#6228 = DEFINITIONAL_REPRESENTATION('',(#6229),#6233);
#6229 = LINE('',#6230,#6231);
#6230 = CARTESIAN_POINT('',(14.,0.));
#6231 = VECTOR('',#6232,1.);
#6232 = DIRECTION('',(0.,1.));
#6233 = ( GEOMETRIC_REPRESENTATION_CONTEXT(2) 
PARAMETRIC_REPRESENTATION_CONTEXT() REPRESENTATION_CONTEXT('2D SPACE',''
  ) );
#6234 = ORIENTED_EDGE('',*,*,#6235,.T.);
#6235 = EDGE_CURVE('',#6208,#6236,#6238,.T.);
#6236 = VERTEX_POINT('',#6237);
#6237 = CARTESIAN_POINT('',(133.,161.,144.));
#6238 = SURFACE_CURVE('',#6239,(#6243,#6250),.PCURVE_S1.);
#6239 = LINE('',#6240,#6241);
#6240 = CARTESIAN_POINT('',(133.,124.5,144.));
#6241 = VECTOR('',#6242,1.);
#6242 = DIRECTION('',(-0.,1.,0.));
#6243 = PCURVE('',#5899,#6244);
#6244 = DEFINITIONAL_REPRESENTATION('',(#6245),#6249);
#6245 = LINE('',#6246,#6247);
#6246 = CARTESIAN_POINT('',(133.,-36.5));
#6247 = VECTOR('',#6248,1.);
#6248 = DIRECTION('',(0.,1.));
#6249 = ( GEOMETRIC_REPRESENTATION_CONTEXT(2) 
PARAMETRIC_REPRESENTATION_CONTEXT() REPRESENTATION_CONTEXT('2D SPACE',''
  ) );
#6250 = PCURVE('',#6251,#6256);
#6251 = PLANE('',#6252);
#6252 = AXIS2_PLACEMENT_3D('',#6253,#6254,#6255);
#6253 = CARTESIAN_POINT('',(133.,124.5,130.));
#6254 = DIRECTION('',(1.,0.,-0.));
#6255 = DIRECTION('',(0.,0.,1.));
#6256 = DEFINITIONAL_REPRESENTATION('',(#6257),#6261);
#6257 = LINE('',#6258,#6259);
#6258 = CARTESIAN_POINT('',(14.,0.));
#6259 = VECTOR('',#6260,1.);
#6260 = DIRECTION('',(0.,-1.));
#6261 = ( GEOMETRIC_REPRESENTATION_CONTEXT(2) 
PARAMETRIC_REPRESENTATION_CONTEXT() REPRESENTATION_CONTEXT('2D SPACE',''
  ) );
#6262 = ORIENTED_EDGE('',*,*,#6263,.T.);
#6263 = EDGE_CURVE('',#6236,#6020,#6264,.T.);
#6264 = SURFACE_CURVE('',#6265,(#6269,#6276),.PCURVE_S1.);
#6265 = LINE('',#6266,#6267);
#6266 = CARTESIAN_POINT('',(0.,161.,144.));
#6267 = VECTOR('',#6268,1.);
#6268 = DIRECTION('',(1.,0.,-0.));
#6269 = PCURVE('',#5899,#6270);
#6270 = DEFINITIONAL_REPRESENTATION('',(#6271),#6275);
#6271 = LINE('',#6272,#6273);
#6272 = CARTESIAN_POINT('',(0.,0.));
#6273 = VECTOR('',#6274,1.);
#6274 = DIRECTION('',(1.,0.));
#6275 = ( GEOMETRIC_REPRESENTATION_CONTEXT(2) 
PARAMETRIC_REPRESENTATION_CONTEXT() REPRESENTATION_CONTEXT('2D SPACE',''
  ) );
#6276 = PCURVE('',#6277,#6282);
#6277 = PLANE('',#6278);
#6278 = AXIS2_PLACEMENT_3D('',#6279,#6280,#6281);
#6279 = CARTESIAN_POINT('',(0.,161.,130.));
#6280 = DIRECTION('',(-0.,1.,0.));
#6281 = DIRECTION('',(0.,0.,1.));
#6282 = DEFINITIONAL_REPRESENTATION('',(#6283),#6287);
#6283 = LINE('',#6284,#6285);
#6284 = CARTESIAN_POINT('',(14.,0.));
#6285 = VECTOR('',#6286,1.);
#6286 = DIRECTION('',(0.,1.));
#6287 = ( GEOMETRIC_REPRESENTATION_CONTEXT(2) 
PARAMETRIC_REPRESENTATION_CONTEXT() REPRESENTATION_CONTEXT('2D SPACE',''
  ) );
#6288 = ADVANCED_FACE('',(#6289,#6337,#6363),#5873,.T.);
#6289 = FACE_BOUND('',#6290,.T.);
#6290 = EDGE_LOOP('',(#6291,#6314,#6315,#6316));
#6291 = ORIENTED_EDGE('',*,*,#6292,.F.);
#6292 = EDGE_CURVE('',#5830,#6293,#6295,.T.);
#6293 = VERTEX_POINT('',#6294);
#6294 = CARTESIAN_POINT('',(158.,167.,130.));
#6295 = SURFACE_CURVE('',#6296,(#6300,#6307),.PCURVE_S1.);
#6296 = LINE('',#6297,#6298);
#6297 = CARTESIAN_POINT('',(0.,167.,130.));
#6298 = VECTOR('',#6299,1.);
#6299 = DIRECTION('',(1.,0.,-0.));
#6300 = PCURVE('',#5873,#6301);
#6301 = DEFINITIONAL_REPRESENTATION('',(#6302),#6306);
#6302 = LINE('',#6303,#6304);
#6303 = CARTESIAN_POINT('',(0.,0.));
#6304 = VECTOR('',#6305,1.);
#6305 = DIRECTION('',(0.,1.));
#6306 = ( GEOMETRIC_REPRESENTATION_CONTEXT(2) 
PARAMETRIC_REPRESENTATION_CONTEXT() REPRESENTATION_CONTEXT('2D SPACE',''
  ) );
#6307 = PCURVE('',#5845,#6308);
#6308 = DEFINITIONAL_REPRESENTATION('',(#6309),#6313);
#6309 = LINE('',#6310,#6311);
#6310 = CARTESIAN_POINT('',(0.,6.));
#6311 = VECTOR('',#6312,1.);
#6312 = DIRECTION('',(1.,0.));
#6313 = ( GEOMETRIC_REPRESENTATION_CONTEXT(2) 
PARAMETRIC_REPRESENTATION_CONTEXT() REPRESENTATION_CONTEXT('2D SPACE',''
  ) );
#6314 = ORIENTED_EDGE('',*,*,#5857,.T.);
#6315 = ORIENTED_EDGE('',*,*,#6049,.T.);
#6316 = ORIENTED_EDGE('',*,*,#6317,.F.);
#6317 = EDGE_CURVE('',#6293,#6022,#6318,.T.);
#6318 = SURFACE_CURVE('',#6319,(#6323,#6330),.PCURVE_S1.);
#6319 = LINE('',#6320,#6321);
#6320 = CARTESIAN_POINT('',(158.,167.,130.));
#6321 = VECTOR('',#6322,1.);
#6322 = DIRECTION('',(0.,0.,1.));
#6323 = PCURVE('',#5873,#6324);
#6324 = DEFINITIONAL_REPRESENTATION('',(#6325),#6329);
#6325 = LINE('',#6326,#6327);
#6326 = CARTESIAN_POINT('',(0.,158.));
#6327 = VECTOR('',#6328,1.);
#6328 = DIRECTION('',(1.,0.));
#6329 = ( GEOMETRIC_REPRESENTATION_CONTEXT(2) 
PARAMETRIC_REPRESENTATION_CONTEXT() REPRESENTATION_CONTEXT('2D SPACE',''
  ) );
#6330 = PCURVE('',#6037,#6331);
#6331 = DEFINITIONAL_REPRESENTATION('',(#6332),#6336);
#6332 = LINE('',#6333,#6334);
#6333 = CARTESIAN_POINT('',(0.,-6.));
#6334 = VECTOR('',#6335,1.);
#6335 = DIRECTION('',(1.,0.));
#6336 = ( GEOMETRIC_REPRESENTATION_CONTEXT(2) 
PARAMETRIC_REPRESENTATION_CONTEXT() REPRESENTATION_CONTEXT('2D SPACE',''
  ) );
#6337 = FACE_BOUND('',#6338,.T.);
#6338 = EDGE_LOOP('',(#6339));
#6339 = ORIENTED_EDGE('',*,*,#6340,.F.);
#6340 = EDGE_CURVE('',#6341,#6341,#6343,.T.);
#6341 = VERTEX_POINT('',#6342);
#6342 = CARTESIAN_POINT('',(6.2,167.,137.));
#6343 = SURFACE_CURVE('',#6344,(#6349,#6356),.PCURVE_S1.);
#6344 = CIRCLE('',#6345,1.7);
#6345 = AXIS2_PLACEMENT_3D('',#6346,#6347,#6348);
#6346 = CARTESIAN_POINT('',(4.5,167.,137.));
#6347 = DIRECTION('',(0.,1.,2.22044604925E-16));
#6348 = DIRECTION('',(1.,0.,-0.));
#6349 = PCURVE('',#5873,#6350);
#6350 = DEFINITIONAL_REPRESENTATION('',(#6351),#6355);
#6351 = CIRCLE('',#6352,1.7);
#6352 = AXIS2_PLACEMENT_2D('',#6353,#6354);
#6353 = CARTESIAN_POINT('',(7.,4.5));
#6354 = DIRECTION('',(0.,1.));
#6355 = ( GEOMETRIC_REPRESENTATION_CONTEXT(2) 
PARAMETRIC_REPRESENTATION_CONTEXT() REPRESENTATION_CONTEXT('2D SPACE',''
  ) );
#6356 = PCURVE('',#6004,#6357);
#6357 = DEFINITIONAL_REPRESENTATION('',(#6358),#6362);
#6358 = LINE('',#6359,#6360);
#6359 = CARTESIAN_POINT('',(0.,6.1));
#6360 = VECTOR('',#6361,1.);
#6361 = DIRECTION('',(1.,0.));
#6362 = ( GEOMETRIC_REPRESENTATION_CONTEXT(2) 
PARAMETRIC_REPRESENTATION_CONTEXT() REPRESENTATION_CONTEXT('2D SPACE',''
  ) );
#6363 = FACE_BOUND('',#6364,.T.);
#6364 = EDGE_LOOP('',(#6365));
#6365 = ORIENTED_EDGE('',*,*,#6366,.F.);
#6366 = EDGE_CURVE('',#6367,#6367,#6369,.T.);
#6367 = VERTEX_POINT('',#6368);
#6368 = CARTESIAN_POINT('',(155.2,167.,137.));
#6369 = SURFACE_CURVE('',#6370,(#6375,#6382),.PCURVE_S1.);
#6370 = CIRCLE('',#6371,1.7);
#6371 = AXIS2_PLACEMENT_3D('',#6372,#6373,#6374);
#6372 = CARTESIAN_POINT('',(153.5,167.,137.));
#6373 = DIRECTION('',(0.,1.,2.22044604925E-16));
#6374 = DIRECTION('',(1.,0.,-0.));
#6375 = PCURVE('',#5873,#6376);
#6376 = DEFINITIONAL_REPRESENTATION('',(#6377),#6381);
#6377 = CIRCLE('',#6378,1.7);
#6378 = AXIS2_PLACEMENT_2D('',#6379,#6380);
#6379 = CARTESIAN_POINT('',(7.,153.5));
#6380 = DIRECTION('',(0.,1.));
#6381 = ( GEOMETRIC_REPRESENTATION_CONTEXT(2) 
PARAMETRIC_REPRESENTATION_CONTEXT() REPRESENTATION_CONTEXT('2D SPACE',''
  ) );
#6382 = PCURVE('',#6383,#6388);
#6383 = CYLINDRICAL_SURFACE('',#6384,1.7);
#6384 = AXIS2_PLACEMENT_3D('',#6385,#6386,#6387);
#6385 = CARTESIAN_POINT('',(153.5,160.9,137.));
#6386 = DIRECTION('',(0.,1.,2.22044604925E-16));
#6387 = DIRECTION('',(1.,0.,-0.));
#6388 = DEFINITIONAL_REPRESENTATION('',(#6389),#6393);
#6389 = LINE('',#6390,#6391);
#6390 = CARTESIAN_POINT('',(0.,6.1));
#6391 = VECTOR('',#6392,1.);
#6392 = DIRECTION('',(1.,0.));
#6393 = ( GEOMETRIC_REPRESENTATION_CONTEXT(2) 
PARAMETRIC_REPRESENTATION_CONTEXT() REPRESENTATION_CONTEXT('2D SPACE',''
  ) );
#6394 = ADVANCED_FACE('',(#6395),#5845,.F.);
#6395 = FACE_BOUND('',#6396,.F.);
#6396 = EDGE_LOOP('',(#6397,#6420,#6421,#6422,#6423,#6446,#6469,#6492,
    #6515,#6538,#6561,#6584));
#6397 = ORIENTED_EDGE('',*,*,#6398,.T.);
#6398 = EDGE_CURVE('',#6399,#6293,#6401,.T.);
#6399 = VERTEX_POINT('',#6400);
#6400 = CARTESIAN_POINT('',(158.,161.,130.));
#6401 = SURFACE_CURVE('',#6402,(#6406,#6413),.PCURVE_S1.);
#6402 = LINE('',#6403,#6404);
#6403 = CARTESIAN_POINT('',(158.,161.,130.));
#6404 = VECTOR('',#6405,1.);
#6405 = DIRECTION('',(-0.,1.,0.));
#6406 = PCURVE('',#5845,#6407);
#6407 = DEFINITIONAL_REPRESENTATION('',(#6408),#6412);
#6408 = LINE('',#6409,#6410);
#6409 = CARTESIAN_POINT('',(158.,0.));
#6410 = VECTOR('',#6411,1.);
#6411 = DIRECTION('',(0.,1.));
#6412 = ( GEOMETRIC_REPRESENTATION_CONTEXT(2) 
PARAMETRIC_REPRESENTATION_CONTEXT() REPRESENTATION_CONTEXT('2D SPACE',''
  ) );
#6413 = PCURVE('',#6037,#6414);
#6414 = DEFINITIONAL_REPRESENTATION('',(#6415),#6419);
#6415 = LINE('',#6416,#6417);
#6416 = CARTESIAN_POINT('',(0.,0.));
#6417 = VECTOR('',#6418,1.);
#6418 = DIRECTION('',(0.,-1.));
#6419 = ( GEOMETRIC_REPRESENTATION_CONTEXT(2) 
PARAMETRIC_REPRESENTATION_CONTEXT() REPRESENTATION_CONTEXT('2D SPACE',''
  ) );
#6420 = ORIENTED_EDGE('',*,*,#6292,.F.);
#6421 = ORIENTED_EDGE('',*,*,#5829,.F.);
#6422 = ORIENTED_EDGE('',*,*,#5914,.T.);
#6423 = ORIENTED_EDGE('',*,*,#6424,.F.);
#6424 = EDGE_CURVE('',#6425,#5915,#6427,.T.);
#6425 = VERTEX_POINT('',#6426);
#6426 = CARTESIAN_POINT('',(25.,124.5,130.));
#6427 = SURFACE_CURVE('',#6428,(#6432,#6439),.PCURVE_S1.);
#6428 = LINE('',#6429,#6430);
#6429 = CARTESIAN_POINT('',(25.,124.5,130.));
#6430 = VECTOR('',#6431,1.);
#6431 = DIRECTION('',(-0.,1.,0.));
#6432 = PCURVE('',#5845,#6433);
#6433 = DEFINITIONAL_REPRESENTATION('',(#6434),#6438);
#6434 = LINE('',#6435,#6436);
#6435 = CARTESIAN_POINT('',(25.,-36.5));
#6436 = VECTOR('',#6437,1.);
#6437 = DIRECTION('',(0.,1.));
#6438 = ( GEOMETRIC_REPRESENTATION_CONTEXT(2) 
PARAMETRIC_REPRESENTATION_CONTEXT() REPRESENTATION_CONTEXT('2D SPACE',''
  ) );
#6439 = PCURVE('',#5974,#6440);
#6440 = DEFINITIONAL_REPRESENTATION('',(#6441),#6445);
#6441 = LINE('',#6442,#6443);
#6442 = CARTESIAN_POINT('',(0.,0.));
#6443 = VECTOR('',#6444,1.);
#6444 = DIRECTION('',(0.,-1.));
#6445 = ( GEOMETRIC_REPRESENTATION_CONTEXT(2) 
PARAMETRIC_REPRESENTATION_CONTEXT() REPRESENTATION_CONTEXT('2D SPACE',''
  ) );
#6446 = ORIENTED_EDGE('',*,*,#6447,.T.);
#6447 = EDGE_CURVE('',#6425,#6448,#6450,.T.);
#6448 = VERTEX_POINT('',#6449);
#6449 = CARTESIAN_POINT('',(36.,124.5,130.));
#6450 = SURFACE_CURVE('',#6451,(#6455,#6462),.PCURVE_S1.);
#6451 = LINE('',#6452,#6453);
#6452 = CARTESIAN_POINT('',(25.,124.5,130.));
#6453 = VECTOR('',#6454,1.);
#6454 = DIRECTION('',(1.,0.,-0.));
#6455 = PCURVE('',#5845,#6456);
#6456 = DEFINITIONAL_REPRESENTATION('',(#6457),#6461);
#6457 = LINE('',#6458,#6459);
#6458 = CARTESIAN_POINT('',(25.,-36.5));
#6459 = VECTOR('',#6460,1.);
#6460 = DIRECTION('',(1.,0.));
#6461 = ( GEOMETRIC_REPRESENTATION_CONTEXT(2) 
PARAMETRIC_REPRESENTATION_CONTEXT() REPRESENTATION_CONTEXT('2D SPACE',''
  ) );
#6462 = PCURVE('',#6111,#6463);
#6463 = DEFINITIONAL_REPRESENTATION('',(#6464),#6468);
#6464 = LINE('',#6465,#6466);
#6465 = CARTESIAN_POINT('',(0.,0.));
#6466 = VECTOR('',#6467,1.);
#6467 = DIRECTION('',(0.,1.));
#6468 = ( GEOMETRIC_REPRESENTATION_CONTEXT(2) 
PARAMETRIC_REPRESENTATION_CONTEXT() REPRESENTATION_CONTEXT('2D SPACE',''
  ) );
#6469 = ORIENTED_EDGE('',*,*,#6470,.T.);
#6470 = EDGE_CURVE('',#6448,#6471,#6473,.T.);
#6471 = VERTEX_POINT('',#6472);
#6472 = CARTESIAN_POINT('',(36.,161.,130.));
#6473 = SURFACE_CURVE('',#6474,(#6478,#6485),.PCURVE_S1.);
#6474 = LINE('',#6475,#6476);
#6475 = CARTESIAN_POINT('',(36.,124.5,130.));
#6476 = VECTOR('',#6477,1.);
#6477 = DIRECTION('',(-0.,1.,0.));
#6478 = PCURVE('',#5845,#6479);
#6479 = DEFINITIONAL_REPRESENTATION('',(#6480),#6484);
#6480 = LINE('',#6481,#6482);
#6481 = CARTESIAN_POINT('',(36.,-36.5));
#6482 = VECTOR('',#6483,1.);
#6483 = DIRECTION('',(0.,1.));
#6484 = ( GEOMETRIC_REPRESENTATION_CONTEXT(2) 
PARAMETRIC_REPRESENTATION_CONTEXT() REPRESENTATION_CONTEXT('2D SPACE',''
  ) );
#6485 = PCURVE('',#6139,#6486);
#6486 = DEFINITIONAL_REPRESENTATION('',(#6487),#6491);
#6487 = LINE('',#6488,#6489);
#6488 = CARTESIAN_POINT('',(0.,0.));
#6489 = VECTOR('',#6490,1.);
#6490 = DIRECTION('',(0.,-1.));
#6491 = ( GEOMETRIC_REPRESENTATION_CONTEXT(2) 
PARAMETRIC_REPRESENTATION_CONTEXT() REPRESENTATION_CONTEXT('2D SPACE',''
  ) );
#6492 = ORIENTED_EDGE('',*,*,#6493,.T.);
#6493 = EDGE_CURVE('',#6471,#6494,#6496,.T.);
#6494 = VERTEX_POINT('',#6495);
#6495 = CARTESIAN_POINT('',(122.,161.,130.));
#6496 = SURFACE_CURVE('',#6497,(#6501,#6508),.PCURVE_S1.);
#6497 = LINE('',#6498,#6499);
#6498 = CARTESIAN_POINT('',(0.,161.,130.));
#6499 = VECTOR('',#6500,1.);
#6500 = DIRECTION('',(1.,0.,-0.));
#6501 = PCURVE('',#5845,#6502);
#6502 = DEFINITIONAL_REPRESENTATION('',(#6503),#6507);
#6503 = LINE('',#6504,#6505);
#6504 = CARTESIAN_POINT('',(0.,0.));
#6505 = VECTOR('',#6506,1.);
#6506 = DIRECTION('',(1.,0.));
#6507 = ( GEOMETRIC_REPRESENTATION_CONTEXT(2) 
PARAMETRIC_REPRESENTATION_CONTEXT() REPRESENTATION_CONTEXT('2D SPACE',''
  ) );
#6508 = PCURVE('',#6167,#6509);
#6509 = DEFINITIONAL_REPRESENTATION('',(#6510),#6514);
#6510 = LINE('',#6511,#6512);
#6511 = CARTESIAN_POINT('',(0.,0.));
#6512 = VECTOR('',#6513,1.);
#6513 = DIRECTION('',(0.,1.));
#6514 = ( GEOMETRIC_REPRESENTATION_CONTEXT(2) 
PARAMETRIC_REPRESENTATION_CONTEXT() REPRESENTATION_CONTEXT('2D SPACE',''
  ) );
#6515 = ORIENTED_EDGE('',*,*,#6516,.F.);
#6516 = EDGE_CURVE('',#6517,#6494,#6519,.T.);
#6517 = VERTEX_POINT('',#6518);
#6518 = CARTESIAN_POINT('',(122.,124.5,130.));
#6519 = SURFACE_CURVE('',#6520,(#6524,#6531),.PCURVE_S1.);
#6520 = LINE('',#6521,#6522);
#6521 = CARTESIAN_POINT('',(122.,124.5,130.));
#6522 = VECTOR('',#6523,1.);
#6523 = DIRECTION('',(-0.,1.,0.));
#6524 = PCURVE('',#5845,#6525);
#6525 = DEFINITIONAL_REPRESENTATION('',(#6526),#6530);
#6526 = LINE('',#6527,#6528);
#6527 = CARTESIAN_POINT('',(122.,-36.5));
#6528 = VECTOR('',#6529,1.);
#6529 = DIRECTION('',(0.,1.));
#6530 = ( GEOMETRIC_REPRESENTATION_CONTEXT(2) 
PARAMETRIC_REPRESENTATION_CONTEXT() REPRESENTATION_CONTEXT('2D SPACE',''
  ) );
#6531 = PCURVE('',#6195,#6532);
#6532 = DEFINITIONAL_REPRESENTATION('',(#6533),#6537);
#6533 = LINE('',#6534,#6535);
#6534 = CARTESIAN_POINT('',(0.,0.));
#6535 = VECTOR('',#6536,1.);
#6536 = DIRECTION('',(0.,-1.));
#6537 = ( GEOMETRIC_REPRESENTATION_CONTEXT(2) 
PARAMETRIC_REPRESENTATION_CONTEXT() REPRESENTATION_CONTEXT('2D SPACE',''
  ) );
#6538 = ORIENTED_EDGE('',*,*,#6539,.T.);
#6539 = EDGE_CURVE('',#6517,#6540,#6542,.T.);
#6540 = VERTEX_POINT('',#6541);
#6541 = CARTESIAN_POINT('',(133.,124.5,130.));
#6542 = SURFACE_CURVE('',#6543,(#6547,#6554),.PCURVE_S1.);
#6543 = LINE('',#6544,#6545);
#6544 = CARTESIAN_POINT('',(122.,124.5,130.));
#6545 = VECTOR('',#6546,1.);
#6546 = DIRECTION('',(1.,0.,-0.));
#6547 = PCURVE('',#5845,#6548);
#6548 = DEFINITIONAL_REPRESENTATION('',(#6549),#6553);
#6549 = LINE('',#6550,#6551);
#6550 = CARTESIAN_POINT('',(122.,-36.5));
#6551 = VECTOR('',#6552,1.);
#6552 = DIRECTION('',(1.,0.));
#6553 = ( GEOMETRIC_REPRESENTATION_CONTEXT(2) 
PARAMETRIC_REPRESENTATION_CONTEXT() REPRESENTATION_CONTEXT('2D SPACE',''
  ) );
#6554 = PCURVE('',#6223,#6555);
#6555 = DEFINITIONAL_REPRESENTATION('',(#6556),#6560);
#6556 = LINE('',#6557,#6558);
#6557 = CARTESIAN_POINT('',(0.,0.));
#6558 = VECTOR('',#6559,1.);
#6559 = DIRECTION('',(0.,1.));
#6560 = ( GEOMETRIC_REPRESENTATION_CONTEXT(2) 
PARAMETRIC_REPRESENTATION_CONTEXT() REPRESENTATION_CONTEXT('2D SPACE',''
  ) );
#6561 = ORIENTED_EDGE('',*,*,#6562,.T.);
#6562 = EDGE_CURVE('',#6540,#6563,#6565,.T.);
#6563 = VERTEX_POINT('',#6564);
#6564 = CARTESIAN_POINT('',(133.,161.,130.));
#6565 = SURFACE_CURVE('',#6566,(#6570,#6577),.PCURVE_S1.);
#6566 = LINE('',#6567,#6568);
#6567 = CARTESIAN_POINT('',(133.,124.5,130.));
#6568 = VECTOR('',#6569,1.);
#6569 = DIRECTION('',(-0.,1.,0.));
#6570 = PCURVE('',#5845,#6571);
#6571 = DEFINITIONAL_REPRESENTATION('',(#6572),#6576);
#6572 = LINE('',#6573,#6574);
#6573 = CARTESIAN_POINT('',(133.,-36.5));
#6574 = VECTOR('',#6575,1.);
#6575 = DIRECTION('',(0.,1.));
#6576 = ( GEOMETRIC_REPRESENTATION_CONTEXT(2) 
PARAMETRIC_REPRESENTATION_CONTEXT() REPRESENTATION_CONTEXT('2D SPACE',''
  ) );
#6577 = PCURVE('',#6251,#6578);
#6578 = DEFINITIONAL_REPRESENTATION('',(#6579),#6583);
#6579 = LINE('',#6580,#6581);
#6580 = CARTESIAN_POINT('',(0.,0.));
#6581 = VECTOR('',#6582,1.);
#6582 = DIRECTION('',(0.,-1.));
#6583 = ( GEOMETRIC_REPRESENTATION_CONTEXT(2) 
PARAMETRIC_REPRESENTATION_CONTEXT() REPRESENTATION_CONTEXT('2D SPACE',''
  ) );
#6584 = ORIENTED_EDGE('',*,*,#6585,.T.);
#6585 = EDGE_CURVE('',#6563,#6399,#6586,.T.);
#6586 = SURFACE_CURVE('',#6587,(#6591,#6598),.PCURVE_S1.);
#6587 = LINE('',#6588,#6589);
#6588 = CARTESIAN_POINT('',(0.,161.,130.));
#6589 = VECTOR('',#6590,1.);
#6590 = DIRECTION('',(1.,0.,-0.));
#6591 = PCURVE('',#5845,#6592);
#6592 = DEFINITIONAL_REPRESENTATION('',(#6593),#6597);
#6593 = LINE('',#6594,#6595);
#6594 = CARTESIAN_POINT('',(0.,0.));
#6595 = VECTOR('',#6596,1.);
#6596 = DIRECTION('',(1.,0.));
#6597 = ( GEOMETRIC_REPRESENTATION_CONTEXT(2) 
PARAMETRIC_REPRESENTATION_CONTEXT() REPRESENTATION_CONTEXT('2D SPACE',''
  ) );
#6598 = PCURVE('',#6277,#6599);
#6599 = DEFINITIONAL_REPRESENTATION('',(#6600),#6604);
#6600 = LINE('',#6601,#6602);
#6601 = CARTESIAN_POINT('',(0.,0.));
#6602 = VECTOR('',#6603,1.);
#6603 = DIRECTION('',(0.,1.));
#6604 = ( GEOMETRIC_REPRESENTATION_CONTEXT(2) 
PARAMETRIC_REPRESENTATION_CONTEXT() REPRESENTATION_CONTEXT('2D SPACE',''
  ) );
#6605 = ADVANCED_FACE('',(#6606),#5974,.F.);
#6606 = FACE_BOUND('',#6607,.F.);
#6607 = EDGE_LOOP('',(#6608,#6609,#6630,#6631));
#6608 = ORIENTED_EDGE('',*,*,#6072,.F.);
#6609 = ORIENTED_EDGE('',*,*,#6610,.F.);
#6610 = EDGE_CURVE('',#6425,#6073,#6611,.T.);
#6611 = SURFACE_CURVE('',#6612,(#6616,#6623),.PCURVE_S1.);
#6612 = LINE('',#6613,#6614);
#6613 = CARTESIAN_POINT('',(25.,124.5,130.));
#6614 = VECTOR('',#6615,1.);
#6615 = DIRECTION('',(0.,0.,1.));
#6616 = PCURVE('',#5974,#6617);
#6617 = DEFINITIONAL_REPRESENTATION('',(#6618),#6622);
#6618 = LINE('',#6619,#6620);
#6619 = CARTESIAN_POINT('',(0.,0.));
#6620 = VECTOR('',#6621,1.);
#6621 = DIRECTION('',(1.,0.));
#6622 = ( GEOMETRIC_REPRESENTATION_CONTEXT(2) 
PARAMETRIC_REPRESENTATION_CONTEXT() REPRESENTATION_CONTEXT('2D SPACE',''
  ) );
#6623 = PCURVE('',#6111,#6624);
#6624 = DEFINITIONAL_REPRESENTATION('',(#6625),#6629);
#6625 = LINE('',#6626,#6627);
#6626 = CARTESIAN_POINT('',(0.,0.));
#6627 = VECTOR('',#6628,1.);
#6628 = DIRECTION('',(1.,0.));
#6629 = ( GEOMETRIC_REPRESENTATION_CONTEXT(2) 
PARAMETRIC_REPRESENTATION_CONTEXT() REPRESENTATION_CONTEXT('2D SPACE',''
  ) );
#6630 = ORIENTED_EDGE('',*,*,#6424,.T.);
#6631 = ORIENTED_EDGE('',*,*,#5961,.F.);
#6632 = ADVANCED_FACE('',(#6633),#6004,.F.);
#6633 = FACE_BOUND('',#6634,.F.);
#6634 = EDGE_LOOP('',(#6635,#6636,#6657,#6658));
#6635 = ORIENTED_EDGE('',*,*,#6340,.F.);
#6636 = ORIENTED_EDGE('',*,*,#6637,.F.);
#6637 = EDGE_CURVE('',#5988,#6341,#6638,.T.);
#6638 = SEAM_CURVE('',#6639,(#6643,#6650),.PCURVE_S1.);
#6639 = LINE('',#6640,#6641);
#6640 = CARTESIAN_POINT('',(6.2,160.9,137.));
#6641 = VECTOR('',#6642,1.);
#6642 = DIRECTION('',(0.,1.,2.22044604925E-16));
#6643 = PCURVE('',#6004,#6644);
#6644 = DEFINITIONAL_REPRESENTATION('',(#6645),#6649);
#6645 = LINE('',#6646,#6647);
#6646 = CARTESIAN_POINT('',(6.28318530718,-0.));
#6647 = VECTOR('',#6648,1.);
#6648 = DIRECTION('',(0.,1.));
#6649 = ( GEOMETRIC_REPRESENTATION_CONTEXT(2) 
PARAMETRIC_REPRESENTATION_CONTEXT() REPRESENTATION_CONTEXT('2D SPACE',''
  ) );
#6650 = PCURVE('',#6004,#6651);
#6651 = DEFINITIONAL_REPRESENTATION('',(#6652),#6656);
#6652 = LINE('',#6653,#6654);
#6653 = CARTESIAN_POINT('',(0.,-0.));
#6654 = VECTOR('',#6655,1.);
#6655 = DIRECTION('',(0.,1.));
#6656 = ( GEOMETRIC_REPRESENTATION_CONTEXT(2) 
PARAMETRIC_REPRESENTATION_CONTEXT() REPRESENTATION_CONTEXT('2D SPACE',''
  ) );
#6657 = ORIENTED_EDGE('',*,*,#5987,.T.);
#6658 = ORIENTED_EDGE('',*,*,#6637,.T.);
#6659 = ADVANCED_FACE('',(#6660),#6037,.T.);
#6660 = FACE_BOUND('',#6661,.T.);
#6661 = EDGE_LOOP('',(#6662,#6683,#6684,#6685));
#6662 = ORIENTED_EDGE('',*,*,#6663,.F.);
#6663 = EDGE_CURVE('',#6399,#6020,#6664,.T.);
#6664 = SURFACE_CURVE('',#6665,(#6669,#6676),.PCURVE_S1.);
#6665 = LINE('',#6666,#6667);
#6666 = CARTESIAN_POINT('',(158.,161.,130.));
#6667 = VECTOR('',#6668,1.);
#6668 = DIRECTION('',(0.,0.,1.));
#6669 = PCURVE('',#6037,#6670);
#6670 = DEFINITIONAL_REPRESENTATION('',(#6671),#6675);
#6671 = LINE('',#6672,#6673);
#6672 = CARTESIAN_POINT('',(0.,0.));
#6673 = VECTOR('',#6674,1.);
#6674 = DIRECTION('',(1.,0.));
#6675 = ( GEOMETRIC_REPRESENTATION_CONTEXT(2) 
PARAMETRIC_REPRESENTATION_CONTEXT() REPRESENTATION_CONTEXT('2D SPACE',''
  ) );
#6676 = PCURVE('',#6277,#6677);
#6677 = DEFINITIONAL_REPRESENTATION('',(#6678),#6682);
#6678 = LINE('',#6679,#6680);
#6679 = CARTESIAN_POINT('',(0.,158.));
#6680 = VECTOR('',#6681,1.);
#6681 = DIRECTION('',(1.,0.));
#6682 = ( GEOMETRIC_REPRESENTATION_CONTEXT(2) 
PARAMETRIC_REPRESENTATION_CONTEXT() REPRESENTATION_CONTEXT('2D SPACE',''
  ) );
#6683 = ORIENTED_EDGE('',*,*,#6398,.T.);
#6684 = ORIENTED_EDGE('',*,*,#6317,.T.);
#6685 = ORIENTED_EDGE('',*,*,#6019,.F.);
#6686 = ADVANCED_FACE('',(#6687,#6711),#6277,.F.);
#6687 = FACE_BOUND('',#6688,.F.);
#6688 = EDGE_LOOP('',(#6689,#6690,#6709,#6710));
#6689 = ORIENTED_EDGE('',*,*,#6585,.F.);
#6690 = ORIENTED_EDGE('',*,*,#6691,.F.);
#6691 = EDGE_CURVE('',#6236,#6563,#6692,.T.);
#6692 = SURFACE_CURVE('',#6693,(#6697,#6703),.PCURVE_S1.);
#6693 = LINE('',#6694,#6695);
#6694 = CARTESIAN_POINT('',(133.,161.,130.));
#6695 = VECTOR('',#6696,1.);
#6696 = DIRECTION('',(-0.,0.,-1.));
#6697 = PCURVE('',#6277,#6698);
#6698 = DEFINITIONAL_REPRESENTATION('',(#6699),#6702);
#6699 = B_SPLINE_CURVE_WITH_KNOTS('',1,(#6700,#6701),.UNSPECIFIED.,.F.,
  .F.,(2,2),(-14.,0.),.PIECEWISE_BEZIER_KNOTS.);
#6700 = CARTESIAN_POINT('',(14.,133.));
#6701 = CARTESIAN_POINT('',(0.,133.));
#6702 = ( GEOMETRIC_REPRESENTATION_CONTEXT(2) 
PARAMETRIC_REPRESENTATION_CONTEXT() REPRESENTATION_CONTEXT('2D SPACE',''
  ) );
#6703 = PCURVE('',#6251,#6704);
#6704 = DEFINITIONAL_REPRESENTATION('',(#6705),#6708);
#6705 = B_SPLINE_CURVE_WITH_KNOTS('',1,(#6706,#6707),.UNSPECIFIED.,.F.,
  .F.,(2,2),(-14.,0.),.PIECEWISE_BEZIER_KNOTS.);
#6706 = CARTESIAN_POINT('',(14.,-36.5));
#6707 = CARTESIAN_POINT('',(0.,-36.5));
#6708 = ( GEOMETRIC_REPRESENTATION_CONTEXT(2) 
PARAMETRIC_REPRESENTATION_CONTEXT() REPRESENTATION_CONTEXT('2D SPACE',''
  ) );
#6709 = ORIENTED_EDGE('',*,*,#6263,.T.);
#6710 = ORIENTED_EDGE('',*,*,#6663,.F.);
#6711 = FACE_BOUND('',#6712,.F.);
#6712 = EDGE_LOOP('',(#6713));
#6713 = ORIENTED_EDGE('',*,*,#6714,.F.);
#6714 = EDGE_CURVE('',#6715,#6715,#6717,.T.);
#6715 = VERTEX_POINT('',#6716);
#6716 = CARTESIAN_POINT('',(155.2,161.,137.));
#6717 = SURFACE_CURVE('',#6718,(#6723,#6730),.PCURVE_S1.);
#6718 = CIRCLE('',#6719,1.7);
#6719 = AXIS2_PLACEMENT_3D('',#6720,#6721,#6722);
#6720 = CARTESIAN_POINT('',(153.5,161.,137.));
#6721 = DIRECTION('',(0.,1.,2.22044604925E-16));
#6722 = DIRECTION('',(1.,0.,-0.));
#6723 = PCURVE('',#6277,#6724);
#6724 = DEFINITIONAL_REPRESENTATION('',(#6725),#6729);
#6725 = CIRCLE('',#6726,1.7);
#6726 = AXIS2_PLACEMENT_2D('',#6727,#6728);
#6727 = CARTESIAN_POINT('',(7.,153.5));
#6728 = DIRECTION('',(0.,1.));
#6729 = ( GEOMETRIC_REPRESENTATION_CONTEXT(2) 
PARAMETRIC_REPRESENTATION_CONTEXT() REPRESENTATION_CONTEXT('2D SPACE',''
  ) );
#6730 = PCURVE('',#6383,#6731);
#6731 = DEFINITIONAL_REPRESENTATION('',(#6732),#6736);
#6732 = LINE('',#6733,#6734);
#6733 = CARTESIAN_POINT('',(0.,9.999999999999E-02));
#6734 = VECTOR('',#6735,1.);
#6735 = DIRECTION('',(1.,0.));
#6736 = ( GEOMETRIC_REPRESENTATION_CONTEXT(2) 
PARAMETRIC_REPRESENTATION_CONTEXT() REPRESENTATION_CONTEXT('2D SPACE',''
  ) );
#6737 = ADVANCED_FACE('',(#6738),#6167,.F.);
#6738 = FACE_BOUND('',#6739,.F.);
#6739 = EDGE_LOOP('',(#6740,#6741,#6760,#6761));
#6740 = ORIENTED_EDGE('',*,*,#6493,.F.);
#6741 = ORIENTED_EDGE('',*,*,#6742,.F.);
#6742 = EDGE_CURVE('',#6124,#6471,#6743,.T.);
#6743 = SURFACE_CURVE('',#6744,(#6748,#6754),.PCURVE_S1.);
#6744 = LINE('',#6745,#6746);
#6745 = CARTESIAN_POINT('',(36.,161.,130.));
#6746 = VECTOR('',#6747,1.);
#6747 = DIRECTION('',(-0.,0.,-1.));
#6748 = PCURVE('',#6167,#6749);
#6749 = DEFINITIONAL_REPRESENTATION('',(#6750),#6753);
#6750 = B_SPLINE_CURVE_WITH_KNOTS('',1,(#6751,#6752),.UNSPECIFIED.,.F.,
  .F.,(2,2),(-14.,0.),.PIECEWISE_BEZIER_KNOTS.);
#6751 = CARTESIAN_POINT('',(14.,36.));
#6752 = CARTESIAN_POINT('',(0.,36.));
#6753 = ( GEOMETRIC_REPRESENTATION_CONTEXT(2) 
PARAMETRIC_REPRESENTATION_CONTEXT() REPRESENTATION_CONTEXT('2D SPACE',''
  ) );
#6754 = PCURVE('',#6139,#6755);
#6755 = DEFINITIONAL_REPRESENTATION('',(#6756),#6759);
#6756 = B_SPLINE_CURVE_WITH_KNOTS('',1,(#6757,#6758),.UNSPECIFIED.,.F.,
  .F.,(2,2),(-14.,0.),.PIECEWISE_BEZIER_KNOTS.);
#6757 = CARTESIAN_POINT('',(14.,-36.5));
#6758 = CARTESIAN_POINT('',(0.,-36.5));
#6759 = ( GEOMETRIC_REPRESENTATION_CONTEXT(2) 
PARAMETRIC_REPRESENTATION_CONTEXT() REPRESENTATION_CONTEXT('2D SPACE',''
  ) );
#6760 = ORIENTED_EDGE('',*,*,#6151,.T.);
#6761 = ORIENTED_EDGE('',*,*,#6762,.T.);
#6762 = EDGE_CURVE('',#6152,#6494,#6763,.T.);
#6763 = SURFACE_CURVE('',#6764,(#6768,#6774),.PCURVE_S1.);
#6764 = LINE('',#6765,#6766);
#6765 = CARTESIAN_POINT('',(122.,161.,130.));
#6766 = VECTOR('',#6767,1.);
#6767 = DIRECTION('',(-0.,0.,-1.));
#6768 = PCURVE('',#6167,#6769);
#6769 = DEFINITIONAL_REPRESENTATION('',(#6770),#6773);
#6770 = B_SPLINE_CURVE_WITH_KNOTS('',1,(#6771,#6772),.UNSPECIFIED.,.F.,
  .F.,(2,2),(-14.,0.),.PIECEWISE_BEZIER_KNOTS.);
#6771 = CARTESIAN_POINT('',(14.,122.));
#6772 = CARTESIAN_POINT('',(0.,122.));
#6773 = ( GEOMETRIC_REPRESENTATION_CONTEXT(2) 
PARAMETRIC_REPRESENTATION_CONTEXT() REPRESENTATION_CONTEXT('2D SPACE',''
  ) );
#6774 = PCURVE('',#6195,#6775);
#6775 = DEFINITIONAL_REPRESENTATION('',(#6776),#6779);
#6776 = B_SPLINE_CURVE_WITH_KNOTS('',1,(#6777,#6778),.UNSPECIFIED.,.F.,
  .F.,(2,2),(-14.,0.),.PIECEWISE_BEZIER_KNOTS.);
#6777 = CARTESIAN_POINT('',(14.,-36.5));
#6778 = CARTESIAN_POINT('',(0.,-36.5));
#6779 = ( GEOMETRIC_REPRESENTATION_CONTEXT(2) 
PARAMETRIC_REPRESENTATION_CONTEXT() REPRESENTATION_CONTEXT('2D SPACE',''
  ) );
#6780 = ADVANCED_FACE('',(#6781),#6139,.T.);
#6781 = FACE_BOUND('',#6782,.T.);
#6782 = EDGE_LOOP('',(#6783,#6784,#6805,#6806));
#6783 = ORIENTED_EDGE('',*,*,#6123,.F.);
#6784 = ORIENTED_EDGE('',*,*,#6785,.F.);
#6785 = EDGE_CURVE('',#6448,#6096,#6786,.T.);
#6786 = SURFACE_CURVE('',#6787,(#6791,#6798),.PCURVE_S1.);
#6787 = LINE('',#6788,#6789);
#6788 = CARTESIAN_POINT('',(36.,124.5,130.));
#6789 = VECTOR('',#6790,1.);
#6790 = DIRECTION('',(0.,0.,1.));
#6791 = PCURVE('',#6139,#6792);
#6792 = DEFINITIONAL_REPRESENTATION('',(#6793),#6797);
#6793 = LINE('',#6794,#6795);
#6794 = CARTESIAN_POINT('',(0.,0.));
#6795 = VECTOR('',#6796,1.);
#6796 = DIRECTION('',(1.,0.));
#6797 = ( GEOMETRIC_REPRESENTATION_CONTEXT(2) 
PARAMETRIC_REPRESENTATION_CONTEXT() REPRESENTATION_CONTEXT('2D SPACE',''
  ) );
#6798 = PCURVE('',#6111,#6799);
#6799 = DEFINITIONAL_REPRESENTATION('',(#6800),#6804);
#6800 = LINE('',#6801,#6802);
#6801 = CARTESIAN_POINT('',(0.,11.));
#6802 = VECTOR('',#6803,1.);
#6803 = DIRECTION('',(1.,0.));
#6804 = ( GEOMETRIC_REPRESENTATION_CONTEXT(2) 
PARAMETRIC_REPRESENTATION_CONTEXT() REPRESENTATION_CONTEXT('2D SPACE',''
  ) );
#6805 = ORIENTED_EDGE('',*,*,#6470,.T.);
#6806 = ORIENTED_EDGE('',*,*,#6742,.F.);
#6807 = ADVANCED_FACE('',(#6808),#6111,.F.);
#6808 = FACE_BOUND('',#6809,.F.);
#6809 = EDGE_LOOP('',(#6810,#6811,#6812,#6813));
#6810 = ORIENTED_EDGE('',*,*,#6447,.F.);
#6811 = ORIENTED_EDGE('',*,*,#6610,.T.);
#6812 = ORIENTED_EDGE('',*,*,#6095,.T.);
#6813 = ORIENTED_EDGE('',*,*,#6785,.F.);
#6814 = ADVANCED_FACE('',(#6815),#6383,.F.);
#6815 = FACE_BOUND('',#6816,.F.);
#6816 = EDGE_LOOP('',(#6817,#6818,#6839,#6840));
#6817 = ORIENTED_EDGE('',*,*,#6366,.F.);
#6818 = ORIENTED_EDGE('',*,*,#6819,.F.);
#6819 = EDGE_CURVE('',#6715,#6367,#6820,.T.);
#6820 = SEAM_CURVE('',#6821,(#6825,#6832),.PCURVE_S1.);
#6821 = LINE('',#6822,#6823);
#6822 = CARTESIAN_POINT('',(155.2,160.9,137.));
#6823 = VECTOR('',#6824,1.);
#6824 = DIRECTION('',(0.,1.,2.22044604925E-16));
#6825 = PCURVE('',#6383,#6826);
#6826 = DEFINITIONAL_REPRESENTATION('',(#6827),#6831);
#6827 = LINE('',#6828,#6829);
#6828 = CARTESIAN_POINT('',(6.28318530718,-0.));
#6829 = VECTOR('',#6830,1.);
#6830 = DIRECTION('',(0.,1.));
#6831 = ( GEOMETRIC_REPRESENTATION_CONTEXT(2) 
PARAMETRIC_REPRESENTATION_CONTEXT() REPRESENTATION_CONTEXT('2D SPACE',''
  ) );
#6832 = PCURVE('',#6383,#6833);
#6833 = DEFINITIONAL_REPRESENTATION('',(#6834),#6838);
#6834 = LINE('',#6835,#6836);
#6835 = CARTESIAN_POINT('',(0.,-0.));
#6836 = VECTOR('',#6837,1.);
#6837 = DIRECTION('',(0.,1.));
#6838 = ( GEOMETRIC_REPRESENTATION_CONTEXT(2) 
PARAMETRIC_REPRESENTATION_CONTEXT() REPRESENTATION_CONTEXT('2D SPACE',''
  ) );
#6839 = ORIENTED_EDGE('',*,*,#6714,.T.);
#6840 = ORIENTED_EDGE('',*,*,#6819,.T.);
#6841 = ADVANCED_FACE('',(#6842),#6251,.T.);
#6842 = FACE_BOUND('',#6843,.T.);
#6843 = EDGE_LOOP('',(#6844,#6845,#6866,#6867));
#6844 = ORIENTED_EDGE('',*,*,#6235,.F.);
#6845 = ORIENTED_EDGE('',*,*,#6846,.F.);
#6846 = EDGE_CURVE('',#6540,#6208,#6847,.T.);
#6847 = SURFACE_CURVE('',#6848,(#6852,#6859),.PCURVE_S1.);
#6848 = LINE('',#6849,#6850);
#6849 = CARTESIAN_POINT('',(133.,124.5,130.));
#6850 = VECTOR('',#6851,1.);
#6851 = DIRECTION('',(0.,0.,1.));
#6852 = PCURVE('',#6251,#6853);
#6853 = DEFINITIONAL_REPRESENTATION('',(#6854),#6858);
#6854 = LINE('',#6855,#6856);
#6855 = CARTESIAN_POINT('',(0.,0.));
#6856 = VECTOR('',#6857,1.);
#6857 = DIRECTION('',(1.,0.));
#6858 = ( GEOMETRIC_REPRESENTATION_CONTEXT(2) 
PARAMETRIC_REPRESENTATION_CONTEXT() REPRESENTATION_CONTEXT('2D SPACE',''
  ) );
#6859 = PCURVE('',#6223,#6860);
#6860 = DEFINITIONAL_REPRESENTATION('',(#6861),#6865);
#6861 = LINE('',#6862,#6863);
#6862 = CARTESIAN_POINT('',(0.,11.));
#6863 = VECTOR('',#6864,1.);
#6864 = DIRECTION('',(1.,0.));
#6865 = ( GEOMETRIC_REPRESENTATION_CONTEXT(2) 
PARAMETRIC_REPRESENTATION_CONTEXT() REPRESENTATION_CONTEXT('2D SPACE',''
  ) );
#6866 = ORIENTED_EDGE('',*,*,#6562,.T.);
#6867 = ORIENTED_EDGE('',*,*,#6691,.F.);
#6868 = ADVANCED_FACE('',(#6869),#6195,.F.);
#6869 = FACE_BOUND('',#6870,.F.);
#6870 = EDGE_LOOP('',(#6871,#6872,#6893,#6894));
#6871 = ORIENTED_EDGE('',*,*,#6179,.F.);
#6872 = ORIENTED_EDGE('',*,*,#6873,.F.);
#6873 = EDGE_CURVE('',#6517,#6180,#6874,.T.);
#6874 = SURFACE_CURVE('',#6875,(#6879,#6886),.PCURVE_S1.);
#6875 = LINE('',#6876,#6877);
#6876 = CARTESIAN_POINT('',(122.,124.5,130.));
#6877 = VECTOR('',#6878,1.);
#6878 = DIRECTION('',(0.,0.,1.));
#6879 = PCURVE('',#6195,#6880);
#6880 = DEFINITIONAL_REPRESENTATION('',(#6881),#6885);
#6881 = LINE('',#6882,#6883);
#6882 = CARTESIAN_POINT('',(0.,0.));
#6883 = VECTOR('',#6884,1.);
#6884 = DIRECTION('',(1.,0.));
#6885 = ( GEOMETRIC_REPRESENTATION_CONTEXT(2) 
PARAMETRIC_REPRESENTATION_CONTEXT() REPRESENTATION_CONTEXT('2D SPACE',''
  ) );
#6886 = PCURVE('',#6223,#6887);
#6887 = DEFINITIONAL_REPRESENTATION('',(#6888),#6892);
#6888 = LINE('',#6889,#6890);
#6889 = CARTESIAN_POINT('',(0.,0.));
#6890 = VECTOR('',#6891,1.);
#6891 = DIRECTION('',(1.,0.));
#6892 = ( GEOMETRIC_REPRESENTATION_CONTEXT(2) 
PARAMETRIC_REPRESENTATION_CONTEXT() REPRESENTATION_CONTEXT('2D SPACE',''
  ) );
#6893 = ORIENTED_EDGE('',*,*,#6516,.T.);
#6894 = ORIENTED_EDGE('',*,*,#6762,.F.);
#6895 = ADVANCED_FACE('',(#6896),#6223,.F.);
#6896 = FACE_BOUND('',#6897,.F.);
#6897 = EDGE_LOOP('',(#6898,#6899,#6900,#6901));
#6898 = ORIENTED_EDGE('',*,*,#6539,.F.);
#6899 = ORIENTED_EDGE('',*,*,#6873,.T.);
#6900 = ORIENTED_EDGE('',*,*,#6207,.T.);
#6901 = ORIENTED_EDGE('',*,*,#6846,.F.);
#6902 = ( GEOMETRIC_REPRESENTATION_CONTEXT(3) 
GLOBAL_UNCERTAINTY_ASSIGNED_CONTEXT((#6906)) 
GLOBAL_UNIT_ASSIGNED_CONTEXT((#6903,#6904,#6905)) REPRESENTATION_CONTEXT
('Context #1','3D Context with UNIT and UNCERTAINTY') );
#6903 = ( LENGTH_UNIT() NAMED_UNIT(*) SI_UNIT(.MILLI.,.METRE.) );
#6904 = ( NAMED_UNIT(*) PLANE_ANGLE_UNIT() SI_UNIT($,.RADIAN.) );
#6905 = ( NAMED_UNIT(*) SI_UNIT($,.STERADIAN.) SOLID_ANGLE_UNIT() );
#6906 = UNCERTAINTY_MEASURE_WITH_UNIT(LENGTH_MEASURE(2.E-07),#6903,
  'distance_accuracy_value','confusion accuracy');
#6907 = CONTEXT_DEPENDENT_SHAPE_REPRESENTATION(#6908,#6910);
#6908 = ( REPRESENTATION_RELATIONSHIP('','',#5787,#10) 
REPRESENTATION_RELATIONSHIP_WITH_TRANSFORMATION(#6909) 
SHAPE_REPRESENTATION_RELATIONSHIP() );
#6909 = ITEM_DEFINED_TRANSFORMATION('','',#11,#27);
#6910 = PRODUCT_DEFINITION_SHAPE('Placement','Placement of an item',
  #6911);
#6911 = NEXT_ASSEMBLY_USAGE_OCCURRENCE('4','retaining_bar_137','',#5,
  #5782,$);
#6912 = PRODUCT_RELATED_PRODUCT_CATEGORY('part',$,(#5784));
#6913 = SHAPE_DEFINITION_REPRESENTATION(#6914,#6920);
#6914 = PRODUCT_DEFINITION_SHAPE('','',#6915);
#6915 = PRODUCT_DEFINITION('design','',#6916,#6919);
#6916 = PRODUCT_DEFINITION_FORMATION('','',#6917);
#6917 = PRODUCT('top_cover','top_cover','',(#6918));
#6918 = PRODUCT_CONTEXT('',#2,'mechanical');
#6919 = PRODUCT_DEFINITION_CONTEXT('part definition',#2,'design');
#6920 = ADVANCED_BREP_SHAPE_REPRESENTATION('',(#11,#6921),#7419);
#6921 = MANIFOLD_SOLID_BREP('',#6922);
#6922 = CLOSED_SHELL('',(#6923,#7043,#7119,#7230,#7279,#7358,#7365,#7392
    ));
#6923 = ADVANCED_FACE('',(#6924),#6938,.F.);
#6924 = FACE_BOUND('',#6925,.F.);
#6925 = EDGE_LOOP('',(#6926,#6961,#6989,#7017));
#6926 = ORIENTED_EDGE('',*,*,#6927,.F.);
#6927 = EDGE_CURVE('',#6928,#6930,#6932,.T.);
#6928 = VERTEX_POINT('',#6929);
#6929 = CARTESIAN_POINT('',(0.,0.,197.));
#6930 = VERTEX_POINT('',#6931);
#6931 = CARTESIAN_POINT('',(0.,0.,201.));
#6932 = SURFACE_CURVE('',#6933,(#6937,#6949),.PCURVE_S1.);
#6933 = LINE('',#6934,#6935);
#6934 = CARTESIAN_POINT('',(0.,0.,197.));
#6935 = VECTOR('',#6936,1.);
#6936 = DIRECTION('',(0.,0.,1.));
#6937 = PCURVE('',#6938,#6943);
#6938 = PLANE('',#6939);
#6939 = AXIS2_PLACEMENT_3D('',#6940,#6941,#6942);
#6940 = CARTESIAN_POINT('',(0.,0.,197.));
#6941 = DIRECTION('',(1.,0.,-0.));
#6942 = DIRECTION('',(0.,0.,1.));
#6943 = DEFINITIONAL_REPRESENTATION('',(#6944),#6948);
#6944 = LINE('',#6945,#6946);
#6945 = CARTESIAN_POINT('',(0.,0.));
#6946 = VECTOR('',#6947,1.);
#6947 = DIRECTION('',(1.,0.));
#6948 = ( GEOMETRIC_REPRESENTATION_CONTEXT(2) 
PARAMETRIC_REPRESENTATION_CONTEXT() REPRESENTATION_CONTEXT('2D SPACE',''
  ) );
#6949 = PCURVE('',#6950,#6955);
#6950 = PLANE('',#6951);
#6951 = AXIS2_PLACEMENT_3D('',#6952,#6953,#6954);
#6952 = CARTESIAN_POINT('',(0.,0.,197.));
#6953 = DIRECTION('',(-0.,1.,0.));
#6954 = DIRECTION('',(0.,0.,1.));
#6955 = DEFINITIONAL_REPRESENTATION('',(#6956),#6960);
#6956 = LINE('',#6957,#6958);
#6957 = CARTESIAN_POINT('',(0.,0.));
#6958 = VECTOR('',#6959,1.);
#6959 = DIRECTION('',(1.,0.));
#6960 = ( GEOMETRIC_REPRESENTATION_CONTEXT(2) 
PARAMETRIC_REPRESENTATION_CONTEXT() REPRESENTATION_CONTEXT('2D SPACE',''
  ) );
#6961 = ORIENTED_EDGE('',*,*,#6962,.T.);
#6962 = EDGE_CURVE('',#6928,#6963,#6965,.T.);
#6963 = VERTEX_POINT('',#6964);
#6964 = CARTESIAN_POINT('',(0.,161.,197.));
#6965 = SURFACE_CURVE('',#6966,(#6970,#6977),.PCURVE_S1.);
#6966 = LINE('',#6967,#6968);
#6967 = CARTESIAN_POINT('',(0.,0.,197.));
#6968 = VECTOR('',#6969,1.);
#6969 = DIRECTION('',(-0.,1.,0.));
#6970 = PCURVE('',#6938,#6971);
#6971 = DEFINITIONAL_REPRESENTATION('',(#6972),#6976);
#6972 = LINE('',#6973,#6974);
#6973 = CARTESIAN_POINT('',(0.,0.));
#6974 = VECTOR('',#6975,1.);
#6975 = DIRECTION('',(0.,-1.));
#6976 = ( GEOMETRIC_REPRESENTATION_CONTEXT(2) 
PARAMETRIC_REPRESENTATION_CONTEXT() REPRESENTATION_CONTEXT('2D SPACE',''
  ) );
#6977 = PCURVE('',#6978,#6983);
#6978 = PLANE('',#6979);
#6979 = AXIS2_PLACEMENT_3D('',#6980,#6981,#6982);
#6980 = CARTESIAN_POINT('',(0.,0.,197.));
#6981 = DIRECTION('',(0.,0.,1.));
#6982 = DIRECTION('',(1.,0.,-0.));
#6983 = DEFINITIONAL_REPRESENTATION('',(#6984),#6988);
#6984 = LINE('',#6985,#6986);
#6985 = CARTESIAN_POINT('',(0.,0.));
#6986 = VECTOR('',#6987,1.);
#6987 = DIRECTION('',(0.,1.));
#6988 = ( GEOMETRIC_REPRESENTATION_CONTEXT(2) 
PARAMETRIC_REPRESENTATION_CONTEXT() REPRESENTATION_CONTEXT('2D SPACE',''
  ) );
#6989 = ORIENTED_EDGE('',*,*,#6990,.T.);
#6990 = EDGE_CURVE('',#6963,#6991,#6993,.T.);
#6991 = VERTEX_POINT('',#6992);
#6992 = CARTESIAN_POINT('',(0.,161.,201.));
#6993 = SURFACE_CURVE('',#6994,(#6998,#7005),.PCURVE_S1.);
#6994 = LINE('',#6995,#6996);
#6995 = CARTESIAN_POINT('',(0.,161.,197.));
#6996 = VECTOR('',#6997,1.);
#6997 = DIRECTION('',(0.,0.,1.));
#6998 = PCURVE('',#6938,#6999);
#6999 = DEFINITIONAL_REPRESENTATION('',(#7000),#7004);
#7000 = LINE('',#7001,#7002);
#7001 = CARTESIAN_POINT('',(0.,-161.));
#7002 = VECTOR('',#7003,1.);
#7003 = DIRECTION('',(1.,0.));
#7004 = ( GEOMETRIC_REPRESENTATION_CONTEXT(2) 
PARAMETRIC_REPRESENTATION_CONTEXT() REPRESENTATION_CONTEXT('2D SPACE',''
  ) );
#7005 = PCURVE('',#7006,#7011);
#7006 = PLANE('',#7007);
#7007 = AXIS2_PLACEMENT_3D('',#7008,#7009,#7010);
#7008 = CARTESIAN_POINT('',(0.,161.,197.));
#7009 = DIRECTION('',(-0.,1.,0.));
#7010 = DIRECTION('',(0.,0.,1.));
#7011 = DEFINITIONAL_REPRESENTATION('',(#7012),#7016);
#7012 = LINE('',#7013,#7014);
#7013 = CARTESIAN_POINT('',(0.,0.));
#7014 = VECTOR('',#7015,1.);
#7015 = DIRECTION('',(1.,0.));
#7016 = ( GEOMETRIC_REPRESENTATION_CONTEXT(2) 
PARAMETRIC_REPRESENTATION_CONTEXT() REPRESENTATION_CONTEXT('2D SPACE',''
  ) );
#7017 = ORIENTED_EDGE('',*,*,#7018,.F.);
#7018 = EDGE_CURVE('',#6930,#6991,#7019,.T.);
#7019 = SURFACE_CURVE('',#7020,(#7024,#7031),.PCURVE_S1.);
#7020 = LINE('',#7021,#7022);
#7021 = CARTESIAN_POINT('',(0.,0.,201.));
#7022 = VECTOR('',#7023,1.);
#7023 = DIRECTION('',(-0.,1.,0.));
#7024 = PCURVE('',#6938,#7025);
#7025 = DEFINITIONAL_REPRESENTATION('',(#7026),#7030);
#7026 = LINE('',#7027,#7028);
#7027 = CARTESIAN_POINT('',(4.,0.));
#7028 = VECTOR('',#7029,1.);
#7029 = DIRECTION('',(0.,-1.));
#7030 = ( GEOMETRIC_REPRESENTATION_CONTEXT(2) 
PARAMETRIC_REPRESENTATION_CONTEXT() REPRESENTATION_CONTEXT('2D SPACE',''
  ) );
#7031 = PCURVE('',#7032,#7037);
#7032 = PLANE('',#7033);
#7033 = AXIS2_PLACEMENT_3D('',#7034,#7035,#7036);
#7034 = CARTESIAN_POINT('',(0.,0.,201.));
#7035 = DIRECTION('',(0.,0.,1.));
#7036 = DIRECTION('',(1.,0.,-0.));
#7037 = DEFINITIONAL_REPRESENTATION('',(#7038),#7042);
#7038 = LINE('',#7039,#7040);
#7039 = CARTESIAN_POINT('',(0.,0.));
#7040 = VECTOR('',#7041,1.);
#7041 = DIRECTION('',(0.,1.));
#7042 = ( GEOMETRIC_REPRESENTATION_CONTEXT(2) 
PARAMETRIC_REPRESENTATION_CONTEXT() REPRESENTATION_CONTEXT('2D SPACE',''
  ) );
#7043 = ADVANCED_FACE('',(#7044),#6950,.F.);
#7044 = FACE_BOUND('',#7045,.F.);
#7045 = EDGE_LOOP('',(#7046,#7069,#7070,#7093));
#7046 = ORIENTED_EDGE('',*,*,#7047,.F.);
#7047 = EDGE_CURVE('',#6928,#7048,#7050,.T.);
#7048 = VERTEX_POINT('',#7049);
#7049 = CARTESIAN_POINT('',(158.,0.,197.));
#7050 = SURFACE_CURVE('',#7051,(#7055,#7062),.PCURVE_S1.);
#7051 = LINE('',#7052,#7053);
#7052 = CARTESIAN_POINT('',(0.,0.,197.));
#7053 = VECTOR('',#7054,1.);
#7054 = DIRECTION('',(1.,0.,-0.));
#7055 = PCURVE('',#6950,#7056);
#7056 = DEFINITIONAL_REPRESENTATION('',(#7057),#7061);
#7057 = LINE('',#7058,#7059);
#7058 = CARTESIAN_POINT('',(0.,0.));
#7059 = VECTOR('',#7060,1.);
#7060 = DIRECTION('',(0.,1.));
#7061 = ( GEOMETRIC_REPRESENTATION_CONTEXT(2) 
PARAMETRIC_REPRESENTATION_CONTEXT() REPRESENTATION_CONTEXT('2D SPACE',''
  ) );
#7062 = PCURVE('',#6978,#7063);
#7063 = DEFINITIONAL_REPRESENTATION('',(#7064),#7068);
#7064 = LINE('',#7065,#7066);
#7065 = CARTESIAN_POINT('',(0.,0.));
#7066 = VECTOR('',#7067,1.);
#7067 = DIRECTION('',(1.,0.));
#7068 = ( GEOMETRIC_REPRESENTATION_CONTEXT(2) 
PARAMETRIC_REPRESENTATION_CONTEXT() REPRESENTATION_CONTEXT('2D SPACE',''
  ) );
#7069 = ORIENTED_EDGE('',*,*,#6927,.T.);
#7070 = ORIENTED_EDGE('',*,*,#7071,.T.);
#7071 = EDGE_CURVE('',#6930,#7072,#7074,.T.);
#7072 = VERTEX_POINT('',#7073);
#7073 = CARTESIAN_POINT('',(158.,0.,201.));
#7074 = SURFACE_CURVE('',#7075,(#7079,#7086),.PCURVE_S1.);
#7075 = LINE('',#7076,#7077);
#7076 = CARTESIAN_POINT('',(0.,0.,201.));
#7077 = VECTOR('',#7078,1.);
#7078 = DIRECTION('',(1.,0.,-0.));
#7079 = PCURVE('',#6950,#7080);
#7080 = DEFINITIONAL_REPRESENTATION('',(#7081),#7085);
#7081 = LINE('',#7082,#7083);
#7082 = CARTESIAN_POINT('',(4.,0.));
#7083 = VECTOR('',#7084,1.);
#7084 = DIRECTION('',(0.,1.));
#7085 = ( GEOMETRIC_REPRESENTATION_CONTEXT(2) 
PARAMETRIC_REPRESENTATION_CONTEXT() REPRESENTATION_CONTEXT('2D SPACE',''
  ) );
#7086 = PCURVE('',#7032,#7087);
#7087 = DEFINITIONAL_REPRESENTATION('',(#7088),#7092);
#7088 = LINE('',#7089,#7090);
#7089 = CARTESIAN_POINT('',(0.,0.));
#7090 = VECTOR('',#7091,1.);
#7091 = DIRECTION('',(1.,0.));
#7092 = ( GEOMETRIC_REPRESENTATION_CONTEXT(2) 
PARAMETRIC_REPRESENTATION_CONTEXT() REPRESENTATION_CONTEXT('2D SPACE',''
  ) );
#7093 = ORIENTED_EDGE('',*,*,#7094,.F.);
#7094 = EDGE_CURVE('',#7048,#7072,#7095,.T.);
#7095 = SURFACE_CURVE('',#7096,(#7100,#7107),.PCURVE_S1.);
#7096 = LINE('',#7097,#7098);
#7097 = CARTESIAN_POINT('',(158.,0.,197.));
#7098 = VECTOR('',#7099,1.);
#7099 = DIRECTION('',(0.,0.,1.));
#7100 = PCURVE('',#6950,#7101);
#7101 = DEFINITIONAL_REPRESENTATION('',(#7102),#7106);
#7102 = LINE('',#7103,#7104);
#7103 = CARTESIAN_POINT('',(0.,158.));
#7104 = VECTOR('',#7105,1.);
#7105 = DIRECTION('',(1.,0.));
#7106 = ( GEOMETRIC_REPRESENTATION_CONTEXT(2) 
PARAMETRIC_REPRESENTATION_CONTEXT() REPRESENTATION_CONTEXT('2D SPACE',''
  ) );
#7107 = PCURVE('',#7108,#7113);
#7108 = PLANE('',#7109);
#7109 = AXIS2_PLACEMENT_3D('',#7110,#7111,#7112);
#7110 = CARTESIAN_POINT('',(158.,0.,197.));
#7111 = DIRECTION('',(1.,0.,-0.));
#7112 = DIRECTION('',(0.,0.,1.));
#7113 = DEFINITIONAL_REPRESENTATION('',(#7114),#7118);
#7114 = LINE('',#7115,#7116);
#7115 = CARTESIAN_POINT('',(0.,0.));
#7116 = VECTOR('',#7117,1.);
#7117 = DIRECTION('',(1.,0.));
#7118 = ( GEOMETRIC_REPRESENTATION_CONTEXT(2) 
PARAMETRIC_REPRESENTATION_CONTEXT() REPRESENTATION_CONTEXT('2D SPACE',''
  ) );
#7119 = ADVANCED_FACE('',(#7120,#7168,#7199),#7032,.T.);
#7120 = FACE_BOUND('',#7121,.T.);
#7121 = EDGE_LOOP('',(#7122,#7123,#7124,#7147));
#7122 = ORIENTED_EDGE('',*,*,#7018,.F.);
#7123 = ORIENTED_EDGE('',*,*,#7071,.T.);
#7124 = ORIENTED_EDGE('',*,*,#7125,.T.);
#7125 = EDGE_CURVE('',#7072,#7126,#7128,.T.);
#7126 = VERTEX_POINT('',#7127);
#7127 = CARTESIAN_POINT('',(158.,161.,201.));
#7128 = SURFACE_CURVE('',#7129,(#7133,#7140),.PCURVE_S1.);
#7129 = LINE('',#7130,#7131);
#7130 = CARTESIAN_POINT('',(158.,0.,201.));
#7131 = VECTOR('',#7132,1.);
#7132 = DIRECTION('',(-0.,1.,0.));
#7133 = PCURVE('',#7032,#7134);
#7134 = DEFINITIONAL_REPRESENTATION('',(#7135),#7139);
#7135 = LINE('',#7136,#7137);
#7136 = CARTESIAN_POINT('',(158.,0.));
#7137 = VECTOR('',#7138,1.);
#7138 = DIRECTION('',(0.,1.));
#7139 = ( GEOMETRIC_REPRESENTATION_CONTEXT(2) 
PARAMETRIC_REPRESENTATION_CONTEXT() REPRESENTATION_CONTEXT('2D SPACE',''
  ) );
#7140 = PCURVE('',#7108,#7141);
#7141 = DEFINITIONAL_REPRESENTATION('',(#7142),#7146);
#7142 = LINE('',#7143,#7144);
#7143 = CARTESIAN_POINT('',(4.,0.));
#7144 = VECTOR('',#7145,1.);
#7145 = DIRECTION('',(0.,-1.));
#7146 = ( GEOMETRIC_REPRESENTATION_CONTEXT(2) 
PARAMETRIC_REPRESENTATION_CONTEXT() REPRESENTATION_CONTEXT('2D SPACE',''
  ) );
#7147 = ORIENTED_EDGE('',*,*,#7148,.F.);
#7148 = EDGE_CURVE('',#6991,#7126,#7149,.T.);
#7149 = SURFACE_CURVE('',#7150,(#7154,#7161),.PCURVE_S1.);
#7150 = LINE('',#7151,#7152);
#7151 = CARTESIAN_POINT('',(0.,161.,201.));
#7152 = VECTOR('',#7153,1.);
#7153 = DIRECTION('',(1.,0.,-0.));
#7154 = PCURVE('',#7032,#7155);
#7155 = DEFINITIONAL_REPRESENTATION('',(#7156),#7160);
#7156 = LINE('',#7157,#7158);
#7157 = CARTESIAN_POINT('',(0.,161.));
#7158 = VECTOR('',#7159,1.);
#7159 = DIRECTION('',(1.,0.));
#7160 = ( GEOMETRIC_REPRESENTATION_CONTEXT(2) 
PARAMETRIC_REPRESENTATION_CONTEXT() REPRESENTATION_CONTEXT('2D SPACE',''
  ) );
#7161 = PCURVE('',#7006,#7162);
#7162 = DEFINITIONAL_REPRESENTATION('',(#7163),#7167);
#7163 = LINE('',#7164,#7165);
#7164 = CARTESIAN_POINT('',(4.,0.));
#7165 = VECTOR('',#7166,1.);
#7166 = DIRECTION('',(0.,1.));
#7167 = ( GEOMETRIC_REPRESENTATION_CONTEXT(2) 
PARAMETRIC_REPRESENTATION_CONTEXT() REPRESENTATION_CONTEXT('2D SPACE',''
  ) );
#7168 = FACE_BOUND('',#7169,.T.);
#7169 = EDGE_LOOP('',(#7170));
#7170 = ORIENTED_EDGE('',*,*,#7171,.F.);
#7171 = EDGE_CURVE('',#7172,#7172,#7174,.T.);
#7172 = VERTEX_POINT('',#7173);
#7173 = CARTESIAN_POINT('',(6.2,153.,201.));
#7174 = SURFACE_CURVE('',#7175,(#7180,#7187),.PCURVE_S1.);
#7175 = CIRCLE('',#7176,1.7);
#7176 = AXIS2_PLACEMENT_3D('',#7177,#7178,#7179);
#7177 = CARTESIAN_POINT('',(4.5,153.,201.));
#7178 = DIRECTION('',(0.,0.,1.));
#7179 = DIRECTION('',(1.,0.,-0.));
#7180 = PCURVE('',#7032,#7181);
#7181 = DEFINITIONAL_REPRESENTATION('',(#7182),#7186);
#7182 = CIRCLE('',#7183,1.7);
#7183 = AXIS2_PLACEMENT_2D('',#7184,#7185);
#7184 = CARTESIAN_POINT('',(4.5,153.));
#7185 = DIRECTION('',(1.,0.));
#7186 = ( GEOMETRIC_REPRESENTATION_CONTEXT(2) 
PARAMETRIC_REPRESENTATION_CONTEXT() REPRESENTATION_CONTEXT('2D SPACE',''
  ) );
#7187 = PCURVE('',#7188,#7193);
#7188 = CYLINDRICAL_SURFACE('',#7189,1.7);
#7189 = AXIS2_PLACEMENT_3D('',#7190,#7191,#7192);
#7190 = CARTESIAN_POINT('',(4.5,153.,196.9));
#7191 = DIRECTION('',(0.,0.,1.));
#7192 = DIRECTION('',(1.,0.,-0.));
#7193 = DEFINITIONAL_REPRESENTATION('',(#7194),#7198);
#7194 = LINE('',#7195,#7196);
#7195 = CARTESIAN_POINT('',(0.,4.1));
#7196 = VECTOR('',#7197,1.);
#7197 = DIRECTION('',(1.,0.));
#7198 = ( GEOMETRIC_REPRESENTATION_CONTEXT(2) 
PARAMETRIC_REPRESENTATION_CONTEXT() REPRESENTATION_CONTEXT('2D SPACE',''
  ) );
#7199 = FACE_BOUND('',#7200,.T.);
#7200 = EDGE_LOOP('',(#7201));
#7201 = ORIENTED_EDGE('',*,*,#7202,.F.);
#7202 = EDGE_CURVE('',#7203,#7203,#7205,.T.);
#7203 = VERTEX_POINT('',#7204);
#7204 = CARTESIAN_POINT('',(155.2,153.,201.));
#7205 = SURFACE_CURVE('',#7206,(#7211,#7218),.PCURVE_S1.);
#7206 = CIRCLE('',#7207,1.7);
#7207 = AXIS2_PLACEMENT_3D('',#7208,#7209,#7210);
#7208 = CARTESIAN_POINT('',(153.5,153.,201.));
#7209 = DIRECTION('',(0.,0.,1.));
#7210 = DIRECTION('',(1.,0.,-0.));
#7211 = PCURVE('',#7032,#7212);
#7212 = DEFINITIONAL_REPRESENTATION('',(#7213),#7217);
#7213 = CIRCLE('',#7214,1.7);
#7214 = AXIS2_PLACEMENT_2D('',#7215,#7216);
#7215 = CARTESIAN_POINT('',(153.5,153.));
#7216 = DIRECTION('',(1.,0.));
#7217 = ( GEOMETRIC_REPRESENTATION_CONTEXT(2) 
PARAMETRIC_REPRESENTATION_CONTEXT() REPRESENTATION_CONTEXT('2D SPACE',''
  ) );
#7218 = PCURVE('',#7219,#7224);
#7219 = CYLINDRICAL_SURFACE('',#7220,1.7);
#7220 = AXIS2_PLACEMENT_3D('',#7221,#7222,#7223);
#7221 = CARTESIAN_POINT('',(153.5,153.,196.9));
#7222 = DIRECTION('',(0.,0.,1.));
#7223 = DIRECTION('',(1.,0.,-0.));
#7224 = DEFINITIONAL_REPRESENTATION('',(#7225),#7229);
#7225 = LINE('',#7226,#7227);
#7226 = CARTESIAN_POINT('',(0.,4.1));
#7227 = VECTOR('',#7228,1.);
#7228 = DIRECTION('',(1.,0.));
#7229 = ( GEOMETRIC_REPRESENTATION_CONTEXT(2) 
PARAMETRIC_REPRESENTATION_CONTEXT() REPRESENTATION_CONTEXT('2D SPACE',''
  ) );
#7230 = ADVANCED_FACE('',(#7231),#7006,.T.);
#7231 = FACE_BOUND('',#7232,.T.);
#7232 = EDGE_LOOP('',(#7233,#7256,#7257,#7258));
#7233 = ORIENTED_EDGE('',*,*,#7234,.F.);
#7234 = EDGE_CURVE('',#6963,#7235,#7237,.T.);
#7235 = VERTEX_POINT('',#7236);
#7236 = CARTESIAN_POINT('',(158.,161.,197.));
#7237 = SURFACE_CURVE('',#7238,(#7242,#7249),.PCURVE_S1.);
#7238 = LINE('',#7239,#7240);
#7239 = CARTESIAN_POINT('',(0.,161.,197.));
#7240 = VECTOR('',#7241,1.);
#7241 = DIRECTION('',(1.,0.,-0.));
#7242 = PCURVE('',#7006,#7243);
#7243 = DEFINITIONAL_REPRESENTATION('',(#7244),#7248);
#7244 = LINE('',#7245,#7246);
#7245 = CARTESIAN_POINT('',(0.,0.));
#7246 = VECTOR('',#7247,1.);
#7247 = DIRECTION('',(0.,1.));
#7248 = ( GEOMETRIC_REPRESENTATION_CONTEXT(2) 
PARAMETRIC_REPRESENTATION_CONTEXT() REPRESENTATION_CONTEXT('2D SPACE',''
  ) );
#7249 = PCURVE('',#6978,#7250);
#7250 = DEFINITIONAL_REPRESENTATION('',(#7251),#7255);
#7251 = LINE('',#7252,#7253);
#7252 = CARTESIAN_POINT('',(0.,161.));
#7253 = VECTOR('',#7254,1.);
#7254 = DIRECTION('',(1.,0.));
#7255 = ( GEOMETRIC_REPRESENTATION_CONTEXT(2) 
PARAMETRIC_REPRESENTATION_CONTEXT() REPRESENTATION_CONTEXT('2D SPACE',''
  ) );
#7256 = ORIENTED_EDGE('',*,*,#6990,.T.);
#7257 = ORIENTED_EDGE('',*,*,#7148,.T.);
#7258 = ORIENTED_EDGE('',*,*,#7259,.F.);
#7259 = EDGE_CURVE('',#7235,#7126,#7260,.T.);
#7260 = SURFACE_CURVE('',#7261,(#7265,#7272),.PCURVE_S1.);
#7261 = LINE('',#7262,#7263);
#7262 = CARTESIAN_POINT('',(158.,161.,197.));
#7263 = VECTOR('',#7264,1.);
#7264 = DIRECTION('',(0.,0.,1.));
#7265 = PCURVE('',#7006,#7266);
#7266 = DEFINITIONAL_REPRESENTATION('',(#7267),#7271);
#7267 = LINE('',#7268,#7269);
#7268 = CARTESIAN_POINT('',(0.,158.));
#7269 = VECTOR('',#7270,1.);
#7270 = DIRECTION('',(1.,0.));
#7271 = ( GEOMETRIC_REPRESENTATION_CONTEXT(2) 
PARAMETRIC_REPRESENTATION_CONTEXT() REPRESENTATION_CONTEXT('2D SPACE',''
  ) );
#7272 = PCURVE('',#7108,#7273);
#7273 = DEFINITIONAL_REPRESENTATION('',(#7274),#7278);
#7274 = LINE('',#7275,#7276);
#7275 = CARTESIAN_POINT('',(0.,-161.));
#7276 = VECTOR('',#7277,1.);
#7277 = DIRECTION('',(1.,0.));
#7278 = ( GEOMETRIC_REPRESENTATION_CONTEXT(2) 
PARAMETRIC_REPRESENTATION_CONTEXT() REPRESENTATION_CONTEXT('2D SPACE',''
  ) );
#7279 = ADVANCED_FACE('',(#7280,#7306,#7332),#6978,.F.);
#7280 = FACE_BOUND('',#7281,.F.);
#7281 = EDGE_LOOP('',(#7282,#7283,#7284,#7305));
#7282 = ORIENTED_EDGE('',*,*,#6962,.F.);
#7283 = ORIENTED_EDGE('',*,*,#7047,.T.);
#7284 = ORIENTED_EDGE('',*,*,#7285,.T.);
#7285 = EDGE_CURVE('',#7048,#7235,#7286,.T.);
#7286 = SURFACE_CURVE('',#7287,(#7291,#7298),.PCURVE_S1.);
#7287 = LINE('',#7288,#7289);
#7288 = CARTESIAN_POINT('',(158.,0.,197.));
#7289 = VECTOR('',#7290,1.);
#7290 = DIRECTION('',(-0.,1.,0.));
#7291 = PCURVE('',#6978,#7292);
#7292 = DEFINITIONAL_REPRESENTATION('',(#7293),#7297);
#7293 = LINE('',#7294,#7295);
#7294 = CARTESIAN_POINT('',(158.,0.));
#7295 = VECTOR('',#7296,1.);
#7296 = DIRECTION('',(0.,1.));
#7297 = ( GEOMETRIC_REPRESENTATION_CONTEXT(2) 
PARAMETRIC_REPRESENTATION_CONTEXT() REPRESENTATION_CONTEXT('2D SPACE',''
  ) );
#7298 = PCURVE('',#7108,#7299);
#7299 = DEFINITIONAL_REPRESENTATION('',(#7300),#7304);
#7300 = LINE('',#7301,#7302);
#7301 = CARTESIAN_POINT('',(0.,0.));
#7302 = VECTOR('',#7303,1.);
#7303 = DIRECTION('',(0.,-1.));
#7304 = ( GEOMETRIC_REPRESENTATION_CONTEXT(2) 
PARAMETRIC_REPRESENTATION_CONTEXT() REPRESENTATION_CONTEXT('2D SPACE',''
  ) );
#7305 = ORIENTED_EDGE('',*,*,#7234,.F.);
#7306 = FACE_BOUND('',#7307,.F.);
#7307 = EDGE_LOOP('',(#7308));
#7308 = ORIENTED_EDGE('',*,*,#7309,.F.);
#7309 = EDGE_CURVE('',#7310,#7310,#7312,.T.);
#7310 = VERTEX_POINT('',#7311);
#7311 = CARTESIAN_POINT('',(6.2,153.,197.));
#7312 = SURFACE_CURVE('',#7313,(#7318,#7325),.PCURVE_S1.);
#7313 = CIRCLE('',#7314,1.7);
#7314 = AXIS2_PLACEMENT_3D('',#7315,#7316,#7317);
#7315 = CARTESIAN_POINT('',(4.5,153.,197.));
#7316 = DIRECTION('',(0.,0.,1.));
#7317 = DIRECTION('',(1.,0.,-0.));
#7318 = PCURVE('',#6978,#7319);
#7319 = DEFINITIONAL_REPRESENTATION('',(#7320),#7324);
#7320 = CIRCLE('',#7321,1.7);
#7321 = AXIS2_PLACEMENT_2D('',#7322,#7323);
#7322 = CARTESIAN_POINT('',(4.5,153.));
#7323 = DIRECTION('',(1.,0.));
#7324 = ( GEOMETRIC_REPRESENTATION_CONTEXT(2) 
PARAMETRIC_REPRESENTATION_CONTEXT() REPRESENTATION_CONTEXT('2D SPACE',''
  ) );
#7325 = PCURVE('',#7188,#7326);
#7326 = DEFINITIONAL_REPRESENTATION('',(#7327),#7331);
#7327 = LINE('',#7328,#7329);
#7328 = CARTESIAN_POINT('',(0.,9.999999999999E-02));
#7329 = VECTOR('',#7330,1.);
#7330 = DIRECTION('',(1.,0.));
#7331 = ( GEOMETRIC_REPRESENTATION_CONTEXT(2) 
PARAMETRIC_REPRESENTATION_CONTEXT() REPRESENTATION_CONTEXT('2D SPACE',''
  ) );
#7332 = FACE_BOUND('',#7333,.F.);
#7333 = EDGE_LOOP('',(#7334));
#7334 = ORIENTED_EDGE('',*,*,#7335,.F.);
#7335 = EDGE_CURVE('',#7336,#7336,#7338,.T.);
#7336 = VERTEX_POINT('',#7337);
#7337 = CARTESIAN_POINT('',(155.2,153.,197.));
#7338 = SURFACE_CURVE('',#7339,(#7344,#7351),.PCURVE_S1.);
#7339 = CIRCLE('',#7340,1.7);
#7340 = AXIS2_PLACEMENT_3D('',#7341,#7342,#7343);
#7341 = CARTESIAN_POINT('',(153.5,153.,197.));
#7342 = DIRECTION('',(0.,0.,1.));
#7343 = DIRECTION('',(1.,0.,-0.));
#7344 = PCURVE('',#6978,#7345);
#7345 = DEFINITIONAL_REPRESENTATION('',(#7346),#7350);
#7346 = CIRCLE('',#7347,1.7);
#7347 = AXIS2_PLACEMENT_2D('',#7348,#7349);
#7348 = CARTESIAN_POINT('',(153.5,153.));
#7349 = DIRECTION('',(1.,0.));
#7350 = ( GEOMETRIC_REPRESENTATION_CONTEXT(2) 
PARAMETRIC_REPRESENTATION_CONTEXT() REPRESENTATION_CONTEXT('2D SPACE',''
  ) );
#7351 = PCURVE('',#7219,#7352);
#7352 = DEFINITIONAL_REPRESENTATION('',(#7353),#7357);
#7353 = LINE('',#7354,#7355);
#7354 = CARTESIAN_POINT('',(0.,9.999999999999E-02));
#7355 = VECTOR('',#7356,1.);
#7356 = DIRECTION('',(1.,0.));
#7357 = ( GEOMETRIC_REPRESENTATION_CONTEXT(2) 
PARAMETRIC_REPRESENTATION_CONTEXT() REPRESENTATION_CONTEXT('2D SPACE',''
  ) );
#7358 = ADVANCED_FACE('',(#7359),#7108,.T.);
#7359 = FACE_BOUND('',#7360,.T.);
#7360 = EDGE_LOOP('',(#7361,#7362,#7363,#7364));
#7361 = ORIENTED_EDGE('',*,*,#7094,.F.);
#7362 = ORIENTED_EDGE('',*,*,#7285,.T.);
#7363 = ORIENTED_EDGE('',*,*,#7259,.T.);
#7364 = ORIENTED_EDGE('',*,*,#7125,.F.);
#7365 = ADVANCED_FACE('',(#7366),#7188,.F.);
#7366 = FACE_BOUND('',#7367,.F.);
#7367 = EDGE_LOOP('',(#7368,#7369,#7390,#7391));
#7368 = ORIENTED_EDGE('',*,*,#7171,.F.);
#7369 = ORIENTED_EDGE('',*,*,#7370,.F.);
#7370 = EDGE_CURVE('',#7310,#7172,#7371,.T.);
#7371 = SEAM_CURVE('',#7372,(#7376,#7383),.PCURVE_S1.);
#7372 = LINE('',#7373,#7374);
#7373 = CARTESIAN_POINT('',(6.2,153.,196.9));
#7374 = VECTOR('',#7375,1.);
#7375 = DIRECTION('',(0.,0.,1.));
#7376 = PCURVE('',#7188,#7377);
#7377 = DEFINITIONAL_REPRESENTATION('',(#7378),#7382);
#7378 = LINE('',#7379,#7380);
#7379 = CARTESIAN_POINT('',(6.28318530718,-0.));
#7380 = VECTOR('',#7381,1.);
#7381 = DIRECTION('',(0.,1.));
#7382 = ( GEOMETRIC_REPRESENTATION_CONTEXT(2) 
PARAMETRIC_REPRESENTATION_CONTEXT() REPRESENTATION_CONTEXT('2D SPACE',''
  ) );
#7383 = PCURVE('',#7188,#7384);
#7384 = DEFINITIONAL_REPRESENTATION('',(#7385),#7389);
#7385 = LINE('',#7386,#7387);
#7386 = CARTESIAN_POINT('',(0.,-0.));
#7387 = VECTOR('',#7388,1.);
#7388 = DIRECTION('',(0.,1.));
#7389 = ( GEOMETRIC_REPRESENTATION_CONTEXT(2) 
PARAMETRIC_REPRESENTATION_CONTEXT() REPRESENTATION_CONTEXT('2D SPACE',''
  ) );
#7390 = ORIENTED_EDGE('',*,*,#7309,.T.);
#7391 = ORIENTED_EDGE('',*,*,#7370,.T.);
#7392 = ADVANCED_FACE('',(#7393),#7219,.F.);
#7393 = FACE_BOUND('',#7394,.F.);
#7394 = EDGE_LOOP('',(#7395,#7396,#7417,#7418));
#7395 = ORIENTED_EDGE('',*,*,#7202,.F.);
#7396 = ORIENTED_EDGE('',*,*,#7397,.F.);
#7397 = EDGE_CURVE('',#7336,#7203,#7398,.T.);
#7398 = SEAM_CURVE('',#7399,(#7403,#7410),.PCURVE_S1.);
#7399 = LINE('',#7400,#7401);
#7400 = CARTESIAN_POINT('',(155.2,153.,196.9));
#7401 = VECTOR('',#7402,1.);
#7402 = DIRECTION('',(0.,0.,1.));
#7403 = PCURVE('',#7219,#7404);
#7404 = DEFINITIONAL_REPRESENTATION('',(#7405),#7409);
#7405 = LINE('',#7406,#7407);
#7406 = CARTESIAN_POINT('',(6.28318530718,-0.));
#7407 = VECTOR('',#7408,1.);
#7408 = DIRECTION('',(0.,1.));
#7409 = ( GEOMETRIC_REPRESENTATION_CONTEXT(2) 
PARAMETRIC_REPRESENTATION_CONTEXT() REPRESENTATION_CONTEXT('2D SPACE',''
  ) );
#7410 = PCURVE('',#7219,#7411);
#7411 = DEFINITIONAL_REPRESENTATION('',(#7412),#7416);
#7412 = LINE('',#7413,#7414);
#7413 = CARTESIAN_POINT('',(0.,-0.));
#7414 = VECTOR('',#7415,1.);
#7415 = DIRECTION('',(0.,1.));
#7416 = ( GEOMETRIC_REPRESENTATION_CONTEXT(2) 
PARAMETRIC_REPRESENTATION_CONTEXT() REPRESENTATION_CONTEXT('2D SPACE',''
  ) );
#7417 = ORIENTED_EDGE('',*,*,#7335,.T.);
#7418 = ORIENTED_EDGE('',*,*,#7397,.T.);
#7419 = ( GEOMETRIC_REPRESENTATION_CONTEXT(3) 
GLOBAL_UNCERTAINTY_ASSIGNED_CONTEXT((#7423)) 
GLOBAL_UNIT_ASSIGNED_CONTEXT((#7420,#7421,#7422)) REPRESENTATION_CONTEXT
('Context #1','3D Context with UNIT and UNCERTAINTY') );
#7420 = ( LENGTH_UNIT() NAMED_UNIT(*) SI_UNIT(.MILLI.,.METRE.) );
#7421 = ( NAMED_UNIT(*) PLANE_ANGLE_UNIT() SI_UNIT($,.RADIAN.) );
#7422 = ( NAMED_UNIT(*) SI_UNIT($,.STERADIAN.) SOLID_ANGLE_UNIT() );
#7423 = UNCERTAINTY_MEASURE_WITH_UNIT(LENGTH_MEASURE(1.E-07),#7420,
  'distance_accuracy_value','confusion accuracy');
#7424 = CONTEXT_DEPENDENT_SHAPE_REPRESENTATION(#7425,#7427);
#7425 = ( REPRESENTATION_RELATIONSHIP('','',#6920,#10) 
REPRESENTATION_RELATIONSHIP_WITH_TRANSFORMATION(#7426) 
SHAPE_REPRESENTATION_RELATIONSHIP() );
#7426 = ITEM_DEFINED_TRANSFORMATION('','',#11,#31);
#7427 = PRODUCT_DEFINITION_SHAPE('Placement','Placement of an item',
  #7428);
#7428 = NEXT_ASSEMBLY_USAGE_OCCURRENCE('5','top_cover','',#5,#6915,$);
#7429 = PRODUCT_RELATED_PRODUCT_CATEGORY('part',$,(#6917));
#7430 = SHAPE_DEFINITION_REPRESENTATION(#7431,#7437);
#7431 = PRODUCT_DEFINITION_SHAPE('','',#7432);
#7432 = PRODUCT_DEFINITION('design','',#7433,#7436);
#7433 = PRODUCT_DEFINITION_FORMATION('','',#7434);
#7434 = PRODUCT('rear_cover','rear_cover','',(#7435));
#7435 = PRODUCT_CONTEXT('',#2,'mechanical');
#7436 = PRODUCT_DEFINITION_CONTEXT('part definition',#2,'design');
#7437 = ADVANCED_BREP_SHAPE_REPRESENTATION('',(#11,#7438),#9656);
#7438 = MANIFOLD_SOLID_BREP('',#7439);
#7439 = CLOSED_SHELL('',(#7440,#7560,#8166,#8213,#8472,#8499,#8526,#8551
    ,#8578,#8605,#8612,#8688,#8737,#8786,#8813,#8889,#8938,#8987,#9014,
    #9090,#9139,#9188,#9215,#9291,#9340,#9389,#9416,#9466,#9516,#9566,
    #9616,#9626,#9636,#9646));
#7440 = ADVANCED_FACE('',(#7441),#7455,.F.);
#7441 = FACE_BOUND('',#7442,.F.);
#7442 = EDGE_LOOP('',(#7443,#7478,#7506,#7534));
#7443 = ORIENTED_EDGE('',*,*,#7444,.F.);
#7444 = EDGE_CURVE('',#7445,#7447,#7449,.T.);
#7445 = VERTEX_POINT('',#7446);
#7446 = CARTESIAN_POINT('',(0.,167.5,9.));
#7447 = VERTEX_POINT('',#7448);
#7448 = CARTESIAN_POINT('',(0.,167.5,197.));
#7449 = SURFACE_CURVE('',#7450,(#7454,#7466),.PCURVE_S1.);
#7450 = LINE('',#7451,#7452);
#7451 = CARTESIAN_POINT('',(0.,167.5,9.));
#7452 = VECTOR('',#7453,1.);
#7453 = DIRECTION('',(0.,0.,1.));
#7454 = PCURVE('',#7455,#7460);
#7455 = PLANE('',#7456);
#7456 = AXIS2_PLACEMENT_3D('',#7457,#7458,#7459);
#7457 = CARTESIAN_POINT('',(0.,167.5,9.));
#7458 = DIRECTION('',(1.,0.,-0.));
#7459 = DIRECTION('',(0.,0.,1.));
#7460 = DEFINITIONAL_REPRESENTATION('',(#7461),#7465);
#7461 = LINE('',#7462,#7463);
#7462 = CARTESIAN_POINT('',(0.,0.));
#7463 = VECTOR('',#7464,1.);
#7464 = DIRECTION('',(1.,0.));
#7465 = ( GEOMETRIC_REPRESENTATION_CONTEXT(2) 
PARAMETRIC_REPRESENTATION_CONTEXT() REPRESENTATION_CONTEXT('2D SPACE',''
  ) );
#7466 = PCURVE('',#7467,#7472);
#7467 = PLANE('',#7468);
#7468 = AXIS2_PLACEMENT_3D('',#7469,#7470,#7471);
#7469 = CARTESIAN_POINT('',(0.,167.5,9.));
#7470 = DIRECTION('',(-0.,1.,0.));
#7471 = DIRECTION('',(0.,0.,1.));
#7472 = DEFINITIONAL_REPRESENTATION('',(#7473),#7477);
#7473 = LINE('',#7474,#7475);
#7474 = CARTESIAN_POINT('',(0.,0.));
#7475 = VECTOR('',#7476,1.);
#7476 = DIRECTION('',(1.,0.));
#7477 = ( GEOMETRIC_REPRESENTATION_CONTEXT(2) 
PARAMETRIC_REPRESENTATION_CONTEXT() REPRESENTATION_CONTEXT('2D SPACE',''
  ) );
#7478 = ORIENTED_EDGE('',*,*,#7479,.T.);
#7479 = EDGE_CURVE('',#7445,#7480,#7482,.T.);
#7480 = VERTEX_POINT('',#7481);
#7481 = CARTESIAN_POINT('',(0.,170.5,9.));
#7482 = SURFACE_CURVE('',#7483,(#7487,#7494),.PCURVE_S1.);
#7483 = LINE('',#7484,#7485);
#7484 = CARTESIAN_POINT('',(0.,167.5,9.));
#7485 = VECTOR('',#7486,1.);
#7486 = DIRECTION('',(-0.,1.,0.));
#7487 = PCURVE('',#7455,#7488);
#7488 = DEFINITIONAL_REPRESENTATION('',(#7489),#7493);
#7489 = LINE('',#7490,#7491);
#7490 = CARTESIAN_POINT('',(0.,0.));
#7491 = VECTOR('',#7492,1.);
#7492 = DIRECTION('',(0.,-1.));
#7493 = ( GEOMETRIC_REPRESENTATION_CONTEXT(2) 
PARAMETRIC_REPRESENTATION_CONTEXT() REPRESENTATION_CONTEXT('2D SPACE',''
  ) );
#7494 = PCURVE('',#7495,#7500);
#7495 = PLANE('',#7496);
#7496 = AXIS2_PLACEMENT_3D('',#7497,#7498,#7499);
#7497 = CARTESIAN_POINT('',(0.,167.5,9.));
#7498 = DIRECTION('',(0.,0.,1.));
#7499 = DIRECTION('',(1.,0.,-0.));
#7500 = DEFINITIONAL_REPRESENTATION('',(#7501),#7505);
#7501 = LINE('',#7502,#7503);
#7502 = CARTESIAN_POINT('',(0.,0.));
#7503 = VECTOR('',#7504,1.);
#7504 = DIRECTION('',(0.,1.));
#7505 = ( GEOMETRIC_REPRESENTATION_CONTEXT(2) 
PARAMETRIC_REPRESENTATION_CONTEXT() REPRESENTATION_CONTEXT('2D SPACE',''
  ) );
#7506 = ORIENTED_EDGE('',*,*,#7507,.T.);
#7507 = EDGE_CURVE('',#7480,#7508,#7510,.T.);
#7508 = VERTEX_POINT('',#7509);
#7509 = CARTESIAN_POINT('',(0.,170.5,197.));
#7510 = SURFACE_CURVE('',#7511,(#7515,#7522),.PCURVE_S1.);
#7511 = LINE('',#7512,#7513);
#7512 = CARTESIAN_POINT('',(0.,170.5,9.));
#7513 = VECTOR('',#7514,1.);
#7514 = DIRECTION('',(0.,0.,1.));
#7515 = PCURVE('',#7455,#7516);
#7516 = DEFINITIONAL_REPRESENTATION('',(#7517),#7521);
#7517 = LINE('',#7518,#7519);
#7518 = CARTESIAN_POINT('',(0.,-3.));
#7519 = VECTOR('',#7520,1.);
#7520 = DIRECTION('',(1.,0.));
#7521 = ( GEOMETRIC_REPRESENTATION_CONTEXT(2) 
PARAMETRIC_REPRESENTATION_CONTEXT() REPRESENTATION_CONTEXT('2D SPACE',''
  ) );
#7522 = PCURVE('',#7523,#7528);
#7523 = PLANE('',#7524);
#7524 = AXIS2_PLACEMENT_3D('',#7525,#7526,#7527);
#7525 = CARTESIAN_POINT('',(0.,170.5,9.));
#7526 = DIRECTION('',(-0.,1.,0.));
#7527 = DIRECTION('',(0.,0.,1.));
#7528 = DEFINITIONAL_REPRESENTATION('',(#7529),#7533);
#7529 = LINE('',#7530,#7531);
#7530 = CARTESIAN_POINT('',(0.,0.));
#7531 = VECTOR('',#7532,1.);
#7532 = DIRECTION('',(1.,0.));
#7533 = ( GEOMETRIC_REPRESENTATION_CONTEXT(2) 
PARAMETRIC_REPRESENTATION_CONTEXT() REPRESENTATION_CONTEXT('2D SPACE',''
  ) );
#7534 = ORIENTED_EDGE('',*,*,#7535,.F.);
#7535 = EDGE_CURVE('',#7447,#7508,#7536,.T.);
#7536 = SURFACE_CURVE('',#7537,(#7541,#7548),.PCURVE_S1.);
#7537 = LINE('',#7538,#7539);
#7538 = CARTESIAN_POINT('',(0.,167.5,197.));
#7539 = VECTOR('',#7540,1.);
#7540 = DIRECTION('',(-0.,1.,0.));
#7541 = PCURVE('',#7455,#7542);
#7542 = DEFINITIONAL_REPRESENTATION('',(#7543),#7547);
#7543 = LINE('',#7544,#7545);
#7544 = CARTESIAN_POINT('',(188.,0.));
#7545 = VECTOR('',#7546,1.);
#7546 = DIRECTION('',(0.,-1.));
#7547 = ( GEOMETRIC_REPRESENTATION_CONTEXT(2) 
PARAMETRIC_REPRESENTATION_CONTEXT() REPRESENTATION_CONTEXT('2D SPACE',''
  ) );
#7548 = PCURVE('',#7549,#7554);
#7549 = PLANE('',#7550);
#7550 = AXIS2_PLACEMENT_3D('',#7551,#7552,#7553);
#7551 = CARTESIAN_POINT('',(0.,167.5,197.));
#7552 = DIRECTION('',(0.,0.,1.));
#7553 = DIRECTION('',(1.,0.,-0.));
#7554 = DEFINITIONAL_REPRESENTATION('',(#7555),#7559);
#7555 = LINE('',#7556,#7557);
#7556 = CARTESIAN_POINT('',(0.,0.));
#7557 = VECTOR('',#7558,1.);
#7558 = DIRECTION('',(0.,1.));
#7559 = ( GEOMETRIC_REPRESENTATION_CONTEXT(2) 
PARAMETRIC_REPRESENTATION_CONTEXT() REPRESENTATION_CONTEXT('2D SPACE',''
  ) );
#7560 = ADVANCED_FACE('',(#7561,#7742,#7848,#7954,#8060),#7467,.F.);
#7561 = FACE_BOUND('',#7562,.F.);
#7562 = EDGE_LOOP('',(#7563,#7593,#7614,#7615,#7638,#7664,#7690,#7716));
#7563 = ORIENTED_EDGE('',*,*,#7564,.F.);
#7564 = EDGE_CURVE('',#7565,#7567,#7569,.T.);
#7565 = VERTEX_POINT('',#7566);
#7566 = CARTESIAN_POINT('',(158.,167.5,9.));
#7567 = VERTEX_POINT('',#7568);
#7568 = CARTESIAN_POINT('',(158.,167.5,197.));
#7569 = SURFACE_CURVE('',#7570,(#7574,#7581),.PCURVE_S1.);
#7570 = LINE('',#7571,#7572);
#7571 = CARTESIAN_POINT('',(158.,167.5,9.));
#7572 = VECTOR('',#7573,1.);
#7573 = DIRECTION('',(0.,0.,1.));
#7574 = PCURVE('',#7467,#7575);
#7575 = DEFINITIONAL_REPRESENTATION('',(#7576),#7580);
#7576 = LINE('',#7577,#7578);
#7577 = CARTESIAN_POINT('',(0.,158.));
#7578 = VECTOR('',#7579,1.);
#7579 = DIRECTION('',(1.,0.));
#7580 = ( GEOMETRIC_REPRESENTATION_CONTEXT(2) 
PARAMETRIC_REPRESENTATION_CONTEXT() REPRESENTATION_CONTEXT('2D SPACE',''
  ) );
#7581 = PCURVE('',#7582,#7587);
#7582 = PLANE('',#7583);
#7583 = AXIS2_PLACEMENT_3D('',#7584,#7585,#7586);
#7584 = CARTESIAN_POINT('',(158.,167.5,9.));
#7585 = DIRECTION('',(1.,0.,-0.));
#7586 = DIRECTION('',(0.,0.,1.));
#7587 = DEFINITIONAL_REPRESENTATION('',(#7588),#7592);
#7588 = LINE('',#7589,#7590);
#7589 = CARTESIAN_POINT('',(0.,0.));
#7590 = VECTOR('',#7591,1.);
#7591 = DIRECTION('',(1.,0.));
#7592 = ( GEOMETRIC_REPRESENTATION_CONTEXT(2) 
PARAMETRIC_REPRESENTATION_CONTEXT() REPRESENTATION_CONTEXT('2D SPACE',''
  ) );
#7593 = ORIENTED_EDGE('',*,*,#7594,.F.);
#7594 = EDGE_CURVE('',#7445,#7565,#7595,.T.);
#7595 = SURFACE_CURVE('',#7596,(#7600,#7607),.PCURVE_S1.);
#7596 = LINE('',#7597,#7598);
#7597 = CARTESIAN_POINT('',(0.,167.5,9.));
#7598 = VECTOR('',#7599,1.);
#7599 = DIRECTION('',(1.,0.,-0.));
#7600 = PCURVE('',#7467,#7601);
#7601 = DEFINITIONAL_REPRESENTATION('',(#7602),#7606);
#7602 = LINE('',#7603,#7604);
#7603 = CARTESIAN_POINT('',(0.,0.));
#7604 = VECTOR('',#7605,1.);
#7605 = DIRECTION('',(0.,1.));
#7606 = ( GEOMETRIC_REPRESENTATION_CONTEXT(2) 
PARAMETRIC_REPRESENTATION_CONTEXT() REPRESENTATION_CONTEXT('2D SPACE',''
  ) );
#7607 = PCURVE('',#7495,#7608);
#7608 = DEFINITIONAL_REPRESENTATION('',(#7609),#7613);
#7609 = LINE('',#7610,#7611);
#7610 = CARTESIAN_POINT('',(0.,0.));
#7611 = VECTOR('',#7612,1.);
#7612 = DIRECTION('',(1.,0.));
#7613 = ( GEOMETRIC_REPRESENTATION_CONTEXT(2) 
PARAMETRIC_REPRESENTATION_CONTEXT() REPRESENTATION_CONTEXT('2D SPACE',''
  ) );
#7614 = ORIENTED_EDGE('',*,*,#7444,.T.);
#7615 = ORIENTED_EDGE('',*,*,#7616,.T.);
#7616 = EDGE_CURVE('',#7447,#7617,#7619,.T.);
#7617 = VERTEX_POINT('',#7618);
#7618 = CARTESIAN_POINT('',(25.,167.5,197.));
#7619 = SURFACE_CURVE('',#7620,(#7624,#7631),.PCURVE_S1.);
#7620 = LINE('',#7621,#7622);
#7621 = CARTESIAN_POINT('',(0.,167.5,197.));
#7622 = VECTOR('',#7623,1.);
#7623 = DIRECTION('',(1.,0.,-0.));
#7624 = PCURVE('',#7467,#7625);
#7625 = DEFINITIONAL_REPRESENTATION('',(#7626),#7630);
#7626 = LINE('',#7627,#7628);
#7627 = CARTESIAN_POINT('',(188.,0.));
#7628 = VECTOR('',#7629,1.);
#7629 = DIRECTION('',(0.,1.));
#7630 = ( GEOMETRIC_REPRESENTATION_CONTEXT(2) 
PARAMETRIC_REPRESENTATION_CONTEXT() REPRESENTATION_CONTEXT('2D SPACE',''
  ) );
#7631 = PCURVE('',#7549,#7632);
#7632 = DEFINITIONAL_REPRESENTATION('',(#7633),#7637);
#7633 = LINE('',#7634,#7635);
#7634 = CARTESIAN_POINT('',(0.,0.));
#7635 = VECTOR('',#7636,1.);
#7636 = DIRECTION('',(1.,0.));
#7637 = ( GEOMETRIC_REPRESENTATION_CONTEXT(2) 
PARAMETRIC_REPRESENTATION_CONTEXT() REPRESENTATION_CONTEXT('2D SPACE',''
  ) );
#7638 = ORIENTED_EDGE('',*,*,#7639,.T.);
#7639 = EDGE_CURVE('',#7617,#7640,#7642,.T.);
#7640 = VERTEX_POINT('',#7641);
#7641 = CARTESIAN_POINT('',(25.,167.5,145.));
#7642 = SURFACE_CURVE('',#7643,(#7647,#7653),.PCURVE_S1.);
#7643 = LINE('',#7644,#7645);
#7644 = CARTESIAN_POINT('',(25.,167.5,77.));
#7645 = VECTOR('',#7646,1.);
#7646 = DIRECTION('',(-0.,0.,-1.));
#7647 = PCURVE('',#7467,#7648);
#7648 = DEFINITIONAL_REPRESENTATION('',(#7649),#7652);
#7649 = B_SPLINE_CURVE_WITH_KNOTS('',1,(#7650,#7651),.UNSPECIFIED.,.F.,
  .F.,(2,2),(-120.,-68.),.PIECEWISE_BEZIER_KNOTS.);
#7650 = CARTESIAN_POINT('',(188.,25.));
#7651 = CARTESIAN_POINT('',(136.,25.));
#7652 = ( GEOMETRIC_REPRESENTATION_CONTEXT(2) 
PARAMETRIC_REPRESENTATION_CONTEXT() REPRESENTATION_CONTEXT('2D SPACE',''
  ) );
#7653 = PCURVE('',#7654,#7659);
#7654 = PLANE('',#7655);
#7655 = AXIS2_PLACEMENT_3D('',#7656,#7657,#7658);
#7656 = CARTESIAN_POINT('',(25.,167.,145.));
#7657 = DIRECTION('',(1.,0.,-0.));
#7658 = DIRECTION('',(0.,0.,1.));
#7659 = DEFINITIONAL_REPRESENTATION('',(#7660),#7663);
#7660 = B_SPLINE_CURVE_WITH_KNOTS('',1,(#7661,#7662),.UNSPECIFIED.,.F.,
  .F.,(2,2),(-120.,-68.),.PIECEWISE_BEZIER_KNOTS.);
#7661 = CARTESIAN_POINT('',(52.,-0.5));
#7662 = CARTESIAN_POINT('',(0.,-0.5));
#7663 = ( GEOMETRIC_REPRESENTATION_CONTEXT(2) 
PARAMETRIC_REPRESENTATION_CONTEXT() REPRESENTATION_CONTEXT('2D SPACE',''
  ) );
#7664 = ORIENTED_EDGE('',*,*,#7665,.T.);
#7665 = EDGE_CURVE('',#7640,#7666,#7668,.T.);
#7666 = VERTEX_POINT('',#7667);
#7667 = CARTESIAN_POINT('',(133.,167.5,145.));
#7668 = SURFACE_CURVE('',#7669,(#7673,#7679),.PCURVE_S1.);
#7669 = LINE('',#7670,#7671);
#7670 = CARTESIAN_POINT('',(12.5,167.5,145.));
#7671 = VECTOR('',#7672,1.);
#7672 = DIRECTION('',(1.,0.,-0.));
#7673 = PCURVE('',#7467,#7674);
#7674 = DEFINITIONAL_REPRESENTATION('',(#7675),#7678);
#7675 = B_SPLINE_CURVE_WITH_KNOTS('',1,(#7676,#7677),.UNSPECIFIED.,.F.,
  .F.,(2,2),(12.5,120.5),.PIECEWISE_BEZIER_KNOTS.);
#7676 = CARTESIAN_POINT('',(136.,25.));
#7677 = CARTESIAN_POINT('',(136.,133.));
#7678 = ( GEOMETRIC_REPRESENTATION_CONTEXT(2) 
PARAMETRIC_REPRESENTATION_CONTEXT() REPRESENTATION_CONTEXT('2D SPACE',''
  ) );
#7679 = PCURVE('',#7680,#7685);
#7680 = PLANE('',#7681);
#7681 = AXIS2_PLACEMENT_3D('',#7682,#7683,#7684);
#7682 = CARTESIAN_POINT('',(25.,167.,145.));
#7683 = DIRECTION('',(0.,0.,1.));
#7684 = DIRECTION('',(1.,0.,-0.));
#7685 = DEFINITIONAL_REPRESENTATION('',(#7686),#7689);
#7686 = B_SPLINE_CURVE_WITH_KNOTS('',1,(#7687,#7688),.UNSPECIFIED.,.F.,
  .F.,(2,2),(12.5,120.5),.PIECEWISE_BEZIER_KNOTS.);
#7687 = CARTESIAN_POINT('',(0.,0.5));
#7688 = CARTESIAN_POINT('',(108.,0.5));
#7689 = ( GEOMETRIC_REPRESENTATION_CONTEXT(2) 
PARAMETRIC_REPRESENTATION_CONTEXT() REPRESENTATION_CONTEXT('2D SPACE',''
  ) );
#7690 = ORIENTED_EDGE('',*,*,#7691,.F.);
#7691 = EDGE_CURVE('',#7692,#7666,#7694,.T.);
#7692 = VERTEX_POINT('',#7693);
#7693 = CARTESIAN_POINT('',(133.,167.5,197.));
#7694 = SURFACE_CURVE('',#7695,(#7699,#7705),.PCURVE_S1.);
#7695 = LINE('',#7696,#7697);
#7696 = CARTESIAN_POINT('',(133.,167.5,77.));
#7697 = VECTOR('',#7698,1.);
#7698 = DIRECTION('',(-0.,0.,-1.));
#7699 = PCURVE('',#7467,#7700);
#7700 = DEFINITIONAL_REPRESENTATION('',(#7701),#7704);
#7701 = B_SPLINE_CURVE_WITH_KNOTS('',1,(#7702,#7703),.UNSPECIFIED.,.F.,
  .F.,(2,2),(-120.,-68.),.PIECEWISE_BEZIER_KNOTS.);
#7702 = CARTESIAN_POINT('',(188.,133.));
#7703 = CARTESIAN_POINT('',(136.,133.));
#7704 = ( GEOMETRIC_REPRESENTATION_CONTEXT(2) 
PARAMETRIC_REPRESENTATION_CONTEXT() REPRESENTATION_CONTEXT('2D SPACE',''
  ) );
#7705 = PCURVE('',#7706,#7711);
#7706 = PLANE('',#7707);
#7707 = AXIS2_PLACEMENT_3D('',#7708,#7709,#7710);
#7708 = CARTESIAN_POINT('',(133.,167.,145.));
#7709 = DIRECTION('',(1.,0.,-0.));
#7710 = DIRECTION('',(0.,0.,1.));
#7711 = DEFINITIONAL_REPRESENTATION('',(#7712),#7715);
#7712 = B_SPLINE_CURVE_WITH_KNOTS('',1,(#7713,#7714),.UNSPECIFIED.,.F.,
  .F.,(2,2),(-120.,-68.),.PIECEWISE_BEZIER_KNOTS.);
#7713 = CARTESIAN_POINT('',(52.,-0.5));
#7714 = CARTESIAN_POINT('',(0.,-0.5));
#7715 = ( GEOMETRIC_REPRESENTATION_CONTEXT(2) 
PARAMETRIC_REPRESENTATION_CONTEXT() REPRESENTATION_CONTEXT('2D SPACE',''
  ) );
#7716 = ORIENTED_EDGE('',*,*,#7717,.T.);
#7717 = EDGE_CURVE('',#7692,#7567,#7718,.T.);
#7718 = SURFACE_CURVE('',#7719,(#7723,#7730),.PCURVE_S1.);
#7719 = LINE('',#7720,#7721);
#7720 = CARTESIAN_POINT('',(0.,167.5,197.));
#7721 = VECTOR('',#7722,1.);
#7722 = DIRECTION('',(1.,0.,-0.));
#7723 = PCURVE('',#7467,#7724);
#7724 = DEFINITIONAL_REPRESENTATION('',(#7725),#7729);
#7725 = LINE('',#7726,#7727);
#7726 = CARTESIAN_POINT('',(188.,0.));
#7727 = VECTOR('',#7728,1.);
#7728 = DIRECTION('',(0.,1.));
#7729 = ( GEOMETRIC_REPRESENTATION_CONTEXT(2) 
PARAMETRIC_REPRESENTATION_CONTEXT() REPRESENTATION_CONTEXT('2D SPACE',''
  ) );
#7730 = PCURVE('',#7731,#7736);
#7731 = PLANE('',#7732);
#7732 = AXIS2_PLACEMENT_3D('',#7733,#7734,#7735);
#7733 = CARTESIAN_POINT('',(0.,167.5,197.));
#7734 = DIRECTION('',(0.,0.,1.));
#7735 = DIRECTION('',(1.,0.,-0.));
#7736 = DEFINITIONAL_REPRESENTATION('',(#7737),#7741);
#7737 = LINE('',#7738,#7739);
#7738 = CARTESIAN_POINT('',(0.,0.));
#7739 = VECTOR('',#7740,1.);
#7740 = DIRECTION('',(1.,0.));
#7741 = ( GEOMETRIC_REPRESENTATION_CONTEXT(2) 
PARAMETRIC_REPRESENTATION_CONTEXT() REPRESENTATION_CONTEXT('2D SPACE',''
  ) );
#7742 = FACE_BOUND('',#7743,.F.);
#7743 = EDGE_LOOP('',(#7744,#7772,#7798,#7824));
#7744 = ORIENTED_EDGE('',*,*,#7745,.F.);
#7745 = EDGE_CURVE('',#7746,#7748,#7750,.T.);
#7746 = VERTEX_POINT('',#7747);
#7747 = CARTESIAN_POINT('',(0.5,167.5,44.));
#7748 = VERTEX_POINT('',#7749);
#7749 = CARTESIAN_POINT('',(8.5,167.5,44.));
#7750 = SURFACE_CURVE('',#7751,(#7755,#7761),.PCURVE_S1.);
#7751 = LINE('',#7752,#7753);
#7752 = CARTESIAN_POINT('',(0.25,167.5,44.));
#7753 = VECTOR('',#7754,1.);
#7754 = DIRECTION('',(1.,0.,-0.));
#7755 = PCURVE('',#7467,#7756);
#7756 = DEFINITIONAL_REPRESENTATION('',(#7757),#7760);
#7757 = B_SPLINE_CURVE_WITH_KNOTS('',1,(#7758,#7759),.UNSPECIFIED.,.F.,
  .F.,(2,2),(0.25,8.25),.PIECEWISE_BEZIER_KNOTS.);
#7758 = CARTESIAN_POINT('',(35.,0.5));
#7759 = CARTESIAN_POINT('',(35.,8.5));
#7760 = ( GEOMETRIC_REPRESENTATION_CONTEXT(2) 
PARAMETRIC_REPRESENTATION_CONTEXT() REPRESENTATION_CONTEXT('2D SPACE',''
  ) );
#7761 = PCURVE('',#7762,#7767);
#7762 = PLANE('',#7763);
#7763 = AXIS2_PLACEMENT_3D('',#7764,#7765,#7766);
#7764 = CARTESIAN_POINT('',(0.5,161.,44.));
#7765 = DIRECTION('',(0.,0.,1.));
#7766 = DIRECTION('',(1.,0.,-0.));
#7767 = DEFINITIONAL_REPRESENTATION('',(#7768),#7771);
#7768 = B_SPLINE_CURVE_WITH_KNOTS('',1,(#7769,#7770),.UNSPECIFIED.,.F.,
  .F.,(2,2),(0.25,8.25),.PIECEWISE_BEZIER_KNOTS.);
#7769 = CARTESIAN_POINT('',(0.,6.5));
#7770 = CARTESIAN_POINT('',(8.,6.5));
#7771 = ( GEOMETRIC_REPRESENTATION_CONTEXT(2) 
PARAMETRIC_REPRESENTATION_CONTEXT() REPRESENTATION_CONTEXT('2D SPACE',''
  ) );
#7772 = ORIENTED_EDGE('',*,*,#7773,.T.);
#7773 = EDGE_CURVE('',#7746,#7774,#7776,.T.);
#7774 = VERTEX_POINT('',#7775);
#7775 = CARTESIAN_POINT('',(0.5,167.5,36.));
#7776 = SURFACE_CURVE('',#7777,(#7781,#7787),.PCURVE_S1.);
#7777 = LINE('',#7778,#7779);
#7778 = CARTESIAN_POINT('',(0.5,167.5,22.5));
#7779 = VECTOR('',#7780,1.);
#7780 = DIRECTION('',(-0.,0.,-1.));
#7781 = PCURVE('',#7467,#7782);
#7782 = DEFINITIONAL_REPRESENTATION('',(#7783),#7786);
#7783 = B_SPLINE_CURVE_WITH_KNOTS('',1,(#7784,#7785),.UNSPECIFIED.,.F.,
  .F.,(2,2),(-21.5,-13.5),.PIECEWISE_BEZIER_KNOTS.);
#7784 = CARTESIAN_POINT('',(35.,0.5));
#7785 = CARTESIAN_POINT('',(27.,0.5));
#7786 = ( GEOMETRIC_REPRESENTATION_CONTEXT(2) 
PARAMETRIC_REPRESENTATION_CONTEXT() REPRESENTATION_CONTEXT('2D SPACE',''
  ) );
#7787 = PCURVE('',#7788,#7793);
#7788 = PLANE('',#7789);
#7789 = AXIS2_PLACEMENT_3D('',#7790,#7791,#7792);
#7790 = CARTESIAN_POINT('',(0.5,161.,36.));
#7791 = DIRECTION('',(1.,0.,-0.));
#7792 = DIRECTION('',(0.,0.,1.));
#7793 = DEFINITIONAL_REPRESENTATION('',(#7794),#7797);
#7794 = B_SPLINE_CURVE_WITH_KNOTS('',1,(#7795,#7796),.UNSPECIFIED.,.F.,
  .F.,(2,2),(-21.5,-13.5),.PIECEWISE_BEZIER_KNOTS.);
#7795 = CARTESIAN_POINT('',(8.,-6.5));
#7796 = CARTESIAN_POINT('',(0.,-6.5));
#7797 = ( GEOMETRIC_REPRESENTATION_CONTEXT(2) 
PARAMETRIC_REPRESENTATION_CONTEXT() REPRESENTATION_CONTEXT('2D SPACE',''
  ) );
#7798 = ORIENTED_EDGE('',*,*,#7799,.T.);
#7799 = EDGE_CURVE('',#7774,#7800,#7802,.T.);
#7800 = VERTEX_POINT('',#7801);
#7801 = CARTESIAN_POINT('',(8.5,167.5,36.));
#7802 = SURFACE_CURVE('',#7803,(#7807,#7813),.PCURVE_S1.);
#7803 = LINE('',#7804,#7805);
#7804 = CARTESIAN_POINT('',(0.25,167.5,36.));
#7805 = VECTOR('',#7806,1.);
#7806 = DIRECTION('',(1.,0.,-0.));
#7807 = PCURVE('',#7467,#7808);
#7808 = DEFINITIONAL_REPRESENTATION('',(#7809),#7812);
#7809 = B_SPLINE_CURVE_WITH_KNOTS('',1,(#7810,#7811),.UNSPECIFIED.,.F.,
  .F.,(2,2),(0.25,8.25),.PIECEWISE_BEZIER_KNOTS.);
#7810 = CARTESIAN_POINT('',(27.,0.5));
#7811 = CARTESIAN_POINT('',(27.,8.5));
#7812 = ( GEOMETRIC_REPRESENTATION_CONTEXT(2) 
PARAMETRIC_REPRESENTATION_CONTEXT() REPRESENTATION_CONTEXT('2D SPACE',''
  ) );
#7813 = PCURVE('',#7814,#7819);
#7814 = PLANE('',#7815);
#7815 = AXIS2_PLACEMENT_3D('',#7816,#7817,#7818);
#7816 = CARTESIAN_POINT('',(0.5,161.,36.));
#7817 = DIRECTION('',(0.,0.,1.));
#7818 = DIRECTION('',(1.,0.,-0.));
#7819 = DEFINITIONAL_REPRESENTATION('',(#7820),#7823);
#7820 = B_SPLINE_CURVE_WITH_KNOTS('',1,(#7821,#7822),.UNSPECIFIED.,.F.,
  .F.,(2,2),(0.25,8.25),.PIECEWISE_BEZIER_KNOTS.);
#7821 = CARTESIAN_POINT('',(0.,6.5));
#7822 = CARTESIAN_POINT('',(8.,6.5));
#7823 = ( GEOMETRIC_REPRESENTATION_CONTEXT(2) 
PARAMETRIC_REPRESENTATION_CONTEXT() REPRESENTATION_CONTEXT('2D SPACE',''
  ) );
#7824 = ORIENTED_EDGE('',*,*,#7825,.F.);
#7825 = EDGE_CURVE('',#7748,#7800,#7826,.T.);
#7826 = SURFACE_CURVE('',#7827,(#7831,#7837),.PCURVE_S1.);
#7827 = LINE('',#7828,#7829);
#7828 = CARTESIAN_POINT('',(8.5,167.5,22.5));
#7829 = VECTOR('',#7830,1.);
#7830 = DIRECTION('',(-0.,0.,-1.));
#7831 = PCURVE('',#7467,#7832);
#7832 = DEFINITIONAL_REPRESENTATION('',(#7833),#7836);
#7833 = B_SPLINE_CURVE_WITH_KNOTS('',1,(#7834,#7835),.UNSPECIFIED.,.F.,
  .F.,(2,2),(-21.5,-13.5),.PIECEWISE_BEZIER_KNOTS.);
#7834 = CARTESIAN_POINT('',(35.,8.5));
#7835 = CARTESIAN_POINT('',(27.,8.5));
#7836 = ( GEOMETRIC_REPRESENTATION_CONTEXT(2) 
PARAMETRIC_REPRESENTATION_CONTEXT() REPRESENTATION_CONTEXT('2D SPACE',''
  ) );
#7837 = PCURVE('',#7838,#7843);
#7838 = PLANE('',#7839);
#7839 = AXIS2_PLACEMENT_3D('',#7840,#7841,#7842);
#7840 = CARTESIAN_POINT('',(8.5,161.,36.));
#7841 = DIRECTION('',(1.,0.,-0.));
#7842 = DIRECTION('',(0.,0.,1.));
#7843 = DEFINITIONAL_REPRESENTATION('',(#7844),#7847);
#7844 = B_SPLINE_CURVE_WITH_KNOTS('',1,(#7845,#7846),.UNSPECIFIED.,.F.,
  .F.,(2,2),(-21.5,-13.5),.PIECEWISE_BEZIER_KNOTS.);
#7845 = CARTESIAN_POINT('',(8.,-6.5));
#7846 = CARTESIAN_POINT('',(0.,-6.5));
#7847 = ( GEOMETRIC_REPRESENTATION_CONTEXT(2) 
PARAMETRIC_REPRESENTATION_CONTEXT() REPRESENTATION_CONTEXT('2D SPACE',''
  ) );
#7848 = FACE_BOUND('',#7849,.F.);
#7849 = EDGE_LOOP('',(#7850,#7878,#7904,#7930));
#7850 = ORIENTED_EDGE('',*,*,#7851,.F.);
#7851 = EDGE_CURVE('',#7852,#7854,#7856,.T.);
#7852 = VERTEX_POINT('',#7853);
#7853 = CARTESIAN_POINT('',(0.5,167.5,184.));
#7854 = VERTEX_POINT('',#7855);
#7855 = CARTESIAN_POINT('',(8.5,167.5,184.));
#7856 = SURFACE_CURVE('',#7857,(#7861,#7867),.PCURVE_S1.);
#7857 = LINE('',#7858,#7859);
#7858 = CARTESIAN_POINT('',(0.25,167.5,184.));
#7859 = VECTOR('',#7860,1.);
#7860 = DIRECTION('',(1.,0.,-0.));
#7861 = PCURVE('',#7467,#7862);
#7862 = DEFINITIONAL_REPRESENTATION('',(#7863),#7866);
#7863 = B_SPLINE_CURVE_WITH_KNOTS('',1,(#7864,#7865),.UNSPECIFIED.,.F.,
  .F.,(2,2),(0.25,8.25),.PIECEWISE_BEZIER_KNOTS.);
#7864 = CARTESIAN_POINT('',(175.,0.5));
#7865 = CARTESIAN_POINT('',(175.,8.5));
#7866 = ( GEOMETRIC_REPRESENTATION_CONTEXT(2) 
PARAMETRIC_REPRESENTATION_CONTEXT() REPRESENTATION_CONTEXT('2D SPACE',''
  ) );
#7867 = PCURVE('',#7868,#7873);
#7868 = PLANE('',#7869);
#7869 = AXIS2_PLACEMENT_3D('',#7870,#7871,#7872);
#7870 = CARTESIAN_POINT('',(0.5,161.,184.));
#7871 = DIRECTION('',(0.,0.,1.));
#7872 = DIRECTION('',(1.,0.,-0.));
#7873 = DEFINITIONAL_REPRESENTATION('',(#7874),#7877);
#7874 = B_SPLINE_CURVE_WITH_KNOTS('',1,(#7875,#7876),.UNSPECIFIED.,.F.,
  .F.,(2,2),(0.25,8.25),.PIECEWISE_BEZIER_KNOTS.);
#7875 = CARTESIAN_POINT('',(0.,6.5));
#7876 = CARTESIAN_POINT('',(8.,6.5));
#7877 = ( GEOMETRIC_REPRESENTATION_CONTEXT(2) 
PARAMETRIC_REPRESENTATION_CONTEXT() REPRESENTATION_CONTEXT('2D SPACE',''
  ) );
#7878 = ORIENTED_EDGE('',*,*,#7879,.T.);
#7879 = EDGE_CURVE('',#7852,#7880,#7882,.T.);
#7880 = VERTEX_POINT('',#7881);
#7881 = CARTESIAN_POINT('',(0.5,167.5,176.));
#7882 = SURFACE_CURVE('',#7883,(#7887,#7893),.PCURVE_S1.);
#7883 = LINE('',#7884,#7885);
#7884 = CARTESIAN_POINT('',(0.5,167.5,92.5));
#7885 = VECTOR('',#7886,1.);
#7886 = DIRECTION('',(-0.,0.,-1.));
#7887 = PCURVE('',#7467,#7888);
#7888 = DEFINITIONAL_REPRESENTATION('',(#7889),#7892);
#7889 = B_SPLINE_CURVE_WITH_KNOTS('',1,(#7890,#7891),.UNSPECIFIED.,.F.,
  .F.,(2,2),(-91.5,-83.5),.PIECEWISE_BEZIER_KNOTS.);
#7890 = CARTESIAN_POINT('',(175.,0.5));
#7891 = CARTESIAN_POINT('',(167.,0.5));
#7892 = ( GEOMETRIC_REPRESENTATION_CONTEXT(2) 
PARAMETRIC_REPRESENTATION_CONTEXT() REPRESENTATION_CONTEXT('2D SPACE',''
  ) );
#7893 = PCURVE('',#7894,#7899);
#7894 = PLANE('',#7895);
#7895 = AXIS2_PLACEMENT_3D('',#7896,#7897,#7898);
#7896 = CARTESIAN_POINT('',(0.5,161.,176.));
#7897 = DIRECTION('',(1.,0.,-0.));
#7898 = DIRECTION('',(0.,0.,1.));
#7899 = DEFINITIONAL_REPRESENTATION('',(#7900),#7903);
#7900 = B_SPLINE_CURVE_WITH_KNOTS('',1,(#7901,#7902),.UNSPECIFIED.,.F.,
  .F.,(2,2),(-91.5,-83.5),.PIECEWISE_BEZIER_KNOTS.);
#7901 = CARTESIAN_POINT('',(8.,-6.5));
#7902 = CARTESIAN_POINT('',(0.,-6.5));
#7903 = ( GEOMETRIC_REPRESENTATION_CONTEXT(2) 
PARAMETRIC_REPRESENTATION_CONTEXT() REPRESENTATION_CONTEXT('2D SPACE',''
  ) );
#7904 = ORIENTED_EDGE('',*,*,#7905,.T.);
#7905 = EDGE_CURVE('',#7880,#7906,#7908,.T.);
#7906 = VERTEX_POINT('',#7907);
#7907 = CARTESIAN_POINT('',(8.5,167.5,176.));
#7908 = SURFACE_CURVE('',#7909,(#7913,#7919),.PCURVE_S1.);
#7909 = LINE('',#7910,#7911);
#7910 = CARTESIAN_POINT('',(0.25,167.5,176.));
#7911 = VECTOR('',#7912,1.);
#7912 = DIRECTION('',(1.,0.,-0.));
#7913 = PCURVE('',#7467,#7914);
#7914 = DEFINITIONAL_REPRESENTATION('',(#7915),#7918);
#7915 = B_SPLINE_CURVE_WITH_KNOTS('',1,(#7916,#7917),.UNSPECIFIED.,.F.,
  .F.,(2,2),(0.25,8.25),.PIECEWISE_BEZIER_KNOTS.);
#7916 = CARTESIAN_POINT('',(167.,0.5));
#7917 = CARTESIAN_POINT('',(167.,8.5));
#7918 = ( GEOMETRIC_REPRESENTATION_CONTEXT(2) 
PARAMETRIC_REPRESENTATION_CONTEXT() REPRESENTATION_CONTEXT('2D SPACE',''
  ) );
#7919 = PCURVE('',#7920,#7925);
#7920 = PLANE('',#7921);
#7921 = AXIS2_PLACEMENT_3D('',#7922,#7923,#7924);
#7922 = CARTESIAN_POINT('',(0.5,161.,176.));
#7923 = DIRECTION('',(0.,0.,1.));
#7924 = DIRECTION('',(1.,0.,-0.));
#7925 = DEFINITIONAL_REPRESENTATION('',(#7926),#7929);
#7926 = B_SPLINE_CURVE_WITH_KNOTS('',1,(#7927,#7928),.UNSPECIFIED.,.F.,
  .F.,(2,2),(0.25,8.25),.PIECEWISE_BEZIER_KNOTS.);
#7927 = CARTESIAN_POINT('',(0.,6.5));
#7928 = CARTESIAN_POINT('',(8.,6.5));
#7929 = ( GEOMETRIC_REPRESENTATION_CONTEXT(2) 
PARAMETRIC_REPRESENTATION_CONTEXT() REPRESENTATION_CONTEXT('2D SPACE',''
  ) );
#7930 = ORIENTED_EDGE('',*,*,#7931,.F.);
#7931 = EDGE_CURVE('',#7854,#7906,#7932,.T.);
#7932 = SURFACE_CURVE('',#7933,(#7937,#7943),.PCURVE_S1.);
#7933 = LINE('',#7934,#7935);
#7934 = CARTESIAN_POINT('',(8.5,167.5,92.5));
#7935 = VECTOR('',#7936,1.);
#7936 = DIRECTION('',(-0.,0.,-1.));
#7937 = PCURVE('',#7467,#7938);
#7938 = DEFINITIONAL_REPRESENTATION('',(#7939),#7942);
#7939 = B_SPLINE_CURVE_WITH_KNOTS('',1,(#7940,#7941),.UNSPECIFIED.,.F.,
  .F.,(2,2),(-91.5,-83.5),.PIECEWISE_BEZIER_KNOTS.);
#7940 = CARTESIAN_POINT('',(175.,8.5));
#7941 = CARTESIAN_POINT('',(167.,8.5));
#7942 = ( GEOMETRIC_REPRESENTATION_CONTEXT(2) 
PARAMETRIC_REPRESENTATION_CONTEXT() REPRESENTATION_CONTEXT('2D SPACE',''
  ) );
#7943 = PCURVE('',#7944,#7949);
#7944 = PLANE('',#7945);
#7945 = AXIS2_PLACEMENT_3D('',#7946,#7947,#7948);
#7946 = CARTESIAN_POINT('',(8.5,161.,176.));
#7947 = DIRECTION('',(1.,0.,-0.));
#7948 = DIRECTION('',(0.,0.,1.));
#7949 = DEFINITIONAL_REPRESENTATION('',(#7950),#7953);
#7950 = B_SPLINE_CURVE_WITH_KNOTS('',1,(#7951,#7952),.UNSPECIFIED.,.F.,
  .F.,(2,2),(-91.5,-83.5),.PIECEWISE_BEZIER_KNOTS.);
#7951 = CARTESIAN_POINT('',(8.,-6.5));
#7952 = CARTESIAN_POINT('',(0.,-6.5));
#7953 = ( GEOMETRIC_REPRESENTATION_CONTEXT(2) 
PARAMETRIC_REPRESENTATION_CONTEXT() REPRESENTATION_CONTEXT('2D SPACE',''
  ) );
#7954 = FACE_BOUND('',#7955,.F.);
#7955 = EDGE_LOOP('',(#7956,#7984,#8010,#8036));
#7956 = ORIENTED_EDGE('',*,*,#7957,.F.);
#7957 = EDGE_CURVE('',#7958,#7960,#7962,.T.);
#7958 = VERTEX_POINT('',#7959);
#7959 = CARTESIAN_POINT('',(149.5,167.5,44.));
#7960 = VERTEX_POINT('',#7961);
#7961 = CARTESIAN_POINT('',(157.5,167.5,44.));
#7962 = SURFACE_CURVE('',#7963,(#7967,#7973),.PCURVE_S1.);
#7963 = LINE('',#7964,#7965);
#7964 = CARTESIAN_POINT('',(74.75,167.5,44.));
#7965 = VECTOR('',#7966,1.);
#7966 = DIRECTION('',(1.,0.,-0.));
#7967 = PCURVE('',#7467,#7968);
#7968 = DEFINITIONAL_REPRESENTATION('',(#7969),#7972);
#7969 = B_SPLINE_CURVE_WITH_KNOTS('',1,(#7970,#7971),.UNSPECIFIED.,.F.,
  .F.,(2,2),(74.75,82.75),.PIECEWISE_BEZIER_KNOTS.);
#7970 = CARTESIAN_POINT('',(35.,149.5));
#7971 = CARTESIAN_POINT('',(35.,157.5));
#7972 = ( GEOMETRIC_REPRESENTATION_CONTEXT(2) 
PARAMETRIC_REPRESENTATION_CONTEXT() REPRESENTATION_CONTEXT('2D SPACE',''
  ) );
#7973 = PCURVE('',#7974,#7979);
#7974 = PLANE('',#7975);
#7975 = AXIS2_PLACEMENT_3D('',#7976,#7977,#7978);
#7976 = CARTESIAN_POINT('',(149.5,161.,44.));
#7977 = DIRECTION('',(0.,0.,1.));
#7978 = DIRECTION('',(1.,0.,-0.));
#7979 = DEFINITIONAL_REPRESENTATION('',(#7980),#7983);
#7980 = B_SPLINE_CURVE_WITH_KNOTS('',1,(#7981,#7982),.UNSPECIFIED.,.F.,
  .F.,(2,2),(74.75,82.75),.PIECEWISE_BEZIER_KNOTS.);
#7981 = CARTESIAN_POINT('',(0.,6.5));
#7982 = CARTESIAN_POINT('',(8.,6.5));
#7983 = ( GEOMETRIC_REPRESENTATION_CONTEXT(2) 
PARAMETRIC_REPRESENTATION_CONTEXT() REPRESENTATION_CONTEXT('2D SPACE',''
  ) );
#7984 = ORIENTED_EDGE('',*,*,#7985,.T.);
#7985 = EDGE_CURVE('',#7958,#7986,#7988,.T.);
#7986 = VERTEX_POINT('',#7987);
#7987 = CARTESIAN_POINT('',(149.5,167.5,36.));
#7988 = SURFACE_CURVE('',#7989,(#7993,#7999),.PCURVE_S1.);
#7989 = LINE('',#7990,#7991);
#7990 = CARTESIAN_POINT('',(149.5,167.5,22.5));
#7991 = VECTOR('',#7992,1.);
#7992 = DIRECTION('',(-0.,0.,-1.));
#7993 = PCURVE('',#7467,#7994);
#7994 = DEFINITIONAL_REPRESENTATION('',(#7995),#7998);
#7995 = B_SPLINE_CURVE_WITH_KNOTS('',1,(#7996,#7997),.UNSPECIFIED.,.F.,
  .F.,(2,2),(-21.5,-13.5),.PIECEWISE_BEZIER_KNOTS.);
#7996 = CARTESIAN_POINT('',(35.,149.5));
#7997 = CARTESIAN_POINT('',(27.,149.5));
#7998 = ( GEOMETRIC_REPRESENTATION_CONTEXT(2) 
PARAMETRIC_REPRESENTATION_CONTEXT() REPRESENTATION_CONTEXT('2D SPACE',''
  ) );
#7999 = PCURVE('',#8000,#8005);
#8000 = PLANE('',#8001);
#8001 = AXIS2_PLACEMENT_3D('',#8002,#8003,#8004);
#8002 = CARTESIAN_POINT('',(149.5,161.,36.));
#8003 = DIRECTION('',(1.,0.,-0.));
#8004 = DIRECTION('',(0.,0.,1.));
#8005 = DEFINITIONAL_REPRESENTATION('',(#8006),#8009);
#8006 = B_SPLINE_CURVE_WITH_KNOTS('',1,(#8007,#8008),.UNSPECIFIED.,.F.,
  .F.,(2,2),(-21.5,-13.5),.PIECEWISE_BEZIER_KNOTS.);
#8007 = CARTESIAN_POINT('',(8.,-6.5));
#8008 = CARTESIAN_POINT('',(0.,-6.5));
#8009 = ( GEOMETRIC_REPRESENTATION_CONTEXT(2) 
PARAMETRIC_REPRESENTATION_CONTEXT() REPRESENTATION_CONTEXT('2D SPACE',''
  ) );
#8010 = ORIENTED_EDGE('',*,*,#8011,.T.);
#8011 = EDGE_CURVE('',#7986,#8012,#8014,.T.);
#8012 = VERTEX_POINT('',#8013);
#8013 = CARTESIAN_POINT('',(157.5,167.5,36.));
#8014 = SURFACE_CURVE('',#8015,(#8019,#8025),.PCURVE_S1.);
#8015 = LINE('',#8016,#8017);
#8016 = CARTESIAN_POINT('',(74.75,167.5,36.));
#8017 = VECTOR('',#8018,1.);
#8018 = DIRECTION('',(1.,0.,-0.));
#8019 = PCURVE('',#7467,#8020);
#8020 = DEFINITIONAL_REPRESENTATION('',(#8021),#8024);
#8021 = B_SPLINE_CURVE_WITH_KNOTS('',1,(#8022,#8023),.UNSPECIFIED.,.F.,
  .F.,(2,2),(74.75,82.75),.PIECEWISE_BEZIER_KNOTS.);
#8022 = CARTESIAN_POINT('',(27.,149.5));
#8023 = CARTESIAN_POINT('',(27.,157.5));
#8024 = ( GEOMETRIC_REPRESENTATION_CONTEXT(2) 
PARAMETRIC_REPRESENTATION_CONTEXT() REPRESENTATION_CONTEXT('2D SPACE',''
  ) );
#8025 = PCURVE('',#8026,#8031);
#8026 = PLANE('',#8027);
#8027 = AXIS2_PLACEMENT_3D('',#8028,#8029,#8030);
#8028 = CARTESIAN_POINT('',(149.5,161.,36.));
#8029 = DIRECTION('',(0.,0.,1.));
#8030 = DIRECTION('',(1.,0.,-0.));
#8031 = DEFINITIONAL_REPRESENTATION('',(#8032),#8035);
#8032 = B_SPLINE_CURVE_WITH_KNOTS('',1,(#8033,#8034),.UNSPECIFIED.,.F.,
  .F.,(2,2),(74.75,82.75),.PIECEWISE_BEZIER_KNOTS.);
#8033 = CARTESIAN_POINT('',(0.,6.5));
#8034 = CARTESIAN_POINT('',(8.,6.5));
#8035 = ( GEOMETRIC_REPRESENTATION_CONTEXT(2) 
PARAMETRIC_REPRESENTATION_CONTEXT() REPRESENTATION_CONTEXT('2D SPACE',''
  ) );
#8036 = ORIENTED_EDGE('',*,*,#8037,.F.);
#8037 = EDGE_CURVE('',#7960,#8012,#8038,.T.);
#8038 = SURFACE_CURVE('',#8039,(#8043,#8049),.PCURVE_S1.);
#8039 = LINE('',#8040,#8041);
#8040 = CARTESIAN_POINT('',(157.5,167.5,22.5));
#8041 = VECTOR('',#8042,1.);
#8042 = DIRECTION('',(-0.,0.,-1.));
#8043 = PCURVE('',#7467,#8044);
#8044 = DEFINITIONAL_REPRESENTATION('',(#8045),#8048);
#8045 = B_SPLINE_CURVE_WITH_KNOTS('',1,(#8046,#8047),.UNSPECIFIED.,.F.,
  .F.,(2,2),(-21.5,-13.5),.PIECEWISE_BEZIER_KNOTS.);
#8046 = CARTESIAN_POINT('',(35.,157.5));
#8047 = CARTESIAN_POINT('',(27.,157.5));
#8048 = ( GEOMETRIC_REPRESENTATION_CONTEXT(2) 
PARAMETRIC_REPRESENTATION_CONTEXT() REPRESENTATION_CONTEXT('2D SPACE',''
  ) );
#8049 = PCURVE('',#8050,#8055);
#8050 = PLANE('',#8051);
#8051 = AXIS2_PLACEMENT_3D('',#8052,#8053,#8054);
#8052 = CARTESIAN_POINT('',(157.5,161.,36.));
#8053 = DIRECTION('',(1.,0.,-0.));
#8054 = DIRECTION('',(0.,0.,1.));
#8055 = DEFINITIONAL_REPRESENTATION('',(#8056),#8059);
#8056 = B_SPLINE_CURVE_WITH_KNOTS('',1,(#8057,#8058),.UNSPECIFIED.,.F.,
  .F.,(2,2),(-21.5,-13.5),.PIECEWISE_BEZIER_KNOTS.);
#8057 = CARTESIAN_POINT('',(8.,-6.5));
#8058 = CARTESIAN_POINT('',(0.,-6.5));
#8059 = ( GEOMETRIC_REPRESENTATION_CONTEXT(2) 
PARAMETRIC_REPRESENTATION_CONTEXT() REPRESENTATION_CONTEXT('2D SPACE',''
  ) );
#8060 = FACE_BOUND('',#8061,.F.);
#8061 = EDGE_LOOP('',(#8062,#8090,#8116,#8142));
#8062 = ORIENTED_EDGE('',*,*,#8063,.F.);
#8063 = EDGE_CURVE('',#8064,#8066,#8068,.T.);
#8064 = VERTEX_POINT('',#8065);
#8065 = CARTESIAN_POINT('',(149.5,167.5,184.));
#8066 = VERTEX_POINT('',#8067);
#8067 = CARTESIAN_POINT('',(157.5,167.5,184.));
#8068 = SURFACE_CURVE('',#8069,(#8073,#8079),.PCURVE_S1.);
#8069 = LINE('',#8070,#8071);
#8070 = CARTESIAN_POINT('',(74.75,167.5,184.));
#8071 = VECTOR('',#8072,1.);
#8072 = DIRECTION('',(1.,0.,-0.));
#8073 = PCURVE('',#7467,#8074);
#8074 = DEFINITIONAL_REPRESENTATION('',(#8075),#8078);
#8075 = B_SPLINE_CURVE_WITH_KNOTS('',1,(#8076,#8077),.UNSPECIFIED.,.F.,
  .F.,(2,2),(74.75,82.75),.PIECEWISE_BEZIER_KNOTS.);
#8076 = CARTESIAN_POINT('',(175.,149.5));
#8077 = CARTESIAN_POINT('',(175.,157.5));
#8078 = ( GEOMETRIC_REPRESENTATION_CONTEXT(2) 
PARAMETRIC_REPRESENTATION_CONTEXT() REPRESENTATION_CONTEXT('2D SPACE',''
  ) );
#8079 = PCURVE('',#8080,#8085);
#8080 = PLANE('',#8081);
#8081 = AXIS2_PLACEMENT_3D('',#8082,#8083,#8084);
#8082 = CARTESIAN_POINT('',(149.5,161.,184.));
#8083 = DIRECTION('',(0.,0.,1.));
#8084 = DIRECTION('',(1.,0.,-0.));
#8085 = DEFINITIONAL_REPRESENTATION('',(#8086),#8089);
#8086 = B_SPLINE_CURVE_WITH_KNOTS('',1,(#8087,#8088),.UNSPECIFIED.,.F.,
  .F.,(2,2),(74.75,82.75),.PIECEWISE_BEZIER_KNOTS.);
#8087 = CARTESIAN_POINT('',(0.,6.5));
#8088 = CARTESIAN_POINT('',(8.,6.5));
#8089 = ( GEOMETRIC_REPRESENTATION_CONTEXT(2) 
PARAMETRIC_REPRESENTATION_CONTEXT() REPRESENTATION_CONTEXT('2D SPACE',''
  ) );
#8090 = ORIENTED_EDGE('',*,*,#8091,.T.);
#8091 = EDGE_CURVE('',#8064,#8092,#8094,.T.);
#8092 = VERTEX_POINT('',#8093);
#8093 = CARTESIAN_POINT('',(149.5,167.5,176.));
#8094 = SURFACE_CURVE('',#8095,(#8099,#8105),.PCURVE_S1.);
#8095 = LINE('',#8096,#8097);
#8096 = CARTESIAN_POINT('',(149.5,167.5,92.5));
#8097 = VECTOR('',#8098,1.);
#8098 = DIRECTION('',(-0.,0.,-1.));
#8099 = PCURVE('',#7467,#8100);
#8100 = DEFINITIONAL_REPRESENTATION('',(#8101),#8104);
#8101 = B_SPLINE_CURVE_WITH_KNOTS('',1,(#8102,#8103),.UNSPECIFIED.,.F.,
  .F.,(2,2),(-91.5,-83.5),.PIECEWISE_BEZIER_KNOTS.);
#8102 = CARTESIAN_POINT('',(175.,149.5));
#8103 = CARTESIAN_POINT('',(167.,149.5));
#8104 = ( GEOMETRIC_REPRESENTATION_CONTEXT(2) 
PARAMETRIC_REPRESENTATION_CONTEXT() REPRESENTATION_CONTEXT('2D SPACE',''
  ) );
#8105 = PCURVE('',#8106,#8111);
#8106 = PLANE('',#8107);
#8107 = AXIS2_PLACEMENT_3D('',#8108,#8109,#8110);
#8108 = CARTESIAN_POINT('',(149.5,161.,176.));
#8109 = DIRECTION('',(1.,0.,-0.));
#8110 = DIRECTION('',(0.,0.,1.));
#8111 = DEFINITIONAL_REPRESENTATION('',(#8112),#8115);
#8112 = B_SPLINE_CURVE_WITH_KNOTS('',1,(#8113,#8114),.UNSPECIFIED.,.F.,
  .F.,(2,2),(-91.5,-83.5),.PIECEWISE_BEZIER_KNOTS.);
#8113 = CARTESIAN_POINT('',(8.,-6.5));
#8114 = CARTESIAN_POINT('',(0.,-6.5));
#8115 = ( GEOMETRIC_REPRESENTATION_CONTEXT(2) 
PARAMETRIC_REPRESENTATION_CONTEXT() REPRESENTATION_CONTEXT('2D SPACE',''
  ) );
#8116 = ORIENTED_EDGE('',*,*,#8117,.T.);
#8117 = EDGE_CURVE('',#8092,#8118,#8120,.T.);
#8118 = VERTEX_POINT('',#8119);
#8119 = CARTESIAN_POINT('',(157.5,167.5,176.));
#8120 = SURFACE_CURVE('',#8121,(#8125,#8131),.PCURVE_S1.);
#8121 = LINE('',#8122,#8123);
#8122 = CARTESIAN_POINT('',(74.75,167.5,176.));
#8123 = VECTOR('',#8124,1.);
#8124 = DIRECTION('',(1.,0.,-0.));
#8125 = PCURVE('',#7467,#8126);
#8126 = DEFINITIONAL_REPRESENTATION('',(#8127),#8130);
#8127 = B_SPLINE_CURVE_WITH_KNOTS('',1,(#8128,#8129),.UNSPECIFIED.,.F.,
  .F.,(2,2),(74.75,82.75),.PIECEWISE_BEZIER_KNOTS.);
#8128 = CARTESIAN_POINT('',(167.,149.5));
#8129 = CARTESIAN_POINT('',(167.,157.5));
#8130 = ( GEOMETRIC_REPRESENTATION_CONTEXT(2) 
PARAMETRIC_REPRESENTATION_CONTEXT() REPRESENTATION_CONTEXT('2D SPACE',''
  ) );
#8131 = PCURVE('',#8132,#8137);
#8132 = PLANE('',#8133);
#8133 = AXIS2_PLACEMENT_3D('',#8134,#8135,#8136);
#8134 = CARTESIAN_POINT('',(149.5,161.,176.));
#8135 = DIRECTION('',(0.,0.,1.));
#8136 = DIRECTION('',(1.,0.,-0.));
#8137 = DEFINITIONAL_REPRESENTATION('',(#8138),#8141);
#8138 = B_SPLINE_CURVE_WITH_KNOTS('',1,(#8139,#8140),.UNSPECIFIED.,.F.,
  .F.,(2,2),(74.75,82.75),.PIECEWISE_BEZIER_KNOTS.);
#8139 = CARTESIAN_POINT('',(0.,6.5));
#8140 = CARTESIAN_POINT('',(8.,6.5));
#8141 = ( GEOMETRIC_REPRESENTATION_CONTEXT(2) 
PARAMETRIC_REPRESENTATION_CONTEXT() REPRESENTATION_CONTEXT('2D SPACE',''
  ) );
#8142 = ORIENTED_EDGE('',*,*,#8143,.F.);
#8143 = EDGE_CURVE('',#8066,#8118,#8144,.T.);
#8144 = SURFACE_CURVE('',#8145,(#8149,#8155),.PCURVE_S1.);
#8145 = LINE('',#8146,#8147);
#8146 = CARTESIAN_POINT('',(157.5,167.5,92.5));
#8147 = VECTOR('',#8148,1.);
#8148 = DIRECTION('',(-0.,0.,-1.));
#8149 = PCURVE('',#7467,#8150);
#8150 = DEFINITIONAL_REPRESENTATION('',(#8151),#8154);
#8151 = B_SPLINE_CURVE_WITH_KNOTS('',1,(#8152,#8153),.UNSPECIFIED.,.F.,
  .F.,(2,2),(-91.5,-83.5),.PIECEWISE_BEZIER_KNOTS.);
#8152 = CARTESIAN_POINT('',(175.,157.5));
#8153 = CARTESIAN_POINT('',(167.,157.5));
#8154 = ( GEOMETRIC_REPRESENTATION_CONTEXT(2) 
PARAMETRIC_REPRESENTATION_CONTEXT() REPRESENTATION_CONTEXT('2D SPACE',''
  ) );
#8155 = PCURVE('',#8156,#8161);
#8156 = PLANE('',#8157);
#8157 = AXIS2_PLACEMENT_3D('',#8158,#8159,#8160);
#8158 = CARTESIAN_POINT('',(157.5,161.,176.));
#8159 = DIRECTION('',(1.,0.,-0.));
#8160 = DIRECTION('',(0.,0.,1.));
#8161 = DEFINITIONAL_REPRESENTATION('',(#8162),#8165);
#8162 = B_SPLINE_CURVE_WITH_KNOTS('',1,(#8163,#8164),.UNSPECIFIED.,.F.,
  .F.,(2,2),(-91.5,-83.5),.PIECEWISE_BEZIER_KNOTS.);
#8163 = CARTESIAN_POINT('',(8.,-6.5));
#8164 = CARTESIAN_POINT('',(0.,-6.5));
#8165 = ( GEOMETRIC_REPRESENTATION_CONTEXT(2) 
PARAMETRIC_REPRESENTATION_CONTEXT() REPRESENTATION_CONTEXT('2D SPACE',''
  ) );
#8166 = ADVANCED_FACE('',(#8167),#7549,.T.);
#8167 = FACE_BOUND('',#8168,.T.);
#8168 = EDGE_LOOP('',(#8169,#8192,#8193,#8194));
#8169 = ORIENTED_EDGE('',*,*,#8170,.F.);
#8170 = EDGE_CURVE('',#7508,#8171,#8173,.T.);
#8171 = VERTEX_POINT('',#8172);
#8172 = CARTESIAN_POINT('',(25.,170.5,197.));
#8173 = SURFACE_CURVE('',#8174,(#8178,#8185),.PCURVE_S1.);
#8174 = LINE('',#8175,#8176);
#8175 = CARTESIAN_POINT('',(0.,170.5,197.));
#8176 = VECTOR('',#8177,1.);
#8177 = DIRECTION('',(1.,0.,-0.));
#8178 = PCURVE('',#7549,#8179);
#8179 = DEFINITIONAL_REPRESENTATION('',(#8180),#8184);
#8180 = LINE('',#8181,#8182);
#8181 = CARTESIAN_POINT('',(0.,3.));
#8182 = VECTOR('',#8183,1.);
#8183 = DIRECTION('',(1.,0.));
#8184 = ( GEOMETRIC_REPRESENTATION_CONTEXT(2) 
PARAMETRIC_REPRESENTATION_CONTEXT() REPRESENTATION_CONTEXT('2D SPACE',''
  ) );
#8185 = PCURVE('',#7523,#8186);
#8186 = DEFINITIONAL_REPRESENTATION('',(#8187),#8191);
#8187 = LINE('',#8188,#8189);
#8188 = CARTESIAN_POINT('',(188.,0.));
#8189 = VECTOR('',#8190,1.);
#8190 = DIRECTION('',(0.,1.));
#8191 = ( GEOMETRIC_REPRESENTATION_CONTEXT(2) 
PARAMETRIC_REPRESENTATION_CONTEXT() REPRESENTATION_CONTEXT('2D SPACE',''
  ) );
#8192 = ORIENTED_EDGE('',*,*,#7535,.F.);
#8193 = ORIENTED_EDGE('',*,*,#7616,.T.);
#8194 = ORIENTED_EDGE('',*,*,#8195,.T.);
#8195 = EDGE_CURVE('',#7617,#8171,#8196,.T.);
#8196 = SURFACE_CURVE('',#8197,(#8201,#8207),.PCURVE_S1.);
#8197 = LINE('',#8198,#8199);
#8198 = CARTESIAN_POINT('',(25.,167.25,197.));
#8199 = VECTOR('',#8200,1.);
#8200 = DIRECTION('',(-0.,1.,0.));
#8201 = PCURVE('',#7549,#8202);
#8202 = DEFINITIONAL_REPRESENTATION('',(#8203),#8206);
#8203 = B_SPLINE_CURVE_WITH_KNOTS('',1,(#8204,#8205),.UNSPECIFIED.,.F.,
  .F.,(2,2),(0.25,3.25),.PIECEWISE_BEZIER_KNOTS.);
#8204 = CARTESIAN_POINT('',(25.,0.));
#8205 = CARTESIAN_POINT('',(25.,3.));
#8206 = ( GEOMETRIC_REPRESENTATION_CONTEXT(2) 
PARAMETRIC_REPRESENTATION_CONTEXT() REPRESENTATION_CONTEXT('2D SPACE',''
  ) );
#8207 = PCURVE('',#7654,#8208);
#8208 = DEFINITIONAL_REPRESENTATION('',(#8209),#8212);
#8209 = B_SPLINE_CURVE_WITH_KNOTS('',1,(#8210,#8211),.UNSPECIFIED.,.F.,
  .F.,(2,2),(0.25,3.25),.PIECEWISE_BEZIER_KNOTS.);
#8210 = CARTESIAN_POINT('',(52.,-0.5));
#8211 = CARTESIAN_POINT('',(52.,-3.5));
#8212 = ( GEOMETRIC_REPRESENTATION_CONTEXT(2) 
PARAMETRIC_REPRESENTATION_CONTEXT() REPRESENTATION_CONTEXT('2D SPACE',''
  ) );
#8213 = ADVANCED_FACE('',(#8214,#8348,#8379,#8410,#8441),#7523,.T.);
#8214 = FACE_BOUND('',#8215,.T.);
#8215 = EDGE_LOOP('',(#8216,#8241,#8262,#8263,#8264,#8285,#8306,#8327));
#8216 = ORIENTED_EDGE('',*,*,#8217,.F.);
#8217 = EDGE_CURVE('',#8218,#8220,#8222,.T.);
#8218 = VERTEX_POINT('',#8219);
#8219 = CARTESIAN_POINT('',(158.,170.5,9.));
#8220 = VERTEX_POINT('',#8221);
#8221 = CARTESIAN_POINT('',(158.,170.5,197.));
#8222 = SURFACE_CURVE('',#8223,(#8227,#8234),.PCURVE_S1.);
#8223 = LINE('',#8224,#8225);
#8224 = CARTESIAN_POINT('',(158.,170.5,9.));
#8225 = VECTOR('',#8226,1.);
#8226 = DIRECTION('',(0.,0.,1.));
#8227 = PCURVE('',#7523,#8228);
#8228 = DEFINITIONAL_REPRESENTATION('',(#8229),#8233);
#8229 = LINE('',#8230,#8231);
#8230 = CARTESIAN_POINT('',(0.,158.));
#8231 = VECTOR('',#8232,1.);
#8232 = DIRECTION('',(1.,0.));
#8233 = ( GEOMETRIC_REPRESENTATION_CONTEXT(2) 
PARAMETRIC_REPRESENTATION_CONTEXT() REPRESENTATION_CONTEXT('2D SPACE',''
  ) );
#8234 = PCURVE('',#7582,#8235);
#8235 = DEFINITIONAL_REPRESENTATION('',(#8236),#8240);
#8236 = LINE('',#8237,#8238);
#8237 = CARTESIAN_POINT('',(0.,-3.));
#8238 = VECTOR('',#8239,1.);
#8239 = DIRECTION('',(1.,0.));
#8240 = ( GEOMETRIC_REPRESENTATION_CONTEXT(2) 
PARAMETRIC_REPRESENTATION_CONTEXT() REPRESENTATION_CONTEXT('2D SPACE',''
  ) );
#8241 = ORIENTED_EDGE('',*,*,#8242,.F.);
#8242 = EDGE_CURVE('',#7480,#8218,#8243,.T.);
#8243 = SURFACE_CURVE('',#8244,(#8248,#8255),.PCURVE_S1.);
#8244 = LINE('',#8245,#8246);
#8245 = CARTESIAN_POINT('',(0.,170.5,9.));
#8246 = VECTOR('',#8247,1.);
#8247 = DIRECTION('',(1.,0.,-0.));
#8248 = PCURVE('',#7523,#8249);
#8249 = DEFINITIONAL_REPRESENTATION('',(#8250),#8254);
#8250 = LINE('',#8251,#8252);
#8251 = CARTESIAN_POINT('',(0.,0.));
#8252 = VECTOR('',#8253,1.);
#8253 = DIRECTION('',(0.,1.));
#8254 = ( GEOMETRIC_REPRESENTATION_CONTEXT(2) 
PARAMETRIC_REPRESENTATION_CONTEXT() REPRESENTATION_CONTEXT('2D SPACE',''
  ) );
#8255 = PCURVE('',#7495,#8256);
#8256 = DEFINITIONAL_REPRESENTATION('',(#8257),#8261);
#8257 = LINE('',#8258,#8259);
#8258 = CARTESIAN_POINT('',(0.,3.));
#8259 = VECTOR('',#8260,1.);
#8260 = DIRECTION('',(1.,0.));
#8261 = ( GEOMETRIC_REPRESENTATION_CONTEXT(2) 
PARAMETRIC_REPRESENTATION_CONTEXT() REPRESENTATION_CONTEXT('2D SPACE',''
  ) );
#8262 = ORIENTED_EDGE('',*,*,#7507,.T.);
#8263 = ORIENTED_EDGE('',*,*,#8170,.T.);
#8264 = ORIENTED_EDGE('',*,*,#8265,.T.);
#8265 = EDGE_CURVE('',#8171,#8266,#8268,.T.);
#8266 = VERTEX_POINT('',#8267);
#8267 = CARTESIAN_POINT('',(25.,170.5,145.));
#8268 = SURFACE_CURVE('',#8269,(#8273,#8279),.PCURVE_S1.);
#8269 = LINE('',#8270,#8271);
#8270 = CARTESIAN_POINT('',(25.,170.5,77.));
#8271 = VECTOR('',#8272,1.);
#8272 = DIRECTION('',(-0.,0.,-1.));
#8273 = PCURVE('',#7523,#8274);
#8274 = DEFINITIONAL_REPRESENTATION('',(#8275),#8278);
#8275 = B_SPLINE_CURVE_WITH_KNOTS('',1,(#8276,#8277),.UNSPECIFIED.,.F.,
  .F.,(2,2),(-120.,-68.),.PIECEWISE_BEZIER_KNOTS.);
#8276 = CARTESIAN_POINT('',(188.,25.));
#8277 = CARTESIAN_POINT('',(136.,25.));
#8278 = ( GEOMETRIC_REPRESENTATION_CONTEXT(2) 
PARAMETRIC_REPRESENTATION_CONTEXT() REPRESENTATION_CONTEXT('2D SPACE',''
  ) );
#8279 = PCURVE('',#7654,#8280);
#8280 = DEFINITIONAL_REPRESENTATION('',(#8281),#8284);
#8281 = B_SPLINE_CURVE_WITH_KNOTS('',1,(#8282,#8283),.UNSPECIFIED.,.F.,
  .F.,(2,2),(-120.,-68.),.PIECEWISE_BEZIER_KNOTS.);
#8282 = CARTESIAN_POINT('',(52.,-3.5));
#8283 = CARTESIAN_POINT('',(0.,-3.5));
#8284 = ( GEOMETRIC_REPRESENTATION_CONTEXT(2) 
PARAMETRIC_REPRESENTATION_CONTEXT() REPRESENTATION_CONTEXT('2D SPACE',''
  ) );
#8285 = ORIENTED_EDGE('',*,*,#8286,.T.);
#8286 = EDGE_CURVE('',#8266,#8287,#8289,.T.);
#8287 = VERTEX_POINT('',#8288);
#8288 = CARTESIAN_POINT('',(133.,170.5,145.));
#8289 = SURFACE_CURVE('',#8290,(#8294,#8300),.PCURVE_S1.);
#8290 = LINE('',#8291,#8292);
#8291 = CARTESIAN_POINT('',(12.5,170.5,145.));
#8292 = VECTOR('',#8293,1.);
#8293 = DIRECTION('',(1.,0.,-0.));
#8294 = PCURVE('',#7523,#8295);
#8295 = DEFINITIONAL_REPRESENTATION('',(#8296),#8299);
#8296 = B_SPLINE_CURVE_WITH_KNOTS('',1,(#8297,#8298),.UNSPECIFIED.,.F.,
  .F.,(2,2),(12.5,120.5),.PIECEWISE_BEZIER_KNOTS.);
#8297 = CARTESIAN_POINT('',(136.,25.));
#8298 = CARTESIAN_POINT('',(136.,133.));
#8299 = ( GEOMETRIC_REPRESENTATION_CONTEXT(2) 
PARAMETRIC_REPRESENTATION_CONTEXT() REPRESENTATION_CONTEXT('2D SPACE',''
  ) );
#8300 = PCURVE('',#7680,#8301);
#8301 = DEFINITIONAL_REPRESENTATION('',(#8302),#8305);
#8302 = B_SPLINE_CURVE_WITH_KNOTS('',1,(#8303,#8304),.UNSPECIFIED.,.F.,
  .F.,(2,2),(12.5,120.5),.PIECEWISE_BEZIER_KNOTS.);
#8303 = CARTESIAN_POINT('',(0.,3.5));
#8304 = CARTESIAN_POINT('',(108.,3.5));
#8305 = ( GEOMETRIC_REPRESENTATION_CONTEXT(2) 
PARAMETRIC_REPRESENTATION_CONTEXT() REPRESENTATION_CONTEXT('2D SPACE',''
  ) );
#8306 = ORIENTED_EDGE('',*,*,#8307,.F.);
#8307 = EDGE_CURVE('',#8308,#8287,#8310,.T.);
#8308 = VERTEX_POINT('',#8309);
#8309 = CARTESIAN_POINT('',(133.,170.5,197.));
#8310 = SURFACE_CURVE('',#8311,(#8315,#8321),.PCURVE_S1.);
#8311 = LINE('',#8312,#8313);
#8312 = CARTESIAN_POINT('',(133.,170.5,77.));
#8313 = VECTOR('',#8314,1.);
#8314 = DIRECTION('',(-0.,0.,-1.));
#8315 = PCURVE('',#7523,#8316);
#8316 = DEFINITIONAL_REPRESENTATION('',(#8317),#8320);
#8317 = B_SPLINE_CURVE_WITH_KNOTS('',1,(#8318,#8319),.UNSPECIFIED.,.F.,
  .F.,(2,2),(-120.,-68.),.PIECEWISE_BEZIER_KNOTS.);
#8318 = CARTESIAN_POINT('',(188.,133.));
#8319 = CARTESIAN_POINT('',(136.,133.));
#8320 = ( GEOMETRIC_REPRESENTATION_CONTEXT(2) 
PARAMETRIC_REPRESENTATION_CONTEXT() REPRESENTATION_CONTEXT('2D SPACE',''
  ) );
#8321 = PCURVE('',#7706,#8322);
#8322 = DEFINITIONAL_REPRESENTATION('',(#8323),#8326);
#8323 = B_SPLINE_CURVE_WITH_KNOTS('',1,(#8324,#8325),.UNSPECIFIED.,.F.,
  .F.,(2,2),(-120.,-68.),.PIECEWISE_BEZIER_KNOTS.);
#8324 = CARTESIAN_POINT('',(52.,-3.5));
#8325 = CARTESIAN_POINT('',(0.,-3.5));
#8326 = ( GEOMETRIC_REPRESENTATION_CONTEXT(2) 
PARAMETRIC_REPRESENTATION_CONTEXT() REPRESENTATION_CONTEXT('2D SPACE',''
  ) );
#8327 = ORIENTED_EDGE('',*,*,#8328,.T.);
#8328 = EDGE_CURVE('',#8308,#8220,#8329,.T.);
#8329 = SURFACE_CURVE('',#8330,(#8334,#8341),.PCURVE_S1.);
#8330 = LINE('',#8331,#8332);
#8331 = CARTESIAN_POINT('',(0.,170.5,197.));
#8332 = VECTOR('',#8333,1.);
#8333 = DIRECTION('',(1.,0.,-0.));
#8334 = PCURVE('',#7523,#8335);
#8335 = DEFINITIONAL_REPRESENTATION('',(#8336),#8340);
#8336 = LINE('',#8337,#8338);
#8337 = CARTESIAN_POINT('',(188.,0.));
#8338 = VECTOR('',#8339,1.);
#8339 = DIRECTION('',(0.,1.));
#8340 = ( GEOMETRIC_REPRESENTATION_CONTEXT(2) 
PARAMETRIC_REPRESENTATION_CONTEXT() REPRESENTATION_CONTEXT('2D SPACE',''
  ) );
#8341 = PCURVE('',#7731,#8342);
#8342 = DEFINITIONAL_REPRESENTATION('',(#8343),#8347);
#8343 = LINE('',#8344,#8345);
#8344 = CARTESIAN_POINT('',(0.,3.));
#8345 = VECTOR('',#8346,1.);
#8346 = DIRECTION('',(1.,0.));
#8347 = ( GEOMETRIC_REPRESENTATION_CONTEXT(2) 
PARAMETRIC_REPRESENTATION_CONTEXT() REPRESENTATION_CONTEXT('2D SPACE',''
  ) );
#8348 = FACE_BOUND('',#8349,.T.);
#8349 = EDGE_LOOP('',(#8350));
#8350 = ORIENTED_EDGE('',*,*,#8351,.F.);
#8351 = EDGE_CURVE('',#8352,#8352,#8354,.T.);
#8352 = VERTEX_POINT('',#8353);
#8353 = CARTESIAN_POINT('',(6.2,170.5,40.));
#8354 = SURFACE_CURVE('',#8355,(#8360,#8367),.PCURVE_S1.);
#8355 = CIRCLE('',#8356,1.7);
#8356 = AXIS2_PLACEMENT_3D('',#8357,#8358,#8359);
#8357 = CARTESIAN_POINT('',(4.5,170.5,40.));
#8358 = DIRECTION('',(0.,1.,2.22044604925E-16));
#8359 = DIRECTION('',(1.,0.,-0.));
#8360 = PCURVE('',#7523,#8361);
#8361 = DEFINITIONAL_REPRESENTATION('',(#8362),#8366);
#8362 = CIRCLE('',#8363,1.7);
#8363 = AXIS2_PLACEMENT_2D('',#8364,#8365);
#8364 = CARTESIAN_POINT('',(31.,4.5));
#8365 = DIRECTION('',(0.,1.));
#8366 = ( GEOMETRIC_REPRESENTATION_CONTEXT(2) 
PARAMETRIC_REPRESENTATION_CONTEXT() REPRESENTATION_CONTEXT('2D SPACE',''
  ) );
#8367 = PCURVE('',#8368,#8373);
#8368 = CYLINDRICAL_SURFACE('',#8369,1.7);
#8369 = AXIS2_PLACEMENT_3D('',#8370,#8371,#8372);
#8370 = CARTESIAN_POINT('',(4.5,160.9,40.));
#8371 = DIRECTION('',(0.,1.,2.22044604925E-16));
#8372 = DIRECTION('',(1.,0.,-0.));
#8373 = DEFINITIONAL_REPRESENTATION('',(#8374),#8378);
#8374 = LINE('',#8375,#8376);
#8375 = CARTESIAN_POINT('',(0.,9.6));
#8376 = VECTOR('',#8377,1.);
#8377 = DIRECTION('',(1.,0.));
#8378 = ( GEOMETRIC_REPRESENTATION_CONTEXT(2) 
PARAMETRIC_REPRESENTATION_CONTEXT() REPRESENTATION_CONTEXT('2D SPACE',''
  ) );
#8379 = FACE_BOUND('',#8380,.T.);
#8380 = EDGE_LOOP('',(#8381));
#8381 = ORIENTED_EDGE('',*,*,#8382,.F.);
#8382 = EDGE_CURVE('',#8383,#8383,#8385,.T.);
#8383 = VERTEX_POINT('',#8384);
#8384 = CARTESIAN_POINT('',(6.2,170.5,180.));
#8385 = SURFACE_CURVE('',#8386,(#8391,#8398),.PCURVE_S1.);
#8386 = CIRCLE('',#8387,1.7);
#8387 = AXIS2_PLACEMENT_3D('',#8388,#8389,#8390);
#8388 = CARTESIAN_POINT('',(4.5,170.5,180.));
#8389 = DIRECTION('',(0.,1.,2.22044604925E-16));
#8390 = DIRECTION('',(1.,0.,-0.));
#8391 = PCURVE('',#7523,#8392);
#8392 = DEFINITIONAL_REPRESENTATION('',(#8393),#8397);
#8393 = CIRCLE('',#8394,1.7);
#8394 = AXIS2_PLACEMENT_2D('',#8395,#8396);
#8395 = CARTESIAN_POINT('',(171.,4.5));
#8396 = DIRECTION('',(0.,1.));
#8397 = ( GEOMETRIC_REPRESENTATION_CONTEXT(2) 
PARAMETRIC_REPRESENTATION_CONTEXT() REPRESENTATION_CONTEXT('2D SPACE',''
  ) );
#8398 = PCURVE('',#8399,#8404);
#8399 = CYLINDRICAL_SURFACE('',#8400,1.7);
#8400 = AXIS2_PLACEMENT_3D('',#8401,#8402,#8403);
#8401 = CARTESIAN_POINT('',(4.5,160.9,180.));
#8402 = DIRECTION('',(0.,1.,2.22044604925E-16));
#8403 = DIRECTION('',(1.,0.,-0.));
#8404 = DEFINITIONAL_REPRESENTATION('',(#8405),#8409);
#8405 = LINE('',#8406,#8407);
#8406 = CARTESIAN_POINT('',(0.,9.6));
#8407 = VECTOR('',#8408,1.);
#8408 = DIRECTION('',(1.,0.));
#8409 = ( GEOMETRIC_REPRESENTATION_CONTEXT(2) 
PARAMETRIC_REPRESENTATION_CONTEXT() REPRESENTATION_CONTEXT('2D SPACE',''
  ) );
#8410 = FACE_BOUND('',#8411,.T.);
#8411 = EDGE_LOOP('',(#8412));
#8412 = ORIENTED_EDGE('',*,*,#8413,.F.);
#8413 = EDGE_CURVE('',#8414,#8414,#8416,.T.);
#8414 = VERTEX_POINT('',#8415);
#8415 = CARTESIAN_POINT('',(155.2,170.5,40.));
#8416 = SURFACE_CURVE('',#8417,(#8422,#8429),.PCURVE_S1.);
#8417 = CIRCLE('',#8418,1.7);
#8418 = AXIS2_PLACEMENT_3D('',#8419,#8420,#8421);
#8419 = CARTESIAN_POINT('',(153.5,170.5,40.));
#8420 = DIRECTION('',(0.,1.,2.22044604925E-16));
#8421 = DIRECTION('',(1.,0.,-0.));
#8422 = PCURVE('',#7523,#8423);
#8423 = DEFINITIONAL_REPRESENTATION('',(#8424),#8428);
#8424 = CIRCLE('',#8425,1.7);
#8425 = AXIS2_PLACEMENT_2D('',#8426,#8427);
#8426 = CARTESIAN_POINT('',(31.,153.5));
#8427 = DIRECTION('',(0.,1.));
#8428 = ( GEOMETRIC_REPRESENTATION_CONTEXT(2) 
PARAMETRIC_REPRESENTATION_CONTEXT() REPRESENTATION_CONTEXT('2D SPACE',''
  ) );
#8429 = PCURVE('',#8430,#8435);
#8430 = CYLINDRICAL_SURFACE('',#8431,1.7);
#8431 = AXIS2_PLACEMENT_3D('',#8432,#8433,#8434);
#8432 = CARTESIAN_POINT('',(153.5,160.9,40.));
#8433 = DIRECTION('',(0.,1.,2.22044604925E-16));
#8434 = DIRECTION('',(1.,0.,-0.));
#8435 = DEFINITIONAL_REPRESENTATION('',(#8436),#8440);
#8436 = LINE('',#8437,#8438);
#8437 = CARTESIAN_POINT('',(0.,9.6));
#8438 = VECTOR('',#8439,1.);
#8439 = DIRECTION('',(1.,0.));
#8440 = ( GEOMETRIC_REPRESENTATION_CONTEXT(2) 
PARAMETRIC_REPRESENTATION_CONTEXT() REPRESENTATION_CONTEXT('2D SPACE',''
  ) );
#8441 = FACE_BOUND('',#8442,.T.);
#8442 = EDGE_LOOP('',(#8443));
#8443 = ORIENTED_EDGE('',*,*,#8444,.F.);
#8444 = EDGE_CURVE('',#8445,#8445,#8447,.T.);
#8445 = VERTEX_POINT('',#8446);
#8446 = CARTESIAN_POINT('',(155.2,170.5,180.));
#8447 = SURFACE_CURVE('',#8448,(#8453,#8460),.PCURVE_S1.);
#8448 = CIRCLE('',#8449,1.7);
#8449 = AXIS2_PLACEMENT_3D('',#8450,#8451,#8452);
#8450 = CARTESIAN_POINT('',(153.5,170.5,180.));
#8451 = DIRECTION('',(0.,1.,2.22044604925E-16));
#8452 = DIRECTION('',(1.,0.,-0.));
#8453 = PCURVE('',#7523,#8454);
#8454 = DEFINITIONAL_REPRESENTATION('',(#8455),#8459);
#8455 = CIRCLE('',#8456,1.7);
#8456 = AXIS2_PLACEMENT_2D('',#8457,#8458);
#8457 = CARTESIAN_POINT('',(171.,153.5));
#8458 = DIRECTION('',(0.,1.));
#8459 = ( GEOMETRIC_REPRESENTATION_CONTEXT(2) 
PARAMETRIC_REPRESENTATION_CONTEXT() REPRESENTATION_CONTEXT('2D SPACE',''
  ) );
#8460 = PCURVE('',#8461,#8466);
#8461 = CYLINDRICAL_SURFACE('',#8462,1.7);
#8462 = AXIS2_PLACEMENT_3D('',#8463,#8464,#8465);
#8463 = CARTESIAN_POINT('',(153.5,160.9,180.));
#8464 = DIRECTION('',(0.,1.,2.22044604925E-16));
#8465 = DIRECTION('',(1.,0.,-0.));
#8466 = DEFINITIONAL_REPRESENTATION('',(#8467),#8471);
#8467 = LINE('',#8468,#8469);
#8468 = CARTESIAN_POINT('',(0.,9.6));
#8469 = VECTOR('',#8470,1.);
#8470 = DIRECTION('',(1.,0.));
#8471 = ( GEOMETRIC_REPRESENTATION_CONTEXT(2) 
PARAMETRIC_REPRESENTATION_CONTEXT() REPRESENTATION_CONTEXT('2D SPACE',''
  ) );
#8472 = ADVANCED_FACE('',(#8473),#7495,.F.);
#8473 = FACE_BOUND('',#8474,.F.);
#8474 = EDGE_LOOP('',(#8475,#8476,#8477,#8498));
#8475 = ORIENTED_EDGE('',*,*,#7479,.F.);
#8476 = ORIENTED_EDGE('',*,*,#7594,.T.);
#8477 = ORIENTED_EDGE('',*,*,#8478,.T.);
#8478 = EDGE_CURVE('',#7565,#8218,#8479,.T.);
#8479 = SURFACE_CURVE('',#8480,(#8484,#8491),.PCURVE_S1.);
#8480 = LINE('',#8481,#8482);
#8481 = CARTESIAN_POINT('',(158.,167.5,9.));
#8482 = VECTOR('',#8483,1.);
#8483 = DIRECTION('',(-0.,1.,0.));
#8484 = PCURVE('',#7495,#8485);
#8485 = DEFINITIONAL_REPRESENTATION('',(#8486),#8490);
#8486 = LINE('',#8487,#8488);
#8487 = CARTESIAN_POINT('',(158.,0.));
#8488 = VECTOR('',#8489,1.);
#8489 = DIRECTION('',(0.,1.));
#8490 = ( GEOMETRIC_REPRESENTATION_CONTEXT(2) 
PARAMETRIC_REPRESENTATION_CONTEXT() REPRESENTATION_CONTEXT('2D SPACE',''
  ) );
#8491 = PCURVE('',#7582,#8492);
#8492 = DEFINITIONAL_REPRESENTATION('',(#8493),#8497);
#8493 = LINE('',#8494,#8495);
#8494 = CARTESIAN_POINT('',(0.,0.));
#8495 = VECTOR('',#8496,1.);
#8496 = DIRECTION('',(0.,-1.));
#8497 = ( GEOMETRIC_REPRESENTATION_CONTEXT(2) 
PARAMETRIC_REPRESENTATION_CONTEXT() REPRESENTATION_CONTEXT('2D SPACE',''
  ) );
#8498 = ORIENTED_EDGE('',*,*,#8242,.F.);
#8499 = ADVANCED_FACE('',(#8500),#7582,.T.);
#8500 = FACE_BOUND('',#8501,.T.);
#8501 = EDGE_LOOP('',(#8502,#8503,#8504,#8505));
#8502 = ORIENTED_EDGE('',*,*,#7564,.F.);
#8503 = ORIENTED_EDGE('',*,*,#8478,.T.);
#8504 = ORIENTED_EDGE('',*,*,#8217,.T.);
#8505 = ORIENTED_EDGE('',*,*,#8506,.F.);
#8506 = EDGE_CURVE('',#7567,#8220,#8507,.T.);
#8507 = SURFACE_CURVE('',#8508,(#8512,#8519),.PCURVE_S1.);
#8508 = LINE('',#8509,#8510);
#8509 = CARTESIAN_POINT('',(158.,167.5,197.));
#8510 = VECTOR('',#8511,1.);
#8511 = DIRECTION('',(-0.,1.,0.));
#8512 = PCURVE('',#7582,#8513);
#8513 = DEFINITIONAL_REPRESENTATION('',(#8514),#8518);
#8514 = LINE('',#8515,#8516);
#8515 = CARTESIAN_POINT('',(188.,0.));
#8516 = VECTOR('',#8517,1.);
#8517 = DIRECTION('',(0.,-1.));
#8518 = ( GEOMETRIC_REPRESENTATION_CONTEXT(2) 
PARAMETRIC_REPRESENTATION_CONTEXT() REPRESENTATION_CONTEXT('2D SPACE',''
  ) );
#8519 = PCURVE('',#7731,#8520);
#8520 = DEFINITIONAL_REPRESENTATION('',(#8521),#8525);
#8521 = LINE('',#8522,#8523);
#8522 = CARTESIAN_POINT('',(158.,0.));
#8523 = VECTOR('',#8524,1.);
#8524 = DIRECTION('',(0.,1.));
#8525 = ( GEOMETRIC_REPRESENTATION_CONTEXT(2) 
PARAMETRIC_REPRESENTATION_CONTEXT() REPRESENTATION_CONTEXT('2D SPACE',''
  ) );
#8526 = ADVANCED_FACE('',(#8527),#7731,.T.);
#8527 = FACE_BOUND('',#8528,.T.);
#8528 = EDGE_LOOP('',(#8529,#8530,#8549,#8550));
#8529 = ORIENTED_EDGE('',*,*,#8328,.F.);
#8530 = ORIENTED_EDGE('',*,*,#8531,.F.);
#8531 = EDGE_CURVE('',#7692,#8308,#8532,.T.);
#8532 = SURFACE_CURVE('',#8533,(#8537,#8543),.PCURVE_S1.);
#8533 = LINE('',#8534,#8535);
#8534 = CARTESIAN_POINT('',(133.,167.25,197.));
#8535 = VECTOR('',#8536,1.);
#8536 = DIRECTION('',(-0.,1.,0.));
#8537 = PCURVE('',#7731,#8538);
#8538 = DEFINITIONAL_REPRESENTATION('',(#8539),#8542);
#8539 = B_SPLINE_CURVE_WITH_KNOTS('',1,(#8540,#8541),.UNSPECIFIED.,.F.,
  .F.,(2,2),(0.25,3.25),.PIECEWISE_BEZIER_KNOTS.);
#8540 = CARTESIAN_POINT('',(133.,0.));
#8541 = CARTESIAN_POINT('',(133.,3.));
#8542 = ( GEOMETRIC_REPRESENTATION_CONTEXT(2) 
PARAMETRIC_REPRESENTATION_CONTEXT() REPRESENTATION_CONTEXT('2D SPACE',''
  ) );
#8543 = PCURVE('',#7706,#8544);
#8544 = DEFINITIONAL_REPRESENTATION('',(#8545),#8548);
#8545 = B_SPLINE_CURVE_WITH_KNOTS('',1,(#8546,#8547),.UNSPECIFIED.,.F.,
  .F.,(2,2),(0.25,3.25),.PIECEWISE_BEZIER_KNOTS.);
#8546 = CARTESIAN_POINT('',(52.,-0.5));
#8547 = CARTESIAN_POINT('',(52.,-3.5));
#8548 = ( GEOMETRIC_REPRESENTATION_CONTEXT(2) 
PARAMETRIC_REPRESENTATION_CONTEXT() REPRESENTATION_CONTEXT('2D SPACE',''
  ) );
#8549 = ORIENTED_EDGE('',*,*,#7717,.T.);
#8550 = ORIENTED_EDGE('',*,*,#8506,.T.);
#8551 = ADVANCED_FACE('',(#8552),#7706,.F.);
#8552 = FACE_BOUND('',#8553,.F.);
#8553 = EDGE_LOOP('',(#8554,#8555,#8576,#8577));
#8554 = ORIENTED_EDGE('',*,*,#7691,.T.);
#8555 = ORIENTED_EDGE('',*,*,#8556,.T.);
#8556 = EDGE_CURVE('',#7666,#8287,#8557,.T.);
#8557 = SURFACE_CURVE('',#8558,(#8562,#8569),.PCURVE_S1.);
#8558 = LINE('',#8559,#8560);
#8559 = CARTESIAN_POINT('',(133.,167.,145.));
#8560 = VECTOR('',#8561,1.);
#8561 = DIRECTION('',(-0.,1.,0.));
#8562 = PCURVE('',#7706,#8563);
#8563 = DEFINITIONAL_REPRESENTATION('',(#8564),#8568);
#8564 = LINE('',#8565,#8566);
#8565 = CARTESIAN_POINT('',(0.,0.));
#8566 = VECTOR('',#8567,1.);
#8567 = DIRECTION('',(0.,-1.));
#8568 = ( GEOMETRIC_REPRESENTATION_CONTEXT(2) 
PARAMETRIC_REPRESENTATION_CONTEXT() REPRESENTATION_CONTEXT('2D SPACE',''
  ) );
#8569 = PCURVE('',#7680,#8570);
#8570 = DEFINITIONAL_REPRESENTATION('',(#8571),#8575);
#8571 = LINE('',#8572,#8573);
#8572 = CARTESIAN_POINT('',(108.,0.));
#8573 = VECTOR('',#8574,1.);
#8574 = DIRECTION('',(0.,1.));
#8575 = ( GEOMETRIC_REPRESENTATION_CONTEXT(2) 
PARAMETRIC_REPRESENTATION_CONTEXT() REPRESENTATION_CONTEXT('2D SPACE',''
  ) );
#8576 = ORIENTED_EDGE('',*,*,#8307,.F.);
#8577 = ORIENTED_EDGE('',*,*,#8531,.F.);
#8578 = ADVANCED_FACE('',(#8579),#7680,.T.);
#8579 = FACE_BOUND('',#8580,.T.);
#8580 = EDGE_LOOP('',(#8581,#8602,#8603,#8604));
#8581 = ORIENTED_EDGE('',*,*,#8582,.F.);
#8582 = EDGE_CURVE('',#7640,#8266,#8583,.T.);
#8583 = SURFACE_CURVE('',#8584,(#8588,#8595),.PCURVE_S1.);
#8584 = LINE('',#8585,#8586);
#8585 = CARTESIAN_POINT('',(25.,167.,145.));
#8586 = VECTOR('',#8587,1.);
#8587 = DIRECTION('',(-0.,1.,0.));
#8588 = PCURVE('',#7680,#8589);
#8589 = DEFINITIONAL_REPRESENTATION('',(#8590),#8594);
#8590 = LINE('',#8591,#8592);
#8591 = CARTESIAN_POINT('',(0.,0.));
#8592 = VECTOR('',#8593,1.);
#8593 = DIRECTION('',(0.,1.));
#8594 = ( GEOMETRIC_REPRESENTATION_CONTEXT(2) 
PARAMETRIC_REPRESENTATION_CONTEXT() REPRESENTATION_CONTEXT('2D SPACE',''
  ) );
#8595 = PCURVE('',#7654,#8596);
#8596 = DEFINITIONAL_REPRESENTATION('',(#8597),#8601);
#8597 = LINE('',#8598,#8599);
#8598 = CARTESIAN_POINT('',(0.,0.));
#8599 = VECTOR('',#8600,1.);
#8600 = DIRECTION('',(0.,-1.));
#8601 = ( GEOMETRIC_REPRESENTATION_CONTEXT(2) 
PARAMETRIC_REPRESENTATION_CONTEXT() REPRESENTATION_CONTEXT('2D SPACE',''
  ) );
#8602 = ORIENTED_EDGE('',*,*,#7665,.T.);
#8603 = ORIENTED_EDGE('',*,*,#8556,.T.);
#8604 = ORIENTED_EDGE('',*,*,#8286,.F.);
#8605 = ADVANCED_FACE('',(#8606),#7654,.T.);
#8606 = FACE_BOUND('',#8607,.T.);
#8607 = EDGE_LOOP('',(#8608,#8609,#8610,#8611));
#8608 = ORIENTED_EDGE('',*,*,#7639,.T.);
#8609 = ORIENTED_EDGE('',*,*,#8582,.T.);
#8610 = ORIENTED_EDGE('',*,*,#8265,.F.);
#8611 = ORIENTED_EDGE('',*,*,#8195,.F.);
#8612 = ADVANCED_FACE('',(#8613),#7762,.T.);
#8613 = FACE_BOUND('',#8614,.T.);
#8614 = EDGE_LOOP('',(#8615,#8638,#8666,#8687));
#8615 = ORIENTED_EDGE('',*,*,#8616,.F.);
#8616 = EDGE_CURVE('',#8617,#7746,#8619,.T.);
#8617 = VERTEX_POINT('',#8618);
#8618 = CARTESIAN_POINT('',(0.5,161.,44.));
#8619 = SURFACE_CURVE('',#8620,(#8624,#8631),.PCURVE_S1.);
#8620 = LINE('',#8621,#8622);
#8621 = CARTESIAN_POINT('',(0.5,161.,44.));
#8622 = VECTOR('',#8623,1.);
#8623 = DIRECTION('',(-0.,1.,0.));
#8624 = PCURVE('',#7762,#8625);
#8625 = DEFINITIONAL_REPRESENTATION('',(#8626),#8630);
#8626 = LINE('',#8627,#8628);
#8627 = CARTESIAN_POINT('',(0.,0.));
#8628 = VECTOR('',#8629,1.);
#8629 = DIRECTION('',(0.,1.));
#8630 = ( GEOMETRIC_REPRESENTATION_CONTEXT(2) 
PARAMETRIC_REPRESENTATION_CONTEXT() REPRESENTATION_CONTEXT('2D SPACE',''
  ) );
#8631 = PCURVE('',#7788,#8632);
#8632 = DEFINITIONAL_REPRESENTATION('',(#8633),#8637);
#8633 = LINE('',#8634,#8635);
#8634 = CARTESIAN_POINT('',(8.,0.));
#8635 = VECTOR('',#8636,1.);
#8636 = DIRECTION('',(0.,-1.));
#8637 = ( GEOMETRIC_REPRESENTATION_CONTEXT(2) 
PARAMETRIC_REPRESENTATION_CONTEXT() REPRESENTATION_CONTEXT('2D SPACE',''
  ) );
#8638 = ORIENTED_EDGE('',*,*,#8639,.T.);
#8639 = EDGE_CURVE('',#8617,#8640,#8642,.T.);
#8640 = VERTEX_POINT('',#8641);
#8641 = CARTESIAN_POINT('',(8.5,161.,44.));
#8642 = SURFACE_CURVE('',#8643,(#8647,#8654),.PCURVE_S1.);
#8643 = LINE('',#8644,#8645);
#8644 = CARTESIAN_POINT('',(0.5,161.,44.));
#8645 = VECTOR('',#8646,1.);
#8646 = DIRECTION('',(1.,0.,-0.));
#8647 = PCURVE('',#7762,#8648);
#8648 = DEFINITIONAL_REPRESENTATION('',(#8649),#8653);
#8649 = LINE('',#8650,#8651);
#8650 = CARTESIAN_POINT('',(0.,0.));
#8651 = VECTOR('',#8652,1.);
#8652 = DIRECTION('',(1.,0.));
#8653 = ( GEOMETRIC_REPRESENTATION_CONTEXT(2) 
PARAMETRIC_REPRESENTATION_CONTEXT() REPRESENTATION_CONTEXT('2D SPACE',''
  ) );
#8654 = PCURVE('',#8655,#8660);
#8655 = PLANE('',#8656);
#8656 = AXIS2_PLACEMENT_3D('',#8657,#8658,#8659);
#8657 = CARTESIAN_POINT('',(0.5,161.,36.));
#8658 = DIRECTION('',(-0.,1.,0.));
#8659 = DIRECTION('',(0.,0.,1.));
#8660 = DEFINITIONAL_REPRESENTATION('',(#8661),#8665);
#8661 = LINE('',#8662,#8663);
#8662 = CARTESIAN_POINT('',(8.,0.));
#8663 = VECTOR('',#8664,1.);
#8664 = DIRECTION('',(0.,1.));
#8665 = ( GEOMETRIC_REPRESENTATION_CONTEXT(2) 
PARAMETRIC_REPRESENTATION_CONTEXT() REPRESENTATION_CONTEXT('2D SPACE',''
  ) );
#8666 = ORIENTED_EDGE('',*,*,#8667,.T.);
#8667 = EDGE_CURVE('',#8640,#7748,#8668,.T.);
#8668 = SURFACE_CURVE('',#8669,(#8673,#8680),.PCURVE_S1.);
#8669 = LINE('',#8670,#8671);
#8670 = CARTESIAN_POINT('',(8.5,161.,44.));
#8671 = VECTOR('',#8672,1.);
#8672 = DIRECTION('',(-0.,1.,0.));
#8673 = PCURVE('',#7762,#8674);
#8674 = DEFINITIONAL_REPRESENTATION('',(#8675),#8679);
#8675 = LINE('',#8676,#8677);
#8676 = CARTESIAN_POINT('',(8.,0.));
#8677 = VECTOR('',#8678,1.);
#8678 = DIRECTION('',(0.,1.));
#8679 = ( GEOMETRIC_REPRESENTATION_CONTEXT(2) 
PARAMETRIC_REPRESENTATION_CONTEXT() REPRESENTATION_CONTEXT('2D SPACE',''
  ) );
#8680 = PCURVE('',#7838,#8681);
#8681 = DEFINITIONAL_REPRESENTATION('',(#8682),#8686);
#8682 = LINE('',#8683,#8684);
#8683 = CARTESIAN_POINT('',(8.,0.));
#8684 = VECTOR('',#8685,1.);
#8685 = DIRECTION('',(0.,-1.));
#8686 = ( GEOMETRIC_REPRESENTATION_CONTEXT(2) 
PARAMETRIC_REPRESENTATION_CONTEXT() REPRESENTATION_CONTEXT('2D SPACE',''
  ) );
#8687 = ORIENTED_EDGE('',*,*,#7745,.F.);
#8688 = ADVANCED_FACE('',(#8689),#7788,.F.);
#8689 = FACE_BOUND('',#8690,.F.);
#8690 = EDGE_LOOP('',(#8691,#8692,#8715,#8736));
#8691 = ORIENTED_EDGE('',*,*,#8616,.F.);
#8692 = ORIENTED_EDGE('',*,*,#8693,.F.);
#8693 = EDGE_CURVE('',#8694,#8617,#8696,.T.);
#8694 = VERTEX_POINT('',#8695);
#8695 = CARTESIAN_POINT('',(0.5,161.,36.));
#8696 = SURFACE_CURVE('',#8697,(#8701,#8708),.PCURVE_S1.);
#8697 = LINE('',#8698,#8699);
#8698 = CARTESIAN_POINT('',(0.5,161.,36.));
#8699 = VECTOR('',#8700,1.);
#8700 = DIRECTION('',(0.,0.,1.));
#8701 = PCURVE('',#7788,#8702);
#8702 = DEFINITIONAL_REPRESENTATION('',(#8703),#8707);
#8703 = LINE('',#8704,#8705);
#8704 = CARTESIAN_POINT('',(0.,0.));
#8705 = VECTOR('',#8706,1.);
#8706 = DIRECTION('',(1.,0.));
#8707 = ( GEOMETRIC_REPRESENTATION_CONTEXT(2) 
PARAMETRIC_REPRESENTATION_CONTEXT() REPRESENTATION_CONTEXT('2D SPACE',''
  ) );
#8708 = PCURVE('',#8655,#8709);
#8709 = DEFINITIONAL_REPRESENTATION('',(#8710),#8714);
#8710 = LINE('',#8711,#8712);
#8711 = CARTESIAN_POINT('',(0.,0.));
#8712 = VECTOR('',#8713,1.);
#8713 = DIRECTION('',(1.,0.));
#8714 = ( GEOMETRIC_REPRESENTATION_CONTEXT(2) 
PARAMETRIC_REPRESENTATION_CONTEXT() REPRESENTATION_CONTEXT('2D SPACE',''
  ) );
#8715 = ORIENTED_EDGE('',*,*,#8716,.T.);
#8716 = EDGE_CURVE('',#8694,#7774,#8717,.T.);
#8717 = SURFACE_CURVE('',#8718,(#8722,#8729),.PCURVE_S1.);
#8718 = LINE('',#8719,#8720);
#8719 = CARTESIAN_POINT('',(0.5,161.,36.));
#8720 = VECTOR('',#8721,1.);
#8721 = DIRECTION('',(-0.,1.,0.));
#8722 = PCURVE('',#7788,#8723);
#8723 = DEFINITIONAL_REPRESENTATION('',(#8724),#8728);
#8724 = LINE('',#8725,#8726);
#8725 = CARTESIAN_POINT('',(0.,0.));
#8726 = VECTOR('',#8727,1.);
#8727 = DIRECTION('',(0.,-1.));
#8728 = ( GEOMETRIC_REPRESENTATION_CONTEXT(2) 
PARAMETRIC_REPRESENTATION_CONTEXT() REPRESENTATION_CONTEXT('2D SPACE',''
  ) );
#8729 = PCURVE('',#7814,#8730);
#8730 = DEFINITIONAL_REPRESENTATION('',(#8731),#8735);
#8731 = LINE('',#8732,#8733);
#8732 = CARTESIAN_POINT('',(0.,0.));
#8733 = VECTOR('',#8734,1.);
#8734 = DIRECTION('',(0.,1.));
#8735 = ( GEOMETRIC_REPRESENTATION_CONTEXT(2) 
PARAMETRIC_REPRESENTATION_CONTEXT() REPRESENTATION_CONTEXT('2D SPACE',''
  ) );
#8736 = ORIENTED_EDGE('',*,*,#7773,.F.);
#8737 = ADVANCED_FACE('',(#8738),#7838,.T.);
#8738 = FACE_BOUND('',#8739,.T.);
#8739 = EDGE_LOOP('',(#8740,#8741,#8764,#8785));
#8740 = ORIENTED_EDGE('',*,*,#8667,.F.);
#8741 = ORIENTED_EDGE('',*,*,#8742,.F.);
#8742 = EDGE_CURVE('',#8743,#8640,#8745,.T.);
#8743 = VERTEX_POINT('',#8744);
#8744 = CARTESIAN_POINT('',(8.5,161.,36.));
#8745 = SURFACE_CURVE('',#8746,(#8750,#8757),.PCURVE_S1.);
#8746 = LINE('',#8747,#8748);
#8747 = CARTESIAN_POINT('',(8.5,161.,36.));
#8748 = VECTOR('',#8749,1.);
#8749 = DIRECTION('',(0.,0.,1.));
#8750 = PCURVE('',#7838,#8751);
#8751 = DEFINITIONAL_REPRESENTATION('',(#8752),#8756);
#8752 = LINE('',#8753,#8754);
#8753 = CARTESIAN_POINT('',(0.,0.));
#8754 = VECTOR('',#8755,1.);
#8755 = DIRECTION('',(1.,0.));
#8756 = ( GEOMETRIC_REPRESENTATION_CONTEXT(2) 
PARAMETRIC_REPRESENTATION_CONTEXT() REPRESENTATION_CONTEXT('2D SPACE',''
  ) );
#8757 = PCURVE('',#8655,#8758);
#8758 = DEFINITIONAL_REPRESENTATION('',(#8759),#8763);
#8759 = LINE('',#8760,#8761);
#8760 = CARTESIAN_POINT('',(0.,8.));
#8761 = VECTOR('',#8762,1.);
#8762 = DIRECTION('',(1.,0.));
#8763 = ( GEOMETRIC_REPRESENTATION_CONTEXT(2) 
PARAMETRIC_REPRESENTATION_CONTEXT() REPRESENTATION_CONTEXT('2D SPACE',''
  ) );
#8764 = ORIENTED_EDGE('',*,*,#8765,.T.);
#8765 = EDGE_CURVE('',#8743,#7800,#8766,.T.);
#8766 = SURFACE_CURVE('',#8767,(#8771,#8778),.PCURVE_S1.);
#8767 = LINE('',#8768,#8769);
#8768 = CARTESIAN_POINT('',(8.5,161.,36.));
#8769 = VECTOR('',#8770,1.);
#8770 = DIRECTION('',(-0.,1.,0.));
#8771 = PCURVE('',#7838,#8772);
#8772 = DEFINITIONAL_REPRESENTATION('',(#8773),#8777);
#8773 = LINE('',#8774,#8775);
#8774 = CARTESIAN_POINT('',(0.,0.));
#8775 = VECTOR('',#8776,1.);
#8776 = DIRECTION('',(0.,-1.));
#8777 = ( GEOMETRIC_REPRESENTATION_CONTEXT(2) 
PARAMETRIC_REPRESENTATION_CONTEXT() REPRESENTATION_CONTEXT('2D SPACE',''
  ) );
#8778 = PCURVE('',#7814,#8779);
#8779 = DEFINITIONAL_REPRESENTATION('',(#8780),#8784);
#8780 = LINE('',#8781,#8782);
#8781 = CARTESIAN_POINT('',(8.,0.));
#8782 = VECTOR('',#8783,1.);
#8783 = DIRECTION('',(0.,1.));
#8784 = ( GEOMETRIC_REPRESENTATION_CONTEXT(2) 
PARAMETRIC_REPRESENTATION_CONTEXT() REPRESENTATION_CONTEXT('2D SPACE',''
  ) );
#8785 = ORIENTED_EDGE('',*,*,#7825,.F.);
#8786 = ADVANCED_FACE('',(#8787),#7814,.F.);
#8787 = FACE_BOUND('',#8788,.F.);
#8788 = EDGE_LOOP('',(#8789,#8790,#8811,#8812));
#8789 = ORIENTED_EDGE('',*,*,#8716,.F.);
#8790 = ORIENTED_EDGE('',*,*,#8791,.T.);
#8791 = EDGE_CURVE('',#8694,#8743,#8792,.T.);
#8792 = SURFACE_CURVE('',#8793,(#8797,#8804),.PCURVE_S1.);
#8793 = LINE('',#8794,#8795);
#8794 = CARTESIAN_POINT('',(0.5,161.,36.));
#8795 = VECTOR('',#8796,1.);
#8796 = DIRECTION('',(1.,0.,-0.));
#8797 = PCURVE('',#7814,#8798);
#8798 = DEFINITIONAL_REPRESENTATION('',(#8799),#8803);
#8799 = LINE('',#8800,#8801);
#8800 = CARTESIAN_POINT('',(0.,0.));
#8801 = VECTOR('',#8802,1.);
#8802 = DIRECTION('',(1.,0.));
#8803 = ( GEOMETRIC_REPRESENTATION_CONTEXT(2) 
PARAMETRIC_REPRESENTATION_CONTEXT() REPRESENTATION_CONTEXT('2D SPACE',''
  ) );
#8804 = PCURVE('',#8655,#8805);
#8805 = DEFINITIONAL_REPRESENTATION('',(#8806),#8810);
#8806 = LINE('',#8807,#8808);
#8807 = CARTESIAN_POINT('',(0.,0.));
#8808 = VECTOR('',#8809,1.);
#8809 = DIRECTION('',(0.,1.));
#8810 = ( GEOMETRIC_REPRESENTATION_CONTEXT(2) 
PARAMETRIC_REPRESENTATION_CONTEXT() REPRESENTATION_CONTEXT('2D SPACE',''
  ) );
#8811 = ORIENTED_EDGE('',*,*,#8765,.T.);
#8812 = ORIENTED_EDGE('',*,*,#7799,.F.);
#8813 = ADVANCED_FACE('',(#8814),#7868,.T.);
#8814 = FACE_BOUND('',#8815,.T.);
#8815 = EDGE_LOOP('',(#8816,#8839,#8867,#8888));
#8816 = ORIENTED_EDGE('',*,*,#8817,.F.);
#8817 = EDGE_CURVE('',#8818,#7852,#8820,.T.);
#8818 = VERTEX_POINT('',#8819);
#8819 = CARTESIAN_POINT('',(0.5,161.,184.));
#8820 = SURFACE_CURVE('',#8821,(#8825,#8832),.PCURVE_S1.);
#8821 = LINE('',#8822,#8823);
#8822 = CARTESIAN_POINT('',(0.5,161.,184.));
#8823 = VECTOR('',#8824,1.);
#8824 = DIRECTION('',(-0.,1.,0.));
#8825 = PCURVE('',#7868,#8826);
#8826 = DEFINITIONAL_REPRESENTATION('',(#8827),#8831);
#8827 = LINE('',#8828,#8829);
#8828 = CARTESIAN_POINT('',(0.,0.));
#8829 = VECTOR('',#8830,1.);
#8830 = DIRECTION('',(0.,1.));
#8831 = ( GEOMETRIC_REPRESENTATION_CONTEXT(2) 
PARAMETRIC_REPRESENTATION_CONTEXT() REPRESENTATION_CONTEXT('2D SPACE',''
  ) );
#8832 = PCURVE('',#7894,#8833);
#8833 = DEFINITIONAL_REPRESENTATION('',(#8834),#8838);
#8834 = LINE('',#8835,#8836);
#8835 = CARTESIAN_POINT('',(8.,0.));
#8836 = VECTOR('',#8837,1.);
#8837 = DIRECTION('',(0.,-1.));
#8838 = ( GEOMETRIC_REPRESENTATION_CONTEXT(2) 
PARAMETRIC_REPRESENTATION_CONTEXT() REPRESENTATION_CONTEXT('2D SPACE',''
  ) );
#8839 = ORIENTED_EDGE('',*,*,#8840,.T.);
#8840 = EDGE_CURVE('',#8818,#8841,#8843,.T.);
#8841 = VERTEX_POINT('',#8842);
#8842 = CARTESIAN_POINT('',(8.5,161.,184.));
#8843 = SURFACE_CURVE('',#8844,(#8848,#8855),.PCURVE_S1.);
#8844 = LINE('',#8845,#8846);
#8845 = CARTESIAN_POINT('',(0.5,161.,184.));
#8846 = VECTOR('',#8847,1.);
#8847 = DIRECTION('',(1.,0.,-0.));
#8848 = PCURVE('',#7868,#8849);
#8849 = DEFINITIONAL_REPRESENTATION('',(#8850),#8854);
#8850 = LINE('',#8851,#8852);
#8851 = CARTESIAN_POINT('',(0.,0.));
#8852 = VECTOR('',#8853,1.);
#8853 = DIRECTION('',(1.,0.));
#8854 = ( GEOMETRIC_REPRESENTATION_CONTEXT(2) 
PARAMETRIC_REPRESENTATION_CONTEXT() REPRESENTATION_CONTEXT('2D SPACE',''
  ) );
#8855 = PCURVE('',#8856,#8861);
#8856 = PLANE('',#8857);
#8857 = AXIS2_PLACEMENT_3D('',#8858,#8859,#8860);
#8858 = CARTESIAN_POINT('',(0.5,161.,176.));
#8859 = DIRECTION('',(-0.,1.,0.));
#8860 = DIRECTION('',(0.,0.,1.));
#8861 = DEFINITIONAL_REPRESENTATION('',(#8862),#8866);
#8862 = LINE('',#8863,#8864);
#8863 = CARTESIAN_POINT('',(8.,0.));
#8864 = VECTOR('',#8865,1.);
#8865 = DIRECTION('',(0.,1.));
#8866 = ( GEOMETRIC_REPRESENTATION_CONTEXT(2) 
PARAMETRIC_REPRESENTATION_CONTEXT() REPRESENTATION_CONTEXT('2D SPACE',''
  ) );
#8867 = ORIENTED_EDGE('',*,*,#8868,.T.);
#8868 = EDGE_CURVE('',#8841,#7854,#8869,.T.);
#8869 = SURFACE_CURVE('',#8870,(#8874,#8881),.PCURVE_S1.);
#8870 = LINE('',#8871,#8872);
#8871 = CARTESIAN_POINT('',(8.5,161.,184.));
#8872 = VECTOR('',#8873,1.);
#8873 = DIRECTION('',(-0.,1.,0.));
#8874 = PCURVE('',#7868,#8875);
#8875 = DEFINITIONAL_REPRESENTATION('',(#8876),#8880);
#8876 = LINE('',#8877,#8878);
#8877 = CARTESIAN_POINT('',(8.,0.));
#8878 = VECTOR('',#8879,1.);
#8879 = DIRECTION('',(0.,1.));
#8880 = ( GEOMETRIC_REPRESENTATION_CONTEXT(2) 
PARAMETRIC_REPRESENTATION_CONTEXT() REPRESENTATION_CONTEXT('2D SPACE',''
  ) );
#8881 = PCURVE('',#7944,#8882);
#8882 = DEFINITIONAL_REPRESENTATION('',(#8883),#8887);
#8883 = LINE('',#8884,#8885);
#8884 = CARTESIAN_POINT('',(8.,0.));
#8885 = VECTOR('',#8886,1.);
#8886 = DIRECTION('',(0.,-1.));
#8887 = ( GEOMETRIC_REPRESENTATION_CONTEXT(2) 
PARAMETRIC_REPRESENTATION_CONTEXT() REPRESENTATION_CONTEXT('2D SPACE',''
  ) );
#8888 = ORIENTED_EDGE('',*,*,#7851,.F.);
#8889 = ADVANCED_FACE('',(#8890),#7894,.F.);
#8890 = FACE_BOUND('',#8891,.F.);
#8891 = EDGE_LOOP('',(#8892,#8893,#8916,#8937));
#8892 = ORIENTED_EDGE('',*,*,#8817,.F.);
#8893 = ORIENTED_EDGE('',*,*,#8894,.F.);
#8894 = EDGE_CURVE('',#8895,#8818,#8897,.T.);
#8895 = VERTEX_POINT('',#8896);
#8896 = CARTESIAN_POINT('',(0.5,161.,176.));
#8897 = SURFACE_CURVE('',#8898,(#8902,#8909),.PCURVE_S1.);
#8898 = LINE('',#8899,#8900);
#8899 = CARTESIAN_POINT('',(0.5,161.,176.));
#8900 = VECTOR('',#8901,1.);
#8901 = DIRECTION('',(0.,0.,1.));
#8902 = PCURVE('',#7894,#8903);
#8903 = DEFINITIONAL_REPRESENTATION('',(#8904),#8908);
#8904 = LINE('',#8905,#8906);
#8905 = CARTESIAN_POINT('',(0.,0.));
#8906 = VECTOR('',#8907,1.);
#8907 = DIRECTION('',(1.,0.));
#8908 = ( GEOMETRIC_REPRESENTATION_CONTEXT(2) 
PARAMETRIC_REPRESENTATION_CONTEXT() REPRESENTATION_CONTEXT('2D SPACE',''
  ) );
#8909 = PCURVE('',#8856,#8910);
#8910 = DEFINITIONAL_REPRESENTATION('',(#8911),#8915);
#8911 = LINE('',#8912,#8913);
#8912 = CARTESIAN_POINT('',(0.,0.));
#8913 = VECTOR('',#8914,1.);
#8914 = DIRECTION('',(1.,0.));
#8915 = ( GEOMETRIC_REPRESENTATION_CONTEXT(2) 
PARAMETRIC_REPRESENTATION_CONTEXT() REPRESENTATION_CONTEXT('2D SPACE',''
  ) );
#8916 = ORIENTED_EDGE('',*,*,#8917,.T.);
#8917 = EDGE_CURVE('',#8895,#7880,#8918,.T.);
#8918 = SURFACE_CURVE('',#8919,(#8923,#8930),.PCURVE_S1.);
#8919 = LINE('',#8920,#8921);
#8920 = CARTESIAN_POINT('',(0.5,161.,176.));
#8921 = VECTOR('',#8922,1.);
#8922 = DIRECTION('',(-0.,1.,0.));
#8923 = PCURVE('',#7894,#8924);
#8924 = DEFINITIONAL_REPRESENTATION('',(#8925),#8929);
#8925 = LINE('',#8926,#8927);
#8926 = CARTESIAN_POINT('',(0.,0.));
#8927 = VECTOR('',#8928,1.);
#8928 = DIRECTION('',(0.,-1.));
#8929 = ( GEOMETRIC_REPRESENTATION_CONTEXT(2) 
PARAMETRIC_REPRESENTATION_CONTEXT() REPRESENTATION_CONTEXT('2D SPACE',''
  ) );
#8930 = PCURVE('',#7920,#8931);
#8931 = DEFINITIONAL_REPRESENTATION('',(#8932),#8936);
#8932 = LINE('',#8933,#8934);
#8933 = CARTESIAN_POINT('',(0.,0.));
#8934 = VECTOR('',#8935,1.);
#8935 = DIRECTION('',(0.,1.));
#8936 = ( GEOMETRIC_REPRESENTATION_CONTEXT(2) 
PARAMETRIC_REPRESENTATION_CONTEXT() REPRESENTATION_CONTEXT('2D SPACE',''
  ) );
#8937 = ORIENTED_EDGE('',*,*,#7879,.F.);
#8938 = ADVANCED_FACE('',(#8939),#7944,.T.);
#8939 = FACE_BOUND('',#8940,.T.);
#8940 = EDGE_LOOP('',(#8941,#8942,#8965,#8986));
#8941 = ORIENTED_EDGE('',*,*,#8868,.F.);
#8942 = ORIENTED_EDGE('',*,*,#8943,.F.);
#8943 = EDGE_CURVE('',#8944,#8841,#8946,.T.);
#8944 = VERTEX_POINT('',#8945);
#8945 = CARTESIAN_POINT('',(8.5,161.,176.));
#8946 = SURFACE_CURVE('',#8947,(#8951,#8958),.PCURVE_S1.);
#8947 = LINE('',#8948,#8949);
#8948 = CARTESIAN_POINT('',(8.5,161.,176.));
#8949 = VECTOR('',#8950,1.);
#8950 = DIRECTION('',(0.,0.,1.));
#8951 = PCURVE('',#7944,#8952);
#8952 = DEFINITIONAL_REPRESENTATION('',(#8953),#8957);
#8953 = LINE('',#8954,#8955);
#8954 = CARTESIAN_POINT('',(0.,0.));
#8955 = VECTOR('',#8956,1.);
#8956 = DIRECTION('',(1.,0.));
#8957 = ( GEOMETRIC_REPRESENTATION_CONTEXT(2) 
PARAMETRIC_REPRESENTATION_CONTEXT() REPRESENTATION_CONTEXT('2D SPACE',''
  ) );
#8958 = PCURVE('',#8856,#8959);
#8959 = DEFINITIONAL_REPRESENTATION('',(#8960),#8964);
#8960 = LINE('',#8961,#8962);
#8961 = CARTESIAN_POINT('',(0.,8.));
#8962 = VECTOR('',#8963,1.);
#8963 = DIRECTION('',(1.,0.));
#8964 = ( GEOMETRIC_REPRESENTATION_CONTEXT(2) 
PARAMETRIC_REPRESENTATION_CONTEXT() REPRESENTATION_CONTEXT('2D SPACE',''
  ) );
#8965 = ORIENTED_EDGE('',*,*,#8966,.T.);
#8966 = EDGE_CURVE('',#8944,#7906,#8967,.T.);
#8967 = SURFACE_CURVE('',#8968,(#8972,#8979),.PCURVE_S1.);
#8968 = LINE('',#8969,#8970);
#8969 = CARTESIAN_POINT('',(8.5,161.,176.));
#8970 = VECTOR('',#8971,1.);
#8971 = DIRECTION('',(-0.,1.,0.));
#8972 = PCURVE('',#7944,#8973);
#8973 = DEFINITIONAL_REPRESENTATION('',(#8974),#8978);
#8974 = LINE('',#8975,#8976);
#8975 = CARTESIAN_POINT('',(0.,0.));
#8976 = VECTOR('',#8977,1.);
#8977 = DIRECTION('',(0.,-1.));
#8978 = ( GEOMETRIC_REPRESENTATION_CONTEXT(2) 
PARAMETRIC_REPRESENTATION_CONTEXT() REPRESENTATION_CONTEXT('2D SPACE',''
  ) );
#8979 = PCURVE('',#7920,#8980);
#8980 = DEFINITIONAL_REPRESENTATION('',(#8981),#8985);
#8981 = LINE('',#8982,#8983);
#8982 = CARTESIAN_POINT('',(8.,0.));
#8983 = VECTOR('',#8984,1.);
#8984 = DIRECTION('',(0.,1.));
#8985 = ( GEOMETRIC_REPRESENTATION_CONTEXT(2) 
PARAMETRIC_REPRESENTATION_CONTEXT() REPRESENTATION_CONTEXT('2D SPACE',''
  ) );
#8986 = ORIENTED_EDGE('',*,*,#7931,.F.);
#8987 = ADVANCED_FACE('',(#8988),#7920,.F.);
#8988 = FACE_BOUND('',#8989,.F.);
#8989 = EDGE_LOOP('',(#8990,#8991,#9012,#9013));
#8990 = ORIENTED_EDGE('',*,*,#8917,.F.);
#8991 = ORIENTED_EDGE('',*,*,#8992,.T.);
#8992 = EDGE_CURVE('',#8895,#8944,#8993,.T.);
#8993 = SURFACE_CURVE('',#8994,(#8998,#9005),.PCURVE_S1.);
#8994 = LINE('',#8995,#8996);
#8995 = CARTESIAN_POINT('',(0.5,161.,176.));
#8996 = VECTOR('',#8997,1.);
#8997 = DIRECTION('',(1.,0.,-0.));
#8998 = PCURVE('',#7920,#8999);
#8999 = DEFINITIONAL_REPRESENTATION('',(#9000),#9004);
#9000 = LINE('',#9001,#9002);
#9001 = CARTESIAN_POINT('',(0.,0.));
#9002 = VECTOR('',#9003,1.);
#9003 = DIRECTION('',(1.,0.));
#9004 = ( GEOMETRIC_REPRESENTATION_CONTEXT(2) 
PARAMETRIC_REPRESENTATION_CONTEXT() REPRESENTATION_CONTEXT('2D SPACE',''
  ) );
#9005 = PCURVE('',#8856,#9006);
#9006 = DEFINITIONAL_REPRESENTATION('',(#9007),#9011);
#9007 = LINE('',#9008,#9009);
#9008 = CARTESIAN_POINT('',(0.,0.));
#9009 = VECTOR('',#9010,1.);
#9010 = DIRECTION('',(0.,1.));
#9011 = ( GEOMETRIC_REPRESENTATION_CONTEXT(2) 
PARAMETRIC_REPRESENTATION_CONTEXT() REPRESENTATION_CONTEXT('2D SPACE',''
  ) );
#9012 = ORIENTED_EDGE('',*,*,#8966,.T.);
#9013 = ORIENTED_EDGE('',*,*,#7905,.F.);
#9014 = ADVANCED_FACE('',(#9015),#7974,.T.);
#9015 = FACE_BOUND('',#9016,.T.);
#9016 = EDGE_LOOP('',(#9017,#9040,#9068,#9089));
#9017 = ORIENTED_EDGE('',*,*,#9018,.F.);
#9018 = EDGE_CURVE('',#9019,#7958,#9021,.T.);
#9019 = VERTEX_POINT('',#9020);
#9020 = CARTESIAN_POINT('',(149.5,161.,44.));
#9021 = SURFACE_CURVE('',#9022,(#9026,#9033),.PCURVE_S1.);
#9022 = LINE('',#9023,#9024);
#9023 = CARTESIAN_POINT('',(149.5,161.,44.));
#9024 = VECTOR('',#9025,1.);
#9025 = DIRECTION('',(-0.,1.,0.));
#9026 = PCURVE('',#7974,#9027);
#9027 = DEFINITIONAL_REPRESENTATION('',(#9028),#9032);
#9028 = LINE('',#9029,#9030);
#9029 = CARTESIAN_POINT('',(0.,0.));
#9030 = VECTOR('',#9031,1.);
#9031 = DIRECTION('',(0.,1.));
#9032 = ( GEOMETRIC_REPRESENTATION_CONTEXT(2) 
PARAMETRIC_REPRESENTATION_CONTEXT() REPRESENTATION_CONTEXT('2D SPACE',''
  ) );
#9033 = PCURVE('',#8000,#9034);
#9034 = DEFINITIONAL_REPRESENTATION('',(#9035),#9039);
#9035 = LINE('',#9036,#9037);
#9036 = CARTESIAN_POINT('',(8.,0.));
#9037 = VECTOR('',#9038,1.);
#9038 = DIRECTION('',(0.,-1.));
#9039 = ( GEOMETRIC_REPRESENTATION_CONTEXT(2) 
PARAMETRIC_REPRESENTATION_CONTEXT() REPRESENTATION_CONTEXT('2D SPACE',''
  ) );
#9040 = ORIENTED_EDGE('',*,*,#9041,.T.);
#9041 = EDGE_CURVE('',#9019,#9042,#9044,.T.);
#9042 = VERTEX_POINT('',#9043);
#9043 = CARTESIAN_POINT('',(157.5,161.,44.));
#9044 = SURFACE_CURVE('',#9045,(#9049,#9056),.PCURVE_S1.);
#9045 = LINE('',#9046,#9047);
#9046 = CARTESIAN_POINT('',(149.5,161.,44.));
#9047 = VECTOR('',#9048,1.);
#9048 = DIRECTION('',(1.,0.,-0.));
#9049 = PCURVE('',#7974,#9050);
#9050 = DEFINITIONAL_REPRESENTATION('',(#9051),#9055);
#9051 = LINE('',#9052,#9053);
#9052 = CARTESIAN_POINT('',(0.,0.));
#9053 = VECTOR('',#9054,1.);
#9054 = DIRECTION('',(1.,0.));
#9055 = ( GEOMETRIC_REPRESENTATION_CONTEXT(2) 
PARAMETRIC_REPRESENTATION_CONTEXT() REPRESENTATION_CONTEXT('2D SPACE',''
  ) );
#9056 = PCURVE('',#9057,#9062);
#9057 = PLANE('',#9058);
#9058 = AXIS2_PLACEMENT_3D('',#9059,#9060,#9061);
#9059 = CARTESIAN_POINT('',(149.5,161.,36.));
#9060 = DIRECTION('',(-0.,1.,0.));
#9061 = DIRECTION('',(0.,0.,1.));
#9062 = DEFINITIONAL_REPRESENTATION('',(#9063),#9067);
#9063 = LINE('',#9064,#9065);
#9064 = CARTESIAN_POINT('',(8.,0.));
#9065 = VECTOR('',#9066,1.);
#9066 = DIRECTION('',(0.,1.));
#9067 = ( GEOMETRIC_REPRESENTATION_CONTEXT(2) 
PARAMETRIC_REPRESENTATION_CONTEXT() REPRESENTATION_CONTEXT('2D SPACE',''
  ) );
#9068 = ORIENTED_EDGE('',*,*,#9069,.T.);
#9069 = EDGE_CURVE('',#9042,#7960,#9070,.T.);
#9070 = SURFACE_CURVE('',#9071,(#9075,#9082),.PCURVE_S1.);
#9071 = LINE('',#9072,#9073);
#9072 = CARTESIAN_POINT('',(157.5,161.,44.));
#9073 = VECTOR('',#9074,1.);
#9074 = DIRECTION('',(-0.,1.,0.));
#9075 = PCURVE('',#7974,#9076);
#9076 = DEFINITIONAL_REPRESENTATION('',(#9077),#9081);
#9077 = LINE('',#9078,#9079);
#9078 = CARTESIAN_POINT('',(8.,0.));
#9079 = VECTOR('',#9080,1.);
#9080 = DIRECTION('',(0.,1.));
#9081 = ( GEOMETRIC_REPRESENTATION_CONTEXT(2) 
PARAMETRIC_REPRESENTATION_CONTEXT() REPRESENTATION_CONTEXT('2D SPACE',''
  ) );
#9082 = PCURVE('',#8050,#9083);
#9083 = DEFINITIONAL_REPRESENTATION('',(#9084),#9088);
#9084 = LINE('',#9085,#9086);
#9085 = CARTESIAN_POINT('',(8.,0.));
#9086 = VECTOR('',#9087,1.);
#9087 = DIRECTION('',(0.,-1.));
#9088 = ( GEOMETRIC_REPRESENTATION_CONTEXT(2) 
PARAMETRIC_REPRESENTATION_CONTEXT() REPRESENTATION_CONTEXT('2D SPACE',''
  ) );
#9089 = ORIENTED_EDGE('',*,*,#7957,.F.);
#9090 = ADVANCED_FACE('',(#9091),#8000,.F.);
#9091 = FACE_BOUND('',#9092,.F.);
#9092 = EDGE_LOOP('',(#9093,#9094,#9117,#9138));
#9093 = ORIENTED_EDGE('',*,*,#9018,.F.);
#9094 = ORIENTED_EDGE('',*,*,#9095,.F.);
#9095 = EDGE_CURVE('',#9096,#9019,#9098,.T.);
#9096 = VERTEX_POINT('',#9097);
#9097 = CARTESIAN_POINT('',(149.5,161.,36.));
#9098 = SURFACE_CURVE('',#9099,(#9103,#9110),.PCURVE_S1.);
#9099 = LINE('',#9100,#9101);
#9100 = CARTESIAN_POINT('',(149.5,161.,36.));
#9101 = VECTOR('',#9102,1.);
#9102 = DIRECTION('',(0.,0.,1.));
#9103 = PCURVE('',#8000,#9104);
#9104 = DEFINITIONAL_REPRESENTATION('',(#9105),#9109);
#9105 = LINE('',#9106,#9107);
#9106 = CARTESIAN_POINT('',(0.,0.));
#9107 = VECTOR('',#9108,1.);
#9108 = DIRECTION('',(1.,0.));
#9109 = ( GEOMETRIC_REPRESENTATION_CONTEXT(2) 
PARAMETRIC_REPRESENTATION_CONTEXT() REPRESENTATION_CONTEXT('2D SPACE',''
  ) );
#9110 = PCURVE('',#9057,#9111);
#9111 = DEFINITIONAL_REPRESENTATION('',(#9112),#9116);
#9112 = LINE('',#9113,#9114);
#9113 = CARTESIAN_POINT('',(0.,0.));
#9114 = VECTOR('',#9115,1.);
#9115 = DIRECTION('',(1.,0.));
#9116 = ( GEOMETRIC_REPRESENTATION_CONTEXT(2) 
PARAMETRIC_REPRESENTATION_CONTEXT() REPRESENTATION_CONTEXT('2D SPACE',''
  ) );
#9117 = ORIENTED_EDGE('',*,*,#9118,.T.);
#9118 = EDGE_CURVE('',#9096,#7986,#9119,.T.);
#9119 = SURFACE_CURVE('',#9120,(#9124,#9131),.PCURVE_S1.);
#9120 = LINE('',#9121,#9122);
#9121 = CARTESIAN_POINT('',(149.5,161.,36.));
#9122 = VECTOR('',#9123,1.);
#9123 = DIRECTION('',(-0.,1.,0.));
#9124 = PCURVE('',#8000,#9125);
#9125 = DEFINITIONAL_REPRESENTATION('',(#9126),#9130);
#9126 = LINE('',#9127,#9128);
#9127 = CARTESIAN_POINT('',(0.,0.));
#9128 = VECTOR('',#9129,1.);
#9129 = DIRECTION('',(0.,-1.));
#9130 = ( GEOMETRIC_REPRESENTATION_CONTEXT(2) 
PARAMETRIC_REPRESENTATION_CONTEXT() REPRESENTATION_CONTEXT('2D SPACE',''
  ) );
#9131 = PCURVE('',#8026,#9132);
#9132 = DEFINITIONAL_REPRESENTATION('',(#9133),#9137);
#9133 = LINE('',#9134,#9135);
#9134 = CARTESIAN_POINT('',(0.,0.));
#9135 = VECTOR('',#9136,1.);
#9136 = DIRECTION('',(0.,1.));
#9137 = ( GEOMETRIC_REPRESENTATION_CONTEXT(2) 
PARAMETRIC_REPRESENTATION_CONTEXT() REPRESENTATION_CONTEXT('2D SPACE',''
  ) );
#9138 = ORIENTED_EDGE('',*,*,#7985,.F.);
#9139 = ADVANCED_FACE('',(#9140),#8050,.T.);
#9140 = FACE_BOUND('',#9141,.T.);
#9141 = EDGE_LOOP('',(#9142,#9143,#9166,#9187));
#9142 = ORIENTED_EDGE('',*,*,#9069,.F.);
#9143 = ORIENTED_EDGE('',*,*,#9144,.F.);
#9144 = EDGE_CURVE('',#9145,#9042,#9147,.T.);
#9145 = VERTEX_POINT('',#9146);
#9146 = CARTESIAN_POINT('',(157.5,161.,36.));
#9147 = SURFACE_CURVE('',#9148,(#9152,#9159),.PCURVE_S1.);
#9148 = LINE('',#9149,#9150);
#9149 = CARTESIAN_POINT('',(157.5,161.,36.));
#9150 = VECTOR('',#9151,1.);
#9151 = DIRECTION('',(0.,0.,1.));
#9152 = PCURVE('',#8050,#9153);
#9153 = DEFINITIONAL_REPRESENTATION('',(#9154),#9158);
#9154 = LINE('',#9155,#9156);
#9155 = CARTESIAN_POINT('',(0.,0.));
#9156 = VECTOR('',#9157,1.);
#9157 = DIRECTION('',(1.,0.));
#9158 = ( GEOMETRIC_REPRESENTATION_CONTEXT(2) 
PARAMETRIC_REPRESENTATION_CONTEXT() REPRESENTATION_CONTEXT('2D SPACE',''
  ) );
#9159 = PCURVE('',#9057,#9160);
#9160 = DEFINITIONAL_REPRESENTATION('',(#9161),#9165);
#9161 = LINE('',#9162,#9163);
#9162 = CARTESIAN_POINT('',(0.,8.));
#9163 = VECTOR('',#9164,1.);
#9164 = DIRECTION('',(1.,0.));
#9165 = ( GEOMETRIC_REPRESENTATION_CONTEXT(2) 
PARAMETRIC_REPRESENTATION_CONTEXT() REPRESENTATION_CONTEXT('2D SPACE',''
  ) );
#9166 = ORIENTED_EDGE('',*,*,#9167,.T.);
#9167 = EDGE_CURVE('',#9145,#8012,#9168,.T.);
#9168 = SURFACE_CURVE('',#9169,(#9173,#9180),.PCURVE_S1.);
#9169 = LINE('',#9170,#9171);
#9170 = CARTESIAN_POINT('',(157.5,161.,36.));
#9171 = VECTOR('',#9172,1.);
#9172 = DIRECTION('',(-0.,1.,0.));
#9173 = PCURVE('',#8050,#9174);
#9174 = DEFINITIONAL_REPRESENTATION('',(#9175),#9179);
#9175 = LINE('',#9176,#9177);
#9176 = CARTESIAN_POINT('',(0.,0.));
#9177 = VECTOR('',#9178,1.);
#9178 = DIRECTION('',(0.,-1.));
#9179 = ( GEOMETRIC_REPRESENTATION_CONTEXT(2) 
PARAMETRIC_REPRESENTATION_CONTEXT() REPRESENTATION_CONTEXT('2D SPACE',''
  ) );
#9180 = PCURVE('',#8026,#9181);
#9181 = DEFINITIONAL_REPRESENTATION('',(#9182),#9186);
#9182 = LINE('',#9183,#9184);
#9183 = CARTESIAN_POINT('',(8.,0.));
#9184 = VECTOR('',#9185,1.);
#9185 = DIRECTION('',(0.,1.));
#9186 = ( GEOMETRIC_REPRESENTATION_CONTEXT(2) 
PARAMETRIC_REPRESENTATION_CONTEXT() REPRESENTATION_CONTEXT('2D SPACE',''
  ) );
#9187 = ORIENTED_EDGE('',*,*,#8037,.F.);
#9188 = ADVANCED_FACE('',(#9189),#8026,.F.);
#9189 = FACE_BOUND('',#9190,.F.);
#9190 = EDGE_LOOP('',(#9191,#9192,#9213,#9214));
#9191 = ORIENTED_EDGE('',*,*,#9118,.F.);
#9192 = ORIENTED_EDGE('',*,*,#9193,.T.);
#9193 = EDGE_CURVE('',#9096,#9145,#9194,.T.);
#9194 = SURFACE_CURVE('',#9195,(#9199,#9206),.PCURVE_S1.);
#9195 = LINE('',#9196,#9197);
#9196 = CARTESIAN_POINT('',(149.5,161.,36.));
#9197 = VECTOR('',#9198,1.);
#9198 = DIRECTION('',(1.,0.,-0.));
#9199 = PCURVE('',#8026,#9200);
#9200 = DEFINITIONAL_REPRESENTATION('',(#9201),#9205);
#9201 = LINE('',#9202,#9203);
#9202 = CARTESIAN_POINT('',(0.,0.));
#9203 = VECTOR('',#9204,1.);
#9204 = DIRECTION('',(1.,0.));
#9205 = ( GEOMETRIC_REPRESENTATION_CONTEXT(2) 
PARAMETRIC_REPRESENTATION_CONTEXT() REPRESENTATION_CONTEXT('2D SPACE',''
  ) );
#9206 = PCURVE('',#9057,#9207);
#9207 = DEFINITIONAL_REPRESENTATION('',(#9208),#9212);
#9208 = LINE('',#9209,#9210);
#9209 = CARTESIAN_POINT('',(0.,0.));
#9210 = VECTOR('',#9211,1.);
#9211 = DIRECTION('',(0.,1.));
#9212 = ( GEOMETRIC_REPRESENTATION_CONTEXT(2) 
PARAMETRIC_REPRESENTATION_CONTEXT() REPRESENTATION_CONTEXT('2D SPACE',''
  ) );
#9213 = ORIENTED_EDGE('',*,*,#9167,.T.);
#9214 = ORIENTED_EDGE('',*,*,#8011,.F.);
#9215 = ADVANCED_FACE('',(#9216),#8080,.T.);
#9216 = FACE_BOUND('',#9217,.T.);
#9217 = EDGE_LOOP('',(#9218,#9241,#9269,#9290));
#9218 = ORIENTED_EDGE('',*,*,#9219,.F.);
#9219 = EDGE_CURVE('',#9220,#8064,#9222,.T.);
#9220 = VERTEX_POINT('',#9221);
#9221 = CARTESIAN_POINT('',(149.5,161.,184.));
#9222 = SURFACE_CURVE('',#9223,(#9227,#9234),.PCURVE_S1.);
#9223 = LINE('',#9224,#9225);
#9224 = CARTESIAN_POINT('',(149.5,161.,184.));
#9225 = VECTOR('',#9226,1.);
#9226 = DIRECTION('',(-0.,1.,0.));
#9227 = PCURVE('',#8080,#9228);
#9228 = DEFINITIONAL_REPRESENTATION('',(#9229),#9233);
#9229 = LINE('',#9230,#9231);
#9230 = CARTESIAN_POINT('',(0.,0.));
#9231 = VECTOR('',#9232,1.);
#9232 = DIRECTION('',(0.,1.));
#9233 = ( GEOMETRIC_REPRESENTATION_CONTEXT(2) 
PARAMETRIC_REPRESENTATION_CONTEXT() REPRESENTATION_CONTEXT('2D SPACE',''
  ) );
#9234 = PCURVE('',#8106,#9235);
#9235 = DEFINITIONAL_REPRESENTATION('',(#9236),#9240);
#9236 = LINE('',#9237,#9238);
#9237 = CARTESIAN_POINT('',(8.,0.));
#9238 = VECTOR('',#9239,1.);
#9239 = DIRECTION('',(0.,-1.));
#9240 = ( GEOMETRIC_REPRESENTATION_CONTEXT(2) 
PARAMETRIC_REPRESENTATION_CONTEXT() REPRESENTATION_CONTEXT('2D SPACE',''
  ) );
#9241 = ORIENTED_EDGE('',*,*,#9242,.T.);
#9242 = EDGE_CURVE('',#9220,#9243,#9245,.T.);
#9243 = VERTEX_POINT('',#9244);
#9244 = CARTESIAN_POINT('',(157.5,161.,184.));
#9245 = SURFACE_CURVE('',#9246,(#9250,#9257),.PCURVE_S1.);
#9246 = LINE('',#9247,#9248);
#9247 = CARTESIAN_POINT('',(149.5,161.,184.));
#9248 = VECTOR('',#9249,1.);
#9249 = DIRECTION('',(1.,0.,-0.));
#9250 = PCURVE('',#8080,#9251);
#9251 = DEFINITIONAL_REPRESENTATION('',(#9252),#9256);
#9252 = LINE('',#9253,#9254);
#9253 = CARTESIAN_POINT('',(0.,0.));
#9254 = VECTOR('',#9255,1.);
#9255 = DIRECTION('',(1.,0.));
#9256 = ( GEOMETRIC_REPRESENTATION_CONTEXT(2) 
PARAMETRIC_REPRESENTATION_CONTEXT() REPRESENTATION_CONTEXT('2D SPACE',''
  ) );
#9257 = PCURVE('',#9258,#9263);
#9258 = PLANE('',#9259);
#9259 = AXIS2_PLACEMENT_3D('',#9260,#9261,#9262);
#9260 = CARTESIAN_POINT('',(149.5,161.,176.));
#9261 = DIRECTION('',(-0.,1.,0.));
#9262 = DIRECTION('',(0.,0.,1.));
#9263 = DEFINITIONAL_REPRESENTATION('',(#9264),#9268);
#9264 = LINE('',#9265,#9266);
#9265 = CARTESIAN_POINT('',(8.,0.));
#9266 = VECTOR('',#9267,1.);
#9267 = DIRECTION('',(0.,1.));
#9268 = ( GEOMETRIC_REPRESENTATION_CONTEXT(2) 
PARAMETRIC_REPRESENTATION_CONTEXT() REPRESENTATION_CONTEXT('2D SPACE',''
  ) );
#9269 = ORIENTED_EDGE('',*,*,#9270,.T.);
#9270 = EDGE_CURVE('',#9243,#8066,#9271,.T.);
#9271 = SURFACE_CURVE('',#9272,(#9276,#9283),.PCURVE_S1.);
#9272 = LINE('',#9273,#9274);
#9273 = CARTESIAN_POINT('',(157.5,161.,184.));
#9274 = VECTOR('',#9275,1.);
#9275 = DIRECTION('',(-0.,1.,0.));
#9276 = PCURVE('',#8080,#9277);
#9277 = DEFINITIONAL_REPRESENTATION('',(#9278),#9282);
#9278 = LINE('',#9279,#9280);
#9279 = CARTESIAN_POINT('',(8.,0.));
#9280 = VECTOR('',#9281,1.);
#9281 = DIRECTION('',(0.,1.));
#9282 = ( GEOMETRIC_REPRESENTATION_CONTEXT(2) 
PARAMETRIC_REPRESENTATION_CONTEXT() REPRESENTATION_CONTEXT('2D SPACE',''
  ) );
#9283 = PCURVE('',#8156,#9284);
#9284 = DEFINITIONAL_REPRESENTATION('',(#9285),#9289);
#9285 = LINE('',#9286,#9287);
#9286 = CARTESIAN_POINT('',(8.,0.));
#9287 = VECTOR('',#9288,1.);
#9288 = DIRECTION('',(0.,-1.));
#9289 = ( GEOMETRIC_REPRESENTATION_CONTEXT(2) 
PARAMETRIC_REPRESENTATION_CONTEXT() REPRESENTATION_CONTEXT('2D SPACE',''
  ) );
#9290 = ORIENTED_EDGE('',*,*,#8063,.F.);
#9291 = ADVANCED_FACE('',(#9292),#8156,.T.);
#9292 = FACE_BOUND('',#9293,.T.);
#9293 = EDGE_LOOP('',(#9294,#9295,#9318,#9339));
#9294 = ORIENTED_EDGE('',*,*,#9270,.F.);
#9295 = ORIENTED_EDGE('',*,*,#9296,.F.);
#9296 = EDGE_CURVE('',#9297,#9243,#9299,.T.);
#9297 = VERTEX_POINT('',#9298);
#9298 = CARTESIAN_POINT('',(157.5,161.,176.));
#9299 = SURFACE_CURVE('',#9300,(#9304,#9311),.PCURVE_S1.);
#9300 = LINE('',#9301,#9302);
#9301 = CARTESIAN_POINT('',(157.5,161.,176.));
#9302 = VECTOR('',#9303,1.);
#9303 = DIRECTION('',(0.,0.,1.));
#9304 = PCURVE('',#8156,#9305);
#9305 = DEFINITIONAL_REPRESENTATION('',(#9306),#9310);
#9306 = LINE('',#9307,#9308);
#9307 = CARTESIAN_POINT('',(0.,0.));
#9308 = VECTOR('',#9309,1.);
#9309 = DIRECTION('',(1.,0.));
#9310 = ( GEOMETRIC_REPRESENTATION_CONTEXT(2) 
PARAMETRIC_REPRESENTATION_CONTEXT() REPRESENTATION_CONTEXT('2D SPACE',''
  ) );
#9311 = PCURVE('',#9258,#9312);
#9312 = DEFINITIONAL_REPRESENTATION('',(#9313),#9317);
#9313 = LINE('',#9314,#9315);
#9314 = CARTESIAN_POINT('',(0.,8.));
#9315 = VECTOR('',#9316,1.);
#9316 = DIRECTION('',(1.,0.));
#9317 = ( GEOMETRIC_REPRESENTATION_CONTEXT(2) 
PARAMETRIC_REPRESENTATION_CONTEXT() REPRESENTATION_CONTEXT('2D SPACE',''
  ) );
#9318 = ORIENTED_EDGE('',*,*,#9319,.T.);
#9319 = EDGE_CURVE('',#9297,#8118,#9320,.T.);
#9320 = SURFACE_CURVE('',#9321,(#9325,#9332),.PCURVE_S1.);
#9321 = LINE('',#9322,#9323);
#9322 = CARTESIAN_POINT('',(157.5,161.,176.));
#9323 = VECTOR('',#9324,1.);
#9324 = DIRECTION('',(-0.,1.,0.));
#9325 = PCURVE('',#8156,#9326);
#9326 = DEFINITIONAL_REPRESENTATION('',(#9327),#9331);
#9327 = LINE('',#9328,#9329);
#9328 = CARTESIAN_POINT('',(0.,0.));
#9329 = VECTOR('',#9330,1.);
#9330 = DIRECTION('',(0.,-1.));
#9331 = ( GEOMETRIC_REPRESENTATION_CONTEXT(2) 
PARAMETRIC_REPRESENTATION_CONTEXT() REPRESENTATION_CONTEXT('2D SPACE',''
  ) );
#9332 = PCURVE('',#8132,#9333);
#9333 = DEFINITIONAL_REPRESENTATION('',(#9334),#9338);
#9334 = LINE('',#9335,#9336);
#9335 = CARTESIAN_POINT('',(8.,0.));
#9336 = VECTOR('',#9337,1.);
#9337 = DIRECTION('',(0.,1.));
#9338 = ( GEOMETRIC_REPRESENTATION_CONTEXT(2) 
PARAMETRIC_REPRESENTATION_CONTEXT() REPRESENTATION_CONTEXT('2D SPACE',''
  ) );
#9339 = ORIENTED_EDGE('',*,*,#8143,.F.);
#9340 = ADVANCED_FACE('',(#9341),#8132,.F.);
#9341 = FACE_BOUND('',#9342,.F.);
#9342 = EDGE_LOOP('',(#9343,#9366,#9387,#9388));
#9343 = ORIENTED_EDGE('',*,*,#9344,.F.);
#9344 = EDGE_CURVE('',#9345,#8092,#9347,.T.);
#9345 = VERTEX_POINT('',#9346);
#9346 = CARTESIAN_POINT('',(149.5,161.,176.));
#9347 = SURFACE_CURVE('',#9348,(#9352,#9359),.PCURVE_S1.);
#9348 = LINE('',#9349,#9350);
#9349 = CARTESIAN_POINT('',(149.5,161.,176.));
#9350 = VECTOR('',#9351,1.);
#9351 = DIRECTION('',(-0.,1.,0.));
#9352 = PCURVE('',#8132,#9353);
#9353 = DEFINITIONAL_REPRESENTATION('',(#9354),#9358);
#9354 = LINE('',#9355,#9356);
#9355 = CARTESIAN_POINT('',(0.,0.));
#9356 = VECTOR('',#9357,1.);
#9357 = DIRECTION('',(0.,1.));
#9358 = ( GEOMETRIC_REPRESENTATION_CONTEXT(2) 
PARAMETRIC_REPRESENTATION_CONTEXT() REPRESENTATION_CONTEXT('2D SPACE',''
  ) );
#9359 = PCURVE('',#8106,#9360);
#9360 = DEFINITIONAL_REPRESENTATION('',(#9361),#9365);
#9361 = LINE('',#9362,#9363);
#9362 = CARTESIAN_POINT('',(0.,0.));
#9363 = VECTOR('',#9364,1.);
#9364 = DIRECTION('',(0.,-1.));
#9365 = ( GEOMETRIC_REPRESENTATION_CONTEXT(2) 
PARAMETRIC_REPRESENTATION_CONTEXT() REPRESENTATION_CONTEXT('2D SPACE',''
  ) );
#9366 = ORIENTED_EDGE('',*,*,#9367,.T.);
#9367 = EDGE_CURVE('',#9345,#9297,#9368,.T.);
#9368 = SURFACE_CURVE('',#9369,(#9373,#9380),.PCURVE_S1.);
#9369 = LINE('',#9370,#9371);
#9370 = CARTESIAN_POINT('',(149.5,161.,176.));
#9371 = VECTOR('',#9372,1.);
#9372 = DIRECTION('',(1.,0.,-0.));
#9373 = PCURVE('',#8132,#9374);
#9374 = DEFINITIONAL_REPRESENTATION('',(#9375),#9379);
#9375 = LINE('',#9376,#9377);
#9376 = CARTESIAN_POINT('',(0.,0.));
#9377 = VECTOR('',#9378,1.);
#9378 = DIRECTION('',(1.,0.));
#9379 = ( GEOMETRIC_REPRESENTATION_CONTEXT(2) 
PARAMETRIC_REPRESENTATION_CONTEXT() REPRESENTATION_CONTEXT('2D SPACE',''
  ) );
#9380 = PCURVE('',#9258,#9381);
#9381 = DEFINITIONAL_REPRESENTATION('',(#9382),#9386);
#9382 = LINE('',#9383,#9384);
#9383 = CARTESIAN_POINT('',(0.,0.));
#9384 = VECTOR('',#9385,1.);
#9385 = DIRECTION('',(0.,1.));
#9386 = ( GEOMETRIC_REPRESENTATION_CONTEXT(2) 
PARAMETRIC_REPRESENTATION_CONTEXT() REPRESENTATION_CONTEXT('2D SPACE',''
  ) );
#9387 = ORIENTED_EDGE('',*,*,#9319,.T.);
#9388 = ORIENTED_EDGE('',*,*,#8117,.F.);
#9389 = ADVANCED_FACE('',(#9390),#8106,.F.);
#9390 = FACE_BOUND('',#9391,.F.);
#9391 = EDGE_LOOP('',(#9392,#9393,#9414,#9415));
#9392 = ORIENTED_EDGE('',*,*,#9219,.F.);
#9393 = ORIENTED_EDGE('',*,*,#9394,.F.);
#9394 = EDGE_CURVE('',#9345,#9220,#9395,.T.);
#9395 = SURFACE_CURVE('',#9396,(#9400,#9407),.PCURVE_S1.);
#9396 = LINE('',#9397,#9398);
#9397 = CARTESIAN_POINT('',(149.5,161.,176.));
#9398 = VECTOR('',#9399,1.);
#9399 = DIRECTION('',(0.,0.,1.));
#9400 = PCURVE('',#8106,#9401);
#9401 = DEFINITIONAL_REPRESENTATION('',(#9402),#9406);
#9402 = LINE('',#9403,#9404);
#9403 = CARTESIAN_POINT('',(0.,0.));
#9404 = VECTOR('',#9405,1.);
#9405 = DIRECTION('',(1.,0.));
#9406 = ( GEOMETRIC_REPRESENTATION_CONTEXT(2) 
PARAMETRIC_REPRESENTATION_CONTEXT() REPRESENTATION_CONTEXT('2D SPACE',''
  ) );
#9407 = PCURVE('',#9258,#9408);
#9408 = DEFINITIONAL_REPRESENTATION('',(#9409),#9413);
#9409 = LINE('',#9410,#9411);
#9410 = CARTESIAN_POINT('',(0.,0.));
#9411 = VECTOR('',#9412,1.);
#9412 = DIRECTION('',(1.,0.));
#9413 = ( GEOMETRIC_REPRESENTATION_CONTEXT(2) 
PARAMETRIC_REPRESENTATION_CONTEXT() REPRESENTATION_CONTEXT('2D SPACE',''
  ) );
#9414 = ORIENTED_EDGE('',*,*,#9344,.T.);
#9415 = ORIENTED_EDGE('',*,*,#8091,.F.);
#9416 = ADVANCED_FACE('',(#9417),#8368,.F.);
#9417 = FACE_BOUND('',#9418,.F.);
#9418 = EDGE_LOOP('',(#9419,#9420,#9443,#9465));
#9419 = ORIENTED_EDGE('',*,*,#8351,.F.);
#9420 = ORIENTED_EDGE('',*,*,#9421,.F.);
#9421 = EDGE_CURVE('',#9422,#8352,#9424,.T.);
#9422 = VERTEX_POINT('',#9423);
#9423 = CARTESIAN_POINT('',(6.2,161.,40.));
#9424 = SEAM_CURVE('',#9425,(#9429,#9436),.PCURVE_S1.);
#9425 = LINE('',#9426,#9427);
#9426 = CARTESIAN_POINT('',(6.2,160.9,40.));
#9427 = VECTOR('',#9428,1.);
#9428 = DIRECTION('',(0.,1.,2.22044604925E-16));
#9429 = PCURVE('',#8368,#9430);
#9430 = DEFINITIONAL_REPRESENTATION('',(#9431),#9435);
#9431 = LINE('',#9432,#9433);
#9432 = CARTESIAN_POINT('',(6.28318530718,-0.));
#9433 = VECTOR('',#9434,1.);
#9434 = DIRECTION('',(0.,1.));
#9435 = ( GEOMETRIC_REPRESENTATION_CONTEXT(2) 
PARAMETRIC_REPRESENTATION_CONTEXT() REPRESENTATION_CONTEXT('2D SPACE',''
  ) );
#9436 = PCURVE('',#8368,#9437);
#9437 = DEFINITIONAL_REPRESENTATION('',(#9438),#9442);
#9438 = LINE('',#9439,#9440);
#9439 = CARTESIAN_POINT('',(0.,-0.));
#9440 = VECTOR('',#9441,1.);
#9441 = DIRECTION('',(0.,1.));
#9442 = ( GEOMETRIC_REPRESENTATION_CONTEXT(2) 
PARAMETRIC_REPRESENTATION_CONTEXT() REPRESENTATION_CONTEXT('2D SPACE',''
  ) );
#9443 = ORIENTED_EDGE('',*,*,#9444,.T.);
#9444 = EDGE_CURVE('',#9422,#9422,#9445,.T.);
#9445 = SURFACE_CURVE('',#9446,(#9451,#9458),.PCURVE_S1.);
#9446 = CIRCLE('',#9447,1.7);
#9447 = AXIS2_PLACEMENT_3D('',#9448,#9449,#9450);
#9448 = CARTESIAN_POINT('',(4.5,161.,40.));
#9449 = DIRECTION('',(0.,1.,2.22044604925E-16));
#9450 = DIRECTION('',(1.,0.,-0.));
#9451 = PCURVE('',#8368,#9452);
#9452 = DEFINITIONAL_REPRESENTATION('',(#9453),#9457);
#9453 = LINE('',#9454,#9455);
#9454 = CARTESIAN_POINT('',(0.,9.999999999999E-02));
#9455 = VECTOR('',#9456,1.);
#9456 = DIRECTION('',(1.,0.));
#9457 = ( GEOMETRIC_REPRESENTATION_CONTEXT(2) 
PARAMETRIC_REPRESENTATION_CONTEXT() REPRESENTATION_CONTEXT('2D SPACE',''
  ) );
#9458 = PCURVE('',#8655,#9459);
#9459 = DEFINITIONAL_REPRESENTATION('',(#9460),#9464);
#9460 = CIRCLE('',#9461,1.7);
#9461 = AXIS2_PLACEMENT_2D('',#9462,#9463);
#9462 = CARTESIAN_POINT('',(4.,4.));
#9463 = DIRECTION('',(0.,1.));
#9464 = ( GEOMETRIC_REPRESENTATION_CONTEXT(2) 
PARAMETRIC_REPRESENTATION_CONTEXT() REPRESENTATION_CONTEXT('2D SPACE',''
  ) );
#9465 = ORIENTED_EDGE('',*,*,#9421,.T.);
#9466 = ADVANCED_FACE('',(#9467),#8399,.F.);
#9467 = FACE_BOUND('',#9468,.F.);
#9468 = EDGE_LOOP('',(#9469,#9470,#9493,#9515));
#9469 = ORIENTED_EDGE('',*,*,#8382,.F.);
#9470 = ORIENTED_EDGE('',*,*,#9471,.F.);
#9471 = EDGE_CURVE('',#9472,#8383,#9474,.T.);
#9472 = VERTEX_POINT('',#9473);
#9473 = CARTESIAN_POINT('',(6.2,161.,180.));
#9474 = SEAM_CURVE('',#9475,(#9479,#9486),.PCURVE_S1.);
#9475 = LINE('',#9476,#9477);
#9476 = CARTESIAN_POINT('',(6.2,160.9,180.));
#9477 = VECTOR('',#9478,1.);
#9478 = DIRECTION('',(0.,1.,2.22044604925E-16));
#9479 = PCURVE('',#8399,#9480);
#9480 = DEFINITIONAL_REPRESENTATION('',(#9481),#9485);
#9481 = LINE('',#9482,#9483);
#9482 = CARTESIAN_POINT('',(6.28318530718,-0.));
#9483 = VECTOR('',#9484,1.);
#9484 = DIRECTION('',(0.,1.));
#9485 = ( GEOMETRIC_REPRESENTATION_CONTEXT(2) 
PARAMETRIC_REPRESENTATION_CONTEXT() REPRESENTATION_CONTEXT('2D SPACE',''
  ) );
#9486 = PCURVE('',#8399,#9487);
#9487 = DEFINITIONAL_REPRESENTATION('',(#9488),#9492);
#9488 = LINE('',#9489,#9490);
#9489 = CARTESIAN_POINT('',(0.,-0.));
#9490 = VECTOR('',#9491,1.);
#9491 = DIRECTION('',(0.,1.));
#9492 = ( GEOMETRIC_REPRESENTATION_CONTEXT(2) 
PARAMETRIC_REPRESENTATION_CONTEXT() REPRESENTATION_CONTEXT('2D SPACE',''
  ) );
#9493 = ORIENTED_EDGE('',*,*,#9494,.T.);
#9494 = EDGE_CURVE('',#9472,#9472,#9495,.T.);
#9495 = SURFACE_CURVE('',#9496,(#9501,#9508),.PCURVE_S1.);
#9496 = CIRCLE('',#9497,1.7);
#9497 = AXIS2_PLACEMENT_3D('',#9498,#9499,#9500);
#9498 = CARTESIAN_POINT('',(4.5,161.,180.));
#9499 = DIRECTION('',(0.,1.,2.22044604925E-16));
#9500 = DIRECTION('',(1.,0.,-0.));
#9501 = PCURVE('',#8399,#9502);
#9502 = DEFINITIONAL_REPRESENTATION('',(#9503),#9507);
#9503 = LINE('',#9504,#9505);
#9504 = CARTESIAN_POINT('',(0.,9.999999999999E-02));
#9505 = VECTOR('',#9506,1.);
#9506 = DIRECTION('',(1.,0.));
#9507 = ( GEOMETRIC_REPRESENTATION_CONTEXT(2) 
PARAMETRIC_REPRESENTATION_CONTEXT() REPRESENTATION_CONTEXT('2D SPACE',''
  ) );
#9508 = PCURVE('',#8856,#9509);
#9509 = DEFINITIONAL_REPRESENTATION('',(#9510),#9514);
#9510 = CIRCLE('',#9511,1.7);
#9511 = AXIS2_PLACEMENT_2D('',#9512,#9513);
#9512 = CARTESIAN_POINT('',(4.,4.));
#9513 = DIRECTION('',(0.,1.));
#9514 = ( GEOMETRIC_REPRESENTATION_CONTEXT(2) 
PARAMETRIC_REPRESENTATION_CONTEXT() REPRESENTATION_CONTEXT('2D SPACE',''
  ) );
#9515 = ORIENTED_EDGE('',*,*,#9471,.T.);
#9516 = ADVANCED_FACE('',(#9517),#8430,.F.);
#9517 = FACE_BOUND('',#9518,.F.);
#9518 = EDGE_LOOP('',(#9519,#9520,#9543,#9565));
#9519 = ORIENTED_EDGE('',*,*,#8413,.F.);
#9520 = ORIENTED_EDGE('',*,*,#9521,.F.);
#9521 = EDGE_CURVE('',#9522,#8414,#9524,.T.);
#9522 = VERTEX_POINT('',#9523);
#9523 = CARTESIAN_POINT('',(155.2,161.,40.));
#9524 = SEAM_CURVE('',#9525,(#9529,#9536),.PCURVE_S1.);
#9525 = LINE('',#9526,#9527);
#9526 = CARTESIAN_POINT('',(155.2,160.9,40.));
#9527 = VECTOR('',#9528,1.);
#9528 = DIRECTION('',(0.,1.,2.22044604925E-16));
#9529 = PCURVE('',#8430,#9530);
#9530 = DEFINITIONAL_REPRESENTATION('',(#9531),#9535);
#9531 = LINE('',#9532,#9533);
#9532 = CARTESIAN_POINT('',(6.28318530718,-0.));
#9533 = VECTOR('',#9534,1.);
#9534 = DIRECTION('',(0.,1.));
#9535 = ( GEOMETRIC_REPRESENTATION_CONTEXT(2) 
PARAMETRIC_REPRESENTATION_CONTEXT() REPRESENTATION_CONTEXT('2D SPACE',''
  ) );
#9536 = PCURVE('',#8430,#9537);
#9537 = DEFINITIONAL_REPRESENTATION('',(#9538),#9542);
#9538 = LINE('',#9539,#9540);
#9539 = CARTESIAN_POINT('',(0.,-0.));
#9540 = VECTOR('',#9541,1.);
#9541 = DIRECTION('',(0.,1.));
#9542 = ( GEOMETRIC_REPRESENTATION_CONTEXT(2) 
PARAMETRIC_REPRESENTATION_CONTEXT() REPRESENTATION_CONTEXT('2D SPACE',''
  ) );
#9543 = ORIENTED_EDGE('',*,*,#9544,.T.);
#9544 = EDGE_CURVE('',#9522,#9522,#9545,.T.);
#9545 = SURFACE_CURVE('',#9546,(#9551,#9558),.PCURVE_S1.);
#9546 = CIRCLE('',#9547,1.7);
#9547 = AXIS2_PLACEMENT_3D('',#9548,#9549,#9550);
#9548 = CARTESIAN_POINT('',(153.5,161.,40.));
#9549 = DIRECTION('',(0.,1.,2.22044604925E-16));
#9550 = DIRECTION('',(1.,0.,-0.));
#9551 = PCURVE('',#8430,#9552);
#9552 = DEFINITIONAL_REPRESENTATION('',(#9553),#9557);
#9553 = LINE('',#9554,#9555);
#9554 = CARTESIAN_POINT('',(0.,9.999999999999E-02));
#9555 = VECTOR('',#9556,1.);
#9556 = DIRECTION('',(1.,0.));
#9557 = ( GEOMETRIC_REPRESENTATION_CONTEXT(2) 
PARAMETRIC_REPRESENTATION_CONTEXT() REPRESENTATION_CONTEXT('2D SPACE',''
  ) );
#9558 = PCURVE('',#9057,#9559);
#9559 = DEFINITIONAL_REPRESENTATION('',(#9560),#9564);
#9560 = CIRCLE('',#9561,1.7);
#9561 = AXIS2_PLACEMENT_2D('',#9562,#9563);
#9562 = CARTESIAN_POINT('',(4.,4.));
#9563 = DIRECTION('',(0.,1.));
#9564 = ( GEOMETRIC_REPRESENTATION_CONTEXT(2) 
PARAMETRIC_REPRESENTATION_CONTEXT() REPRESENTATION_CONTEXT('2D SPACE',''
  ) );
#9565 = ORIENTED_EDGE('',*,*,#9521,.T.);
#9566 = ADVANCED_FACE('',(#9567),#8461,.F.);
#9567 = FACE_BOUND('',#9568,.F.);
#9568 = EDGE_LOOP('',(#9569,#9570,#9593,#9615));
#9569 = ORIENTED_EDGE('',*,*,#8444,.F.);
#9570 = ORIENTED_EDGE('',*,*,#9571,.F.);
#9571 = EDGE_CURVE('',#9572,#8445,#9574,.T.);
#9572 = VERTEX_POINT('',#9573);
#9573 = CARTESIAN_POINT('',(155.2,161.,180.));
#9574 = SEAM_CURVE('',#9575,(#9579,#9586),.PCURVE_S1.);
#9575 = LINE('',#9576,#9577);
#9576 = CARTESIAN_POINT('',(155.2,160.9,180.));
#9577 = VECTOR('',#9578,1.);
#9578 = DIRECTION('',(0.,1.,2.22044604925E-16));
#9579 = PCURVE('',#8461,#9580);
#9580 = DEFINITIONAL_REPRESENTATION('',(#9581),#9585);
#9581 = LINE('',#9582,#9583);
#9582 = CARTESIAN_POINT('',(6.28318530718,-0.));
#9583 = VECTOR('',#9584,1.);
#9584 = DIRECTION('',(0.,1.));
#9585 = ( GEOMETRIC_REPRESENTATION_CONTEXT(2) 
PARAMETRIC_REPRESENTATION_CONTEXT() REPRESENTATION_CONTEXT('2D SPACE',''
  ) );
#9586 = PCURVE('',#8461,#9587);
#9587 = DEFINITIONAL_REPRESENTATION('',(#9588),#9592);
#9588 = LINE('',#9589,#9590);
#9589 = CARTESIAN_POINT('',(0.,-0.));
#9590 = VECTOR('',#9591,1.);
#9591 = DIRECTION('',(0.,1.));
#9592 = ( GEOMETRIC_REPRESENTATION_CONTEXT(2) 
PARAMETRIC_REPRESENTATION_CONTEXT() REPRESENTATION_CONTEXT('2D SPACE',''
  ) );
#9593 = ORIENTED_EDGE('',*,*,#9594,.T.);
#9594 = EDGE_CURVE('',#9572,#9572,#9595,.T.);
#9595 = SURFACE_CURVE('',#9596,(#9601,#9608),.PCURVE_S1.);
#9596 = CIRCLE('',#9597,1.7);
#9597 = AXIS2_PLACEMENT_3D('',#9598,#9599,#9600);
#9598 = CARTESIAN_POINT('',(153.5,161.,180.));
#9599 = DIRECTION('',(0.,1.,2.22044604925E-16));
#9600 = DIRECTION('',(1.,0.,-0.));
#9601 = PCURVE('',#8461,#9602);
#9602 = DEFINITIONAL_REPRESENTATION('',(#9603),#9607);
#9603 = LINE('',#9604,#9605);
#9604 = CARTESIAN_POINT('',(0.,9.999999999999E-02));
#9605 = VECTOR('',#9606,1.);
#9606 = DIRECTION('',(1.,0.));
#9607 = ( GEOMETRIC_REPRESENTATION_CONTEXT(2) 
PARAMETRIC_REPRESENTATION_CONTEXT() REPRESENTATION_CONTEXT('2D SPACE',''
  ) );
#9608 = PCURVE('',#9258,#9609);
#9609 = DEFINITIONAL_REPRESENTATION('',(#9610),#9614);
#9610 = CIRCLE('',#9611,1.7);
#9611 = AXIS2_PLACEMENT_2D('',#9612,#9613);
#9612 = CARTESIAN_POINT('',(4.,4.));
#9613 = DIRECTION('',(0.,1.));
#9614 = ( GEOMETRIC_REPRESENTATION_CONTEXT(2) 
PARAMETRIC_REPRESENTATION_CONTEXT() REPRESENTATION_CONTEXT('2D SPACE',''
  ) );
#9615 = ORIENTED_EDGE('',*,*,#9571,.T.);
#9616 = ADVANCED_FACE('',(#9617,#9623),#8655,.F.);
#9617 = FACE_BOUND('',#9618,.F.);
#9618 = EDGE_LOOP('',(#9619,#9620,#9621,#9622));
#9619 = ORIENTED_EDGE('',*,*,#8791,.F.);
#9620 = ORIENTED_EDGE('',*,*,#8693,.T.);
#9621 = ORIENTED_EDGE('',*,*,#8639,.T.);
#9622 = ORIENTED_EDGE('',*,*,#8742,.F.);
#9623 = FACE_BOUND('',#9624,.F.);
#9624 = EDGE_LOOP('',(#9625));
#9625 = ORIENTED_EDGE('',*,*,#9444,.F.);
#9626 = ADVANCED_FACE('',(#9627,#9633),#8856,.F.);
#9627 = FACE_BOUND('',#9628,.F.);
#9628 = EDGE_LOOP('',(#9629,#9630,#9631,#9632));
#9629 = ORIENTED_EDGE('',*,*,#8992,.F.);
#9630 = ORIENTED_EDGE('',*,*,#8894,.T.);
#9631 = ORIENTED_EDGE('',*,*,#8840,.T.);
#9632 = ORIENTED_EDGE('',*,*,#8943,.F.);
#9633 = FACE_BOUND('',#9634,.F.);
#9634 = EDGE_LOOP('',(#9635));
#9635 = ORIENTED_EDGE('',*,*,#9494,.F.);
#9636 = ADVANCED_FACE('',(#9637,#9643),#9057,.F.);
#9637 = FACE_BOUND('',#9638,.F.);
#9638 = EDGE_LOOP('',(#9639,#9640,#9641,#9642));
#9639 = ORIENTED_EDGE('',*,*,#9193,.F.);
#9640 = ORIENTED_EDGE('',*,*,#9095,.T.);
#9641 = ORIENTED_EDGE('',*,*,#9041,.T.);
#9642 = ORIENTED_EDGE('',*,*,#9144,.F.);
#9643 = FACE_BOUND('',#9644,.F.);
#9644 = EDGE_LOOP('',(#9645));
#9645 = ORIENTED_EDGE('',*,*,#9544,.F.);
#9646 = ADVANCED_FACE('',(#9647,#9653),#9258,.F.);
#9647 = FACE_BOUND('',#9648,.F.);
#9648 = EDGE_LOOP('',(#9649,#9650,#9651,#9652));
#9649 = ORIENTED_EDGE('',*,*,#9367,.F.);
#9650 = ORIENTED_EDGE('',*,*,#9394,.T.);
#9651 = ORIENTED_EDGE('',*,*,#9242,.T.);
#9652 = ORIENTED_EDGE('',*,*,#9296,.F.);
#9653 = FACE_BOUND('',#9654,.F.);
#9654 = EDGE_LOOP('',(#9655));
#9655 = ORIENTED_EDGE('',*,*,#9594,.F.);
#9656 = ( GEOMETRIC_REPRESENTATION_CONTEXT(3) 
GLOBAL_UNCERTAINTY_ASSIGNED_CONTEXT((#9660)) 
GLOBAL_UNIT_ASSIGNED_CONTEXT((#9657,#9658,#9659)) REPRESENTATION_CONTEXT
('Context #1','3D Context with UNIT and UNCERTAINTY') );
#9657 = ( LENGTH_UNIT() NAMED_UNIT(*) SI_UNIT(.MILLI.,.METRE.) );
#9658 = ( NAMED_UNIT(*) PLANE_ANGLE_UNIT() SI_UNIT($,.RADIAN.) );
#9659 = ( NAMED_UNIT(*) SI_UNIT($,.STERADIAN.) SOLID_ANGLE_UNIT() );
#9660 = UNCERTAINTY_MEASURE_WITH_UNIT(LENGTH_MEASURE(2.E-07),#9657,
  'distance_accuracy_value','confusion accuracy');
#9661 = CONTEXT_DEPENDENT_SHAPE_REPRESENTATION(#9662,#9664);
#9662 = ( REPRESENTATION_RELATIONSHIP('','',#7437,#10) 
REPRESENTATION_RELATIONSHIP_WITH_TRANSFORMATION(#9663) 
SHAPE_REPRESENTATION_RELATIONSHIP() );
#9663 = ITEM_DEFINED_TRANSFORMATION('','',#11,#35);
#9664 = PRODUCT_DEFINITION_SHAPE('Placement','Placement of an item',
  #9665);
#9665 = NEXT_ASSEMBLY_USAGE_OCCURRENCE('6','rear_cover','',#5,#7432,$);
#9666 = PRODUCT_RELATED_PRODUCT_CATEGORY('part',$,(#7434));
#9667 = SHAPE_DEFINITION_REPRESENTATION(#3561,#9668);
#9668 = SHAPE_REPRESENTATION('',(#15),#3553);
#9669 = SHAPE_DEFINITION_REPRESENTATION(#4644,#9670);
#9670 = SHAPE_REPRESENTATION('',(#19),#4636);
#9671 = SHAPE_DEFINITION_REPRESENTATION(#5777,#9672);
#9672 = SHAPE_REPRESENTATION('',(#23),#5769);
#9673 = SHAPE_DEFINITION_REPRESENTATION(#6910,#9674);
#9674 = SHAPE_REPRESENTATION('',(#27),#6902);
#9675 = SHAPE_DEFINITION_REPRESENTATION(#7427,#9676);
#9676 = SHAPE_REPRESENTATION('',(#31),#7419);
#9677 = SHAPE_DEFINITION_REPRESENTATION(#9664,#9678);
#9678 = SHAPE_REPRESENTATION('',(#35),#9656);
#9679 = SHAPE_DEFINITION_REPRESENTATION(#3561,#9680);
#9680 = SHAPE_REPRESENTATION('',(#15),#3553);
#9681 = SHAPE_DEFINITION_REPRESENTATION(#4644,#9682);
#9682 = SHAPE_REPRESENTATION('',(#19),#4636);
#9683 = SHAPE_DEFINITION_REPRESENTATION(#5777,#9684);
#9684 = SHAPE_REPRESENTATION('',(#23),#5769);
#9685 = SHAPE_DEFINITION_REPRESENTATION(#6910,#9686);
#9686 = SHAPE_REPRESENTATION('',(#27),#6902);
#9687 = SHAPE_DEFINITION_REPRESENTATION(#7427,#9688);
#9688 = SHAPE_REPRESENTATION('',(#31),#7419);
#9689 = SHAPE_DEFINITION_REPRESENTATION(#9664,#9690);
#9690 = SHAPE_REPRESENTATION('',(#35),#9656);
#9691 = MECHANICAL_DESIGN_GEOMETRIC_PRESENTATION_REPRESENTATION('',(
    #9692,#9702),#9656);
#9692 = STYLED_ITEM('color',(#9693),#7438);
#9693 = PRESENTATION_STYLE_ASSIGNMENT((#9694,#9700));
#9694 = SURFACE_STYLE_USAGE(.BOTH.,#9695);
#9695 = SURFACE_SIDE_STYLE('',(#9696));
#9696 = SURFACE_STYLE_FILL_AREA(#9697);
#9697 = FILL_AREA_STYLE('',(#9698));
#9698 = FILL_AREA_STYLE_COLOUR('',#9699);
#9699 = COLOUR_RGB('',0.870588247378,0.913725491704,0.933333342953);
#9700 = CURVE_STYLE('',#9701,POSITIVE_LENGTH_MEASURE(0.1),#9699);
#9701 = DRAUGHTING_PRE_DEFINED_CURVE_FONT('continuous');
#9702 = OVER_RIDING_STYLED_ITEM('overriding color',(#9703),#7438,#9692);
#9703 = PRESENTATION_STYLE_BY_CONTEXT((#9704,#9710),#9690);
#9704 = SURFACE_STYLE_USAGE(.BOTH.,#9705);
#9705 = SURFACE_SIDE_STYLE('',(#9706));
#9706 = SURFACE_STYLE_FILL_AREA(#9707);
#9707 = FILL_AREA_STYLE('',(#9708));
#9708 = FILL_AREA_STYLE_COLOUR('',#9709);
#9709 = COLOUR_RGB('',0.870588247378,0.913725491704,0.933333342953);
#9710 = CURVE_STYLE('',#9711,POSITIVE_LENGTH_MEASURE(0.1),#9709);
#9711 = DRAUGHTING_PRE_DEFINED_CURVE_FONT('continuous');
#9712 = MECHANICAL_DESIGN_GEOMETRIC_PRESENTATION_REPRESENTATION('',(
    #9713,#9722),#7419);
#9713 = STYLED_ITEM('color',(#9714),#6921);
#9714 = PRESENTATION_STYLE_ASSIGNMENT((#9715,#9720));
#9715 = SURFACE_STYLE_USAGE(.BOTH.,#9716);
#9716 = SURFACE_SIDE_STYLE('',(#9717));
#9717 = SURFACE_STYLE_FILL_AREA(#9718);
#9718 = FILL_AREA_STYLE('',(#9719));
#9719 = FILL_AREA_STYLE_COLOUR('',#9699);
#9720 = CURVE_STYLE('',#9721,POSITIVE_LENGTH_MEASURE(0.1),#9699);
#9721 = DRAUGHTING_PRE_DEFINED_CURVE_FONT('continuous');
#9722 = OVER_RIDING_STYLED_ITEM('overriding color',(#9723),#6921,#9713);
#9723 = PRESENTATION_STYLE_BY_CONTEXT((#9724,#9729),#9688);
#9724 = SURFACE_STYLE_USAGE(.BOTH.,#9725);
#9725 = SURFACE_SIDE_STYLE('',(#9726));
#9726 = SURFACE_STYLE_FILL_AREA(#9727);
#9727 = FILL_AREA_STYLE('',(#9728));
#9728 = FILL_AREA_STYLE_COLOUR('',#9709);
#9729 = CURVE_STYLE('',#9730,POSITIVE_LENGTH_MEASURE(0.1),#9709);
#9730 = DRAUGHTING_PRE_DEFINED_CURVE_FONT('continuous');
#9731 = MECHANICAL_DESIGN_GEOMETRIC_PRESENTATION_REPRESENTATION('',(
    #9732,#9741),#4636);
#9732 = STYLED_ITEM('color',(#9733),#3572);
#9733 = PRESENTATION_STYLE_ASSIGNMENT((#9734,#9739));
#9734 = SURFACE_STYLE_USAGE(.BOTH.,#9735);
#9735 = SURFACE_SIDE_STYLE('',(#9736));
#9736 = SURFACE_STYLE_FILL_AREA(#9737);
#9737 = FILL_AREA_STYLE('',(#9738));
#9738 = FILL_AREA_STYLE_COLOUR('',#9699);
#9739 = CURVE_STYLE('',#9740,POSITIVE_LENGTH_MEASURE(0.1),#9699);
#9740 = DRAUGHTING_PRE_DEFINED_CURVE_FONT('continuous');
#9741 = OVER_RIDING_STYLED_ITEM('overriding color',(#9742),#3572,#9732);
#9742 = PRESENTATION_STYLE_BY_CONTEXT((#9743,#9748),#9682);
#9743 = SURFACE_STYLE_USAGE(.BOTH.,#9744);
#9744 = SURFACE_SIDE_STYLE('',(#9745));
#9745 = SURFACE_STYLE_FILL_AREA(#9746);
#9746 = FILL_AREA_STYLE('',(#9747));
#9747 = FILL_AREA_STYLE_COLOUR('',#9709);
#9748 = CURVE_STYLE('',#9749,POSITIVE_LENGTH_MEASURE(0.1),#9709);
#9749 = DRAUGHTING_PRE_DEFINED_CURVE_FONT('continuous');
#9750 = MECHANICAL_DESIGN_GEOMETRIC_PRESENTATION_REPRESENTATION('',(
    #9751,#9760),#5769);
#9751 = STYLED_ITEM('color',(#9752),#4655);
#9752 = PRESENTATION_STYLE_ASSIGNMENT((#9753,#9758));
#9753 = SURFACE_STYLE_USAGE(.BOTH.,#9754);
#9754 = SURFACE_SIDE_STYLE('',(#9755));
#9755 = SURFACE_STYLE_FILL_AREA(#9756);
#9756 = FILL_AREA_STYLE('',(#9757));
#9757 = FILL_AREA_STYLE_COLOUR('',#9699);
#9758 = CURVE_STYLE('',#9759,POSITIVE_LENGTH_MEASURE(0.1),#9699);
#9759 = DRAUGHTING_PRE_DEFINED_CURVE_FONT('continuous');
#9760 = OVER_RIDING_STYLED_ITEM('overriding color',(#9761),#4655,#9751);
#9761 = PRESENTATION_STYLE_BY_CONTEXT((#9762,#9767),#9684);
#9762 = SURFACE_STYLE_USAGE(.BOTH.,#9763);
#9763 = SURFACE_SIDE_STYLE('',(#9764));
#9764 = SURFACE_STYLE_FILL_AREA(#9765);
#9765 = FILL_AREA_STYLE('',(#9766));
#9766 = FILL_AREA_STYLE_COLOUR('',#9709);
#9767 = CURVE_STYLE('',#9768,POSITIVE_LENGTH_MEASURE(0.1),#9709);
#9768 = DRAUGHTING_PRE_DEFINED_CURVE_FONT('continuous');
#9769 = MECHANICAL_DESIGN_GEOMETRIC_PRESENTATION_REPRESENTATION('',(
    #9770,#9779),#6902);
#9770 = STYLED_ITEM('color',(#9771),#5788);
#9771 = PRESENTATION_STYLE_ASSIGNMENT((#9772,#9777));
#9772 = SURFACE_STYLE_USAGE(.BOTH.,#9773);
#9773 = SURFACE_SIDE_STYLE('',(#9774));
#9774 = SURFACE_STYLE_FILL_AREA(#9775);
#9775 = FILL_AREA_STYLE('',(#9776));
#9776 = FILL_AREA_STYLE_COLOUR('',#9699);
#9777 = CURVE_STYLE('',#9778,POSITIVE_LENGTH_MEASURE(0.1),#9699);
#9778 = DRAUGHTING_PRE_DEFINED_CURVE_FONT('continuous');
#9779 = OVER_RIDING_STYLED_ITEM('overriding color',(#9780),#5788,#9770);
#9780 = PRESENTATION_STYLE_BY_CONTEXT((#9781,#9786),#9686);
#9781 = SURFACE_STYLE_USAGE(.BOTH.,#9782);
#9782 = SURFACE_SIDE_STYLE('',(#9783));
#9783 = SURFACE_STYLE_FILL_AREA(#9784);
#9784 = FILL_AREA_STYLE('',(#9785));
#9785 = FILL_AREA_STYLE_COLOUR('',#9709);
#9786 = CURVE_STYLE('',#9787,POSITIVE_LENGTH_MEASURE(0.1),#9709);
#9787 = DRAUGHTING_PRE_DEFINED_CURVE_FONT('continuous');
#9788 = MECHANICAL_DESIGN_GEOMETRIC_PRESENTATION_REPRESENTATION('',(
    #9789,#9798),#3553);
#9789 = STYLED_ITEM('color',(#9790),#53);
#9790 = PRESENTATION_STYLE_ASSIGNMENT((#9791,#9796));
#9791 = SURFACE_STYLE_USAGE(.BOTH.,#9792);
#9792 = SURFACE_SIDE_STYLE('',(#9793));
#9793 = SURFACE_STYLE_FILL_AREA(#9794);
#9794 = FILL_AREA_STYLE('',(#9795));
#9795 = FILL_AREA_STYLE_COLOUR('',#9699);
#9796 = CURVE_STYLE('',#9797,POSITIVE_LENGTH_MEASURE(0.1),#9699);
#9797 = DRAUGHTING_PRE_DEFINED_CURVE_FONT('continuous');
#9798 = OVER_RIDING_STYLED_ITEM('overriding color',(#9799),#53,#9789);
#9799 = PRESENTATION_STYLE_BY_CONTEXT((#9800,#9805),#9680);
#9800 = SURFACE_STYLE_USAGE(.BOTH.,#9801);
#9801 = SURFACE_SIDE_STYLE('',(#9802));
#9802 = SURFACE_STYLE_FILL_AREA(#9803);
#9803 = FILL_AREA_STYLE('',(#9804));
#9804 = FILL_AREA_STYLE_COLOUR('',#9709);
#9805 = CURVE_STYLE('',#9806,POSITIVE_LENGTH_MEASURE(0.1),#9709);
#9806 = DRAUGHTING_PRE_DEFINED_CURVE_FONT('continuous');
ENDSEC;
END-ISO-10303-21;
