ISO-10303-21;
HEADER;
FILE_DESCRIPTION(('Open CASCADE Model'),'2;1');
FILE_NAME('LUMON_TERMINAL','2026-09-18T22:29:41',('Author'),(
    'Open CASCADE'),'Open CASCADE STEP processor 7.9','build123d',
  'Unknown');
FILE_SCHEMA(('AUTOMOTIVE_DESIGN { 1 0 10303 214 1 1 1 1 }'));
ENDSEC;
DATA;
#1 = APPLICATION_PROTOCOL_DEFINITION('international standard',
  'automotive_design',2000,#2);
#2 = APPLICATION_CONTEXT(
  'core data for automotive mechanical design processes');
#3 = SHAPE_DEFINITION_REPRESENTATION(#4,#10);
#4 = PRODUCT_DEFINITION_SHAPE('','',#5);
#5 = PRODUCT_DEFINITION('design','',#6,#9);
#6 = PRODUCT_DEFINITION_FORMATION('','',#7);
#7 = PRODUCT('LUMON_TERMINAL','LUMON_TERMINAL','',(#8));
#8 = PRODUCT_CONTEXT('',#2,'mechanical');
#9 = PRODUCT_DEFINITION_CONTEXT('part definition',#2,'design');
#10 = SHAPE_REPRESENTATION('',(#11,#15,#19,#23,#27,#31),#35);
#11 = AXIS2_PLACEMENT_3D('',#12,#13,#14);
#12 = CARTESIAN_POINT('',(0.,0.,0.));
#13 = DIRECTION('',(0.,0.,1.));
#14 = DIRECTION('',(1.,0.,-0.));
#15 = AXIS2_PLACEMENT_3D('',#16,#17,#18);
#16 = CARTESIAN_POINT('',(0.,0.,0.));
#17 = DIRECTION('',(0.,0.,1.));
#18 = DIRECTION('',(1.,0.,-0.));
#19 = AXIS2_PLACEMENT_3D('',#20,#21,#22);
#20 = CARTESIAN_POINT('',(0.,0.,0.));
#21 = DIRECTION('',(0.,0.,1.));
#22 = DIRECTION('',(1.,0.,-0.));
#23 = AXIS2_PLACEMENT_3D('',#24,#25,#26);
#24 = CARTESIAN_POINT('',(0.,0.,0.));
#25 = DIRECTION('',(0.,0.,1.));
#26 = DIRECTION('',(1.,0.,-0.));
#27 = AXIS2_PLACEMENT_3D('',#28,#29,#30);
#28 = CARTESIAN_POINT('',(0.,0.,0.));
#29 = DIRECTION('',(0.,0.,1.));
#30 = DIRECTION('',(1.,0.,-0.));
#31 = AXIS2_PLACEMENT_3D('',#32,#33,#34);
#32 = CARTESIAN_POINT('',(0.,0.,0.));
#33 = DIRECTION('',(0.,0.,1.));
#34 = DIRECTION('',(1.,0.,-0.));
#35 = ( GEOMETRIC_REPRESENTATION_CONTEXT(3) 
GLOBAL_UNCERTAINTY_ASSIGNED_CONTEXT((#39)) GLOBAL_UNIT_ASSIGNED_CONTEXT(
(#36,#37,#38)) REPRESENTATION_CONTEXT('Context #1',
  '3D Context with UNIT and UNCERTAINTY') );
#36 = ( LENGTH_UNIT() NAMED_UNIT(*) SI_UNIT(.MILLI.,.METRE.) );
#37 = ( NAMED_UNIT(*) PLANE_ANGLE_UNIT() SI_UNIT($,.RADIAN.) );
#38 = ( NAMED_UNIT(*) SI_UNIT($,.STERADIAN.) SOLID_ANGLE_UNIT() );
#39 = UNCERTAINTY_MEASURE_WITH_UNIT(LENGTH_MEASURE(5.E-07),#36,
  'distance_accuracy_value','confusion accuracy');
#40 = PRODUCT_RELATED_PRODUCT_CATEGORY('part',$,(#7));
#41 = SHAPE_DEFINITION_REPRESENTATION(#42,#48);
#42 = PRODUCT_DEFINITION_SHAPE('','',#43);
#43 = PRODUCT_DEFINITION('design','',#44,#47);
#44 = PRODUCT_DEFINITION_FORMATION('','',#45);
#45 = PRODUCT('OUTER_HOUSING','OUTER_HOUSING','',(#46));
#46 = PRODUCT_CONTEXT('',#2,'mechanical');
#47 = PRODUCT_DEFINITION_CONTEXT('part definition',#2,'design');
#48 = SHAPE_REPRESENTATION('',(#11,#49),#53);
#49 = AXIS2_PLACEMENT_3D('',#50,#51,#52);
#50 = CARTESIAN_POINT('',(0.,0.,0.));
#51 = DIRECTION('',(0.,0.,1.));
#52 = DIRECTION('',(1.,0.,-0.));
#53 = ( GEOMETRIC_REPRESENTATION_CONTEXT(3) 
GLOBAL_UNCERTAINTY_ASSIGNED_CONTEXT((#57)) GLOBAL_UNIT_ASSIGNED_CONTEXT(
(#54,#55,#56)) REPRESENTATION_CONTEXT('Context #1',
  '3D Context with UNIT and UNCERTAINTY') );
#54 = ( LENGTH_UNIT() NAMED_UNIT(*) SI_UNIT(.MILLI.,.METRE.) );
#55 = ( NAMED_UNIT(*) PLANE_ANGLE_UNIT() SI_UNIT($,.RADIAN.) );
#56 = ( NAMED_UNIT(*) SI_UNIT($,.STERADIAN.) SOLID_ANGLE_UNIT() );
#57 = UNCERTAINTY_MEASURE_WITH_UNIT(LENGTH_MEASURE(1.E-06),#54,
  'distance_accuracy_value','confusion accuracy');
#58 = CONTEXT_DEPENDENT_SHAPE_REPRESENTATION(#59,#61);
#59 = ( REPRESENTATION_RELATIONSHIP('','',#48,#10) 
REPRESENTATION_RELATIONSHIP_WITH_TRANSFORMATION(#60) 
SHAPE_REPRESENTATION_RELATIONSHIP() );
#60 = ITEM_DEFINED_TRANSFORMATION('','',#11,#15);
#61 = PRODUCT_DEFINITION_SHAPE('Placement','Placement of an item',#62);
#62 = NEXT_ASSEMBLY_USAGE_OCCURRENCE('2','OUTER_HOUSING','',#5,#43,$);
#63 = PRODUCT_RELATED_PRODUCT_CATEGORY('part',$,(#45));
#64 = SHAPE_DEFINITION_REPRESENTATION(#65,#71);
#65 = PRODUCT_DEFINITION_SHAPE('','',#66);
#66 = PRODUCT_DEFINITION('design','',#67,#70);
#67 = PRODUCT_DEFINITION_FORMATION('','',#68);
#68 = PRODUCT('SOLID','SOLID','',(#69));
#69 = PRODUCT_CONTEXT('',#2,'mechanical');
#70 = PRODUCT_DEFINITION_CONTEXT('part definition',#2,'design');
#71 = ADVANCED_BREP_SHAPE_REPRESENTATION('',(#11,#72),#3134);
#72 = MANIFOLD_SOLID_BREP('',#73);
#73 = CLOSED_SHELL('',(#74,#194,#277,#356,#528,#578,#869,#1024,#1234,
    #1393,#1548,#1603,#1658,#1690,#1797,#1985,#2032,#2059,#2086,#2093,
    #2379,#2406,#2432,#2479,#2506,#2533,#2540,#2816,#2970,#2997,#3046,
    #3096,#3127));
#74 = ADVANCED_FACE('',(#75),#89,.F.);
#75 = FACE_BOUND('',#76,.F.);
#76 = EDGE_LOOP('',(#77,#112,#140,#168));
#77 = ORIENTED_EDGE('',*,*,#78,.F.);
#78 = EDGE_CURVE('',#79,#81,#83,.T.);
#79 = VERTEX_POINT('',#80);
#80 = CARTESIAN_POINT('',(-8.881784197001E-16,6.,0.));
#81 = VERTEX_POINT('',#82);
#82 = CARTESIAN_POINT('',(-4.440892098501E-16,6.,127.));
#83 = SURFACE_CURVE('',#84,(#88,#100),.PCURVE_S1.);
#84 = LINE('',#85,#86);
#85 = CARTESIAN_POINT('',(-8.881784197001E-16,6.,0.));
#86 = VECTOR('',#87,1.);
#87 = DIRECTION('',(0.,0.,1.));
#88 = PCURVE('',#89,#94);
#89 = PLANE('',#90);
#90 = AXIS2_PLACEMENT_3D('',#91,#92,#93);
#91 = CARTESIAN_POINT('',(0.,0.,0.));
#92 = DIRECTION('',(1.,0.,-0.));
#93 = DIRECTION('',(0.,0.,1.));
#94 = DEFINITIONAL_REPRESENTATION('',(#95),#99);
#95 = LINE('',#96,#97);
#96 = CARTESIAN_POINT('',(0.,-6.));
#97 = VECTOR('',#98,1.);
#98 = DIRECTION('',(1.,0.));
#99 = ( GEOMETRIC_REPRESENTATION_CONTEXT(2) 
PARAMETRIC_REPRESENTATION_CONTEXT() REPRESENTATION_CONTEXT('2D SPACE',''
  ) );
#100 = PCURVE('',#101,#106);
#101 = CYLINDRICAL_SURFACE('',#102,6.);
#102 = AXIS2_PLACEMENT_3D('',#103,#104,#105);
#103 = CARTESIAN_POINT('',(6.,6.,0.));
#104 = DIRECTION('',(0.,0.,1.));
#105 = DIRECTION('',(-1.,-0.,0.));
#106 = DEFINITIONAL_REPRESENTATION('',(#107),#111);
#107 = LINE('',#108,#109);
#108 = CARTESIAN_POINT('',(0.,0.));
#109 = VECTOR('',#110,1.);
#110 = DIRECTION('',(0.,1.));
#111 = ( GEOMETRIC_REPRESENTATION_CONTEXT(2) 
PARAMETRIC_REPRESENTATION_CONTEXT() REPRESENTATION_CONTEXT('2D SPACE',''
  ) );
#112 = ORIENTED_EDGE('',*,*,#113,.T.);
#113 = EDGE_CURVE('',#79,#114,#116,.T.);
#114 = VERTEX_POINT('',#115);
#115 = CARTESIAN_POINT('',(-8.881784197001E-16,147.,0.));
#116 = SURFACE_CURVE('',#117,(#121,#128),.PCURVE_S1.);
#117 = LINE('',#118,#119);
#118 = CARTESIAN_POINT('',(0.,0.,0.));
#119 = VECTOR('',#120,1.);
#120 = DIRECTION('',(-0.,1.,0.));
#121 = PCURVE('',#89,#122);
#122 = DEFINITIONAL_REPRESENTATION('',(#123),#127);
#123 = LINE('',#124,#125);
#124 = CARTESIAN_POINT('',(0.,0.));
#125 = VECTOR('',#126,1.);
#126 = DIRECTION('',(0.,-1.));
#127 = ( GEOMETRIC_REPRESENTATION_CONTEXT(2) 
PARAMETRIC_REPRESENTATION_CONTEXT() REPRESENTATION_CONTEXT('2D SPACE',''
  ) );
#128 = PCURVE('',#129,#134);
#129 = PLANE('',#130);
#130 = AXIS2_PLACEMENT_3D('',#131,#132,#133);
#131 = CARTESIAN_POINT('',(0.,0.,0.));
#132 = DIRECTION('',(0.,0.,1.));
#133 = DIRECTION('',(1.,0.,-0.));
#134 = DEFINITIONAL_REPRESENTATION('',(#135),#139);
#135 = LINE('',#136,#137);
#136 = CARTESIAN_POINT('',(0.,0.));
#137 = VECTOR('',#138,1.);
#138 = DIRECTION('',(0.,1.));
#139 = ( GEOMETRIC_REPRESENTATION_CONTEXT(2) 
PARAMETRIC_REPRESENTATION_CONTEXT() REPRESENTATION_CONTEXT('2D SPACE',''
  ) );
#140 = ORIENTED_EDGE('',*,*,#141,.T.);
#141 = EDGE_CURVE('',#114,#142,#144,.T.);
#142 = VERTEX_POINT('',#143);
#143 = CARTESIAN_POINT('',(-4.440892098501E-16,147.,127.));
#144 = SURFACE_CURVE('',#145,(#149,#156),.PCURVE_S1.);
#145 = LINE('',#146,#147);
#146 = CARTESIAN_POINT('',(-8.881784197001E-16,147.,0.));
#147 = VECTOR('',#148,1.);
#148 = DIRECTION('',(0.,0.,1.));
#149 = PCURVE('',#89,#150);
#150 = DEFINITIONAL_REPRESENTATION('',(#151),#155);
#151 = LINE('',#152,#153);
#152 = CARTESIAN_POINT('',(0.,-147.));
#153 = VECTOR('',#154,1.);
#154 = DIRECTION('',(1.,0.));
#155 = ( GEOMETRIC_REPRESENTATION_CONTEXT(2) 
PARAMETRIC_REPRESENTATION_CONTEXT() REPRESENTATION_CONTEXT('2D SPACE',''
  ) );
#156 = PCURVE('',#157,#162);
#157 = CYLINDRICAL_SURFACE('',#158,6.);
#158 = AXIS2_PLACEMENT_3D('',#159,#160,#161);
#159 = CARTESIAN_POINT('',(6.,147.,0.));
#160 = DIRECTION('',(0.,0.,1.));
#161 = DIRECTION('',(-1.,-0.,0.));
#162 = DEFINITIONAL_REPRESENTATION('',(#163),#167);
#163 = LINE('',#164,#165);
#164 = CARTESIAN_POINT('',(-0.,0.));
#165 = VECTOR('',#166,1.);
#166 = DIRECTION('',(-0.,1.));
#167 = ( GEOMETRIC_REPRESENTATION_CONTEXT(2) 
PARAMETRIC_REPRESENTATION_CONTEXT() REPRESENTATION_CONTEXT('2D SPACE',''
  ) );
#168 = ORIENTED_EDGE('',*,*,#169,.F.);
#169 = EDGE_CURVE('',#81,#142,#170,.T.);
#170 = SURFACE_CURVE('',#171,(#175,#182),.PCURVE_S1.);
#171 = LINE('',#172,#173);
#172 = CARTESIAN_POINT('',(-4.440892098501E-16,6.,127.));
#173 = VECTOR('',#174,1.);
#174 = DIRECTION('',(-0.,1.,0.));
#175 = PCURVE('',#89,#176);
#176 = DEFINITIONAL_REPRESENTATION('',(#177),#181);
#177 = LINE('',#178,#179);
#178 = CARTESIAN_POINT('',(127.,-6.));
#179 = VECTOR('',#180,1.);
#180 = DIRECTION('',(0.,-1.));
#181 = ( GEOMETRIC_REPRESENTATION_CONTEXT(2) 
PARAMETRIC_REPRESENTATION_CONTEXT() REPRESENTATION_CONTEXT('2D SPACE',''
  ) );
#182 = PCURVE('',#183,#188);
#183 = CYLINDRICAL_SURFACE('',#184,3.);
#184 = AXIS2_PLACEMENT_3D('',#185,#186,#187);
#185 = CARTESIAN_POINT('',(3.,6.,127.));
#186 = DIRECTION('',(-0.,1.,0.));
#187 = DIRECTION('',(-1.,-0.,0.));
#188 = DEFINITIONAL_REPRESENTATION('',(#189),#193);
#189 = LINE('',#190,#191);
#190 = CARTESIAN_POINT('',(0.,0.));
#191 = VECTOR('',#192,1.);
#192 = DIRECTION('',(0.,1.));
#193 = ( GEOMETRIC_REPRESENTATION_CONTEXT(2) 
PARAMETRIC_REPRESENTATION_CONTEXT() REPRESENTATION_CONTEXT('2D SPACE',''
  ) );
#194 = ADVANCED_FACE('',(#195),#101,.T.);
#195 = FACE_BOUND('',#196,.T.);
#196 = EDGE_LOOP('',(#197,#198,#222,#250));
#197 = ORIENTED_EDGE('',*,*,#78,.F.);
#198 = ORIENTED_EDGE('',*,*,#199,.T.);
#199 = EDGE_CURVE('',#79,#200,#202,.T.);
#200 = VERTEX_POINT('',#201);
#201 = CARTESIAN_POINT('',(6.,-8.881784197001E-16,0.));
#202 = SURFACE_CURVE('',#203,(#208,#215),.PCURVE_S1.);
#203 = CIRCLE('',#204,6.);
#204 = AXIS2_PLACEMENT_3D('',#205,#206,#207);
#205 = CARTESIAN_POINT('',(6.,6.,0.));
#206 = DIRECTION('',(0.,0.,1.));
#207 = DIRECTION('',(0.,-1.,0.));
#208 = PCURVE('',#101,#209);
#209 = DEFINITIONAL_REPRESENTATION('',(#210),#214);
#210 = LINE('',#211,#212);
#211 = CARTESIAN_POINT('',(-4.712388980385,0.));
#212 = VECTOR('',#213,1.);
#213 = DIRECTION('',(1.,0.));
#214 = ( GEOMETRIC_REPRESENTATION_CONTEXT(2) 
PARAMETRIC_REPRESENTATION_CONTEXT() REPRESENTATION_CONTEXT('2D SPACE',''
  ) );
#215 = PCURVE('',#129,#216);
#216 = DEFINITIONAL_REPRESENTATION('',(#217),#221);
#217 = CIRCLE('',#218,6.);
#218 = AXIS2_PLACEMENT_2D('',#219,#220);
#219 = CARTESIAN_POINT('',(6.,6.));
#220 = DIRECTION('',(0.,-1.));
#221 = ( GEOMETRIC_REPRESENTATION_CONTEXT(2) 
PARAMETRIC_REPRESENTATION_CONTEXT() REPRESENTATION_CONTEXT('2D SPACE',''
  ) );
#222 = ORIENTED_EDGE('',*,*,#223,.T.);
#223 = EDGE_CURVE('',#200,#224,#226,.T.);
#224 = VERTEX_POINT('',#225);
#225 = CARTESIAN_POINT('',(6.,-4.440892098501E-16,127.));
#226 = SURFACE_CURVE('',#227,(#231,#238),.PCURVE_S1.);
#227 = LINE('',#228,#229);
#228 = CARTESIAN_POINT('',(6.,-8.881784197001E-16,0.));
#229 = VECTOR('',#230,1.);
#230 = DIRECTION('',(0.,0.,1.));
#231 = PCURVE('',#101,#232);
#232 = DEFINITIONAL_REPRESENTATION('',(#233),#237);
#233 = LINE('',#234,#235);
#234 = CARTESIAN_POINT('',(1.570796326795,0.));
#235 = VECTOR('',#236,1.);
#236 = DIRECTION('',(0.,1.));
#237 = ( GEOMETRIC_REPRESENTATION_CONTEXT(2) 
PARAMETRIC_REPRESENTATION_CONTEXT() REPRESENTATION_CONTEXT('2D SPACE',''
  ) );
#238 = PCURVE('',#239,#244);
#239 = PLANE('',#240);
#240 = AXIS2_PLACEMENT_3D('',#241,#242,#243);
#241 = CARTESIAN_POINT('',(0.,0.,0.));
#242 = DIRECTION('',(-0.,1.,0.));
#243 = DIRECTION('',(0.,0.,1.));
#244 = DEFINITIONAL_REPRESENTATION('',(#245),#249);
#245 = LINE('',#246,#247);
#246 = CARTESIAN_POINT('',(0.,6.));
#247 = VECTOR('',#248,1.);
#248 = DIRECTION('',(1.,0.));
#249 = ( GEOMETRIC_REPRESENTATION_CONTEXT(2) 
PARAMETRIC_REPRESENTATION_CONTEXT() REPRESENTATION_CONTEXT('2D SPACE',''
  ) );
#250 = ORIENTED_EDGE('',*,*,#251,.T.);
#251 = EDGE_CURVE('',#224,#81,#252,.T.);
#252 = SURFACE_CURVE('',#253,(#258,#265),.PCURVE_S1.);
#253 = CIRCLE('',#254,6.);
#254 = AXIS2_PLACEMENT_3D('',#255,#256,#257);
#255 = CARTESIAN_POINT('',(6.,6.,127.));
#256 = DIRECTION('',(-0.,0.,-1.));
#257 = DIRECTION('',(-2.960594732334E-16,-1.,0.));
#258 = PCURVE('',#101,#259);
#259 = DEFINITIONAL_REPRESENTATION('',(#260),#264);
#260 = LINE('',#261,#262);
#261 = CARTESIAN_POINT('',(1.570796326795,127.));
#262 = VECTOR('',#263,1.);
#263 = DIRECTION('',(-1.,-0.));
#264 = ( GEOMETRIC_REPRESENTATION_CONTEXT(2) 
PARAMETRIC_REPRESENTATION_CONTEXT() REPRESENTATION_CONTEXT('2D SPACE',''
  ) );
#265 = PCURVE('',#266,#271);
#266 = TOROIDAL_SURFACE('',#267,3.,3.);
#267 = AXIS2_PLACEMENT_3D('',#268,#269,#270);
#268 = CARTESIAN_POINT('',(6.,6.,127.));
#269 = DIRECTION('',(0.,0.,1.));
#270 = DIRECTION('',(-2.960594732334E-16,-1.,0.));
#271 = DEFINITIONAL_REPRESENTATION('',(#272),#276);
#272 = LINE('',#273,#274);
#273 = CARTESIAN_POINT('',(-0.,0.));
#274 = VECTOR('',#275,1.);
#275 = DIRECTION('',(-1.,0.));
#276 = ( GEOMETRIC_REPRESENTATION_CONTEXT(2) 
PARAMETRIC_REPRESENTATION_CONTEXT() REPRESENTATION_CONTEXT('2D SPACE',''
  ) );
#277 = ADVANCED_FACE('',(#278),#183,.T.);
#278 = FACE_BOUND('',#279,.T.);
#279 = EDGE_LOOP('',(#280,#302,#330,#355));
#280 = ORIENTED_EDGE('',*,*,#281,.T.);
#281 = EDGE_CURVE('',#81,#282,#284,.T.);
#282 = VERTEX_POINT('',#283);
#283 = CARTESIAN_POINT('',(3.,6.,130.));
#284 = SURFACE_CURVE('',#285,(#290,#296),.PCURVE_S1.);
#285 = CIRCLE('',#286,3.);
#286 = AXIS2_PLACEMENT_3D('',#287,#288,#289);
#287 = CARTESIAN_POINT('',(3.,6.,127.));
#288 = DIRECTION('',(-0.,1.,0.));
#289 = DIRECTION('',(-1.,-0.,0.));
#290 = PCURVE('',#183,#291);
#291 = DEFINITIONAL_REPRESENTATION('',(#292),#295);
#292 = B_SPLINE_CURVE_WITH_KNOTS('',1,(#293,#294),.UNSPECIFIED.,.F.,.F.,
  (2,2),(0.,1.570796326795),.PIECEWISE_BEZIER_KNOTS.);
#293 = CARTESIAN_POINT('',(0.,0.));
#294 = CARTESIAN_POINT('',(1.570796326795,0.));
#295 = ( GEOMETRIC_REPRESENTATION_CONTEXT(2) 
PARAMETRIC_REPRESENTATION_CONTEXT() REPRESENTATION_CONTEXT('2D SPACE',''
  ) );
#296 = PCURVE('',#266,#297);
#297 = DEFINITIONAL_REPRESENTATION('',(#298),#301);
#298 = B_SPLINE_CURVE_WITH_KNOTS('',1,(#299,#300),.UNSPECIFIED.,.F.,.F.,
  (2,2),(0.,1.570796326795),.PIECEWISE_BEZIER_KNOTS.);
#299 = CARTESIAN_POINT('',(-1.570796326795,0.));
#300 = CARTESIAN_POINT('',(-1.570796326795,1.570796326795));
#301 = ( GEOMETRIC_REPRESENTATION_CONTEXT(2) 
PARAMETRIC_REPRESENTATION_CONTEXT() REPRESENTATION_CONTEXT('2D SPACE',''
  ) );
#302 = ORIENTED_EDGE('',*,*,#303,.T.);
#303 = EDGE_CURVE('',#282,#304,#306,.T.);
#304 = VERTEX_POINT('',#305);
#305 = CARTESIAN_POINT('',(3.,147.,130.));
#306 = SURFACE_CURVE('',#307,(#311,#318),.PCURVE_S1.);
#307 = LINE('',#308,#309);
#308 = CARTESIAN_POINT('',(3.,6.,130.));
#309 = VECTOR('',#310,1.);
#310 = DIRECTION('',(-0.,1.,0.));
#311 = PCURVE('',#183,#312);
#312 = DEFINITIONAL_REPRESENTATION('',(#313),#317);
#313 = LINE('',#314,#315);
#314 = CARTESIAN_POINT('',(1.570796326795,0.));
#315 = VECTOR('',#316,1.);
#316 = DIRECTION('',(0.,1.));
#317 = ( GEOMETRIC_REPRESENTATION_CONTEXT(2) 
PARAMETRIC_REPRESENTATION_CONTEXT() REPRESENTATION_CONTEXT('2D SPACE',''
  ) );
#318 = PCURVE('',#319,#324);
#319 = PLANE('',#320);
#320 = AXIS2_PLACEMENT_3D('',#321,#322,#323);
#321 = CARTESIAN_POINT('',(3.,3.,4.));
#322 = DIRECTION('',(1.,0.,-0.));
#323 = DIRECTION('',(0.,0.,1.));
#324 = DEFINITIONAL_REPRESENTATION('',(#325),#329);
#325 = LINE('',#326,#327);
#326 = CARTESIAN_POINT('',(126.,-3.));
#327 = VECTOR('',#328,1.);
#328 = DIRECTION('',(0.,-1.));
#329 = ( GEOMETRIC_REPRESENTATION_CONTEXT(2) 
PARAMETRIC_REPRESENTATION_CONTEXT() REPRESENTATION_CONTEXT('2D SPACE',''
  ) );
#330 = ORIENTED_EDGE('',*,*,#331,.F.);
#331 = EDGE_CURVE('',#142,#304,#332,.T.);
#332 = SURFACE_CURVE('',#333,(#338,#344),.PCURVE_S1.);
#333 = CIRCLE('',#334,3.);
#334 = AXIS2_PLACEMENT_3D('',#335,#336,#337);
#335 = CARTESIAN_POINT('',(3.,147.,127.));
#336 = DIRECTION('',(-0.,1.,0.));
#337 = DIRECTION('',(-1.,-0.,0.));
#338 = PCURVE('',#183,#339);
#339 = DEFINITIONAL_REPRESENTATION('',(#340),#343);
#340 = B_SPLINE_CURVE_WITH_KNOTS('',1,(#341,#342),.UNSPECIFIED.,.F.,.F.,
  (2,2),(0.,1.570796326795),.PIECEWISE_BEZIER_KNOTS.);
#341 = CARTESIAN_POINT('',(0.,141.));
#342 = CARTESIAN_POINT('',(1.570796326795,141.));
#343 = ( GEOMETRIC_REPRESENTATION_CONTEXT(2) 
PARAMETRIC_REPRESENTATION_CONTEXT() REPRESENTATION_CONTEXT('2D SPACE',''
  ) );
#344 = PCURVE('',#345,#350);
#345 = TOROIDAL_SURFACE('',#346,3.,3.);
#346 = AXIS2_PLACEMENT_3D('',#347,#348,#349);
#347 = CARTESIAN_POINT('',(6.,147.,127.));
#348 = DIRECTION('',(0.,0.,1.));
#349 = DIRECTION('',(-1.,0.,0.));
#350 = DEFINITIONAL_REPRESENTATION('',(#351),#354);
#351 = B_SPLINE_CURVE_WITH_KNOTS('',1,(#352,#353),.UNSPECIFIED.,.F.,.F.,
  (2,2),(0.,1.570796326795),.PIECEWISE_BEZIER_KNOTS.);
#352 = CARTESIAN_POINT('',(0.,0.));
#353 = CARTESIAN_POINT('',(0.,1.570796326795));
#354 = ( GEOMETRIC_REPRESENTATION_CONTEXT(2) 
PARAMETRIC_REPRESENTATION_CONTEXT() REPRESENTATION_CONTEXT('2D SPACE',''
  ) );
#355 = ORIENTED_EDGE('',*,*,#169,.F.);
#356 = ADVANCED_FACE('',(#357),#129,.F.);
#357 = FACE_BOUND('',#358,.F.);
#358 = EDGE_LOOP('',(#359,#360,#361,#384,#417,#445,#474,#502));
#359 = ORIENTED_EDGE('',*,*,#113,.F.);
#360 = ORIENTED_EDGE('',*,*,#199,.T.);
#361 = ORIENTED_EDGE('',*,*,#362,.T.);
#362 = EDGE_CURVE('',#200,#363,#365,.T.);
#363 = VERTEX_POINT('',#364);
#364 = CARTESIAN_POINT('',(346.96,-8.881784197001E-16,0.));
#365 = SURFACE_CURVE('',#366,(#370,#377),.PCURVE_S1.);
#366 = LINE('',#367,#368);
#367 = CARTESIAN_POINT('',(0.,0.,0.));
#368 = VECTOR('',#369,1.);
#369 = DIRECTION('',(1.,0.,-0.));
#370 = PCURVE('',#129,#371);
#371 = DEFINITIONAL_REPRESENTATION('',(#372),#376);
#372 = LINE('',#373,#374);
#373 = CARTESIAN_POINT('',(0.,0.));
#374 = VECTOR('',#375,1.);
#375 = DIRECTION('',(1.,0.));
#376 = ( GEOMETRIC_REPRESENTATION_CONTEXT(2) 
PARAMETRIC_REPRESENTATION_CONTEXT() REPRESENTATION_CONTEXT('2D SPACE',''
  ) );
#377 = PCURVE('',#239,#378);
#378 = DEFINITIONAL_REPRESENTATION('',(#379),#383);
#379 = LINE('',#380,#381);
#380 = CARTESIAN_POINT('',(0.,0.));
#381 = VECTOR('',#382,1.);
#382 = DIRECTION('',(0.,1.));
#383 = ( GEOMETRIC_REPRESENTATION_CONTEXT(2) 
PARAMETRIC_REPRESENTATION_CONTEXT() REPRESENTATION_CONTEXT('2D SPACE',''
  ) );
#384 = ORIENTED_EDGE('',*,*,#385,.F.);
#385 = EDGE_CURVE('',#386,#363,#388,.T.);
#386 = VERTEX_POINT('',#387);
#387 = CARTESIAN_POINT('',(352.96,6.,0.));
#388 = SURFACE_CURVE('',#389,(#394,#405),.PCURVE_S1.);
#389 = CIRCLE('',#390,6.);
#390 = AXIS2_PLACEMENT_3D('',#391,#392,#393);
#391 = CARTESIAN_POINT('',(346.96,6.,0.));
#392 = DIRECTION('',(-0.,-0.,-1.));
#393 = DIRECTION('',(0.,-1.,0.));
#394 = PCURVE('',#129,#395);
#395 = DEFINITIONAL_REPRESENTATION('',(#396),#404);
#396 = ( BOUNDED_CURVE() B_SPLINE_CURVE(2,(#397,#398,#399,#400,#401,#402
,#403),.UNSPECIFIED.,.T.,.F.) B_SPLINE_CURVE_WITH_KNOTS((1,2,2,2,2,1),(
    -2.094395102393,0.,2.094395102393,4.188790204786,6.28318530718,
8.377580409573),.UNSPECIFIED.) CURVE() GEOMETRIC_REPRESENTATION_ITEM() 
RATIONAL_B_SPLINE_CURVE((1.,0.5,1.,0.5,1.,0.5,1.)) REPRESENTATION_ITEM(
  '') );
#397 = CARTESIAN_POINT('',(346.96,-8.881784197001E-16));
#398 = CARTESIAN_POINT('',(336.56769515458,-8.881784197001E-16));
#399 = CARTESIAN_POINT('',(341.76384757729,9.));
#400 = CARTESIAN_POINT('',(346.96,18.));
#401 = CARTESIAN_POINT('',(352.1561524227,9.));
#402 = CARTESIAN_POINT('',(357.35230484541,7.993605777301E-15));
#403 = CARTESIAN_POINT('',(346.96,-8.881784197001E-16));
#404 = ( GEOMETRIC_REPRESENTATION_CONTEXT(2) 
PARAMETRIC_REPRESENTATION_CONTEXT() REPRESENTATION_CONTEXT('2D SPACE',''
  ) );
#405 = PCURVE('',#406,#411);
#406 = CYLINDRICAL_SURFACE('',#407,6.);
#407 = AXIS2_PLACEMENT_3D('',#408,#409,#410);
#408 = CARTESIAN_POINT('',(346.96,6.,0.));
#409 = DIRECTION('',(0.,0.,1.));
#410 = DIRECTION('',(1.,0.,-0.));
#411 = DEFINITIONAL_REPRESENTATION('',(#412),#416);
#412 = LINE('',#413,#414);
#413 = CARTESIAN_POINT('',(4.712388980385,-0.));
#414 = VECTOR('',#415,1.);
#415 = DIRECTION('',(-1.,0.));
#416 = ( GEOMETRIC_REPRESENTATION_CONTEXT(2) 
PARAMETRIC_REPRESENTATION_CONTEXT() REPRESENTATION_CONTEXT('2D SPACE',''
  ) );
#417 = ORIENTED_EDGE('',*,*,#418,.T.);
#418 = EDGE_CURVE('',#386,#419,#421,.T.);
#419 = VERTEX_POINT('',#420);
#420 = CARTESIAN_POINT('',(352.96,147.,0.));
#421 = SURFACE_CURVE('',#422,(#426,#433),.PCURVE_S1.);
#422 = LINE('',#423,#424);
#423 = CARTESIAN_POINT('',(352.96,0.,0.));
#424 = VECTOR('',#425,1.);
#425 = DIRECTION('',(-0.,1.,0.));
#426 = PCURVE('',#129,#427);
#427 = DEFINITIONAL_REPRESENTATION('',(#428),#432);
#428 = LINE('',#429,#430);
#429 = CARTESIAN_POINT('',(352.96,0.));
#430 = VECTOR('',#431,1.);
#431 = DIRECTION('',(0.,1.));
#432 = ( GEOMETRIC_REPRESENTATION_CONTEXT(2) 
PARAMETRIC_REPRESENTATION_CONTEXT() REPRESENTATION_CONTEXT('2D SPACE',''
  ) );
#433 = PCURVE('',#434,#439);
#434 = PLANE('',#435);
#435 = AXIS2_PLACEMENT_3D('',#436,#437,#438);
#436 = CARTESIAN_POINT('',(352.96,0.,0.));
#437 = DIRECTION('',(1.,0.,-0.));
#438 = DIRECTION('',(0.,0.,1.));
#439 = DEFINITIONAL_REPRESENTATION('',(#440),#444);
#440 = LINE('',#441,#442);
#441 = CARTESIAN_POINT('',(0.,0.));
#442 = VECTOR('',#443,1.);
#443 = DIRECTION('',(0.,-1.));
#444 = ( GEOMETRIC_REPRESENTATION_CONTEXT(2) 
PARAMETRIC_REPRESENTATION_CONTEXT() REPRESENTATION_CONTEXT('2D SPACE',''
  ) );
#445 = ORIENTED_EDGE('',*,*,#446,.T.);
#446 = EDGE_CURVE('',#419,#447,#449,.T.);
#447 = VERTEX_POINT('',#448);
#448 = CARTESIAN_POINT('',(346.96,153.,0.));
#449 = SURFACE_CURVE('',#450,(#455,#462),.PCURVE_S1.);
#450 = CIRCLE('',#451,6.);
#451 = AXIS2_PLACEMENT_3D('',#452,#453,#454);
#452 = CARTESIAN_POINT('',(346.96,147.,0.));
#453 = DIRECTION('',(0.,0.,1.));
#454 = DIRECTION('',(0.,-1.,0.));
#455 = PCURVE('',#129,#456);
#456 = DEFINITIONAL_REPRESENTATION('',(#457),#461);
#457 = CIRCLE('',#458,6.);
#458 = AXIS2_PLACEMENT_2D('',#459,#460);
#459 = CARTESIAN_POINT('',(346.96,147.));
#460 = DIRECTION('',(0.,-1.));
#461 = ( GEOMETRIC_REPRESENTATION_CONTEXT(2) 
PARAMETRIC_REPRESENTATION_CONTEXT() REPRESENTATION_CONTEXT('2D SPACE',''
  ) );
#462 = PCURVE('',#463,#468);
#463 = CYLINDRICAL_SURFACE('',#464,6.);
#464 = AXIS2_PLACEMENT_3D('',#465,#466,#467);
#465 = CARTESIAN_POINT('',(346.96,147.,0.));
#466 = DIRECTION('',(0.,0.,1.));
#467 = DIRECTION('',(1.,0.,-0.));
#468 = DEFINITIONAL_REPRESENTATION('',(#469),#473);
#469 = LINE('',#470,#471);
#470 = CARTESIAN_POINT('',(-1.570796326795,0.));
#471 = VECTOR('',#472,1.);
#472 = DIRECTION('',(1.,0.));
#473 = ( GEOMETRIC_REPRESENTATION_CONTEXT(2) 
PARAMETRIC_REPRESENTATION_CONTEXT() REPRESENTATION_CONTEXT('2D SPACE',''
  ) );
#474 = ORIENTED_EDGE('',*,*,#475,.F.);
#475 = EDGE_CURVE('',#476,#447,#478,.T.);
#476 = VERTEX_POINT('',#477);
#477 = CARTESIAN_POINT('',(6.,153.,0.));
#478 = SURFACE_CURVE('',#479,(#483,#490),.PCURVE_S1.);
#479 = LINE('',#480,#481);
#480 = CARTESIAN_POINT('',(0.,153.,0.));
#481 = VECTOR('',#482,1.);
#482 = DIRECTION('',(1.,0.,-0.));
#483 = PCURVE('',#129,#484);
#484 = DEFINITIONAL_REPRESENTATION('',(#485),#489);
#485 = LINE('',#486,#487);
#486 = CARTESIAN_POINT('',(0.,153.));
#487 = VECTOR('',#488,1.);
#488 = DIRECTION('',(1.,0.));
#489 = ( GEOMETRIC_REPRESENTATION_CONTEXT(2) 
PARAMETRIC_REPRESENTATION_CONTEXT() REPRESENTATION_CONTEXT('2D SPACE',''
  ) );
#490 = PCURVE('',#491,#496);
#491 = PLANE('',#492);
#492 = AXIS2_PLACEMENT_3D('',#493,#494,#495);
#493 = CARTESIAN_POINT('',(0.,153.,0.));
#494 = DIRECTION('',(-0.,1.,0.));
#495 = DIRECTION('',(0.,0.,1.));
#496 = DEFINITIONAL_REPRESENTATION('',(#497),#501);
#497 = LINE('',#498,#499);
#498 = CARTESIAN_POINT('',(0.,0.));
#499 = VECTOR('',#500,1.);
#500 = DIRECTION('',(0.,1.));
#501 = ( GEOMETRIC_REPRESENTATION_CONTEXT(2) 
PARAMETRIC_REPRESENTATION_CONTEXT() REPRESENTATION_CONTEXT('2D SPACE',''
  ) );
#502 = ORIENTED_EDGE('',*,*,#503,.F.);
#503 = EDGE_CURVE('',#114,#476,#504,.T.);
#504 = SURFACE_CURVE('',#505,(#510,#521),.PCURVE_S1.);
#505 = CIRCLE('',#506,6.);
#506 = AXIS2_PLACEMENT_3D('',#507,#508,#509);
#507 = CARTESIAN_POINT('',(6.,147.,0.));
#508 = DIRECTION('',(-0.,-0.,-1.));
#509 = DIRECTION('',(0.,-1.,0.));
#510 = PCURVE('',#129,#511);
#511 = DEFINITIONAL_REPRESENTATION('',(#512),#520);
#512 = ( BOUNDED_CURVE() B_SPLINE_CURVE(2,(#513,#514,#515,#516,#517,#518
,#519),.UNSPECIFIED.,.T.,.F.) B_SPLINE_CURVE_WITH_KNOTS((1,2,2,2,2,1),(
    -2.094395102393,0.,2.094395102393,4.188790204786,6.28318530718,
8.377580409573),.UNSPECIFIED.) CURVE() GEOMETRIC_REPRESENTATION_ITEM() 
RATIONAL_B_SPLINE_CURVE((1.,0.5,1.,0.5,1.,0.5,1.)) REPRESENTATION_ITEM(
  '') );
#513 = CARTESIAN_POINT('',(6.,141.));
#514 = CARTESIAN_POINT('',(-4.392304845413,141.));
#515 = CARTESIAN_POINT('',(0.803847577293,150.));
#516 = CARTESIAN_POINT('',(6.,159.));
#517 = CARTESIAN_POINT('',(11.196152422707,150.));
#518 = CARTESIAN_POINT('',(16.392304845413,141.));
#519 = CARTESIAN_POINT('',(6.,141.));
#520 = ( GEOMETRIC_REPRESENTATION_CONTEXT(2) 
PARAMETRIC_REPRESENTATION_CONTEXT() REPRESENTATION_CONTEXT('2D SPACE',''
  ) );
#521 = PCURVE('',#157,#522);
#522 = DEFINITIONAL_REPRESENTATION('',(#523),#527);
#523 = LINE('',#524,#525);
#524 = CARTESIAN_POINT('',(1.570796326795,-0.));
#525 = VECTOR('',#526,1.);
#526 = DIRECTION('',(-1.,0.));
#527 = ( GEOMETRIC_REPRESENTATION_CONTEXT(2) 
PARAMETRIC_REPRESENTATION_CONTEXT() REPRESENTATION_CONTEXT('2D SPACE',''
  ) );
#528 = ADVANCED_FACE('',(#529),#157,.T.);
#529 = FACE_BOUND('',#530,.F.);
#530 = EDGE_LOOP('',(#531,#532,#533,#556));
#531 = ORIENTED_EDGE('',*,*,#141,.F.);
#532 = ORIENTED_EDGE('',*,*,#503,.T.);
#533 = ORIENTED_EDGE('',*,*,#534,.T.);
#534 = EDGE_CURVE('',#476,#535,#537,.T.);
#535 = VERTEX_POINT('',#536);
#536 = CARTESIAN_POINT('',(6.,153.,127.));
#537 = SURFACE_CURVE('',#538,(#542,#549),.PCURVE_S1.);
#538 = LINE('',#539,#540);
#539 = CARTESIAN_POINT('',(6.,153.,0.));
#540 = VECTOR('',#541,1.);
#541 = DIRECTION('',(0.,0.,1.));
#542 = PCURVE('',#157,#543);
#543 = DEFINITIONAL_REPRESENTATION('',(#544),#548);
#544 = LINE('',#545,#546);
#545 = CARTESIAN_POINT('',(-1.570796326795,0.));
#546 = VECTOR('',#547,1.);
#547 = DIRECTION('',(-0.,1.));
#548 = ( GEOMETRIC_REPRESENTATION_CONTEXT(2) 
PARAMETRIC_REPRESENTATION_CONTEXT() REPRESENTATION_CONTEXT('2D SPACE',''
  ) );
#549 = PCURVE('',#491,#550);
#550 = DEFINITIONAL_REPRESENTATION('',(#551),#555);
#551 = LINE('',#552,#553);
#552 = CARTESIAN_POINT('',(0.,6.));
#553 = VECTOR('',#554,1.);
#554 = DIRECTION('',(1.,0.));
#555 = ( GEOMETRIC_REPRESENTATION_CONTEXT(2) 
PARAMETRIC_REPRESENTATION_CONTEXT() REPRESENTATION_CONTEXT('2D SPACE',''
  ) );
#556 = ORIENTED_EDGE('',*,*,#557,.F.);
#557 = EDGE_CURVE('',#142,#535,#558,.T.);
#558 = SURFACE_CURVE('',#559,(#564,#571),.PCURVE_S1.);
#559 = CIRCLE('',#560,6.);
#560 = AXIS2_PLACEMENT_3D('',#561,#562,#563);
#561 = CARTESIAN_POINT('',(6.,147.,127.));
#562 = DIRECTION('',(-0.,0.,-1.));
#563 = DIRECTION('',(-1.,0.,0.));
#564 = PCURVE('',#157,#565);
#565 = DEFINITIONAL_REPRESENTATION('',(#566),#570);
#566 = LINE('',#567,#568);
#567 = CARTESIAN_POINT('',(-0.,127.));
#568 = VECTOR('',#569,1.);
#569 = DIRECTION('',(-1.,0.));
#570 = ( GEOMETRIC_REPRESENTATION_CONTEXT(2) 
PARAMETRIC_REPRESENTATION_CONTEXT() REPRESENTATION_CONTEXT('2D SPACE',''
  ) );
#571 = PCURVE('',#345,#572);
#572 = DEFINITIONAL_REPRESENTATION('',(#573),#577);
#573 = LINE('',#574,#575);
#574 = CARTESIAN_POINT('',(-0.,0.));
#575 = VECTOR('',#576,1.);
#576 = DIRECTION('',(-1.,0.));
#577 = ( GEOMETRIC_REPRESENTATION_CONTEXT(2) 
PARAMETRIC_REPRESENTATION_CONTEXT() REPRESENTATION_CONTEXT('2D SPACE',''
  ) );
#578 = ADVANCED_FACE('',(#579),#266,.T.);
#579 = FACE_BOUND('',#580,.F.);
#580 = EDGE_LOOP('',(#581,#608,#609,#610,#738));
#581 = ORIENTED_EDGE('',*,*,#582,.F.);
#582 = EDGE_CURVE('',#224,#583,#585,.T.);
#583 = VERTEX_POINT('',#584);
#584 = CARTESIAN_POINT('',(6.,3.,130.));
#585 = SURFACE_CURVE('',#586,(#591,#597),.PCURVE_S1.);
#586 = CIRCLE('',#587,3.);
#587 = AXIS2_PLACEMENT_3D('',#588,#589,#590);
#588 = CARTESIAN_POINT('',(6.,3.,127.));
#589 = DIRECTION('',(-1.,-0.,0.));
#590 = DIRECTION('',(0.,-1.,-0.));
#591 = PCURVE('',#266,#592);
#592 = DEFINITIONAL_REPRESENTATION('',(#593),#596);
#593 = B_SPLINE_CURVE_WITH_KNOTS('',1,(#594,#595),.UNSPECIFIED.,.F.,.F.,
  (2,2),(0.,1.570796326795),.PIECEWISE_BEZIER_KNOTS.);
#594 = CARTESIAN_POINT('',(2.22044604925E-16,0.));
#595 = CARTESIAN_POINT('',(2.22044604925E-16,1.570796326795));
#596 = ( GEOMETRIC_REPRESENTATION_CONTEXT(2) 
PARAMETRIC_REPRESENTATION_CONTEXT() REPRESENTATION_CONTEXT('2D SPACE',''
  ) );
#597 = PCURVE('',#598,#603);
#598 = CYLINDRICAL_SURFACE('',#599,3.);
#599 = AXIS2_PLACEMENT_3D('',#600,#601,#602);
#600 = CARTESIAN_POINT('',(346.96,3.,127.));
#601 = DIRECTION('',(-1.,-0.,0.));
#602 = DIRECTION('',(0.,-1.,-0.));
#603 = DEFINITIONAL_REPRESENTATION('',(#604),#607);
#604 = B_SPLINE_CURVE_WITH_KNOTS('',1,(#605,#606),.UNSPECIFIED.,.F.,.F.,
  (2,2),(0.,1.570796326795),.PIECEWISE_BEZIER_KNOTS.);
#605 = CARTESIAN_POINT('',(0.,340.96));
#606 = CARTESIAN_POINT('',(1.570796326795,340.96));
#607 = ( GEOMETRIC_REPRESENTATION_CONTEXT(2) 
PARAMETRIC_REPRESENTATION_CONTEXT() REPRESENTATION_CONTEXT('2D SPACE',''
  ) );
#608 = ORIENTED_EDGE('',*,*,#251,.T.);
#609 = ORIENTED_EDGE('',*,*,#281,.T.);
#610 = ORIENTED_EDGE('',*,*,#611,.F.);
#611 = EDGE_CURVE('',#612,#282,#614,.T.);
#612 = VERTEX_POINT('',#613);
#613 = CARTESIAN_POINT('',(3.,3.,129.73053916337));
#614 = SURFACE_CURVE('',#615,(#654,#696),.PCURVE_S1.);
#615 = B_SPLINE_CURVE_WITH_KNOTS('',7,(#616,#617,#618,#619,#620,#621,
    #622,#623,#624,#625,#626,#627,#628,#629,#630,#631,#632,#633,#634,
    #635,#636,#637,#638,#639,#640,#641,#642,#643,#644,#645,#646,#647,
    #648,#649,#650,#651,#652,#653),.UNSPECIFIED.,.F.,.F.,(8,6,6,6,6,6,8)
  ,(0.,0.201785013949,0.285394580572,0.402701320102,0.568885089055,
    0.814161777024,1.),.UNSPECIFIED.);
#616 = CARTESIAN_POINT('',(3.,0.803847577293,127.));
#617 = CARTESIAN_POINT('',(3.,0.803847577293,127.1943259573));
#618 = CARTESIAN_POINT('',(3.,0.82080509813,127.3887057421));
#619 = CARTESIAN_POINT('',(3.,0.854735637949,127.5812954923));
#620 = CARTESIAN_POINT('',(3.,0.905304992328,127.77037949447));
#621 = CARTESIAN_POINT('',(3.,0.971924765185,127.95436082911));
#622 = CARTESIAN_POINT('',(3.,1.053771378024,128.13176963912));
#623 = CARTESIAN_POINT('',(3.,1.189488417446,128.37152933212));
#624 = CARTESIAN_POINT('',(3.,1.231676557698,128.4404251621));
#625 = CARTESIAN_POINT('',(3.,1.276218058599,128.50788801113));
#626 = CARTESIAN_POINT('',(3.,1.323033163709,128.57383740177));
#627 = CARTESIAN_POINT('',(3.,1.372037750379,128.63820069697));
#628 = CARTESIAN_POINT('',(3.,1.423143780339,128.70091291767));
#629 = CARTESIAN_POINT('',(3.,1.550783055491,128.84750650822));
#630 = CARTESIAN_POINT('',(3.,1.629265284176,128.92973568359));
#631 = CARTESIAN_POINT('',(3.,1.711452626561,129.00844450957));
#632 = CARTESIAN_POINT('',(3.,1.797084763808,129.0835098719));
#633 = CARTESIAN_POINT('',(3.,1.885897304252,129.15484321977));
#634 = CARTESIAN_POINT('',(3.,1.977624219631,129.22238866656));
#635 = CARTESIAN_POINT('',(3.,2.20569907554,129.37640826817));
#636 = CARTESIAN_POINT('',(3.,2.344723760427,129.45904944887));
#637 = CARTESIAN_POINT('',(3.,2.488320931254,129.53397339567));
#638 = CARTESIAN_POINT('',(3.,2.635771710118,129.60125670543));
#639 = CARTESIAN_POINT('',(3.,2.786405251764,129.66110259068));
#640 = CARTESIAN_POINT('',(3.,2.939608411574,129.71382573517));
#641 = CARTESIAN_POINT('',(3.,3.323931107178,129.82776211203));
#642 = CARTESIAN_POINT('',(3.,3.557389823502,129.88106078705));
#643 = CARTESIAN_POINT('',(3.,3.793562112433,129.92112618294));
#644 = CARTESIAN_POINT('',(3.,4.03112717325,129.94976625863));
#645 = CARTESIAN_POINT('',(3.,4.269112248172,129.96915009452));
#646 = CARTESIAN_POINT('',(3.,4.50694813976,129.98165284847));
#647 = CARTESIAN_POINT('',(3.,4.924501313988,129.99524778831));
#648 = CARTESIAN_POINT('',(3.,5.104298327676,129.99836986754));
#649 = CARTESIAN_POINT('',(3.,5.283828568542,129.99967513905));
#650 = CARTESIAN_POINT('',(3.,5.4630835919,129.99999976045));
#651 = CARTESIAN_POINT('',(3.,5.642125123302,130.00000004644));
#652 = CARTESIAN_POINT('',(3.,5.821059176344,130.));
#653 = CARTESIAN_POINT('',(3.,5.999999927,130.));
#654 = PCURVE('',#266,#655);
#655 = DEFINITIONAL_REPRESENTATION('',(#656),#695);
#656 = B_SPLINE_CURVE_WITH_KNOTS('',7,(#657,#658,#659,#660,#661,#662,
    #663,#664,#665,#666,#667,#668,#669,#670,#671,#672,#673,#674,#675,
    #676,#677,#678,#679,#680,#681,#682,#683,#684,#685,#686,#687,#688,
    #689,#690,#691,#692,#693,#694),.UNSPECIFIED.,.F.,.F.,(8,6,6,6,6,6,8)
  ,(0.,0.201785013949,0.285394580572,0.402701320102,0.568885089055,
    0.814161777024,1.),.UNSPECIFIED.);
#657 = CARTESIAN_POINT('',(-0.523598775598,0.));
#658 = CARTESIAN_POINT('',(-0.523598775598,6.477531910297E-02));
#659 = CARTESIAN_POINT('',(-0.525011870517,0.129568400499));
#660 = CARTESIAN_POINT('',(-0.527839503847,0.194209552321));
#661 = CARTESIAN_POINT('',(-0.53209716702,0.258569416089));
#662 = CARTESIAN_POINT('',(-0.537823070075,0.322528588994));
#663 = CARTESIAN_POINT('',(-0.545076729408,0.385951558952));
#664 = CARTESIAN_POINT('',(-0.557594775679,0.474650230269));
#665 = CARTESIAN_POINT('',(-0.561536793933,0.500517362871));
#666 = CARTESIAN_POINT('',(-0.565758866297,0.526256056974));
#667 = CARTESIAN_POINT('',(-0.570266987424,0.551856335329));
#668 = CARTESIAN_POINT('',(-0.575067767015,0.577308252568));
#669 = CARTESIAN_POINT('',(-0.580168389152,0.602601611073));
#670 = CARTESIAN_POINT('',(-0.593164414483,0.662975497622));
#671 = CARTESIAN_POINT('',(-0.601357945107,0.697893125801));
#672 = CARTESIAN_POINT('',(-0.610178297254,0.732448648922));
#673 = CARTESIAN_POINT('',(-0.6196494517,0.766613131679));
#674 = CARTESIAN_POINT('',(-0.629797825367,0.800357313744));
#675 = CARTESIAN_POINT('',(-0.640651860449,0.833650307596));
#676 = CARTESIAN_POINT('',(-0.668660353472,0.91293606262));
#677 = CARTESIAN_POINT('',(-0.686556689082,0.958443784245));
#678 = CARTESIAN_POINT('',(-0.706016253909,1.002885690101));
#679 = CARTESIAN_POINT('',(-0.727133783552,1.046166701501));
#680 = CARTESIAN_POINT('',(-0.750011892449,1.088183749944));
#681 = CARTESIAN_POINT('',(-0.77475463681,1.128820741023));
#682 = CARTESIAN_POINT('',(-0.840865178701,1.225695280349));
#683 = CARTESIAN_POINT('',(-0.884533441368,1.280142455331));
#684 = CARTESIAN_POINT('',(-0.932782330534,1.330901883053));
#685 = CARTESIAN_POINT('',(-0.98588877938,1.377511038381));
#686 = CARTESIAN_POINT('',(-1.04403214564,1.419409437544));
#687 = CARTESIAN_POINT('',(-1.107061508107,1.455979533685));
#688 = CARTESIAN_POINT('',(-1.22550222552,1.509902918796));
#689 = CARTESIAN_POINT('',(-1.279047915208,1.529760597706));
#690 = CARTESIAN_POINT('',(-1.334846346669,1.545986686851));
#691 = CARTESIAN_POINT('',(-1.392516914591,1.558344810853));
#692 = CARTESIAN_POINT('',(-1.451504813414,1.566645596954));
#693 = CARTESIAN_POINT('',(-1.511149385576,1.570796325343));
#694 = CARTESIAN_POINT('',(-1.570796302461,1.570796326795));
#695 = ( GEOMETRIC_REPRESENTATION_CONTEXT(2) 
PARAMETRIC_REPRESENTATION_CONTEXT() REPRESENTATION_CONTEXT('2D SPACE',''
  ) );
#696 = PCURVE('',#319,#697);
#697 = DEFINITIONAL_REPRESENTATION('',(#698),#737);
#698 = B_SPLINE_CURVE_WITH_KNOTS('',7,(#699,#700,#701,#702,#703,#704,
    #705,#706,#707,#708,#709,#710,#711,#712,#713,#714,#715,#716,#717,
    #718,#719,#720,#721,#722,#723,#724,#725,#726,#727,#728,#729,#730,
    #731,#732,#733,#734,#735,#736),.UNSPECIFIED.,.F.,.F.,(8,6,6,6,6,6,8)
  ,(0.,0.201785013949,0.285394580572,0.402701320102,0.568885089055,
    0.814161777024,1.),.UNSPECIFIED.);
#699 = CARTESIAN_POINT('',(123.,2.196152422707));
#700 = CARTESIAN_POINT('',(123.1943259573,2.196152422707));
#701 = CARTESIAN_POINT('',(123.3887057421,2.17919490187));
#702 = CARTESIAN_POINT('',(123.5812954923,2.145264362051));
#703 = CARTESIAN_POINT('',(123.77037949447,2.094695007672));
#704 = CARTESIAN_POINT('',(123.95436082911,2.028075234815));
#705 = CARTESIAN_POINT('',(124.13176963912,1.946228621976));
#706 = CARTESIAN_POINT('',(124.37152933212,1.810511582554));
#707 = CARTESIAN_POINT('',(124.4404251621,1.768323442302));
#708 = CARTESIAN_POINT('',(124.50788801113,1.723781941401));
#709 = CARTESIAN_POINT('',(124.57383740177,1.676966836291));
#710 = CARTESIAN_POINT('',(124.63820069697,1.627962249621));
#711 = CARTESIAN_POINT('',(124.70091291767,1.576856219661));
#712 = CARTESIAN_POINT('',(124.84750650822,1.449216944509));
#713 = CARTESIAN_POINT('',(124.92973568359,1.370734715824));
#714 = CARTESIAN_POINT('',(125.00844450957,1.288547373439));
#715 = CARTESIAN_POINT('',(125.0835098719,1.202915236192));
#716 = CARTESIAN_POINT('',(125.15484321977,1.114102695748));
#717 = CARTESIAN_POINT('',(125.22238866656,1.022375780369));
#718 = CARTESIAN_POINT('',(125.37640826817,0.79430092446));
#719 = CARTESIAN_POINT('',(125.45904944887,0.655276239573));
#720 = CARTESIAN_POINT('',(125.53397339567,0.511679068746));
#721 = CARTESIAN_POINT('',(125.60125670543,0.364228289882));
#722 = CARTESIAN_POINT('',(125.66110259068,0.213594748236));
#723 = CARTESIAN_POINT('',(125.71382573517,6.039158842611E-02));
#724 = CARTESIAN_POINT('',(125.82776211203,-0.323931107178));
#725 = CARTESIAN_POINT('',(125.88106078705,-0.557389823502));
#726 = CARTESIAN_POINT('',(125.92112618294,-0.793562112433));
#727 = CARTESIAN_POINT('',(125.94976625863,-1.03112717325));
#728 = CARTESIAN_POINT('',(125.96915009452,-1.269112248172));
#729 = CARTESIAN_POINT('',(125.98165284847,-1.50694813976));
#730 = CARTESIAN_POINT('',(125.99524778831,-1.924501313988));
#731 = CARTESIAN_POINT('',(125.99836986754,-2.104298327676));
#732 = CARTESIAN_POINT('',(125.99967513905,-2.283828568542));
#733 = CARTESIAN_POINT('',(125.99999976045,-2.4630835919));
#734 = CARTESIAN_POINT('',(126.00000004644,-2.642125123302));
#735 = CARTESIAN_POINT('',(126.,-2.821059176344));
#736 = CARTESIAN_POINT('',(126.,-2.999999927));
#737 = ( GEOMETRIC_REPRESENTATION_CONTEXT(2) 
PARAMETRIC_REPRESENTATION_CONTEXT() REPRESENTATION_CONTEXT('2D SPACE',''
  ) );
#738 = ORIENTED_EDGE('',*,*,#739,.T.);
#739 = EDGE_CURVE('',#612,#583,#740,.T.);
#740 = SURFACE_CURVE('',#741,(#780,#822),.PCURVE_S1.);
#741 = B_SPLINE_CURVE_WITH_KNOTS('',7,(#742,#743,#744,#745,#746,#747,
    #748,#749,#750,#751,#752,#753,#754,#755,#756,#757,#758,#759,#760,
    #761,#762,#763,#764,#765,#766,#767,#768,#769,#770,#771,#772,#773,
    #774,#775,#776,#777,#778,#779),.UNSPECIFIED.,.F.,.F.,(8,6,6,6,6,6,8)
  ,(0.,0.201785013948,0.285394580571,0.402701320102,0.568885089054,
    0.814161777023,1.),.UNSPECIFIED.);
#742 = CARTESIAN_POINT('',(0.803847577293,3.,127.));
#743 = CARTESIAN_POINT('',(0.803847577293,3.,127.1943259573));
#744 = CARTESIAN_POINT('',(0.820805098129,3.,127.3887057421));
#745 = CARTESIAN_POINT('',(0.854735637949,3.,127.5812954923));
#746 = CARTESIAN_POINT('',(0.905304992327,3.,127.77037949446));
#747 = CARTESIAN_POINT('',(0.971924765184,3.,127.9543608291));
#748 = CARTESIAN_POINT('',(1.053771378022,3.,128.13176963911));
#749 = CARTESIAN_POINT('',(1.189488417444,3.,128.37152933212));
#750 = CARTESIAN_POINT('',(1.231676557696,3.,128.4404251621));
#751 = CARTESIAN_POINT('',(1.276218058597,3.,128.50788801113));
#752 = CARTESIAN_POINT('',(1.323033163707,3.,128.57383740177));
#753 = CARTESIAN_POINT('',(1.372037750376,3.,128.63820069697));
#754 = CARTESIAN_POINT('',(1.423143780337,3.,128.70091291767));
#755 = CARTESIAN_POINT('',(1.550783055488,3.,128.84750650822));
#756 = CARTESIAN_POINT('',(1.629265284173,3.,128.92973568358));
#757 = CARTESIAN_POINT('',(1.711452626558,3.,129.00844450957));
#758 = CARTESIAN_POINT('',(1.797084763805,3.,129.0835098719));
#759 = CARTESIAN_POINT('',(1.885897304249,3.,129.15484321977));
#760 = CARTESIAN_POINT('',(1.977624219628,3.,129.22238866655));
#761 = CARTESIAN_POINT('',(2.205699075536,3.,129.37640826817));
#762 = CARTESIAN_POINT('',(2.344723760423,3.,129.45904944887));
#763 = CARTESIAN_POINT('',(2.48832093125,3.,129.53397339567));
#764 = CARTESIAN_POINT('',(2.635771710114,3.,129.60125670542));
#765 = CARTESIAN_POINT('',(2.786405251759,3.,129.66110259067));
#766 = CARTESIAN_POINT('',(2.939608411569,3.,129.71382573517));
#767 = CARTESIAN_POINT('',(3.323931107173,3.,129.82776211203));
#768 = CARTESIAN_POINT('',(3.557389823499,3.,129.88106078705));
#769 = CARTESIAN_POINT('',(3.793562112426,3.,129.92112618294));
#770 = CARTESIAN_POINT('',(4.031127173248,3.,129.94976625863));
#771 = CARTESIAN_POINT('',(4.269112248167,3.,129.96915009452));
#772 = CARTESIAN_POINT('',(4.506948139756,3.,129.98165284847));
#773 = CARTESIAN_POINT('',(4.924501313985,3.,129.99524778831));
#774 = CARTESIAN_POINT('',(5.104298327669,3.,129.99836986754));
#775 = CARTESIAN_POINT('',(5.283828568548,3.,129.99967513905));
#776 = CARTESIAN_POINT('',(5.46308359189,3.,129.99999976045));
#777 = CARTESIAN_POINT('',(5.642125123306,3.,130.00000004644));
#778 = CARTESIAN_POINT('',(5.821059176342,3.,130.));
#779 = CARTESIAN_POINT('',(5.999999927,3.,130.));
#780 = PCURVE('',#266,#781);
#781 = DEFINITIONAL_REPRESENTATION('',(#782),#821);
#782 = B_SPLINE_CURVE_WITH_KNOTS('',7,(#783,#784,#785,#786,#787,#788,
    #789,#790,#791,#792,#793,#794,#795,#796,#797,#798,#799,#800,#801,
    #802,#803,#804,#805,#806,#807,#808,#809,#810,#811,#812,#813,#814,
    #815,#816,#817,#818,#819,#820),.UNSPECIFIED.,.F.,.F.,(8,6,6,6,6,6,8)
  ,(0.,0.201785013948,0.285394580571,0.402701320102,0.568885089054,
    0.814161777023,1.),.UNSPECIFIED.);
#783 = CARTESIAN_POINT('',(-1.047197551197,0.));
#784 = CARTESIAN_POINT('',(-1.047197551197,6.477531910278E-02));
#785 = CARTESIAN_POINT('',(-1.045784456278,0.129568400499));
#786 = CARTESIAN_POINT('',(-1.042956822948,0.19420955232));
#787 = CARTESIAN_POINT('',(-1.038699159775,0.258569416088));
#788 = CARTESIAN_POINT('',(-1.03297325672,0.322528588993));
#789 = CARTESIAN_POINT('',(-1.025719597387,0.385951558951));
#790 = CARTESIAN_POINT('',(-1.013201551116,0.474650230268));
#791 = CARTESIAN_POINT('',(-1.009259532862,0.50051736287));
#792 = CARTESIAN_POINT('',(-1.005037460498,0.526256056973));
#793 = CARTESIAN_POINT('',(-1.000529339372,0.551856335327));
#794 = CARTESIAN_POINT('',(-0.99572855978,0.577308252566));
#795 = CARTESIAN_POINT('',(-0.990627937643,0.602601611072));
#796 = CARTESIAN_POINT('',(-0.977631912312,0.662975497621));
#797 = CARTESIAN_POINT('',(-0.969438381688,0.6978931258));
#798 = CARTESIAN_POINT('',(-0.960618029541,0.732448648921));
#799 = CARTESIAN_POINT('',(-0.951146875095,0.766613131678));
#800 = CARTESIAN_POINT('',(-0.940998501428,0.800357313743));
#801 = CARTESIAN_POINT('',(-0.930144466346,0.833650307595));
#802 = CARTESIAN_POINT('',(-0.902135973323,0.912936062619));
#803 = CARTESIAN_POINT('',(-0.884239637713,0.958443784244));
#804 = CARTESIAN_POINT('',(-0.864780072887,1.0028856901));
#805 = CARTESIAN_POINT('',(-0.843662543244,1.046166701499));
#806 = CARTESIAN_POINT('',(-0.820784434347,1.088183749943));
#807 = CARTESIAN_POINT('',(-0.796041689986,1.128820741022));
#808 = CARTESIAN_POINT('',(-0.729931148095,1.225695280348));
#809 = CARTESIAN_POINT('',(-0.686262885428,1.28014245533));
#810 = CARTESIAN_POINT('',(-0.638013996262,1.330901883051));
#811 = CARTESIAN_POINT('',(-0.584907547416,1.37751103838));
#812 = CARTESIAN_POINT('',(-0.526764181156,1.419409437543));
#813 = CARTESIAN_POINT('',(-0.463734818689,1.455979533685));
#814 = CARTESIAN_POINT('',(-0.345294101276,1.509902918796));
#815 = CARTESIAN_POINT('',(-0.291748411589,1.529760597706));
#816 = CARTESIAN_POINT('',(-0.235949980125,1.545986686851));
#817 = CARTESIAN_POINT('',(-0.178279412207,1.558344810852));
#818 = CARTESIAN_POINT('',(-0.11929151338,1.566645596954));
#819 = CARTESIAN_POINT('',(-5.964694121949E-02,1.570796325343));
#820 = CARTESIAN_POINT('',(-2.433349433062E-08,1.570796326795));
#821 = ( GEOMETRIC_REPRESENTATION_CONTEXT(2) 
PARAMETRIC_REPRESENTATION_CONTEXT() REPRESENTATION_CONTEXT('2D SPACE',''
  ) );
#822 = PCURVE('',#823,#828);
#823 = PLANE('',#824);
#824 = AXIS2_PLACEMENT_3D('',#825,#826,#827);
#825 = CARTESIAN_POINT('',(3.,3.,4.));
#826 = DIRECTION('',(-0.,1.,0.));
#827 = DIRECTION('',(0.,0.,1.));
#828 = DEFINITIONAL_REPRESENTATION('',(#829),#868);
#829 = B_SPLINE_CURVE_WITH_KNOTS('',7,(#830,#831,#832,#833,#834,#835,
    #836,#837,#838,#839,#840,#841,#842,#843,#844,#845,#846,#847,#848,
    #849,#850,#851,#852,#853,#854,#855,#856,#857,#858,#859,#860,#861,
    #862,#863,#864,#865,#866,#867),.UNSPECIFIED.,.F.,.F.,(8,6,6,6,6,6,8)
  ,(0.,0.201785013948,0.285394580571,0.402701320102,0.568885089054,
    0.814161777023,1.),.UNSPECIFIED.);
#830 = CARTESIAN_POINT('',(123.,-2.196152422707));
#831 = CARTESIAN_POINT('',(123.1943259573,-2.196152422707));
#832 = CARTESIAN_POINT('',(123.3887057421,-2.179194901871));
#833 = CARTESIAN_POINT('',(123.5812954923,-2.145264362051));
#834 = CARTESIAN_POINT('',(123.77037949446,-2.094695007673));
#835 = CARTESIAN_POINT('',(123.9543608291,-2.028075234816));
#836 = CARTESIAN_POINT('',(124.13176963911,-1.946228621978));
#837 = CARTESIAN_POINT('',(124.37152933212,-1.810511582556));
#838 = CARTESIAN_POINT('',(124.4404251621,-1.768323442304));
#839 = CARTESIAN_POINT('',(124.50788801113,-1.723781941403));
#840 = CARTESIAN_POINT('',(124.57383740177,-1.676966836293));
#841 = CARTESIAN_POINT('',(124.63820069697,-1.627962249624));
#842 = CARTESIAN_POINT('',(124.70091291767,-1.576856219663));
#843 = CARTESIAN_POINT('',(124.84750650822,-1.449216944512));
#844 = CARTESIAN_POINT('',(124.92973568358,-1.370734715827));
#845 = CARTESIAN_POINT('',(125.00844450957,-1.288547373442));
#846 = CARTESIAN_POINT('',(125.0835098719,-1.202915236195));
#847 = CARTESIAN_POINT('',(125.15484321977,-1.114102695751));
#848 = CARTESIAN_POINT('',(125.22238866655,-1.022375780372));
#849 = CARTESIAN_POINT('',(125.37640826817,-0.794300924464));
#850 = CARTESIAN_POINT('',(125.45904944887,-0.655276239577));
#851 = CARTESIAN_POINT('',(125.53397339567,-0.51167906875));
#852 = CARTESIAN_POINT('',(125.60125670542,-0.364228289886));
#853 = CARTESIAN_POINT('',(125.66110259067,-0.213594748241));
#854 = CARTESIAN_POINT('',(125.71382573517,-6.039158843072E-02));
#855 = CARTESIAN_POINT('',(125.82776211203,0.323931107173));
#856 = CARTESIAN_POINT('',(125.88106078705,0.557389823499));
#857 = CARTESIAN_POINT('',(125.92112618294,0.793562112426));
#858 = CARTESIAN_POINT('',(125.94976625863,1.031127173248));
#859 = CARTESIAN_POINT('',(125.96915009452,1.269112248167));
#860 = CARTESIAN_POINT('',(125.98165284847,1.506948139756));
#861 = CARTESIAN_POINT('',(125.99524778831,1.924501313985));
#862 = CARTESIAN_POINT('',(125.99836986754,2.104298327669));
#863 = CARTESIAN_POINT('',(125.99967513905,2.283828568548));
#864 = CARTESIAN_POINT('',(125.99999976045,2.46308359189));
#865 = CARTESIAN_POINT('',(126.00000004644,2.642125123306));
#866 = CARTESIAN_POINT('',(126.,2.821059176342));
#867 = CARTESIAN_POINT('',(126.,2.999999927));
#868 = ( GEOMETRIC_REPRESENTATION_CONTEXT(2) 
PARAMETRIC_REPRESENTATION_CONTEXT() REPRESENTATION_CONTEXT('2D SPACE',''
  ) );
#869 = ADVANCED_FACE('',(#870,#918),#239,.F.);
#870 = FACE_BOUND('',#871,.F.);
#871 = EDGE_LOOP('',(#872,#873,#896,#917));
#872 = ORIENTED_EDGE('',*,*,#223,.T.);
#873 = ORIENTED_EDGE('',*,*,#874,.F.);
#874 = EDGE_CURVE('',#875,#224,#877,.T.);
#875 = VERTEX_POINT('',#876);
#876 = CARTESIAN_POINT('',(346.96,-8.881784197001E-16,127.));
#877 = SURFACE_CURVE('',#878,(#882,#889),.PCURVE_S1.);
#878 = LINE('',#879,#880);
#879 = CARTESIAN_POINT('',(346.96,-4.440892098501E-16,127.));
#880 = VECTOR('',#881,1.);
#881 = DIRECTION('',(-1.,-0.,0.));
#882 = PCURVE('',#239,#883);
#883 = DEFINITIONAL_REPRESENTATION('',(#884),#888);
#884 = LINE('',#885,#886);
#885 = CARTESIAN_POINT('',(127.,346.96));
#886 = VECTOR('',#887,1.);
#887 = DIRECTION('',(0.,-1.));
#888 = ( GEOMETRIC_REPRESENTATION_CONTEXT(2) 
PARAMETRIC_REPRESENTATION_CONTEXT() REPRESENTATION_CONTEXT('2D SPACE',''
  ) );
#889 = PCURVE('',#598,#890);
#890 = DEFINITIONAL_REPRESENTATION('',(#891),#895);
#891 = LINE('',#892,#893);
#892 = CARTESIAN_POINT('',(0.,0.));
#893 = VECTOR('',#894,1.);
#894 = DIRECTION('',(0.,1.));
#895 = ( GEOMETRIC_REPRESENTATION_CONTEXT(2) 
PARAMETRIC_REPRESENTATION_CONTEXT() REPRESENTATION_CONTEXT('2D SPACE',''
  ) );
#896 = ORIENTED_EDGE('',*,*,#897,.F.);
#897 = EDGE_CURVE('',#363,#875,#898,.T.);
#898 = SURFACE_CURVE('',#899,(#903,#910),.PCURVE_S1.);
#899 = LINE('',#900,#901);
#900 = CARTESIAN_POINT('',(346.96,-8.881784197001E-16,0.));
#901 = VECTOR('',#902,1.);
#902 = DIRECTION('',(0.,0.,1.));
#903 = PCURVE('',#239,#904);
#904 = DEFINITIONAL_REPRESENTATION('',(#905),#909);
#905 = LINE('',#906,#907);
#906 = CARTESIAN_POINT('',(0.,346.96));
#907 = VECTOR('',#908,1.);
#908 = DIRECTION('',(1.,0.));
#909 = ( GEOMETRIC_REPRESENTATION_CONTEXT(2) 
PARAMETRIC_REPRESENTATION_CONTEXT() REPRESENTATION_CONTEXT('2D SPACE',''
  ) );
#910 = PCURVE('',#406,#911);
#911 = DEFINITIONAL_REPRESENTATION('',(#912),#916);
#912 = LINE('',#913,#914);
#913 = CARTESIAN_POINT('',(-1.570796326795,0.));
#914 = VECTOR('',#915,1.);
#915 = DIRECTION('',(-0.,1.));
#916 = ( GEOMETRIC_REPRESENTATION_CONTEXT(2) 
PARAMETRIC_REPRESENTATION_CONTEXT() REPRESENTATION_CONTEXT('2D SPACE',''
  ) );
#917 = ORIENTED_EDGE('',*,*,#362,.F.);
#918 = FACE_BOUND('',#919,.F.);
#919 = EDGE_LOOP('',(#920,#948,#974,#1000));
#920 = ORIENTED_EDGE('',*,*,#921,.F.);
#921 = EDGE_CURVE('',#922,#924,#926,.T.);
#922 = VERTEX_POINT('',#923);
#923 = CARTESIAN_POINT('',(10.,0.,114.38));
#924 = VERTEX_POINT('',#925);
#925 = CARTESIAN_POINT('',(190.96,0.,114.38));
#926 = SURFACE_CURVE('',#927,(#931,#937),.PCURVE_S1.);
#927 = LINE('',#928,#929);
#928 = CARTESIAN_POINT('',(5.,0.,114.38));
#929 = VECTOR('',#930,1.);
#930 = DIRECTION('',(1.,0.,-0.));
#931 = PCURVE('',#239,#932);
#932 = DEFINITIONAL_REPRESENTATION('',(#933),#936);
#933 = B_SPLINE_CURVE_WITH_KNOTS('',1,(#934,#935),.UNSPECIFIED.,.F.,.F.,
  (2,2),(5.,185.96),.PIECEWISE_BEZIER_KNOTS.);
#934 = CARTESIAN_POINT('',(114.38,10.));
#935 = CARTESIAN_POINT('',(114.38,190.96));
#936 = ( GEOMETRIC_REPRESENTATION_CONTEXT(2) 
PARAMETRIC_REPRESENTATION_CONTEXT() REPRESENTATION_CONTEXT('2D SPACE',''
  ) );
#937 = PCURVE('',#938,#943);
#938 = PLANE('',#939);
#939 = AXIS2_PLACEMENT_3D('',#940,#941,#942);
#940 = CARTESIAN_POINT('',(10.,-1.,114.38));
#941 = DIRECTION('',(0.,0.,1.));
#942 = DIRECTION('',(1.,0.,-0.));
#943 = DEFINITIONAL_REPRESENTATION('',(#944),#947);
#944 = B_SPLINE_CURVE_WITH_KNOTS('',1,(#945,#946),.UNSPECIFIED.,.F.,.F.,
  (2,2),(5.,185.96),.PIECEWISE_BEZIER_KNOTS.);
#945 = CARTESIAN_POINT('',(0.,1.));
#946 = CARTESIAN_POINT('',(180.96,1.));
#947 = ( GEOMETRIC_REPRESENTATION_CONTEXT(2) 
PARAMETRIC_REPRESENTATION_CONTEXT() REPRESENTATION_CONTEXT('2D SPACE',''
  ) );
#948 = ORIENTED_EDGE('',*,*,#949,.T.);
#949 = EDGE_CURVE('',#922,#950,#952,.T.);
#950 = VERTEX_POINT('',#951);
#951 = CARTESIAN_POINT('',(10.,0.,15.62));
#952 = SURFACE_CURVE('',#953,(#957,#963),.PCURVE_S1.);
#953 = LINE('',#954,#955);
#954 = CARTESIAN_POINT('',(10.,0.,7.81));
#955 = VECTOR('',#956,1.);
#956 = DIRECTION('',(-0.,0.,-1.));
#957 = PCURVE('',#239,#958);
#958 = DEFINITIONAL_REPRESENTATION('',(#959),#962);
#959 = B_SPLINE_CURVE_WITH_KNOTS('',1,(#960,#961),.UNSPECIFIED.,.F.,.F.,
  (2,2),(-106.57,-7.81),.PIECEWISE_BEZIER_KNOTS.);
#960 = CARTESIAN_POINT('',(114.38,10.));
#961 = CARTESIAN_POINT('',(15.62,10.));
#962 = ( GEOMETRIC_REPRESENTATION_CONTEXT(2) 
PARAMETRIC_REPRESENTATION_CONTEXT() REPRESENTATION_CONTEXT('2D SPACE',''
  ) );
#963 = PCURVE('',#964,#969);
#964 = PLANE('',#965);
#965 = AXIS2_PLACEMENT_3D('',#966,#967,#968);
#966 = CARTESIAN_POINT('',(10.,-1.,15.62));
#967 = DIRECTION('',(1.,0.,-0.));
#968 = DIRECTION('',(0.,0.,1.));
#969 = DEFINITIONAL_REPRESENTATION('',(#970),#973);
#970 = B_SPLINE_CURVE_WITH_KNOTS('',1,(#971,#972),.UNSPECIFIED.,.F.,.F.,
  (2,2),(-106.57,-7.81),.PIECEWISE_BEZIER_KNOTS.);
#971 = CARTESIAN_POINT('',(98.76,-1.));
#972 = CARTESIAN_POINT('',(0.,-1.));
#973 = ( GEOMETRIC_REPRESENTATION_CONTEXT(2) 
PARAMETRIC_REPRESENTATION_CONTEXT() REPRESENTATION_CONTEXT('2D SPACE',''
  ) );
#974 = ORIENTED_EDGE('',*,*,#975,.T.);
#975 = EDGE_CURVE('',#950,#976,#978,.T.);
#976 = VERTEX_POINT('',#977);
#977 = CARTESIAN_POINT('',(190.96,0.,15.62));
#978 = SURFACE_CURVE('',#979,(#983,#989),.PCURVE_S1.);
#979 = LINE('',#980,#981);
#980 = CARTESIAN_POINT('',(5.,0.,15.62));
#981 = VECTOR('',#982,1.);
#982 = DIRECTION('',(1.,0.,-0.));
#983 = PCURVE('',#239,#984);
#984 = DEFINITIONAL_REPRESENTATION('',(#985),#988);
#985 = B_SPLINE_CURVE_WITH_KNOTS('',1,(#986,#987),.UNSPECIFIED.,.F.,.F.,
  (2,2),(5.,185.96),.PIECEWISE_BEZIER_KNOTS.);
#986 = CARTESIAN_POINT('',(15.62,10.));
#987 = CARTESIAN_POINT('',(15.62,190.96));
#988 = ( GEOMETRIC_REPRESENTATION_CONTEXT(2) 
PARAMETRIC_REPRESENTATION_CONTEXT() REPRESENTATION_CONTEXT('2D SPACE',''
  ) );
#989 = PCURVE('',#990,#995);
#990 = PLANE('',#991);
#991 = AXIS2_PLACEMENT_3D('',#992,#993,#994);
#992 = CARTESIAN_POINT('',(10.,-1.,15.62));
#993 = DIRECTION('',(0.,0.,1.));
#994 = DIRECTION('',(1.,0.,-0.));
#995 = DEFINITIONAL_REPRESENTATION('',(#996),#999);
#996 = B_SPLINE_CURVE_WITH_KNOTS('',1,(#997,#998),.UNSPECIFIED.,.F.,.F.,
  (2,2),(5.,185.96),.PIECEWISE_BEZIER_KNOTS.);
#997 = CARTESIAN_POINT('',(0.,1.));
#998 = CARTESIAN_POINT('',(180.96,1.));
#999 = ( GEOMETRIC_REPRESENTATION_CONTEXT(2) 
PARAMETRIC_REPRESENTATION_CONTEXT() REPRESENTATION_CONTEXT('2D SPACE',''
  ) );
#1000 = ORIENTED_EDGE('',*,*,#1001,.F.);
#1001 = EDGE_CURVE('',#924,#976,#1002,.T.);
#1002 = SURFACE_CURVE('',#1003,(#1007,#1013),.PCURVE_S1.);
#1003 = LINE('',#1004,#1005);
#1004 = CARTESIAN_POINT('',(190.96,0.,7.81));
#1005 = VECTOR('',#1006,1.);
#1006 = DIRECTION('',(-0.,0.,-1.));
#1007 = PCURVE('',#239,#1008);
#1008 = DEFINITIONAL_REPRESENTATION('',(#1009),#1012);
#1009 = B_SPLINE_CURVE_WITH_KNOTS('',1,(#1010,#1011),.UNSPECIFIED.,.F.,
  .F.,(2,2),(-106.57,-7.81),.PIECEWISE_BEZIER_KNOTS.);
#1010 = CARTESIAN_POINT('',(114.38,190.96));
#1011 = CARTESIAN_POINT('',(15.62,190.96));
#1012 = ( GEOMETRIC_REPRESENTATION_CONTEXT(2) 
PARAMETRIC_REPRESENTATION_CONTEXT() REPRESENTATION_CONTEXT('2D SPACE',''
  ) );
#1013 = PCURVE('',#1014,#1019);
#1014 = PLANE('',#1015);
#1015 = AXIS2_PLACEMENT_3D('',#1016,#1017,#1018);
#1016 = CARTESIAN_POINT('',(190.96,-1.,15.62));
#1017 = DIRECTION('',(1.,0.,-0.));
#1018 = DIRECTION('',(0.,0.,1.));
#1019 = DEFINITIONAL_REPRESENTATION('',(#1020),#1023);
#1020 = B_SPLINE_CURVE_WITH_KNOTS('',1,(#1021,#1022),.UNSPECIFIED.,.F.,
  .F.,(2,2),(-106.57,-7.81),.PIECEWISE_BEZIER_KNOTS.);
#1021 = CARTESIAN_POINT('',(98.76,-1.));
#1022 = CARTESIAN_POINT('',(0.,-1.));
#1023 = ( GEOMETRIC_REPRESENTATION_CONTEXT(2) 
PARAMETRIC_REPRESENTATION_CONTEXT() REPRESENTATION_CONTEXT('2D SPACE',''
  ) );
#1024 = ADVANCED_FACE('',(#1025),#319,.T.);
#1025 = FACE_BOUND('',#1026,.T.);
#1026 = EDGE_LOOP('',(#1027,#1050,#1078,#1106,#1232,#1233));
#1027 = ORIENTED_EDGE('',*,*,#1028,.F.);
#1028 = EDGE_CURVE('',#1029,#612,#1031,.T.);
#1029 = VERTEX_POINT('',#1030);
#1030 = CARTESIAN_POINT('',(3.,3.,4.));
#1031 = SURFACE_CURVE('',#1032,(#1036,#1043),.PCURVE_S1.);
#1032 = LINE('',#1033,#1034);
#1033 = CARTESIAN_POINT('',(3.,3.,4.));
#1034 = VECTOR('',#1035,1.);
#1035 = DIRECTION('',(0.,0.,1.));
#1036 = PCURVE('',#319,#1037);
#1037 = DEFINITIONAL_REPRESENTATION('',(#1038),#1042);
#1038 = LINE('',#1039,#1040);
#1039 = CARTESIAN_POINT('',(0.,0.));
#1040 = VECTOR('',#1041,1.);
#1041 = DIRECTION('',(1.,0.));
#1042 = ( GEOMETRIC_REPRESENTATION_CONTEXT(2) 
PARAMETRIC_REPRESENTATION_CONTEXT() REPRESENTATION_CONTEXT('2D SPACE',''
  ) );
#1043 = PCURVE('',#823,#1044);
#1044 = DEFINITIONAL_REPRESENTATION('',(#1045),#1049);
#1045 = LINE('',#1046,#1047);
#1046 = CARTESIAN_POINT('',(0.,0.));
#1047 = VECTOR('',#1048,1.);
#1048 = DIRECTION('',(1.,0.));
#1049 = ( GEOMETRIC_REPRESENTATION_CONTEXT(2) 
PARAMETRIC_REPRESENTATION_CONTEXT() REPRESENTATION_CONTEXT('2D SPACE',''
  ) );
#1050 = ORIENTED_EDGE('',*,*,#1051,.T.);
#1051 = EDGE_CURVE('',#1029,#1052,#1054,.T.);
#1052 = VERTEX_POINT('',#1053);
#1053 = CARTESIAN_POINT('',(3.,150.,4.));
#1054 = SURFACE_CURVE('',#1055,(#1059,#1066),.PCURVE_S1.);
#1055 = LINE('',#1056,#1057);
#1056 = CARTESIAN_POINT('',(3.,3.,4.));
#1057 = VECTOR('',#1058,1.);
#1058 = DIRECTION('',(-0.,1.,0.));
#1059 = PCURVE('',#319,#1060);
#1060 = DEFINITIONAL_REPRESENTATION('',(#1061),#1065);
#1061 = LINE('',#1062,#1063);
#1062 = CARTESIAN_POINT('',(0.,0.));
#1063 = VECTOR('',#1064,1.);
#1064 = DIRECTION('',(0.,-1.));
#1065 = ( GEOMETRIC_REPRESENTATION_CONTEXT(2) 
PARAMETRIC_REPRESENTATION_CONTEXT() REPRESENTATION_CONTEXT('2D SPACE',''
  ) );
#1066 = PCURVE('',#1067,#1072);
#1067 = PLANE('',#1068);
#1068 = AXIS2_PLACEMENT_3D('',#1069,#1070,#1071);
#1069 = CARTESIAN_POINT('',(3.,3.,4.));
#1070 = DIRECTION('',(0.,0.,1.));
#1071 = DIRECTION('',(1.,0.,-0.));
#1072 = DEFINITIONAL_REPRESENTATION('',(#1073),#1077);
#1073 = LINE('',#1074,#1075);
#1074 = CARTESIAN_POINT('',(0.,0.));
#1075 = VECTOR('',#1076,1.);
#1076 = DIRECTION('',(0.,1.));
#1077 = ( GEOMETRIC_REPRESENTATION_CONTEXT(2) 
PARAMETRIC_REPRESENTATION_CONTEXT() REPRESENTATION_CONTEXT('2D SPACE',''
  ) );
#1078 = ORIENTED_EDGE('',*,*,#1079,.T.);
#1079 = EDGE_CURVE('',#1052,#1080,#1082,.T.);
#1080 = VERTEX_POINT('',#1081);
#1081 = CARTESIAN_POINT('',(3.,150.,129.73053916337));
#1082 = SURFACE_CURVE('',#1083,(#1087,#1094),.PCURVE_S1.);
#1083 = LINE('',#1084,#1085);
#1084 = CARTESIAN_POINT('',(3.,150.,4.));
#1085 = VECTOR('',#1086,1.);
#1086 = DIRECTION('',(0.,0.,1.));
#1087 = PCURVE('',#319,#1088);
#1088 = DEFINITIONAL_REPRESENTATION('',(#1089),#1093);
#1089 = LINE('',#1090,#1091);
#1090 = CARTESIAN_POINT('',(0.,-147.));
#1091 = VECTOR('',#1092,1.);
#1092 = DIRECTION('',(1.,0.));
#1093 = ( GEOMETRIC_REPRESENTATION_CONTEXT(2) 
PARAMETRIC_REPRESENTATION_CONTEXT() REPRESENTATION_CONTEXT('2D SPACE',''
  ) );
#1094 = PCURVE('',#1095,#1100);
#1095 = PLANE('',#1096);
#1096 = AXIS2_PLACEMENT_3D('',#1097,#1098,#1099);
#1097 = CARTESIAN_POINT('',(3.,150.,4.));
#1098 = DIRECTION('',(-0.,1.,0.));
#1099 = DIRECTION('',(0.,0.,1.));
#1100 = DEFINITIONAL_REPRESENTATION('',(#1101),#1105);
#1101 = LINE('',#1102,#1103);
#1102 = CARTESIAN_POINT('',(0.,0.));
#1103 = VECTOR('',#1104,1.);
#1104 = DIRECTION('',(1.,0.));
#1105 = ( GEOMETRIC_REPRESENTATION_CONTEXT(2) 
PARAMETRIC_REPRESENTATION_CONTEXT() REPRESENTATION_CONTEXT('2D SPACE',''
  ) );
#1106 = ORIENTED_EDGE('',*,*,#1107,.T.);
#1107 = EDGE_CURVE('',#1080,#304,#1108,.T.);
#1108 = SURFACE_CURVE('',#1109,(#1148,#1190),.PCURVE_S1.);
#1109 = B_SPLINE_CURVE_WITH_KNOTS('',7,(#1110,#1111,#1112,#1113,#1114,
    #1115,#1116,#1117,#1118,#1119,#1120,#1121,#1122,#1123,#1124,#1125,
    #1126,#1127,#1128,#1129,#1130,#1131,#1132,#1133,#1134,#1135,#1136,
    #1137,#1138,#1139,#1140,#1141,#1142,#1143,#1144,#1145,#1146,#1147),
  .UNSPECIFIED.,.F.,.F.,(8,6,6,6,6,6,8),(0.,0.201785013949,
    0.285394580572,0.402701320103,0.568885089055,0.814161777024,1.),
  .UNSPECIFIED.);
#1110 = CARTESIAN_POINT('',(3.,152.1961524227,127.));
#1111 = CARTESIAN_POINT('',(3.,152.1961524227,127.1943259573));
#1112 = CARTESIAN_POINT('',(3.,152.17919490187,127.3887057421));
#1113 = CARTESIAN_POINT('',(3.,152.14526436205,127.5812954923));
#1114 = CARTESIAN_POINT('',(3.,152.09469500767,127.77037949447));
#1115 = CARTESIAN_POINT('',(3.,152.02807523481,127.95436082911));
#1116 = CARTESIAN_POINT('',(3.,151.94622862197,128.13176963912));
#1117 = CARTESIAN_POINT('',(3.,151.81051158255,128.37152933212));
#1118 = CARTESIAN_POINT('',(3.,151.76832344229,128.4404251621));
#1119 = CARTESIAN_POINT('',(3.,151.72378194139,128.50788801113));
#1120 = CARTESIAN_POINT('',(3.,151.67696683628,128.57383740178));
#1121 = CARTESIAN_POINT('',(3.,151.62796224961,128.63820069697));
#1122 = CARTESIAN_POINT('',(3.,151.57685621965,128.70091291768));
#1123 = CARTESIAN_POINT('',(3.,151.4492169445,128.84750650823));
#1124 = CARTESIAN_POINT('',(3.,151.37073471582,128.92973568359));
#1125 = CARTESIAN_POINT('',(3.,151.28854737343,129.00844450957));
#1126 = CARTESIAN_POINT('',(3.,151.20291523618,129.08350987191));
#1127 = CARTESIAN_POINT('',(3.,151.11410269574,129.15484321977));
#1128 = CARTESIAN_POINT('',(3.,151.02237578036,129.22238866656));
#1129 = CARTESIAN_POINT('',(3.,150.79430092445,129.37640826818));
#1130 = CARTESIAN_POINT('',(3.,150.65527623956,129.45904944887));
#1131 = CARTESIAN_POINT('',(3.,150.51167906874,129.53397339568));
#1132 = CARTESIAN_POINT('',(3.,150.36422828987,129.60125670543));
#1133 = CARTESIAN_POINT('',(3.,150.21359474823,129.66110259068));
#1134 = CARTESIAN_POINT('',(3.,150.06039158842,129.71382573518));
#1135 = CARTESIAN_POINT('',(3.,149.67606889281,129.82776211203));
#1136 = CARTESIAN_POINT('',(3.,149.44261017649,129.88106078705));
#1137 = CARTESIAN_POINT('',(3.,149.20643788756,129.92112618294));
#1138 = CARTESIAN_POINT('',(3.,148.96887282674,129.94976625863));
#1139 = CARTESIAN_POINT('',(3.,148.73088775182,129.96915009452));
#1140 = CARTESIAN_POINT('',(3.,148.49305186023,129.98165284847));
#1141 = CARTESIAN_POINT('',(3.,148.075498686,129.99524778831));
#1142 = CARTESIAN_POINT('',(3.,147.89570167232,129.99836986754));
#1143 = CARTESIAN_POINT('',(3.,147.71617143144,129.99967513905));
#1144 = CARTESIAN_POINT('',(3.,147.5369164081,129.99999976045));
#1145 = CARTESIAN_POINT('',(3.,147.35787487669,130.00000004644));
#1146 = CARTESIAN_POINT('',(3.,147.17894082365,130.));
#1147 = CARTESIAN_POINT('',(3.,147.000000073,130.));
#1148 = PCURVE('',#319,#1149);
#1149 = DEFINITIONAL_REPRESENTATION('',(#1150),#1189);
#1150 = B_SPLINE_CURVE_WITH_KNOTS('',7,(#1151,#1152,#1153,#1154,#1155,
    #1156,#1157,#1158,#1159,#1160,#1161,#1162,#1163,#1164,#1165,#1166,
    #1167,#1168,#1169,#1170,#1171,#1172,#1173,#1174,#1175,#1176,#1177,
    #1178,#1179,#1180,#1181,#1182,#1183,#1184,#1185,#1186,#1187,#1188),
  .UNSPECIFIED.,.F.,.F.,(8,6,6,6,6,6,8),(0.,0.201785013949,
    0.285394580572,0.402701320103,0.568885089055,0.814161777024,1.),
  .UNSPECIFIED.);
#1151 = CARTESIAN_POINT('',(123.,-149.1961524227));
#1152 = CARTESIAN_POINT('',(123.1943259573,-149.1961524227));
#1153 = CARTESIAN_POINT('',(123.3887057421,-149.1791949018));
#1154 = CARTESIAN_POINT('',(123.5812954923,-149.145264362));
#1155 = CARTESIAN_POINT('',(123.77037949447,-149.0946950076));
#1156 = CARTESIAN_POINT('',(123.95436082911,-149.0280752348));
#1157 = CARTESIAN_POINT('',(124.13176963912,-148.9462286219));
#1158 = CARTESIAN_POINT('',(124.37152933212,-148.8105115825));
#1159 = CARTESIAN_POINT('',(124.4404251621,-148.7683234422));
#1160 = CARTESIAN_POINT('',(124.50788801113,-148.7237819413));
#1161 = CARTESIAN_POINT('',(124.57383740178,-148.6769668362));
#1162 = CARTESIAN_POINT('',(124.63820069697,-148.6279622496));
#1163 = CARTESIAN_POINT('',(124.70091291768,-148.5768562196));
#1164 = CARTESIAN_POINT('',(124.84750650823,-148.4492169445));
#1165 = CARTESIAN_POINT('',(124.92973568359,-148.3707347158));
#1166 = CARTESIAN_POINT('',(125.00844450957,-148.2885473734));
#1167 = CARTESIAN_POINT('',(125.08350987191,-148.2029152361));
#1168 = CARTESIAN_POINT('',(125.15484321977,-148.1141026957));
#1169 = CARTESIAN_POINT('',(125.22238866656,-148.0223757803));
#1170 = CARTESIAN_POINT('',(125.37640826818,-147.7943009244));
#1171 = CARTESIAN_POINT('',(125.45904944887,-147.6552762395));
#1172 = CARTESIAN_POINT('',(125.53397339568,-147.5116790687));
#1173 = CARTESIAN_POINT('',(125.60125670543,-147.3642282898));
#1174 = CARTESIAN_POINT('',(125.66110259068,-147.2135947482));
#1175 = CARTESIAN_POINT('',(125.71382573517,-147.0603915884));
#1176 = CARTESIAN_POINT('',(125.82776211203,-146.6760688928));
#1177 = CARTESIAN_POINT('',(125.88106078705,-146.4426101764));
#1178 = CARTESIAN_POINT('',(125.92112618294,-146.2064378875));
#1179 = CARTESIAN_POINT('',(125.94976625863,-145.9688728267));
#1180 = CARTESIAN_POINT('',(125.96915009452,-145.7308877518));
#1181 = CARTESIAN_POINT('',(125.98165284847,-145.4930518602));
#1182 = CARTESIAN_POINT('',(125.99524778831,-145.075498686));
#1183 = CARTESIAN_POINT('',(125.99836986754,-144.8957016723));
#1184 = CARTESIAN_POINT('',(125.99967513905,-144.7161714314));
#1185 = CARTESIAN_POINT('',(125.99999976045,-144.5369164081));
#1186 = CARTESIAN_POINT('',(126.00000004644,-144.3578748766));
#1187 = CARTESIAN_POINT('',(126.,-144.1789408236));
#1188 = CARTESIAN_POINT('',(126.,-144.000000073));
#1189 = ( GEOMETRIC_REPRESENTATION_CONTEXT(2) 
PARAMETRIC_REPRESENTATION_CONTEXT() REPRESENTATION_CONTEXT('2D SPACE',''
  ) );
#1190 = PCURVE('',#345,#1191);
#1191 = DEFINITIONAL_REPRESENTATION('',(#1192),#1231);
#1192 = B_SPLINE_CURVE_WITH_KNOTS('',7,(#1193,#1194,#1195,#1196,#1197,
    #1198,#1199,#1200,#1201,#1202,#1203,#1204,#1205,#1206,#1207,#1208,
    #1209,#1210,#1211,#1212,#1213,#1214,#1215,#1216,#1217,#1218,#1219,
    #1220,#1221,#1222,#1223,#1224,#1225,#1226,#1227,#1228,#1229,#1230),
  .UNSPECIFIED.,.F.,.F.,(8,6,6,6,6,6,8),(0.,0.201785013949,
    0.285394580572,0.402701320103,0.568885089055,0.814161777024,1.),
  .UNSPECIFIED.);
#1193 = CARTESIAN_POINT('',(-1.047197551197,0.));
#1194 = CARTESIAN_POINT('',(-1.047197551197,6.477531910316E-02));
#1195 = CARTESIAN_POINT('',(-1.045784456278,0.129568400499));
#1196 = CARTESIAN_POINT('',(-1.042956822948,0.194209552321));
#1197 = CARTESIAN_POINT('',(-1.038699159775,0.258569416089));
#1198 = CARTESIAN_POINT('',(-1.03297325672,0.322528588995));
#1199 = CARTESIAN_POINT('',(-1.025719597386,0.385951558953));
#1200 = CARTESIAN_POINT('',(-1.013201551115,0.47465023027));
#1201 = CARTESIAN_POINT('',(-1.009259532862,0.500517362873));
#1202 = CARTESIAN_POINT('',(-1.005037460498,0.526256056976));
#1203 = CARTESIAN_POINT('',(-1.000529339371,0.55185633533));
#1204 = CARTESIAN_POINT('',(-0.99572855978,0.577308252569));
#1205 = CARTESIAN_POINT('',(-0.990627937643,0.602601611075));
#1206 = CARTESIAN_POINT('',(-0.977631912312,0.662975497623));
#1207 = CARTESIAN_POINT('',(-0.969438381688,0.697893125802));
#1208 = CARTESIAN_POINT('',(-0.96061802954,0.732448648923));
#1209 = CARTESIAN_POINT('',(-0.951146875094,0.76661313168));
#1210 = CARTESIAN_POINT('',(-0.940998501427,0.800357313745));
#1211 = CARTESIAN_POINT('',(-0.930144466346,0.833650307597));
#1212 = CARTESIAN_POINT('',(-0.902135973322,0.912936062622));
#1213 = CARTESIAN_POINT('',(-0.884239637712,0.958443784247));
#1214 = CARTESIAN_POINT('',(-0.864780072885,1.002885690103));
#1215 = CARTESIAN_POINT('',(-0.843662543242,1.046166701502));
#1216 = CARTESIAN_POINT('',(-0.820784434345,1.088183749946));
#1217 = CARTESIAN_POINT('',(-0.796041689984,1.128820741024));
#1218 = CARTESIAN_POINT('',(-0.729931148093,1.22569528035));
#1219 = CARTESIAN_POINT('',(-0.686262885426,1.280142455332));
#1220 = CARTESIAN_POINT('',(-0.63801399626,1.330901883054));
#1221 = CARTESIAN_POINT('',(-0.584907547414,1.377511038382));
#1222 = CARTESIAN_POINT('',(-0.526764181154,1.419409437545));
#1223 = CARTESIAN_POINT('',(-0.463734818687,1.455979533686));
#1224 = CARTESIAN_POINT('',(-0.345294101274,1.509902918797));
#1225 = CARTESIAN_POINT('',(-0.291748411588,1.529760597706));
#1226 = CARTESIAN_POINT('',(-0.235949980123,1.545986686852));
#1227 = CARTESIAN_POINT('',(-0.178279412207,1.558344810852));
#1228 = CARTESIAN_POINT('',(-0.119291513379,1.566645596954));
#1229 = CARTESIAN_POINT('',(-5.964694121921E-02,1.570796325343));
#1230 = CARTESIAN_POINT('',(-2.433349433062E-08,1.570796326795));
#1231 = ( GEOMETRIC_REPRESENTATION_CONTEXT(2) 
PARAMETRIC_REPRESENTATION_CONTEXT() REPRESENTATION_CONTEXT('2D SPACE',''
  ) );
#1232 = ORIENTED_EDGE('',*,*,#303,.F.);
#1233 = ORIENTED_EDGE('',*,*,#611,.F.);
#1234 = ADVANCED_FACE('',(#1235),#345,.T.);
#1235 = FACE_BOUND('',#1236,.F.);
#1236 = EDGE_LOOP('',(#1237,#1238,#1239,#1266,#1392));
#1237 = ORIENTED_EDGE('',*,*,#331,.F.);
#1238 = ORIENTED_EDGE('',*,*,#557,.T.);
#1239 = ORIENTED_EDGE('',*,*,#1240,.T.);
#1240 = EDGE_CURVE('',#535,#1241,#1243,.T.);
#1241 = VERTEX_POINT('',#1242);
#1242 = CARTESIAN_POINT('',(6.,150.,130.));
#1243 = SURFACE_CURVE('',#1244,(#1249,#1255),.PCURVE_S1.);
#1244 = CIRCLE('',#1245,3.);
#1245 = AXIS2_PLACEMENT_3D('',#1246,#1247,#1248);
#1246 = CARTESIAN_POINT('',(6.,150.,127.));
#1247 = DIRECTION('',(1.,6.123233995737E-17,-0.));
#1248 = DIRECTION('',(-6.123233995737E-17,1.,0.));
#1249 = PCURVE('',#345,#1250);
#1250 = DEFINITIONAL_REPRESENTATION('',(#1251),#1254);
#1251 = B_SPLINE_CURVE_WITH_KNOTS('',1,(#1252,#1253),.UNSPECIFIED.,.F.,
  .F.,(2,2),(0.,1.570796326795),.PIECEWISE_BEZIER_KNOTS.);
#1252 = CARTESIAN_POINT('',(-1.570796326795,0.));
#1253 = CARTESIAN_POINT('',(-1.570796326795,1.570796326795));
#1254 = ( GEOMETRIC_REPRESENTATION_CONTEXT(2) 
PARAMETRIC_REPRESENTATION_CONTEXT() REPRESENTATION_CONTEXT('2D SPACE',''
  ) );
#1255 = PCURVE('',#1256,#1261);
#1256 = CYLINDRICAL_SURFACE('',#1257,3.);
#1257 = AXIS2_PLACEMENT_3D('',#1258,#1259,#1260);
#1258 = CARTESIAN_POINT('',(6.,150.,127.));
#1259 = DIRECTION('',(1.,0.,-0.));
#1260 = DIRECTION('',(0.,1.,0.));
#1261 = DEFINITIONAL_REPRESENTATION('',(#1262),#1265);
#1262 = B_SPLINE_CURVE_WITH_KNOTS('',1,(#1263,#1264),.UNSPECIFIED.,.F.,
  .F.,(2,2),(0.,1.570796326795),.PIECEWISE_BEZIER_KNOTS.);
#1263 = CARTESIAN_POINT('',(0.,0.));
#1264 = CARTESIAN_POINT('',(1.570796326795,0.));
#1265 = ( GEOMETRIC_REPRESENTATION_CONTEXT(2) 
PARAMETRIC_REPRESENTATION_CONTEXT() REPRESENTATION_CONTEXT('2D SPACE',''
  ) );
#1266 = ORIENTED_EDGE('',*,*,#1267,.F.);
#1267 = EDGE_CURVE('',#1080,#1241,#1268,.T.);
#1268 = SURFACE_CURVE('',#1269,(#1308,#1350),.PCURVE_S1.);
#1269 = B_SPLINE_CURVE_WITH_KNOTS('',7,(#1270,#1271,#1272,#1273,#1274,
    #1275,#1276,#1277,#1278,#1279,#1280,#1281,#1282,#1283,#1284,#1285,
    #1286,#1287,#1288,#1289,#1290,#1291,#1292,#1293,#1294,#1295,#1296,
    #1297,#1298,#1299,#1300,#1301,#1302,#1303,#1304,#1305,#1306,#1307),
  .UNSPECIFIED.,.F.,.F.,(8,6,6,6,6,6,8),(0.,0.201785011759,
    0.285394577476,0.402701315735,0.568885082887,0.814161768199,1.),
  .UNSPECIFIED.);
#1270 = CARTESIAN_POINT('',(0.803847577293,150.,127.));
#1271 = CARTESIAN_POINT('',(0.803847577293,150.,127.1943259573));
#1272 = CARTESIAN_POINT('',(0.820805098129,150.,127.38870574209));
#1273 = CARTESIAN_POINT('',(0.854735637947,150.,127.58129549229));
#1274 = CARTESIAN_POINT('',(0.905304992324,150.,127.77037949445));
#1275 = CARTESIAN_POINT('',(0.971924765178,150.,127.95436082909));
#1276 = CARTESIAN_POINT('',(1.053771378014,150.,128.1317696391));
#1277 = CARTESIAN_POINT('',(1.189488417432,150.,128.3715293321));
#1278 = CARTESIAN_POINT('',(1.231676557684,150.,128.44042516208));
#1279 = CARTESIAN_POINT('',(1.276218058584,150.,128.50788801111));
#1280 = CARTESIAN_POINT('',(1.323033163693,150.,128.57383740175));
#1281 = CARTESIAN_POINT('',(1.372037750362,150.,128.63820069695));
#1282 = CARTESIAN_POINT('',(1.423143780322,150.,128.70091291765));
#1283 = CARTESIAN_POINT('',(1.550783055472,150.,128.8475065082));
#1284 = CARTESIAN_POINT('',(1.629265284156,150.,128.92973568357));
#1285 = CARTESIAN_POINT('',(1.71145262654,150.,129.00844450955));
#1286 = CARTESIAN_POINT('',(1.797084763786,150.,129.08350987189));
#1287 = CARTESIAN_POINT('',(1.885897304229,150.,129.15484321975));
#1288 = CARTESIAN_POINT('',(1.977624219608,150.,129.22238866654));
#1289 = CARTESIAN_POINT('',(2.205699075514,150.,129.37640826816));
#1290 = CARTESIAN_POINT('',(2.3447237604,150.,129.45904944885));
#1291 = CARTESIAN_POINT('',(2.488320931226,150.,129.53397339566));
#1292 = CARTESIAN_POINT('',(2.635771710089,150.,129.60125670541));
#1293 = CARTESIAN_POINT('',(2.786405251733,150.,129.66110259066));
#1294 = CARTESIAN_POINT('',(2.939608411542,150.,129.71382573516));
#1295 = CARTESIAN_POINT('',(3.323931107145,150.,129.82776211202));
#1296 = CARTESIAN_POINT('',(3.557389823469,150.,129.88106078704));
#1297 = CARTESIAN_POINT('',(3.7935621124,150.,129.92112618293));
#1298 = CARTESIAN_POINT('',(4.031127173219,150.,129.94976625862));
#1299 = CARTESIAN_POINT('',(4.269112248141,150.,129.96915009451));
#1300 = CARTESIAN_POINT('',(4.50694813973,150.,129.98165284847));
#1301 = CARTESIAN_POINT('',(4.924501324455,150.,129.99524778865));
#1302 = CARTESIAN_POINT('',(5.104298348606,150.,129.99836986791));
#1303 = CARTESIAN_POINT('',(5.283828599926,150.,129.99967513927));
#1304 = CARTESIAN_POINT('',(5.463083633664,150.,129.99999976053));
#1305 = CARTESIAN_POINT('',(5.642125175474,150.,130.00000004644));
#1306 = CARTESIAN_POINT('',(5.821059238909,150.,130.));
#1307 = CARTESIAN_POINT('',(6.,150.,130.));
#1308 = PCURVE('',#345,#1309);
#1309 = DEFINITIONAL_REPRESENTATION('',(#1310),#1349);
#1310 = B_SPLINE_CURVE_WITH_KNOTS('',7,(#1311,#1312,#1313,#1314,#1315,
    #1316,#1317,#1318,#1319,#1320,#1321,#1322,#1323,#1324,#1325,#1326,
    #1327,#1328,#1329,#1330,#1331,#1332,#1333,#1334,#1335,#1336,#1337,
    #1338,#1339,#1340,#1341,#1342,#1343,#1344,#1345,#1346,#1347,#1348),
  .UNSPECIFIED.,.F.,.F.,(8,6,6,6,6,6,8),(0.,0.201785011759,
    0.285394577476,0.402701315735,0.568885082887,0.814161768199,1.),
  .UNSPECIFIED.);
#1311 = CARTESIAN_POINT('',(-0.523598775598,0.));
#1312 = CARTESIAN_POINT('',(-0.523598775598,6.47753191017E-02));
#1313 = CARTESIAN_POINT('',(-0.525011870517,0.129568400496));
#1314 = CARTESIAN_POINT('',(-0.527839503847,0.194209552317));
#1315 = CARTESIAN_POINT('',(-0.53209716702,0.258569416084));
#1316 = CARTESIAN_POINT('',(-0.537823070074,0.322528588988));
#1317 = CARTESIAN_POINT('',(-0.545076729407,0.385951558945));
#1318 = CARTESIAN_POINT('',(-0.557594775678,0.47465023026));
#1319 = CARTESIAN_POINT('',(-0.561536793932,0.500517362863));
#1320 = CARTESIAN_POINT('',(-0.565758866296,0.526256056966));
#1321 = CARTESIAN_POINT('',(-0.570266987422,0.55185633532));
#1322 = CARTESIAN_POINT('',(-0.575067767013,0.577308252559));
#1323 = CARTESIAN_POINT('',(-0.58016838915,0.602601611065));
#1324 = CARTESIAN_POINT('',(-0.593164414481,0.662975497614));
#1325 = CARTESIAN_POINT('',(-0.601357945105,0.697893125792));
#1326 = CARTESIAN_POINT('',(-0.610178297252,0.732448648913));
#1327 = CARTESIAN_POINT('',(-0.619649451698,0.76661313167));
#1328 = CARTESIAN_POINT('',(-0.629797825365,0.800357313736));
#1329 = CARTESIAN_POINT('',(-0.640651860446,0.833650307587));
#1330 = CARTESIAN_POINT('',(-0.668660353469,0.912936062612));
#1331 = CARTESIAN_POINT('',(-0.686556689079,0.958443784237));
#1332 = CARTESIAN_POINT('',(-0.706016253905,1.002885690093));
#1333 = CARTESIAN_POINT('',(-0.727133783548,1.046166701492));
#1334 = CARTESIAN_POINT('',(-0.750011892444,1.088183749936));
#1335 = CARTESIAN_POINT('',(-0.774754636805,1.128820741015));
#1336 = CARTESIAN_POINT('',(-0.840865178695,1.225695280341));
#1337 = CARTESIAN_POINT('',(-0.884533441361,1.280142455324));
#1338 = CARTESIAN_POINT('',(-0.932782330527,1.330901883046));
#1339 = CARTESIAN_POINT('',(-0.985888779373,1.377511038375));
#1340 = CARTESIAN_POINT('',(-1.044032145632,1.419409437539));
#1341 = CARTESIAN_POINT('',(-1.107061508099,1.455979533681));
#1342 = CARTESIAN_POINT('',(-1.225502228489,1.509902920148));
#1343 = CARTESIAN_POINT('',(-1.27904792144,1.529760600019));
#1344 = CARTESIAN_POINT('',(-1.334846356422,1.545986689687));
#1345 = CARTESIAN_POINT('',(-1.392516928027,1.558344813733));
#1346 = CARTESIAN_POINT('',(-1.451504830602,1.566645599373));
#1347 = CARTESIAN_POINT('',(-1.511149406431,1.570796326795));
#1348 = CARTESIAN_POINT('',(-1.570796326795,1.570796326795));
#1349 = ( GEOMETRIC_REPRESENTATION_CONTEXT(2) 
PARAMETRIC_REPRESENTATION_CONTEXT() REPRESENTATION_CONTEXT('2D SPACE',''
  ) );
#1350 = PCURVE('',#1095,#1351);
#1351 = DEFINITIONAL_REPRESENTATION('',(#1352),#1391);
#1352 = B_SPLINE_CURVE_WITH_KNOTS('',7,(#1353,#1354,#1355,#1356,#1357,
    #1358,#1359,#1360,#1361,#1362,#1363,#1364,#1365,#1366,#1367,#1368,
    #1369,#1370,#1371,#1372,#1373,#1374,#1375,#1376,#1377,#1378,#1379,
    #1380,#1381,#1382,#1383,#1384,#1385,#1386,#1387,#1388,#1389,#1390),
  .UNSPECIFIED.,.F.,.F.,(8,6,6,6,6,6,8),(0.,0.201785011759,
    0.285394577476,0.402701315735,0.568885082887,0.814161768199,1.),
  .UNSPECIFIED.);
#1353 = CARTESIAN_POINT('',(123.,-2.196152422707));
#1354 = CARTESIAN_POINT('',(123.1943259573,-2.196152422707));
#1355 = CARTESIAN_POINT('',(123.38870574209,-2.179194901871));
#1356 = CARTESIAN_POINT('',(123.58129549229,-2.145264362053));
#1357 = CARTESIAN_POINT('',(123.77037949445,-2.094695007676));
#1358 = CARTESIAN_POINT('',(123.95436082909,-2.028075234822));
#1359 = CARTESIAN_POINT('',(124.1317696391,-1.946228621986));
#1360 = CARTESIAN_POINT('',(124.3715293321,-1.810511582568));
#1361 = CARTESIAN_POINT('',(124.44042516208,-1.768323442316));
#1362 = CARTESIAN_POINT('',(124.50788801111,-1.723781941416));
#1363 = CARTESIAN_POINT('',(124.57383740175,-1.676966836307));
#1364 = CARTESIAN_POINT('',(124.63820069695,-1.627962249638));
#1365 = CARTESIAN_POINT('',(124.70091291765,-1.576856219678));
#1366 = CARTESIAN_POINT('',(124.8475065082,-1.449216944528));
#1367 = CARTESIAN_POINT('',(124.92973568357,-1.370734715844));
#1368 = CARTESIAN_POINT('',(125.00844450955,-1.28854737346));
#1369 = CARTESIAN_POINT('',(125.08350987189,-1.202915236214));
#1370 = CARTESIAN_POINT('',(125.15484321975,-1.114102695771));
#1371 = CARTESIAN_POINT('',(125.22238866654,-1.022375780392));
#1372 = CARTESIAN_POINT('',(125.37640826816,-0.794300924486));
#1373 = CARTESIAN_POINT('',(125.45904944885,-0.6552762396));
#1374 = CARTESIAN_POINT('',(125.53397339566,-0.511679068774));
#1375 = CARTESIAN_POINT('',(125.60125670541,-0.364228289911));
#1376 = CARTESIAN_POINT('',(125.66110259066,-0.213594748267));
#1377 = CARTESIAN_POINT('',(125.71382573516,-6.039158845848E-02));
#1378 = CARTESIAN_POINT('',(125.82776211202,0.323931107145));
#1379 = CARTESIAN_POINT('',(125.88106078704,0.557389823469));
#1380 = CARTESIAN_POINT('',(125.92112618293,0.7935621124));
#1381 = CARTESIAN_POINT('',(125.94976625862,1.031127173219));
#1382 = CARTESIAN_POINT('',(125.96915009451,1.269112248141));
#1383 = CARTESIAN_POINT('',(125.98165284847,1.50694813973));
#1384 = CARTESIAN_POINT('',(125.99524778865,1.924501324455));
#1385 = CARTESIAN_POINT('',(125.99836986791,2.104298348606));
#1386 = CARTESIAN_POINT('',(125.99967513927,2.283828599926));
#1387 = CARTESIAN_POINT('',(125.99999976053,2.463083633664));
#1388 = CARTESIAN_POINT('',(126.00000004644,2.642125175474));
#1389 = CARTESIAN_POINT('',(126.,2.821059238909));
#1390 = CARTESIAN_POINT('',(126.,3.));
#1391 = ( GEOMETRIC_REPRESENTATION_CONTEXT(2) 
PARAMETRIC_REPRESENTATION_CONTEXT() REPRESENTATION_CONTEXT('2D SPACE',''
  ) );
#1392 = ORIENTED_EDGE('',*,*,#1107,.T.);
#1393 = ADVANCED_FACE('',(#1394,#1442),#491,.T.);
#1394 = FACE_BOUND('',#1395,.T.);
#1395 = EDGE_LOOP('',(#1396,#1397,#1420,#1441));
#1396 = ORIENTED_EDGE('',*,*,#534,.T.);
#1397 = ORIENTED_EDGE('',*,*,#1398,.T.);
#1398 = EDGE_CURVE('',#535,#1399,#1401,.T.);
#1399 = VERTEX_POINT('',#1400);
#1400 = CARTESIAN_POINT('',(346.96,153.,127.));
#1401 = SURFACE_CURVE('',#1402,(#1406,#1413),.PCURVE_S1.);
#1402 = LINE('',#1403,#1404);
#1403 = CARTESIAN_POINT('',(6.,153.,127.));
#1404 = VECTOR('',#1405,1.);
#1405 = DIRECTION('',(1.,0.,-0.));
#1406 = PCURVE('',#491,#1407);
#1407 = DEFINITIONAL_REPRESENTATION('',(#1408),#1412);
#1408 = LINE('',#1409,#1410);
#1409 = CARTESIAN_POINT('',(127.,6.));
#1410 = VECTOR('',#1411,1.);
#1411 = DIRECTION('',(0.,1.));
#1412 = ( GEOMETRIC_REPRESENTATION_CONTEXT(2) 
PARAMETRIC_REPRESENTATION_CONTEXT() REPRESENTATION_CONTEXT('2D SPACE',''
  ) );
#1413 = PCURVE('',#1256,#1414);
#1414 = DEFINITIONAL_REPRESENTATION('',(#1415),#1419);
#1415 = LINE('',#1416,#1417);
#1416 = CARTESIAN_POINT('',(0.,0.));
#1417 = VECTOR('',#1418,1.);
#1418 = DIRECTION('',(0.,1.));
#1419 = ( GEOMETRIC_REPRESENTATION_CONTEXT(2) 
PARAMETRIC_REPRESENTATION_CONTEXT() REPRESENTATION_CONTEXT('2D SPACE',''
  ) );
#1420 = ORIENTED_EDGE('',*,*,#1421,.F.);
#1421 = EDGE_CURVE('',#447,#1399,#1422,.T.);
#1422 = SURFACE_CURVE('',#1423,(#1427,#1434),.PCURVE_S1.);
#1423 = LINE('',#1424,#1425);
#1424 = CARTESIAN_POINT('',(346.96,153.,0.));
#1425 = VECTOR('',#1426,1.);
#1426 = DIRECTION('',(0.,0.,1.));
#1427 = PCURVE('',#491,#1428);
#1428 = DEFINITIONAL_REPRESENTATION('',(#1429),#1433);
#1429 = LINE('',#1430,#1431);
#1430 = CARTESIAN_POINT('',(0.,346.96));
#1431 = VECTOR('',#1432,1.);
#1432 = DIRECTION('',(1.,0.));
#1433 = ( GEOMETRIC_REPRESENTATION_CONTEXT(2) 
PARAMETRIC_REPRESENTATION_CONTEXT() REPRESENTATION_CONTEXT('2D SPACE',''
  ) );
#1434 = PCURVE('',#463,#1435);
#1435 = DEFINITIONAL_REPRESENTATION('',(#1436),#1440);
#1436 = LINE('',#1437,#1438);
#1437 = CARTESIAN_POINT('',(1.570796326795,0.));
#1438 = VECTOR('',#1439,1.);
#1439 = DIRECTION('',(0.,1.));
#1440 = ( GEOMETRIC_REPRESENTATION_CONTEXT(2) 
PARAMETRIC_REPRESENTATION_CONTEXT() REPRESENTATION_CONTEXT('2D SPACE',''
  ) );
#1441 = ORIENTED_EDGE('',*,*,#475,.F.);
#1442 = FACE_BOUND('',#1443,.T.);
#1443 = EDGE_LOOP('',(#1444,#1472,#1498,#1524));
#1444 = ORIENTED_EDGE('',*,*,#1445,.F.);
#1445 = EDGE_CURVE('',#1446,#1448,#1450,.T.);
#1446 = VERTEX_POINT('',#1447);
#1447 = CARTESIAN_POINT('',(13.,153.,120.));
#1448 = VERTEX_POINT('',#1449);
#1449 = CARTESIAN_POINT('',(339.96,153.,120.));
#1450 = SURFACE_CURVE('',#1451,(#1455,#1461),.PCURVE_S1.);
#1451 = LINE('',#1452,#1453);
#1452 = CARTESIAN_POINT('',(6.5,153.,120.));
#1453 = VECTOR('',#1454,1.);
#1454 = DIRECTION('',(1.,0.,-0.));
#1455 = PCURVE('',#491,#1456);
#1456 = DEFINITIONAL_REPRESENTATION('',(#1457),#1460);
#1457 = B_SPLINE_CURVE_WITH_KNOTS('',1,(#1458,#1459),.UNSPECIFIED.,.F.,
  .F.,(2,2),(6.5,333.46),.PIECEWISE_BEZIER_KNOTS.);
#1458 = CARTESIAN_POINT('',(120.,13.));
#1459 = CARTESIAN_POINT('',(120.,339.96));
#1460 = ( GEOMETRIC_REPRESENTATION_CONTEXT(2) 
PARAMETRIC_REPRESENTATION_CONTEXT() REPRESENTATION_CONTEXT('2D SPACE',''
  ) );
#1461 = PCURVE('',#1462,#1467);
#1462 = PLANE('',#1463);
#1463 = AXIS2_PLACEMENT_3D('',#1464,#1465,#1466);
#1464 = CARTESIAN_POINT('',(13.,149.,120.));
#1465 = DIRECTION('',(0.,0.,1.));
#1466 = DIRECTION('',(1.,0.,-0.));
#1467 = DEFINITIONAL_REPRESENTATION('',(#1468),#1471);
#1468 = B_SPLINE_CURVE_WITH_KNOTS('',1,(#1469,#1470),.UNSPECIFIED.,.F.,
  .F.,(2,2),(6.5,333.46),.PIECEWISE_BEZIER_KNOTS.);
#1469 = CARTESIAN_POINT('',(0.,4.));
#1470 = CARTESIAN_POINT('',(326.96,4.));
#1471 = ( GEOMETRIC_REPRESENTATION_CONTEXT(2) 
PARAMETRIC_REPRESENTATION_CONTEXT() REPRESENTATION_CONTEXT('2D SPACE',''
  ) );
#1472 = ORIENTED_EDGE('',*,*,#1473,.T.);
#1473 = EDGE_CURVE('',#1446,#1474,#1476,.T.);
#1474 = VERTEX_POINT('',#1475);
#1475 = CARTESIAN_POINT('',(13.,153.,14.));
#1476 = SURFACE_CURVE('',#1477,(#1481,#1487),.PCURVE_S1.);
#1477 = LINE('',#1478,#1479);
#1478 = CARTESIAN_POINT('',(13.,153.,7.));
#1479 = VECTOR('',#1480,1.);
#1480 = DIRECTION('',(-0.,0.,-1.));
#1481 = PCURVE('',#491,#1482);
#1482 = DEFINITIONAL_REPRESENTATION('',(#1483),#1486);
#1483 = B_SPLINE_CURVE_WITH_KNOTS('',1,(#1484,#1485),.UNSPECIFIED.,.F.,
  .F.,(2,2),(-113.,-7.),.PIECEWISE_BEZIER_KNOTS.);
#1484 = CARTESIAN_POINT('',(120.,13.));
#1485 = CARTESIAN_POINT('',(14.,13.));
#1486 = ( GEOMETRIC_REPRESENTATION_CONTEXT(2) 
PARAMETRIC_REPRESENTATION_CONTEXT() REPRESENTATION_CONTEXT('2D SPACE',''
  ) );
#1487 = PCURVE('',#1488,#1493);
#1488 = PLANE('',#1489);
#1489 = AXIS2_PLACEMENT_3D('',#1490,#1491,#1492);
#1490 = CARTESIAN_POINT('',(13.,149.,14.));
#1491 = DIRECTION('',(1.,0.,-0.));
#1492 = DIRECTION('',(0.,0.,1.));
#1493 = DEFINITIONAL_REPRESENTATION('',(#1494),#1497);
#1494 = B_SPLINE_CURVE_WITH_KNOTS('',1,(#1495,#1496),.UNSPECIFIED.,.F.,
  .F.,(2,2),(-113.,-7.),.PIECEWISE_BEZIER_KNOTS.);
#1495 = CARTESIAN_POINT('',(106.,-4.));
#1496 = CARTESIAN_POINT('',(0.,-4.));
#1497 = ( GEOMETRIC_REPRESENTATION_CONTEXT(2) 
PARAMETRIC_REPRESENTATION_CONTEXT() REPRESENTATION_CONTEXT('2D SPACE',''
  ) );
#1498 = ORIENTED_EDGE('',*,*,#1499,.T.);
#1499 = EDGE_CURVE('',#1474,#1500,#1502,.T.);
#1500 = VERTEX_POINT('',#1501);
#1501 = CARTESIAN_POINT('',(339.96,153.,14.));
#1502 = SURFACE_CURVE('',#1503,(#1507,#1513),.PCURVE_S1.);
#1503 = LINE('',#1504,#1505);
#1504 = CARTESIAN_POINT('',(6.5,153.,14.));
#1505 = VECTOR('',#1506,1.);
#1506 = DIRECTION('',(1.,0.,-0.));
#1507 = PCURVE('',#491,#1508);
#1508 = DEFINITIONAL_REPRESENTATION('',(#1509),#1512);
#1509 = B_SPLINE_CURVE_WITH_KNOTS('',1,(#1510,#1511),.UNSPECIFIED.,.F.,
  .F.,(2,2),(6.5,333.46),.PIECEWISE_BEZIER_KNOTS.);
#1510 = CARTESIAN_POINT('',(14.,13.));
#1511 = CARTESIAN_POINT('',(14.,339.96));
#1512 = ( GEOMETRIC_REPRESENTATION_CONTEXT(2) 
PARAMETRIC_REPRESENTATION_CONTEXT() REPRESENTATION_CONTEXT('2D SPACE',''
  ) );
#1513 = PCURVE('',#1514,#1519);
#1514 = PLANE('',#1515);
#1515 = AXIS2_PLACEMENT_3D('',#1516,#1517,#1518);
#1516 = CARTESIAN_POINT('',(13.,149.,14.));
#1517 = DIRECTION('',(0.,0.,1.));
#1518 = DIRECTION('',(1.,0.,-0.));
#1519 = DEFINITIONAL_REPRESENTATION('',(#1520),#1523);
#1520 = B_SPLINE_CURVE_WITH_KNOTS('',1,(#1521,#1522),.UNSPECIFIED.,.F.,
  .F.,(2,2),(6.5,333.46),.PIECEWISE_BEZIER_KNOTS.);
#1521 = CARTESIAN_POINT('',(0.,4.));
#1522 = CARTESIAN_POINT('',(326.96,4.));
#1523 = ( GEOMETRIC_REPRESENTATION_CONTEXT(2) 
PARAMETRIC_REPRESENTATION_CONTEXT() REPRESENTATION_CONTEXT('2D SPACE',''
  ) );
#1524 = ORIENTED_EDGE('',*,*,#1525,.F.);
#1525 = EDGE_CURVE('',#1448,#1500,#1526,.T.);
#1526 = SURFACE_CURVE('',#1527,(#1531,#1537),.PCURVE_S1.);
#1527 = LINE('',#1528,#1529);
#1528 = CARTESIAN_POINT('',(339.96,153.,7.));
#1529 = VECTOR('',#1530,1.);
#1530 = DIRECTION('',(-0.,0.,-1.));
#1531 = PCURVE('',#491,#1532);
#1532 = DEFINITIONAL_REPRESENTATION('',(#1533),#1536);
#1533 = B_SPLINE_CURVE_WITH_KNOTS('',1,(#1534,#1535),.UNSPECIFIED.,.F.,
  .F.,(2,2),(-113.,-7.),.PIECEWISE_BEZIER_KNOTS.);
#1534 = CARTESIAN_POINT('',(120.,339.96));
#1535 = CARTESIAN_POINT('',(14.,339.96));
#1536 = ( GEOMETRIC_REPRESENTATION_CONTEXT(2) 
PARAMETRIC_REPRESENTATION_CONTEXT() REPRESENTATION_CONTEXT('2D SPACE',''
  ) );
#1537 = PCURVE('',#1538,#1543);
#1538 = PLANE('',#1539);
#1539 = AXIS2_PLACEMENT_3D('',#1540,#1541,#1542);
#1540 = CARTESIAN_POINT('',(339.96,149.,14.));
#1541 = DIRECTION('',(1.,0.,-0.));
#1542 = DIRECTION('',(0.,0.,1.));
#1543 = DEFINITIONAL_REPRESENTATION('',(#1544),#1547);
#1544 = B_SPLINE_CURVE_WITH_KNOTS('',1,(#1545,#1546),.UNSPECIFIED.,.F.,
  .F.,(2,2),(-113.,-7.),.PIECEWISE_BEZIER_KNOTS.);
#1545 = CARTESIAN_POINT('',(106.,-4.));
#1546 = CARTESIAN_POINT('',(0.,-4.));
#1547 = ( GEOMETRIC_REPRESENTATION_CONTEXT(2) 
PARAMETRIC_REPRESENTATION_CONTEXT() REPRESENTATION_CONTEXT('2D SPACE',''
  ) );
#1548 = ADVANCED_FACE('',(#1549),#406,.T.);
#1549 = FACE_BOUND('',#1550,.F.);
#1550 = EDGE_LOOP('',(#1551,#1574,#1575,#1576));
#1551 = ORIENTED_EDGE('',*,*,#1552,.F.);
#1552 = EDGE_CURVE('',#386,#1553,#1555,.T.);
#1553 = VERTEX_POINT('',#1554);
#1554 = CARTESIAN_POINT('',(352.96,6.,127.));
#1555 = SURFACE_CURVE('',#1556,(#1560,#1567),.PCURVE_S1.);
#1556 = LINE('',#1557,#1558);
#1557 = CARTESIAN_POINT('',(352.96,6.,0.));
#1558 = VECTOR('',#1559,1.);
#1559 = DIRECTION('',(0.,0.,1.));
#1560 = PCURVE('',#406,#1561);
#1561 = DEFINITIONAL_REPRESENTATION('',(#1562),#1566);
#1562 = LINE('',#1563,#1564);
#1563 = CARTESIAN_POINT('',(-0.,0.));
#1564 = VECTOR('',#1565,1.);
#1565 = DIRECTION('',(-0.,1.));
#1566 = ( GEOMETRIC_REPRESENTATION_CONTEXT(2) 
PARAMETRIC_REPRESENTATION_CONTEXT() REPRESENTATION_CONTEXT('2D SPACE',''
  ) );
#1567 = PCURVE('',#434,#1568);
#1568 = DEFINITIONAL_REPRESENTATION('',(#1569),#1573);
#1569 = LINE('',#1570,#1571);
#1570 = CARTESIAN_POINT('',(0.,-6.));
#1571 = VECTOR('',#1572,1.);
#1572 = DIRECTION('',(1.,0.));
#1573 = ( GEOMETRIC_REPRESENTATION_CONTEXT(2) 
PARAMETRIC_REPRESENTATION_CONTEXT() REPRESENTATION_CONTEXT('2D SPACE',''
  ) );
#1574 = ORIENTED_EDGE('',*,*,#385,.T.);
#1575 = ORIENTED_EDGE('',*,*,#897,.T.);
#1576 = ORIENTED_EDGE('',*,*,#1577,.F.);
#1577 = EDGE_CURVE('',#1553,#875,#1578,.T.);
#1578 = SURFACE_CURVE('',#1579,(#1584,#1591),.PCURVE_S1.);
#1579 = CIRCLE('',#1580,6.);
#1580 = AXIS2_PLACEMENT_3D('',#1581,#1582,#1583);
#1581 = CARTESIAN_POINT('',(346.96,6.,127.));
#1582 = DIRECTION('',(0.,-0.,-1.));
#1583 = DIRECTION('',(1.,0.,-0.));
#1584 = PCURVE('',#406,#1585);
#1585 = DEFINITIONAL_REPRESENTATION('',(#1586),#1590);
#1586 = LINE('',#1587,#1588);
#1587 = CARTESIAN_POINT('',(-0.,127.));
#1588 = VECTOR('',#1589,1.);
#1589 = DIRECTION('',(-1.,0.));
#1590 = ( GEOMETRIC_REPRESENTATION_CONTEXT(2) 
PARAMETRIC_REPRESENTATION_CONTEXT() REPRESENTATION_CONTEXT('2D SPACE',''
  ) );
#1591 = PCURVE('',#1592,#1597);
#1592 = TOROIDAL_SURFACE('',#1593,3.,3.);
#1593 = AXIS2_PLACEMENT_3D('',#1594,#1595,#1596);
#1594 = CARTESIAN_POINT('',(346.96,6.,127.));
#1595 = DIRECTION('',(0.,0.,1.));
#1596 = DIRECTION('',(1.,0.,-0.));
#1597 = DEFINITIONAL_REPRESENTATION('',(#1598),#1602);
#1598 = LINE('',#1599,#1600);
#1599 = CARTESIAN_POINT('',(-0.,0.));
#1600 = VECTOR('',#1601,1.);
#1601 = DIRECTION('',(-1.,0.));
#1602 = ( GEOMETRIC_REPRESENTATION_CONTEXT(2) 
PARAMETRIC_REPRESENTATION_CONTEXT() REPRESENTATION_CONTEXT('2D SPACE',''
  ) );
#1603 = ADVANCED_FACE('',(#1604),#463,.T.);
#1604 = FACE_BOUND('',#1605,.T.);
#1605 = EDGE_LOOP('',(#1606,#1629,#1630,#1631));
#1606 = ORIENTED_EDGE('',*,*,#1607,.F.);
#1607 = EDGE_CURVE('',#419,#1608,#1610,.T.);
#1608 = VERTEX_POINT('',#1609);
#1609 = CARTESIAN_POINT('',(352.96,147.,127.));
#1610 = SURFACE_CURVE('',#1611,(#1615,#1622),.PCURVE_S1.);
#1611 = LINE('',#1612,#1613);
#1612 = CARTESIAN_POINT('',(352.96,147.,0.));
#1613 = VECTOR('',#1614,1.);
#1614 = DIRECTION('',(0.,0.,1.));
#1615 = PCURVE('',#463,#1616);
#1616 = DEFINITIONAL_REPRESENTATION('',(#1617),#1621);
#1617 = LINE('',#1618,#1619);
#1618 = CARTESIAN_POINT('',(0.,0.));
#1619 = VECTOR('',#1620,1.);
#1620 = DIRECTION('',(0.,1.));
#1621 = ( GEOMETRIC_REPRESENTATION_CONTEXT(2) 
PARAMETRIC_REPRESENTATION_CONTEXT() REPRESENTATION_CONTEXT('2D SPACE',''
  ) );
#1622 = PCURVE('',#434,#1623);
#1623 = DEFINITIONAL_REPRESENTATION('',(#1624),#1628);
#1624 = LINE('',#1625,#1626);
#1625 = CARTESIAN_POINT('',(0.,-147.));
#1626 = VECTOR('',#1627,1.);
#1627 = DIRECTION('',(1.,0.));
#1628 = ( GEOMETRIC_REPRESENTATION_CONTEXT(2) 
PARAMETRIC_REPRESENTATION_CONTEXT() REPRESENTATION_CONTEXT('2D SPACE',''
  ) );
#1629 = ORIENTED_EDGE('',*,*,#446,.T.);
#1630 = ORIENTED_EDGE('',*,*,#1421,.T.);
#1631 = ORIENTED_EDGE('',*,*,#1632,.T.);
#1632 = EDGE_CURVE('',#1399,#1608,#1633,.T.);
#1633 = SURFACE_CURVE('',#1634,(#1639,#1646),.PCURVE_S1.);
#1634 = CIRCLE('',#1635,6.);
#1635 = AXIS2_PLACEMENT_3D('',#1636,#1637,#1638);
#1636 = CARTESIAN_POINT('',(346.96,147.,127.));
#1637 = DIRECTION('',(0.,-0.,-1.));
#1638 = DIRECTION('',(0.,1.,-0.));
#1639 = PCURVE('',#463,#1640);
#1640 = DEFINITIONAL_REPRESENTATION('',(#1641),#1645);
#1641 = LINE('',#1642,#1643);
#1642 = CARTESIAN_POINT('',(1.570796326795,127.));
#1643 = VECTOR('',#1644,1.);
#1644 = DIRECTION('',(-1.,-0.));
#1645 = ( GEOMETRIC_REPRESENTATION_CONTEXT(2) 
PARAMETRIC_REPRESENTATION_CONTEXT() REPRESENTATION_CONTEXT('2D SPACE',''
  ) );
#1646 = PCURVE('',#1647,#1652);
#1647 = TOROIDAL_SURFACE('',#1648,3.,3.);
#1648 = AXIS2_PLACEMENT_3D('',#1649,#1650,#1651);
#1649 = CARTESIAN_POINT('',(346.96,147.,127.));
#1650 = DIRECTION('',(0.,0.,1.));
#1651 = DIRECTION('',(0.,1.,-0.));
#1652 = DEFINITIONAL_REPRESENTATION('',(#1653),#1657);
#1653 = LINE('',#1654,#1655);
#1654 = CARTESIAN_POINT('',(-0.,0.));
#1655 = VECTOR('',#1656,1.);
#1656 = DIRECTION('',(-1.,0.));
#1657 = ( GEOMETRIC_REPRESENTATION_CONTEXT(2) 
PARAMETRIC_REPRESENTATION_CONTEXT() REPRESENTATION_CONTEXT('2D SPACE',''
  ) );
#1658 = ADVANCED_FACE('',(#1659),#434,.T.);
#1659 = FACE_BOUND('',#1660,.T.);
#1660 = EDGE_LOOP('',(#1661,#1662,#1663,#1664));
#1661 = ORIENTED_EDGE('',*,*,#1552,.F.);
#1662 = ORIENTED_EDGE('',*,*,#418,.T.);
#1663 = ORIENTED_EDGE('',*,*,#1607,.T.);
#1664 = ORIENTED_EDGE('',*,*,#1665,.T.);
#1665 = EDGE_CURVE('',#1608,#1553,#1666,.T.);
#1666 = SURFACE_CURVE('',#1667,(#1671,#1678),.PCURVE_S1.);
#1667 = LINE('',#1668,#1669);
#1668 = CARTESIAN_POINT('',(352.96,147.,127.));
#1669 = VECTOR('',#1670,1.);
#1670 = DIRECTION('',(0.,-1.,-0.));
#1671 = PCURVE('',#434,#1672);
#1672 = DEFINITIONAL_REPRESENTATION('',(#1673),#1677);
#1673 = LINE('',#1674,#1675);
#1674 = CARTESIAN_POINT('',(127.,-147.));
#1675 = VECTOR('',#1676,1.);
#1676 = DIRECTION('',(0.,1.));
#1677 = ( GEOMETRIC_REPRESENTATION_CONTEXT(2) 
PARAMETRIC_REPRESENTATION_CONTEXT() REPRESENTATION_CONTEXT('2D SPACE',''
  ) );
#1678 = PCURVE('',#1679,#1684);
#1679 = CYLINDRICAL_SURFACE('',#1680,3.);
#1680 = AXIS2_PLACEMENT_3D('',#1681,#1682,#1683);
#1681 = CARTESIAN_POINT('',(349.96,147.,127.));
#1682 = DIRECTION('',(0.,-1.,-0.));
#1683 = DIRECTION('',(1.,0.,0.));
#1684 = DEFINITIONAL_REPRESENTATION('',(#1685),#1689);
#1685 = LINE('',#1686,#1687);
#1686 = CARTESIAN_POINT('',(0.,0.));
#1687 = VECTOR('',#1688,1.);
#1688 = DIRECTION('',(0.,1.));
#1689 = ( GEOMETRIC_REPRESENTATION_CONTEXT(2) 
PARAMETRIC_REPRESENTATION_CONTEXT() REPRESENTATION_CONTEXT('2D SPACE',''
  ) );
#1690 = ADVANCED_FACE('',(#1691),#598,.T.);
#1691 = FACE_BOUND('',#1692,.T.);
#1692 = EDGE_LOOP('',(#1693,#1694,#1716,#1742,#1775,#1796));
#1693 = ORIENTED_EDGE('',*,*,#874,.F.);
#1694 = ORIENTED_EDGE('',*,*,#1695,.T.);
#1695 = EDGE_CURVE('',#875,#1696,#1698,.T.);
#1696 = VERTEX_POINT('',#1697);
#1697 = CARTESIAN_POINT('',(346.96,1.,129.2360679775));
#1698 = SURFACE_CURVE('',#1699,(#1704,#1710),.PCURVE_S1.);
#1699 = CIRCLE('',#1700,3.);
#1700 = AXIS2_PLACEMENT_3D('',#1701,#1702,#1703);
#1701 = CARTESIAN_POINT('',(346.96,3.,127.));
#1702 = DIRECTION('',(-1.,-6.123233995737E-17,0.));
#1703 = DIRECTION('',(6.123233995737E-17,-1.,-0.));
#1704 = PCURVE('',#598,#1705);
#1705 = DEFINITIONAL_REPRESENTATION('',(#1706),#1709);
#1706 = B_SPLINE_CURVE_WITH_KNOTS('',1,(#1707,#1708),.UNSPECIFIED.,.F.,
  .F.,(2,2),(0.,1.570796326795),.PIECEWISE_BEZIER_KNOTS.);
#1707 = CARTESIAN_POINT('',(0.,0.));
#1708 = CARTESIAN_POINT('',(1.570796326795,0.));
#1709 = ( GEOMETRIC_REPRESENTATION_CONTEXT(2) 
PARAMETRIC_REPRESENTATION_CONTEXT() REPRESENTATION_CONTEXT('2D SPACE',''
  ) );
#1710 = PCURVE('',#1592,#1711);
#1711 = DEFINITIONAL_REPRESENTATION('',(#1712),#1715);
#1712 = B_SPLINE_CURVE_WITH_KNOTS('',1,(#1713,#1714),.UNSPECIFIED.,.F.,
  .F.,(2,2),(0.,1.570796326795),.PIECEWISE_BEZIER_KNOTS.);
#1713 = CARTESIAN_POINT('',(-1.570796326795,0.));
#1714 = CARTESIAN_POINT('',(-1.570796326795,1.570796326795));
#1715 = ( GEOMETRIC_REPRESENTATION_CONTEXT(2) 
PARAMETRIC_REPRESENTATION_CONTEXT() REPRESENTATION_CONTEXT('2D SPACE',''
  ) );
#1716 = ORIENTED_EDGE('',*,*,#1717,.T.);
#1717 = EDGE_CURVE('',#1696,#1718,#1720,.T.);
#1718 = VERTEX_POINT('',#1719);
#1719 = CARTESIAN_POINT('',(203.96,1.,129.2360679775));
#1720 = SURFACE_CURVE('',#1721,(#1725,#1731),.PCURVE_S1.);
#1721 = LINE('',#1722,#1723);
#1722 = CARTESIAN_POINT('',(346.96,1.,129.2360679775));
#1723 = VECTOR('',#1724,1.);
#1724 = DIRECTION('',(-1.,-0.,0.));
#1725 = PCURVE('',#598,#1726);
#1726 = DEFINITIONAL_REPRESENTATION('',(#1727),#1730);
#1727 = B_SPLINE_CURVE_WITH_KNOTS('',1,(#1728,#1729),.UNSPECIFIED.,.F.,
  .F.,(2,2),(-6.000000212225E-07,157.6),.PIECEWISE_BEZIER_KNOTS.);
#1728 = CARTESIAN_POINT('',(0.841068670568,-6.000000212225E-07));
#1729 = CARTESIAN_POINT('',(0.841068670568,157.6));
#1730 = ( GEOMETRIC_REPRESENTATION_CONTEXT(2) 
PARAMETRIC_REPRESENTATION_CONTEXT() REPRESENTATION_CONTEXT('2D SPACE',''
  ) );
#1731 = PCURVE('',#1732,#1737);
#1732 = PLANE('',#1733);
#1733 = AXIS2_PLACEMENT_3D('',#1734,#1735,#1736);
#1734 = CARTESIAN_POINT('',(203.96,1.,126.));
#1735 = DIRECTION('',(-0.,1.,0.));
#1736 = DIRECTION('',(0.,0.,1.));
#1737 = DEFINITIONAL_REPRESENTATION('',(#1738),#1741);
#1738 = B_SPLINE_CURVE_WITH_KNOTS('',1,(#1739,#1740),.UNSPECIFIED.,.F.,
  .F.,(2,2),(-6.000000212225E-07,157.6),.PIECEWISE_BEZIER_KNOTS.);
#1739 = CARTESIAN_POINT('',(3.2360679775,143.0000006));
#1740 = CARTESIAN_POINT('',(3.2360679775,-14.6));
#1741 = ( GEOMETRIC_REPRESENTATION_CONTEXT(2) 
PARAMETRIC_REPRESENTATION_CONTEXT() REPRESENTATION_CONTEXT('2D SPACE',''
  ) );
#1742 = ORIENTED_EDGE('',*,*,#1743,.T.);
#1743 = EDGE_CURVE('',#1718,#1744,#1746,.T.);
#1744 = VERTEX_POINT('',#1745);
#1745 = CARTESIAN_POINT('',(203.96,3.,130.));
#1746 = SURFACE_CURVE('',#1747,(#1752,#1759),.PCURVE_S1.);
#1747 = CIRCLE('',#1748,3.);
#1748 = AXIS2_PLACEMENT_3D('',#1749,#1750,#1751);
#1749 = CARTESIAN_POINT('',(203.96,3.,127.));
#1750 = DIRECTION('',(-1.,-0.,0.));
#1751 = DIRECTION('',(0.,-1.,-0.));
#1752 = PCURVE('',#598,#1753);
#1753 = DEFINITIONAL_REPRESENTATION('',(#1754),#1758);
#1754 = LINE('',#1755,#1756);
#1755 = CARTESIAN_POINT('',(0.,143.));
#1756 = VECTOR('',#1757,1.);
#1757 = DIRECTION('',(1.,0.));
#1758 = ( GEOMETRIC_REPRESENTATION_CONTEXT(2) 
PARAMETRIC_REPRESENTATION_CONTEXT() REPRESENTATION_CONTEXT('2D SPACE',''
  ) );
#1759 = PCURVE('',#1760,#1765);
#1760 = PLANE('',#1761);
#1761 = AXIS2_PLACEMENT_3D('',#1762,#1763,#1764);
#1762 = CARTESIAN_POINT('',(203.96,1.,126.));
#1763 = DIRECTION('',(1.,0.,-0.));
#1764 = DIRECTION('',(0.,0.,1.));
#1765 = DEFINITIONAL_REPRESENTATION('',(#1766),#1774);
#1766 = ( BOUNDED_CURVE() B_SPLINE_CURVE(2,(#1767,#1768,#1769,#1770,
#1771,#1772,#1773),.UNSPECIFIED.,.T.,.F.) B_SPLINE_CURVE_WITH_KNOTS((1,2
    ,2,2,2,1),(-2.094395102393,0.,2.094395102393,4.188790204786,
6.28318530718,8.377580409573),.UNSPECIFIED.) CURVE() 
GEOMETRIC_REPRESENTATION_ITEM() RATIONAL_B_SPLINE_CURVE((1.,0.5,1.,0.5,
1.,0.5,1.)) REPRESENTATION_ITEM('') );
#1767 = CARTESIAN_POINT('',(1.,1.));
#1768 = CARTESIAN_POINT('',(6.196152422707,1.));
#1769 = CARTESIAN_POINT('',(3.598076211353,-3.5));
#1770 = CARTESIAN_POINT('',(1.,-8.));
#1771 = CARTESIAN_POINT('',(-1.598076211353,-3.5));
#1772 = CARTESIAN_POINT('',(-4.196152422707,1.));
#1773 = CARTESIAN_POINT('',(1.,1.));
#1774 = ( GEOMETRIC_REPRESENTATION_CONTEXT(2) 
PARAMETRIC_REPRESENTATION_CONTEXT() REPRESENTATION_CONTEXT('2D SPACE',''
  ) );
#1775 = ORIENTED_EDGE('',*,*,#1776,.T.);
#1776 = EDGE_CURVE('',#1744,#583,#1777,.T.);
#1777 = SURFACE_CURVE('',#1778,(#1782,#1789),.PCURVE_S1.);
#1778 = LINE('',#1779,#1780);
#1779 = CARTESIAN_POINT('',(346.96,3.,130.));
#1780 = VECTOR('',#1781,1.);
#1781 = DIRECTION('',(-1.,-0.,0.));
#1782 = PCURVE('',#598,#1783);
#1783 = DEFINITIONAL_REPRESENTATION('',(#1784),#1788);
#1784 = LINE('',#1785,#1786);
#1785 = CARTESIAN_POINT('',(1.570796326795,0.));
#1786 = VECTOR('',#1787,1.);
#1787 = DIRECTION('',(0.,1.));
#1788 = ( GEOMETRIC_REPRESENTATION_CONTEXT(2) 
PARAMETRIC_REPRESENTATION_CONTEXT() REPRESENTATION_CONTEXT('2D SPACE',''
  ) );
#1789 = PCURVE('',#823,#1790);
#1790 = DEFINITIONAL_REPRESENTATION('',(#1791),#1795);
#1791 = LINE('',#1792,#1793);
#1792 = CARTESIAN_POINT('',(126.,343.96));
#1793 = VECTOR('',#1794,1.);
#1794 = DIRECTION('',(0.,-1.));
#1795 = ( GEOMETRIC_REPRESENTATION_CONTEXT(2) 
PARAMETRIC_REPRESENTATION_CONTEXT() REPRESENTATION_CONTEXT('2D SPACE',''
  ) );
#1796 = ORIENTED_EDGE('',*,*,#582,.F.);
#1797 = ADVANCED_FACE('',(#1798,#1899),#823,.T.);
#1798 = FACE_BOUND('',#1799,.T.);
#1799 = EDGE_LOOP('',(#1800,#1830,#1851,#1852,#1853,#1854,#1875));
#1800 = ORIENTED_EDGE('',*,*,#1801,.F.);
#1801 = EDGE_CURVE('',#1802,#1804,#1806,.T.);
#1802 = VERTEX_POINT('',#1803);
#1803 = CARTESIAN_POINT('',(349.96,3.,4.));
#1804 = VERTEX_POINT('',#1805);
#1805 = CARTESIAN_POINT('',(349.96,3.,126.));
#1806 = SURFACE_CURVE('',#1807,(#1811,#1818),.PCURVE_S1.);
#1807 = LINE('',#1808,#1809);
#1808 = CARTESIAN_POINT('',(349.96,3.,4.));
#1809 = VECTOR('',#1810,1.);
#1810 = DIRECTION('',(0.,0.,1.));
#1811 = PCURVE('',#823,#1812);
#1812 = DEFINITIONAL_REPRESENTATION('',(#1813),#1817);
#1813 = LINE('',#1814,#1815);
#1814 = CARTESIAN_POINT('',(0.,346.96));
#1815 = VECTOR('',#1816,1.);
#1816 = DIRECTION('',(1.,0.));
#1817 = ( GEOMETRIC_REPRESENTATION_CONTEXT(2) 
PARAMETRIC_REPRESENTATION_CONTEXT() REPRESENTATION_CONTEXT('2D SPACE',''
  ) );
#1818 = PCURVE('',#1819,#1824);
#1819 = PLANE('',#1820);
#1820 = AXIS2_PLACEMENT_3D('',#1821,#1822,#1823);
#1821 = CARTESIAN_POINT('',(349.96,3.,4.));
#1822 = DIRECTION('',(1.,0.,-0.));
#1823 = DIRECTION('',(0.,0.,1.));
#1824 = DEFINITIONAL_REPRESENTATION('',(#1825),#1829);
#1825 = LINE('',#1826,#1827);
#1826 = CARTESIAN_POINT('',(0.,0.));
#1827 = VECTOR('',#1828,1.);
#1828 = DIRECTION('',(1.,0.));
#1829 = ( GEOMETRIC_REPRESENTATION_CONTEXT(2) 
PARAMETRIC_REPRESENTATION_CONTEXT() REPRESENTATION_CONTEXT('2D SPACE',''
  ) );
#1830 = ORIENTED_EDGE('',*,*,#1831,.F.);
#1831 = EDGE_CURVE('',#1029,#1802,#1832,.T.);
#1832 = SURFACE_CURVE('',#1833,(#1837,#1844),.PCURVE_S1.);
#1833 = LINE('',#1834,#1835);
#1834 = CARTESIAN_POINT('',(3.,3.,4.));
#1835 = VECTOR('',#1836,1.);
#1836 = DIRECTION('',(1.,0.,-0.));
#1837 = PCURVE('',#823,#1838);
#1838 = DEFINITIONAL_REPRESENTATION('',(#1839),#1843);
#1839 = LINE('',#1840,#1841);
#1840 = CARTESIAN_POINT('',(0.,0.));
#1841 = VECTOR('',#1842,1.);
#1842 = DIRECTION('',(0.,1.));
#1843 = ( GEOMETRIC_REPRESENTATION_CONTEXT(2) 
PARAMETRIC_REPRESENTATION_CONTEXT() REPRESENTATION_CONTEXT('2D SPACE',''
  ) );
#1844 = PCURVE('',#1067,#1845);
#1845 = DEFINITIONAL_REPRESENTATION('',(#1846),#1850);
#1846 = LINE('',#1847,#1848);
#1847 = CARTESIAN_POINT('',(0.,0.));
#1848 = VECTOR('',#1849,1.);
#1849 = DIRECTION('',(1.,0.));
#1850 = ( GEOMETRIC_REPRESENTATION_CONTEXT(2) 
PARAMETRIC_REPRESENTATION_CONTEXT() REPRESENTATION_CONTEXT('2D SPACE',''
  ) );
#1851 = ORIENTED_EDGE('',*,*,#1028,.T.);
#1852 = ORIENTED_EDGE('',*,*,#739,.T.);
#1853 = ORIENTED_EDGE('',*,*,#1776,.F.);
#1854 = ORIENTED_EDGE('',*,*,#1855,.T.);
#1855 = EDGE_CURVE('',#1744,#1856,#1858,.T.);
#1856 = VERTEX_POINT('',#1857);
#1857 = CARTESIAN_POINT('',(203.96,3.,126.));
#1858 = SURFACE_CURVE('',#1859,(#1863,#1869),.PCURVE_S1.);
#1859 = LINE('',#1860,#1861);
#1860 = CARTESIAN_POINT('',(203.96,3.,65.));
#1861 = VECTOR('',#1862,1.);
#1862 = DIRECTION('',(-0.,0.,-1.));
#1863 = PCURVE('',#823,#1864);
#1864 = DEFINITIONAL_REPRESENTATION('',(#1865),#1868);
#1865 = B_SPLINE_CURVE_WITH_KNOTS('',1,(#1866,#1867),.UNSPECIFIED.,.F.,
  .F.,(2,2),(-65.00000004644,-61.),.PIECEWISE_BEZIER_KNOTS.);
#1866 = CARTESIAN_POINT('',(126.00000004644,200.96));
#1867 = CARTESIAN_POINT('',(122.,200.96));
#1868 = ( GEOMETRIC_REPRESENTATION_CONTEXT(2) 
PARAMETRIC_REPRESENTATION_CONTEXT() REPRESENTATION_CONTEXT('2D SPACE',''
  ) );
#1869 = PCURVE('',#1760,#1870);
#1870 = DEFINITIONAL_REPRESENTATION('',(#1871),#1874);
#1871 = B_SPLINE_CURVE_WITH_KNOTS('',1,(#1872,#1873),.UNSPECIFIED.,.F.,
  .F.,(2,2),(-65.00000004644,-61.),.PIECEWISE_BEZIER_KNOTS.);
#1872 = CARTESIAN_POINT('',(4.000000046442,-2.));
#1873 = CARTESIAN_POINT('',(0.,-2.));
#1874 = ( GEOMETRIC_REPRESENTATION_CONTEXT(2) 
PARAMETRIC_REPRESENTATION_CONTEXT() REPRESENTATION_CONTEXT('2D SPACE',''
  ) );
#1875 = ORIENTED_EDGE('',*,*,#1876,.T.);
#1876 = EDGE_CURVE('',#1856,#1804,#1877,.T.);
#1877 = SURFACE_CURVE('',#1878,(#1882,#1888),.PCURVE_S1.);
#1878 = LINE('',#1879,#1880);
#1879 = CARTESIAN_POINT('',(103.48,3.,126.));
#1880 = VECTOR('',#1881,1.);
#1881 = DIRECTION('',(1.,0.,-0.));
#1882 = PCURVE('',#823,#1883);
#1883 = DEFINITIONAL_REPRESENTATION('',(#1884),#1887);
#1884 = B_SPLINE_CURVE_WITH_KNOTS('',1,(#1885,#1886),.UNSPECIFIED.,.F.,
  .F.,(2,2),(100.48,246.48),.PIECEWISE_BEZIER_KNOTS.);
#1885 = CARTESIAN_POINT('',(122.,200.96));
#1886 = CARTESIAN_POINT('',(122.,346.96));
#1887 = ( GEOMETRIC_REPRESENTATION_CONTEXT(2) 
PARAMETRIC_REPRESENTATION_CONTEXT() REPRESENTATION_CONTEXT('2D SPACE',''
  ) );
#1888 = PCURVE('',#1889,#1894);
#1889 = PLANE('',#1890);
#1890 = AXIS2_PLACEMENT_3D('',#1891,#1892,#1893);
#1891 = CARTESIAN_POINT('',(203.96,1.,126.));
#1892 = DIRECTION('',(0.,0.,1.));
#1893 = DIRECTION('',(1.,0.,-0.));
#1894 = DEFINITIONAL_REPRESENTATION('',(#1895),#1898);
#1895 = B_SPLINE_CURVE_WITH_KNOTS('',1,(#1896,#1897),.UNSPECIFIED.,.F.,
  .F.,(2,2),(100.48,246.48),.PIECEWISE_BEZIER_KNOTS.);
#1896 = CARTESIAN_POINT('',(0.,2.));
#1897 = CARTESIAN_POINT('',(146.,2.));
#1898 = ( GEOMETRIC_REPRESENTATION_CONTEXT(2) 
PARAMETRIC_REPRESENTATION_CONTEXT() REPRESENTATION_CONTEXT('2D SPACE',''
  ) );
#1899 = FACE_BOUND('',#1900,.T.);
#1900 = EDGE_LOOP('',(#1901,#1924,#1945,#1966));
#1901 = ORIENTED_EDGE('',*,*,#1902,.F.);
#1902 = EDGE_CURVE('',#1903,#1905,#1907,.T.);
#1903 = VERTEX_POINT('',#1904);
#1904 = CARTESIAN_POINT('',(10.,3.,114.38));
#1905 = VERTEX_POINT('',#1906);
#1906 = CARTESIAN_POINT('',(190.96,3.,114.38));
#1907 = SURFACE_CURVE('',#1908,(#1912,#1918),.PCURVE_S1.);
#1908 = LINE('',#1909,#1910);
#1909 = CARTESIAN_POINT('',(6.5,3.,114.38));
#1910 = VECTOR('',#1911,1.);
#1911 = DIRECTION('',(1.,0.,-0.));
#1912 = PCURVE('',#823,#1913);
#1913 = DEFINITIONAL_REPRESENTATION('',(#1914),#1917);
#1914 = B_SPLINE_CURVE_WITH_KNOTS('',1,(#1915,#1916),.UNSPECIFIED.,.F.,
  .F.,(2,2),(3.5,184.46),.PIECEWISE_BEZIER_KNOTS.);
#1915 = CARTESIAN_POINT('',(110.38,7.));
#1916 = CARTESIAN_POINT('',(110.38,187.96));
#1917 = ( GEOMETRIC_REPRESENTATION_CONTEXT(2) 
PARAMETRIC_REPRESENTATION_CONTEXT() REPRESENTATION_CONTEXT('2D SPACE',''
  ) );
#1918 = PCURVE('',#938,#1919);
#1919 = DEFINITIONAL_REPRESENTATION('',(#1920),#1923);
#1920 = B_SPLINE_CURVE_WITH_KNOTS('',1,(#1921,#1922),.UNSPECIFIED.,.F.,
  .F.,(2,2),(3.5,184.46),.PIECEWISE_BEZIER_KNOTS.);
#1921 = CARTESIAN_POINT('',(0.,4.));
#1922 = CARTESIAN_POINT('',(180.96,4.));
#1923 = ( GEOMETRIC_REPRESENTATION_CONTEXT(2) 
PARAMETRIC_REPRESENTATION_CONTEXT() REPRESENTATION_CONTEXT('2D SPACE',''
  ) );
#1924 = ORIENTED_EDGE('',*,*,#1925,.T.);
#1925 = EDGE_CURVE('',#1903,#1926,#1928,.T.);
#1926 = VERTEX_POINT('',#1927);
#1927 = CARTESIAN_POINT('',(10.,3.,15.62));
#1928 = SURFACE_CURVE('',#1929,(#1933,#1939),.PCURVE_S1.);
#1929 = LINE('',#1930,#1931);
#1930 = CARTESIAN_POINT('',(10.,3.,9.81));
#1931 = VECTOR('',#1932,1.);
#1932 = DIRECTION('',(-0.,0.,-1.));
#1933 = PCURVE('',#823,#1934);
#1934 = DEFINITIONAL_REPRESENTATION('',(#1935),#1938);
#1935 = B_SPLINE_CURVE_WITH_KNOTS('',1,(#1936,#1937),.UNSPECIFIED.,.F.,
  .F.,(2,2),(-104.57,-5.81),.PIECEWISE_BEZIER_KNOTS.);
#1936 = CARTESIAN_POINT('',(110.38,7.));
#1937 = CARTESIAN_POINT('',(11.62,7.));
#1938 = ( GEOMETRIC_REPRESENTATION_CONTEXT(2) 
PARAMETRIC_REPRESENTATION_CONTEXT() REPRESENTATION_CONTEXT('2D SPACE',''
  ) );
#1939 = PCURVE('',#964,#1940);
#1940 = DEFINITIONAL_REPRESENTATION('',(#1941),#1944);
#1941 = B_SPLINE_CURVE_WITH_KNOTS('',1,(#1942,#1943),.UNSPECIFIED.,.F.,
  .F.,(2,2),(-104.57,-5.81),.PIECEWISE_BEZIER_KNOTS.);
#1942 = CARTESIAN_POINT('',(98.76,-4.));
#1943 = CARTESIAN_POINT('',(0.,-4.));
#1944 = ( GEOMETRIC_REPRESENTATION_CONTEXT(2) 
PARAMETRIC_REPRESENTATION_CONTEXT() REPRESENTATION_CONTEXT('2D SPACE',''
  ) );
#1945 = ORIENTED_EDGE('',*,*,#1946,.T.);
#1946 = EDGE_CURVE('',#1926,#1947,#1949,.T.);
#1947 = VERTEX_POINT('',#1948);
#1948 = CARTESIAN_POINT('',(190.96,3.,15.62));
#1949 = SURFACE_CURVE('',#1950,(#1954,#1960),.PCURVE_S1.);
#1950 = LINE('',#1951,#1952);
#1951 = CARTESIAN_POINT('',(6.5,3.,15.62));
#1952 = VECTOR('',#1953,1.);
#1953 = DIRECTION('',(1.,0.,-0.));
#1954 = PCURVE('',#823,#1955);
#1955 = DEFINITIONAL_REPRESENTATION('',(#1956),#1959);
#1956 = B_SPLINE_CURVE_WITH_KNOTS('',1,(#1957,#1958),.UNSPECIFIED.,.F.,
  .F.,(2,2),(3.5,184.46),.PIECEWISE_BEZIER_KNOTS.);
#1957 = CARTESIAN_POINT('',(11.62,7.));
#1958 = CARTESIAN_POINT('',(11.62,187.96));
#1959 = ( GEOMETRIC_REPRESENTATION_CONTEXT(2) 
PARAMETRIC_REPRESENTATION_CONTEXT() REPRESENTATION_CONTEXT('2D SPACE',''
  ) );
#1960 = PCURVE('',#990,#1961);
#1961 = DEFINITIONAL_REPRESENTATION('',(#1962),#1965);
#1962 = B_SPLINE_CURVE_WITH_KNOTS('',1,(#1963,#1964),.UNSPECIFIED.,.F.,
  .F.,(2,2),(3.5,184.46),.PIECEWISE_BEZIER_KNOTS.);
#1963 = CARTESIAN_POINT('',(0.,4.));
#1964 = CARTESIAN_POINT('',(180.96,4.));
#1965 = ( GEOMETRIC_REPRESENTATION_CONTEXT(2) 
PARAMETRIC_REPRESENTATION_CONTEXT() REPRESENTATION_CONTEXT('2D SPACE',''
  ) );
#1966 = ORIENTED_EDGE('',*,*,#1967,.F.);
#1967 = EDGE_CURVE('',#1905,#1947,#1968,.T.);
#1968 = SURFACE_CURVE('',#1969,(#1973,#1979),.PCURVE_S1.);
#1969 = LINE('',#1970,#1971);
#1970 = CARTESIAN_POINT('',(190.96,3.,9.81));
#1971 = VECTOR('',#1972,1.);
#1972 = DIRECTION('',(-0.,0.,-1.));
#1973 = PCURVE('',#823,#1974);
#1974 = DEFINITIONAL_REPRESENTATION('',(#1975),#1978);
#1975 = B_SPLINE_CURVE_WITH_KNOTS('',1,(#1976,#1977),.UNSPECIFIED.,.F.,
  .F.,(2,2),(-104.57,-5.81),.PIECEWISE_BEZIER_KNOTS.);
#1976 = CARTESIAN_POINT('',(110.38,187.96));
#1977 = CARTESIAN_POINT('',(11.62,187.96));
#1978 = ( GEOMETRIC_REPRESENTATION_CONTEXT(2) 
PARAMETRIC_REPRESENTATION_CONTEXT() REPRESENTATION_CONTEXT('2D SPACE',''
  ) );
#1979 = PCURVE('',#1014,#1980);
#1980 = DEFINITIONAL_REPRESENTATION('',(#1981),#1984);
#1981 = B_SPLINE_CURVE_WITH_KNOTS('',1,(#1982,#1983),.UNSPECIFIED.,.F.,
  .F.,(2,2),(-104.57,-5.81),.PIECEWISE_BEZIER_KNOTS.);
#1982 = CARTESIAN_POINT('',(98.76,-4.));
#1983 = CARTESIAN_POINT('',(0.,-4.));
#1984 = ( GEOMETRIC_REPRESENTATION_CONTEXT(2) 
PARAMETRIC_REPRESENTATION_CONTEXT() REPRESENTATION_CONTEXT('2D SPACE',''
  ) );
#1985 = ADVANCED_FACE('',(#1986),#938,.F.);
#1986 = FACE_BOUND('',#1987,.F.);
#1987 = EDGE_LOOP('',(#1988,#2009,#2010,#2031));
#1988 = ORIENTED_EDGE('',*,*,#1989,.F.);
#1989 = EDGE_CURVE('',#922,#1903,#1990,.T.);
#1990 = SURFACE_CURVE('',#1991,(#1995,#2002),.PCURVE_S1.);
#1991 = LINE('',#1992,#1993);
#1992 = CARTESIAN_POINT('',(10.,-1.,114.38));
#1993 = VECTOR('',#1994,1.);
#1994 = DIRECTION('',(-0.,1.,0.));
#1995 = PCURVE('',#938,#1996);
#1996 = DEFINITIONAL_REPRESENTATION('',(#1997),#2001);
#1997 = LINE('',#1998,#1999);
#1998 = CARTESIAN_POINT('',(0.,0.));
#1999 = VECTOR('',#2000,1.);
#2000 = DIRECTION('',(0.,1.));
#2001 = ( GEOMETRIC_REPRESENTATION_CONTEXT(2) 
PARAMETRIC_REPRESENTATION_CONTEXT() REPRESENTATION_CONTEXT('2D SPACE',''
  ) );
#2002 = PCURVE('',#964,#2003);
#2003 = DEFINITIONAL_REPRESENTATION('',(#2004),#2008);
#2004 = LINE('',#2005,#2006);
#2005 = CARTESIAN_POINT('',(98.76,0.));
#2006 = VECTOR('',#2007,1.);
#2007 = DIRECTION('',(0.,-1.));
#2008 = ( GEOMETRIC_REPRESENTATION_CONTEXT(2) 
PARAMETRIC_REPRESENTATION_CONTEXT() REPRESENTATION_CONTEXT('2D SPACE',''
  ) );
#2009 = ORIENTED_EDGE('',*,*,#921,.T.);
#2010 = ORIENTED_EDGE('',*,*,#2011,.T.);
#2011 = EDGE_CURVE('',#924,#1905,#2012,.T.);
#2012 = SURFACE_CURVE('',#2013,(#2017,#2024),.PCURVE_S1.);
#2013 = LINE('',#2014,#2015);
#2014 = CARTESIAN_POINT('',(190.96,-1.,114.38));
#2015 = VECTOR('',#2016,1.);
#2016 = DIRECTION('',(-0.,1.,0.));
#2017 = PCURVE('',#938,#2018);
#2018 = DEFINITIONAL_REPRESENTATION('',(#2019),#2023);
#2019 = LINE('',#2020,#2021);
#2020 = CARTESIAN_POINT('',(180.96,0.));
#2021 = VECTOR('',#2022,1.);
#2022 = DIRECTION('',(0.,1.));
#2023 = ( GEOMETRIC_REPRESENTATION_CONTEXT(2) 
PARAMETRIC_REPRESENTATION_CONTEXT() REPRESENTATION_CONTEXT('2D SPACE',''
  ) );
#2024 = PCURVE('',#1014,#2025);
#2025 = DEFINITIONAL_REPRESENTATION('',(#2026),#2030);
#2026 = LINE('',#2027,#2028);
#2027 = CARTESIAN_POINT('',(98.76,0.));
#2028 = VECTOR('',#2029,1.);
#2029 = DIRECTION('',(0.,-1.));
#2030 = ( GEOMETRIC_REPRESENTATION_CONTEXT(2) 
PARAMETRIC_REPRESENTATION_CONTEXT() REPRESENTATION_CONTEXT('2D SPACE',''
  ) );
#2031 = ORIENTED_EDGE('',*,*,#1902,.F.);
#2032 = ADVANCED_FACE('',(#2033),#1014,.F.);
#2033 = FACE_BOUND('',#2034,.F.);
#2034 = EDGE_LOOP('',(#2035,#2036,#2037,#2058));
#2035 = ORIENTED_EDGE('',*,*,#2011,.F.);
#2036 = ORIENTED_EDGE('',*,*,#1001,.T.);
#2037 = ORIENTED_EDGE('',*,*,#2038,.T.);
#2038 = EDGE_CURVE('',#976,#1947,#2039,.T.);
#2039 = SURFACE_CURVE('',#2040,(#2044,#2051),.PCURVE_S1.);
#2040 = LINE('',#2041,#2042);
#2041 = CARTESIAN_POINT('',(190.96,-1.,15.62));
#2042 = VECTOR('',#2043,1.);
#2043 = DIRECTION('',(-0.,1.,0.));
#2044 = PCURVE('',#1014,#2045);
#2045 = DEFINITIONAL_REPRESENTATION('',(#2046),#2050);
#2046 = LINE('',#2047,#2048);
#2047 = CARTESIAN_POINT('',(0.,0.));
#2048 = VECTOR('',#2049,1.);
#2049 = DIRECTION('',(0.,-1.));
#2050 = ( GEOMETRIC_REPRESENTATION_CONTEXT(2) 
PARAMETRIC_REPRESENTATION_CONTEXT() REPRESENTATION_CONTEXT('2D SPACE',''
  ) );
#2051 = PCURVE('',#990,#2052);
#2052 = DEFINITIONAL_REPRESENTATION('',(#2053),#2057);
#2053 = LINE('',#2054,#2055);
#2054 = CARTESIAN_POINT('',(180.96,0.));
#2055 = VECTOR('',#2056,1.);
#2056 = DIRECTION('',(0.,1.));
#2057 = ( GEOMETRIC_REPRESENTATION_CONTEXT(2) 
PARAMETRIC_REPRESENTATION_CONTEXT() REPRESENTATION_CONTEXT('2D SPACE',''
  ) );
#2058 = ORIENTED_EDGE('',*,*,#1967,.F.);
#2059 = ADVANCED_FACE('',(#2060),#990,.T.);
#2060 = FACE_BOUND('',#2061,.T.);
#2061 = EDGE_LOOP('',(#2062,#2083,#2084,#2085));
#2062 = ORIENTED_EDGE('',*,*,#2063,.F.);
#2063 = EDGE_CURVE('',#950,#1926,#2064,.T.);
#2064 = SURFACE_CURVE('',#2065,(#2069,#2076),.PCURVE_S1.);
#2065 = LINE('',#2066,#2067);
#2066 = CARTESIAN_POINT('',(10.,-1.,15.62));
#2067 = VECTOR('',#2068,1.);
#2068 = DIRECTION('',(-0.,1.,0.));
#2069 = PCURVE('',#990,#2070);
#2070 = DEFINITIONAL_REPRESENTATION('',(#2071),#2075);
#2071 = LINE('',#2072,#2073);
#2072 = CARTESIAN_POINT('',(0.,0.));
#2073 = VECTOR('',#2074,1.);
#2074 = DIRECTION('',(0.,1.));
#2075 = ( GEOMETRIC_REPRESENTATION_CONTEXT(2) 
PARAMETRIC_REPRESENTATION_CONTEXT() REPRESENTATION_CONTEXT('2D SPACE',''
  ) );
#2076 = PCURVE('',#964,#2077);
#2077 = DEFINITIONAL_REPRESENTATION('',(#2078),#2082);
#2078 = LINE('',#2079,#2080);
#2079 = CARTESIAN_POINT('',(0.,0.));
#2080 = VECTOR('',#2081,1.);
#2081 = DIRECTION('',(0.,-1.));
#2082 = ( GEOMETRIC_REPRESENTATION_CONTEXT(2) 
PARAMETRIC_REPRESENTATION_CONTEXT() REPRESENTATION_CONTEXT('2D SPACE',''
  ) );
#2083 = ORIENTED_EDGE('',*,*,#975,.T.);
#2084 = ORIENTED_EDGE('',*,*,#2038,.T.);
#2085 = ORIENTED_EDGE('',*,*,#1946,.F.);
#2086 = ADVANCED_FACE('',(#2087),#964,.T.);
#2087 = FACE_BOUND('',#2088,.T.);
#2088 = EDGE_LOOP('',(#2089,#2090,#2091,#2092));
#2089 = ORIENTED_EDGE('',*,*,#1989,.F.);
#2090 = ORIENTED_EDGE('',*,*,#949,.T.);
#2091 = ORIENTED_EDGE('',*,*,#2063,.T.);
#2092 = ORIENTED_EDGE('',*,*,#1925,.F.);
#2093 = ADVANCED_FACE('',(#2094,#2293),#1095,.F.);
#2094 = FACE_BOUND('',#2095,.F.);
#2095 = EDGE_LOOP('',(#2096,#2121,#2142,#2143,#2144,#2167));
#2096 = ORIENTED_EDGE('',*,*,#2097,.F.);
#2097 = EDGE_CURVE('',#2098,#2100,#2102,.T.);
#2098 = VERTEX_POINT('',#2099);
#2099 = CARTESIAN_POINT('',(349.96,150.,4.));
#2100 = VERTEX_POINT('',#2101);
#2101 = CARTESIAN_POINT('',(349.96,150.,129.73053916337));
#2102 = SURFACE_CURVE('',#2103,(#2107,#2114),.PCURVE_S1.);
#2103 = LINE('',#2104,#2105);
#2104 = CARTESIAN_POINT('',(349.96,150.,4.));
#2105 = VECTOR('',#2106,1.);
#2106 = DIRECTION('',(0.,0.,1.));
#2107 = PCURVE('',#1095,#2108);
#2108 = DEFINITIONAL_REPRESENTATION('',(#2109),#2113);
#2109 = LINE('',#2110,#2111);
#2110 = CARTESIAN_POINT('',(0.,346.96));
#2111 = VECTOR('',#2112,1.);
#2112 = DIRECTION('',(1.,0.));
#2113 = ( GEOMETRIC_REPRESENTATION_CONTEXT(2) 
PARAMETRIC_REPRESENTATION_CONTEXT() REPRESENTATION_CONTEXT('2D SPACE',''
  ) );
#2114 = PCURVE('',#1819,#2115);
#2115 = DEFINITIONAL_REPRESENTATION('',(#2116),#2120);
#2116 = LINE('',#2117,#2118);
#2117 = CARTESIAN_POINT('',(0.,-147.));
#2118 = VECTOR('',#2119,1.);
#2119 = DIRECTION('',(1.,0.));
#2120 = ( GEOMETRIC_REPRESENTATION_CONTEXT(2) 
PARAMETRIC_REPRESENTATION_CONTEXT() REPRESENTATION_CONTEXT('2D SPACE',''
  ) );
#2121 = ORIENTED_EDGE('',*,*,#2122,.F.);
#2122 = EDGE_CURVE('',#1052,#2098,#2123,.T.);
#2123 = SURFACE_CURVE('',#2124,(#2128,#2135),.PCURVE_S1.);
#2124 = LINE('',#2125,#2126);
#2125 = CARTESIAN_POINT('',(3.,150.,4.));
#2126 = VECTOR('',#2127,1.);
#2127 = DIRECTION('',(1.,0.,-0.));
#2128 = PCURVE('',#1095,#2129);
#2129 = DEFINITIONAL_REPRESENTATION('',(#2130),#2134);
#2130 = LINE('',#2131,#2132);
#2131 = CARTESIAN_POINT('',(0.,0.));
#2132 = VECTOR('',#2133,1.);
#2133 = DIRECTION('',(0.,1.));
#2134 = ( GEOMETRIC_REPRESENTATION_CONTEXT(2) 
PARAMETRIC_REPRESENTATION_CONTEXT() REPRESENTATION_CONTEXT('2D SPACE',''
  ) );
#2135 = PCURVE('',#1067,#2136);
#2136 = DEFINITIONAL_REPRESENTATION('',(#2137),#2141);
#2137 = LINE('',#2138,#2139);
#2138 = CARTESIAN_POINT('',(0.,147.));
#2139 = VECTOR('',#2140,1.);
#2140 = DIRECTION('',(1.,0.));
#2141 = ( GEOMETRIC_REPRESENTATION_CONTEXT(2) 
PARAMETRIC_REPRESENTATION_CONTEXT() REPRESENTATION_CONTEXT('2D SPACE',''
  ) );
#2142 = ORIENTED_EDGE('',*,*,#1079,.T.);
#2143 = ORIENTED_EDGE('',*,*,#1267,.T.);
#2144 = ORIENTED_EDGE('',*,*,#2145,.T.);
#2145 = EDGE_CURVE('',#1241,#2146,#2148,.T.);
#2146 = VERTEX_POINT('',#2147);
#2147 = CARTESIAN_POINT('',(346.96,150.,130.));
#2148 = SURFACE_CURVE('',#2149,(#2153,#2160),.PCURVE_S1.);
#2149 = LINE('',#2150,#2151);
#2150 = CARTESIAN_POINT('',(6.,150.,130.));
#2151 = VECTOR('',#2152,1.);
#2152 = DIRECTION('',(1.,0.,-0.));
#2153 = PCURVE('',#1095,#2154);
#2154 = DEFINITIONAL_REPRESENTATION('',(#2155),#2159);
#2155 = LINE('',#2156,#2157);
#2156 = CARTESIAN_POINT('',(126.,3.));
#2157 = VECTOR('',#2158,1.);
#2158 = DIRECTION('',(0.,1.));
#2159 = ( GEOMETRIC_REPRESENTATION_CONTEXT(2) 
PARAMETRIC_REPRESENTATION_CONTEXT() REPRESENTATION_CONTEXT('2D SPACE',''
  ) );
#2160 = PCURVE('',#1256,#2161);
#2161 = DEFINITIONAL_REPRESENTATION('',(#2162),#2166);
#2162 = LINE('',#2163,#2164);
#2163 = CARTESIAN_POINT('',(1.570796326795,0.));
#2164 = VECTOR('',#2165,1.);
#2165 = DIRECTION('',(0.,1.));
#2166 = ( GEOMETRIC_REPRESENTATION_CONTEXT(2) 
PARAMETRIC_REPRESENTATION_CONTEXT() REPRESENTATION_CONTEXT('2D SPACE',''
  ) );
#2167 = ORIENTED_EDGE('',*,*,#2168,.F.);
#2168 = EDGE_CURVE('',#2100,#2146,#2169,.T.);
#2169 = SURFACE_CURVE('',#2170,(#2209,#2251),.PCURVE_S1.);
#2170 = B_SPLINE_CURVE_WITH_KNOTS('',7,(#2171,#2172,#2173,#2174,#2175,
    #2176,#2177,#2178,#2179,#2180,#2181,#2182,#2183,#2184,#2185,#2186,
    #2187,#2188,#2189,#2190,#2191,#2192,#2193,#2194,#2195,#2196,#2197,
    #2198,#2199,#2200,#2201,#2202,#2203,#2204,#2205,#2206,#2207,#2208),
  .UNSPECIFIED.,.F.,.F.,(8,6,6,6,6,6,8),(0.,0.201785011764,
    0.285394577481,0.402701315741,0.568885082894,0.814161768206,1.),
  .UNSPECIFIED.);
#2171 = CARTESIAN_POINT('',(352.1561524227,150.,127.));
#2172 = CARTESIAN_POINT('',(352.1561524227,150.,127.19432595731));
#2173 = CARTESIAN_POINT('',(352.13919490187,150.,127.3887057421));
#2174 = CARTESIAN_POINT('',(352.10526436205,150.,127.5812954923));
#2175 = CARTESIAN_POINT('',(352.05469500767,150.,127.77037949447));
#2176 = CARTESIAN_POINT('',(351.98807523481,150.,127.95436082911));
#2177 = CARTESIAN_POINT('',(351.90622862197,150.,128.13176963912));
#2178 = CARTESIAN_POINT('',(351.77051158255,150.,128.37152933212));
#2179 = CARTESIAN_POINT('',(351.72832344229,150.,128.4404251621));
#2180 = CARTESIAN_POINT('',(351.68378194139,150.,128.50788801113));
#2181 = CARTESIAN_POINT('',(351.63696683628,150.,128.57383740178));
#2182 = CARTESIAN_POINT('',(351.58796224961,150.,128.63820069697));
#2183 = CARTESIAN_POINT('',(351.53685621965,150.,128.70091291768));
#2184 = CARTESIAN_POINT('',(351.4092169445,150.,128.84750650823));
#2185 = CARTESIAN_POINT('',(351.33073471582,150.,128.92973568359));
#2186 = CARTESIAN_POINT('',(351.24854737343,150.,129.00844450958));
#2187 = CARTESIAN_POINT('',(351.16291523618,150.,129.08350987191));
#2188 = CARTESIAN_POINT('',(351.07410269574,150.,129.15484321978));
#2189 = CARTESIAN_POINT('',(350.98237578036,150.,129.22238866656));
#2190 = CARTESIAN_POINT('',(350.75430092445,150.,129.37640826818));
#2191 = CARTESIAN_POINT('',(350.61527623956,150.,129.45904944887));
#2192 = CARTESIAN_POINT('',(350.47167906873,150.,129.53397339568));
#2193 = CARTESIAN_POINT('',(350.32422828987,150.,129.60125670543));
#2194 = CARTESIAN_POINT('',(350.17359474823,150.,129.66110259068));
#2195 = CARTESIAN_POINT('',(350.02039158841,150.,129.71382573518));
#2196 = CARTESIAN_POINT('',(349.63606889281,150.,129.82776211203));
#2197 = CARTESIAN_POINT('',(349.40261017649,150.,129.88106078705));
#2198 = CARTESIAN_POINT('',(349.16643788756,150.,129.92112618294));
#2199 = CARTESIAN_POINT('',(348.92887282674,150.,129.94976625863));
#2200 = CARTESIAN_POINT('',(348.69088775182,150.,129.96915009452));
#2201 = CARTESIAN_POINT('',(348.45305186023,150.,129.98165284847));
#2202 = CARTESIAN_POINT('',(348.03549867551,150.,129.99524778865));
#2203 = CARTESIAN_POINT('',(347.85570165136,150.,129.99836986791));
#2204 = CARTESIAN_POINT('',(347.67617140006,150.,129.99967513927));
#2205 = CARTESIAN_POINT('',(347.49691636631,150.,129.99999976053));
#2206 = CARTESIAN_POINT('',(347.31787482452,150.,130.00000004644));
#2207 = CARTESIAN_POINT('',(347.13894076108,150.,130.));
#2208 = CARTESIAN_POINT('',(346.96,150.,130.));
#2209 = PCURVE('',#1095,#2210);
#2210 = DEFINITIONAL_REPRESENTATION('',(#2211),#2250);
#2211 = B_SPLINE_CURVE_WITH_KNOTS('',7,(#2212,#2213,#2214,#2215,#2216,
    #2217,#2218,#2219,#2220,#2221,#2222,#2223,#2224,#2225,#2226,#2227,
    #2228,#2229,#2230,#2231,#2232,#2233,#2234,#2235,#2236,#2237,#2238,
    #2239,#2240,#2241,#2242,#2243,#2244,#2245,#2246,#2247,#2248,#2249),
  .UNSPECIFIED.,.F.,.F.,(8,6,6,6,6,6,8),(0.,0.201785011764,
    0.285394577481,0.402701315741,0.568885082894,0.814161768206,1.),
  .UNSPECIFIED.);
#2212 = CARTESIAN_POINT('',(123.,349.1561524227));
#2213 = CARTESIAN_POINT('',(123.19432595731,349.1561524227));
#2214 = CARTESIAN_POINT('',(123.3887057421,349.13919490187));
#2215 = CARTESIAN_POINT('',(123.5812954923,349.10526436205));
#2216 = CARTESIAN_POINT('',(123.77037949447,349.05469500767));
#2217 = CARTESIAN_POINT('',(123.95436082911,348.98807523481));
#2218 = CARTESIAN_POINT('',(124.13176963912,348.90622862197));
#2219 = CARTESIAN_POINT('',(124.37152933212,348.77051158255));
#2220 = CARTESIAN_POINT('',(124.4404251621,348.72832344229));
#2221 = CARTESIAN_POINT('',(124.50788801113,348.68378194139));
#2222 = CARTESIAN_POINT('',(124.57383740178,348.63696683628));
#2223 = CARTESIAN_POINT('',(124.63820069697,348.58796224961));
#2224 = CARTESIAN_POINT('',(124.70091291768,348.53685621965));
#2225 = CARTESIAN_POINT('',(124.84750650823,348.4092169445));
#2226 = CARTESIAN_POINT('',(124.92973568359,348.33073471582));
#2227 = CARTESIAN_POINT('',(125.00844450958,348.24854737343));
#2228 = CARTESIAN_POINT('',(125.08350987191,348.16291523618));
#2229 = CARTESIAN_POINT('',(125.15484321978,348.07410269574));
#2230 = CARTESIAN_POINT('',(125.22238866656,347.98237578036));
#2231 = CARTESIAN_POINT('',(125.37640826818,347.75430092445));
#2232 = CARTESIAN_POINT('',(125.45904944887,347.61527623956));
#2233 = CARTESIAN_POINT('',(125.53397339568,347.47167906873));
#2234 = CARTESIAN_POINT('',(125.60125670543,347.32422828987));
#2235 = CARTESIAN_POINT('',(125.66110259068,347.17359474823));
#2236 = CARTESIAN_POINT('',(125.71382573518,347.02039158841));
#2237 = CARTESIAN_POINT('',(125.82776211203,346.63606889281));
#2238 = CARTESIAN_POINT('',(125.88106078705,346.40261017649));
#2239 = CARTESIAN_POINT('',(125.92112618294,346.16643788756));
#2240 = CARTESIAN_POINT('',(125.94976625863,345.92887282674));
#2241 = CARTESIAN_POINT('',(125.96915009452,345.69088775182));
#2242 = CARTESIAN_POINT('',(125.98165284847,345.45305186023));
#2243 = CARTESIAN_POINT('',(125.99524778865,345.03549867551));
#2244 = CARTESIAN_POINT('',(125.99836986791,344.85570165136));
#2245 = CARTESIAN_POINT('',(125.99967513927,344.67617140006));
#2246 = CARTESIAN_POINT('',(125.99999976053,344.49691636631));
#2247 = CARTESIAN_POINT('',(126.00000004644,344.31787482452));
#2248 = CARTESIAN_POINT('',(126.,344.13894076108));
#2249 = CARTESIAN_POINT('',(126.,343.96));
#2250 = ( GEOMETRIC_REPRESENTATION_CONTEXT(2) 
PARAMETRIC_REPRESENTATION_CONTEXT() REPRESENTATION_CONTEXT('2D SPACE',''
  ) );
#2251 = PCURVE('',#1647,#2252);
#2252 = DEFINITIONAL_REPRESENTATION('',(#2253),#2292);
#2253 = B_SPLINE_CURVE_WITH_KNOTS('',7,(#2254,#2255,#2256,#2257,#2258,
    #2259,#2260,#2261,#2262,#2263,#2264,#2265,#2266,#2267,#2268,#2269,
    #2270,#2271,#2272,#2273,#2274,#2275,#2276,#2277,#2278,#2279,#2280,
    #2281,#2282,#2283,#2284,#2285,#2286,#2287,#2288,#2289,#2290,#2291),
  .UNSPECIFIED.,.F.,.F.,(8,6,6,6,6,6,8),(0.,0.201785011764,
    0.285394577481,0.402701315741,0.568885082894,0.814161768206,1.),
  .UNSPECIFIED.);
#2254 = CARTESIAN_POINT('',(-1.047197551197,0.));
#2255 = CARTESIAN_POINT('',(-1.047197551197,6.477531910322E-02));
#2256 = CARTESIAN_POINT('',(-1.045784456278,0.1295684005));
#2257 = CARTESIAN_POINT('',(-1.042956822948,0.194209552321));
#2258 = CARTESIAN_POINT('',(-1.038699159775,0.25856941609));
#2259 = CARTESIAN_POINT('',(-1.03297325672,0.322528588995));
#2260 = CARTESIAN_POINT('',(-1.025719597386,0.385951558954));
#2261 = CARTESIAN_POINT('',(-1.013201551115,0.474650230271));
#2262 = CARTESIAN_POINT('',(-1.009259532861,0.500517362873));
#2263 = CARTESIAN_POINT('',(-1.005037460498,0.526256056976));
#2264 = CARTESIAN_POINT('',(-1.000529339371,0.55185633533));
#2265 = CARTESIAN_POINT('',(-0.99572855978,0.577308252569));
#2266 = CARTESIAN_POINT('',(-0.990627937642,0.602601611075));
#2267 = CARTESIAN_POINT('',(-0.977631912312,0.662975497624));
#2268 = CARTESIAN_POINT('',(-0.969438381688,0.697893125803));
#2269 = CARTESIAN_POINT('',(-0.96061802954,0.732448648924));
#2270 = CARTESIAN_POINT('',(-0.951146875094,0.766613131681));
#2271 = CARTESIAN_POINT('',(-0.940998501427,0.800357313746));
#2272 = CARTESIAN_POINT('',(-0.930144466345,0.833650307598));
#2273 = CARTESIAN_POINT('',(-0.902135973322,0.912936062622));
#2274 = CARTESIAN_POINT('',(-0.884239637712,0.958443784247));
#2275 = CARTESIAN_POINT('',(-0.864780072885,1.002885690103));
#2276 = CARTESIAN_POINT('',(-0.843662543242,1.046166701502));
#2277 = CARTESIAN_POINT('',(-0.820784434345,1.088183749946));
#2278 = CARTESIAN_POINT('',(-0.796041689984,1.128820741025));
#2279 = CARTESIAN_POINT('',(-0.729931148093,1.225695280351));
#2280 = CARTESIAN_POINT('',(-0.686262885426,1.280142455333));
#2281 = CARTESIAN_POINT('',(-0.638013996259,1.330901883054));
#2282 = CARTESIAN_POINT('',(-0.584907547413,1.377511038382));
#2283 = CARTESIAN_POINT('',(-0.526764181154,1.419409437545));
#2284 = CARTESIAN_POINT('',(-0.463734818686,1.455979533686));
#2285 = CARTESIAN_POINT('',(-0.345294098297,1.509902920152));
#2286 = CARTESIAN_POINT('',(-0.291748405345,1.529760600021));
#2287 = CARTESIAN_POINT('',(-0.235949970369,1.545986689688));
#2288 = CARTESIAN_POINT('',(-0.17827939876,1.558344813734));
#2289 = CARTESIAN_POINT('',(-0.119291496191,1.566645599373));
#2290 = CARTESIAN_POINT('',(-5.964692036147E-02,1.570796326795));
#2291 = CARTESIAN_POINT('',(0.,1.570796326795));
#2292 = ( GEOMETRIC_REPRESENTATION_CONTEXT(2) 
PARAMETRIC_REPRESENTATION_CONTEXT() REPRESENTATION_CONTEXT('2D SPACE',''
  ) );
#2293 = FACE_BOUND('',#2294,.F.);
#2294 = EDGE_LOOP('',(#2295,#2318,#2339,#2360));
#2295 = ORIENTED_EDGE('',*,*,#2296,.F.);
#2296 = EDGE_CURVE('',#2297,#2299,#2301,.T.);
#2297 = VERTEX_POINT('',#2298);
#2298 = CARTESIAN_POINT('',(13.,150.,120.));
#2299 = VERTEX_POINT('',#2300);
#2300 = CARTESIAN_POINT('',(339.96,150.,120.));
#2301 = SURFACE_CURVE('',#2302,(#2306,#2312),.PCURVE_S1.);
#2302 = LINE('',#2303,#2304);
#2303 = CARTESIAN_POINT('',(8.,150.,120.));
#2304 = VECTOR('',#2305,1.);
#2305 = DIRECTION('',(1.,0.,-0.));
#2306 = PCURVE('',#1095,#2307);
#2307 = DEFINITIONAL_REPRESENTATION('',(#2308),#2311);
#2308 = B_SPLINE_CURVE_WITH_KNOTS('',1,(#2309,#2310),.UNSPECIFIED.,.F.,
  .F.,(2,2),(5.,331.96),.PIECEWISE_BEZIER_KNOTS.);
#2309 = CARTESIAN_POINT('',(116.,10.));
#2310 = CARTESIAN_POINT('',(116.,336.96));
#2311 = ( GEOMETRIC_REPRESENTATION_CONTEXT(2) 
PARAMETRIC_REPRESENTATION_CONTEXT() REPRESENTATION_CONTEXT('2D SPACE',''
  ) );
#2312 = PCURVE('',#1462,#2313);
#2313 = DEFINITIONAL_REPRESENTATION('',(#2314),#2317);
#2314 = B_SPLINE_CURVE_WITH_KNOTS('',1,(#2315,#2316),.UNSPECIFIED.,.F.,
  .F.,(2,2),(5.,331.96),.PIECEWISE_BEZIER_KNOTS.);
#2315 = CARTESIAN_POINT('',(0.,1.));
#2316 = CARTESIAN_POINT('',(326.96,1.));
#2317 = ( GEOMETRIC_REPRESENTATION_CONTEXT(2) 
PARAMETRIC_REPRESENTATION_CONTEXT() REPRESENTATION_CONTEXT('2D SPACE',''
  ) );
#2318 = ORIENTED_EDGE('',*,*,#2319,.T.);
#2319 = EDGE_CURVE('',#2297,#2320,#2322,.T.);
#2320 = VERTEX_POINT('',#2321);
#2321 = CARTESIAN_POINT('',(13.,150.,14.));
#2322 = SURFACE_CURVE('',#2323,(#2327,#2333),.PCURVE_S1.);
#2323 = LINE('',#2324,#2325);
#2324 = CARTESIAN_POINT('',(13.,150.,9.));
#2325 = VECTOR('',#2326,1.);
#2326 = DIRECTION('',(-0.,0.,-1.));
#2327 = PCURVE('',#1095,#2328);
#2328 = DEFINITIONAL_REPRESENTATION('',(#2329),#2332);
#2329 = B_SPLINE_CURVE_WITH_KNOTS('',1,(#2330,#2331),.UNSPECIFIED.,.F.,
  .F.,(2,2),(-111.,-5.),.PIECEWISE_BEZIER_KNOTS.);
#2330 = CARTESIAN_POINT('',(116.,10.));
#2331 = CARTESIAN_POINT('',(10.,10.));
#2332 = ( GEOMETRIC_REPRESENTATION_CONTEXT(2) 
PARAMETRIC_REPRESENTATION_CONTEXT() REPRESENTATION_CONTEXT('2D SPACE',''
  ) );
#2333 = PCURVE('',#1488,#2334);
#2334 = DEFINITIONAL_REPRESENTATION('',(#2335),#2338);
#2335 = B_SPLINE_CURVE_WITH_KNOTS('',1,(#2336,#2337),.UNSPECIFIED.,.F.,
  .F.,(2,2),(-111.,-5.),.PIECEWISE_BEZIER_KNOTS.);
#2336 = CARTESIAN_POINT('',(106.,-1.));
#2337 = CARTESIAN_POINT('',(0.,-1.));
#2338 = ( GEOMETRIC_REPRESENTATION_CONTEXT(2) 
PARAMETRIC_REPRESENTATION_CONTEXT() REPRESENTATION_CONTEXT('2D SPACE',''
  ) );
#2339 = ORIENTED_EDGE('',*,*,#2340,.T.);
#2340 = EDGE_CURVE('',#2320,#2341,#2343,.T.);
#2341 = VERTEX_POINT('',#2342);
#2342 = CARTESIAN_POINT('',(339.96,150.,14.));
#2343 = SURFACE_CURVE('',#2344,(#2348,#2354),.PCURVE_S1.);
#2344 = LINE('',#2345,#2346);
#2345 = CARTESIAN_POINT('',(8.,150.,14.));
#2346 = VECTOR('',#2347,1.);
#2347 = DIRECTION('',(1.,0.,-0.));
#2348 = PCURVE('',#1095,#2349);
#2349 = DEFINITIONAL_REPRESENTATION('',(#2350),#2353);
#2350 = B_SPLINE_CURVE_WITH_KNOTS('',1,(#2351,#2352),.UNSPECIFIED.,.F.,
  .F.,(2,2),(5.,331.96),.PIECEWISE_BEZIER_KNOTS.);
#2351 = CARTESIAN_POINT('',(10.,10.));
#2352 = CARTESIAN_POINT('',(10.,336.96));
#2353 = ( GEOMETRIC_REPRESENTATION_CONTEXT(2) 
PARAMETRIC_REPRESENTATION_CONTEXT() REPRESENTATION_CONTEXT('2D SPACE',''
  ) );
#2354 = PCURVE('',#1514,#2355);
#2355 = DEFINITIONAL_REPRESENTATION('',(#2356),#2359);
#2356 = B_SPLINE_CURVE_WITH_KNOTS('',1,(#2357,#2358),.UNSPECIFIED.,.F.,
  .F.,(2,2),(5.,331.96),.PIECEWISE_BEZIER_KNOTS.);
#2357 = CARTESIAN_POINT('',(0.,1.));
#2358 = CARTESIAN_POINT('',(326.96,1.));
#2359 = ( GEOMETRIC_REPRESENTATION_CONTEXT(2) 
PARAMETRIC_REPRESENTATION_CONTEXT() REPRESENTATION_CONTEXT('2D SPACE',''
  ) );
#2360 = ORIENTED_EDGE('',*,*,#2361,.F.);
#2361 = EDGE_CURVE('',#2299,#2341,#2362,.T.);
#2362 = SURFACE_CURVE('',#2363,(#2367,#2373),.PCURVE_S1.);
#2363 = LINE('',#2364,#2365);
#2364 = CARTESIAN_POINT('',(339.96,150.,9.));
#2365 = VECTOR('',#2366,1.);
#2366 = DIRECTION('',(-0.,0.,-1.));
#2367 = PCURVE('',#1095,#2368);
#2368 = DEFINITIONAL_REPRESENTATION('',(#2369),#2372);
#2369 = B_SPLINE_CURVE_WITH_KNOTS('',1,(#2370,#2371),.UNSPECIFIED.,.F.,
  .F.,(2,2),(-111.,-5.),.PIECEWISE_BEZIER_KNOTS.);
#2370 = CARTESIAN_POINT('',(116.,336.96));
#2371 = CARTESIAN_POINT('',(10.,336.96));
#2372 = ( GEOMETRIC_REPRESENTATION_CONTEXT(2) 
PARAMETRIC_REPRESENTATION_CONTEXT() REPRESENTATION_CONTEXT('2D SPACE',''
  ) );
#2373 = PCURVE('',#1538,#2374);
#2374 = DEFINITIONAL_REPRESENTATION('',(#2375),#2378);
#2375 = B_SPLINE_CURVE_WITH_KNOTS('',1,(#2376,#2377),.UNSPECIFIED.,.F.,
  .F.,(2,2),(-111.,-5.),.PIECEWISE_BEZIER_KNOTS.);
#2376 = CARTESIAN_POINT('',(106.,-1.));
#2377 = CARTESIAN_POINT('',(0.,-1.));
#2378 = ( GEOMETRIC_REPRESENTATION_CONTEXT(2) 
PARAMETRIC_REPRESENTATION_CONTEXT() REPRESENTATION_CONTEXT('2D SPACE',''
  ) );
#2379 = ADVANCED_FACE('',(#2380),#1067,.T.);
#2380 = FACE_BOUND('',#2381,.T.);
#2381 = EDGE_LOOP('',(#2382,#2383,#2384,#2405));
#2382 = ORIENTED_EDGE('',*,*,#1051,.F.);
#2383 = ORIENTED_EDGE('',*,*,#1831,.T.);
#2384 = ORIENTED_EDGE('',*,*,#2385,.T.);
#2385 = EDGE_CURVE('',#1802,#2098,#2386,.T.);
#2386 = SURFACE_CURVE('',#2387,(#2391,#2398),.PCURVE_S1.);
#2387 = LINE('',#2388,#2389);
#2388 = CARTESIAN_POINT('',(349.96,3.,4.));
#2389 = VECTOR('',#2390,1.);
#2390 = DIRECTION('',(-0.,1.,0.));
#2391 = PCURVE('',#1067,#2392);
#2392 = DEFINITIONAL_REPRESENTATION('',(#2393),#2397);
#2393 = LINE('',#2394,#2395);
#2394 = CARTESIAN_POINT('',(346.96,0.));
#2395 = VECTOR('',#2396,1.);
#2396 = DIRECTION('',(0.,1.));
#2397 = ( GEOMETRIC_REPRESENTATION_CONTEXT(2) 
PARAMETRIC_REPRESENTATION_CONTEXT() REPRESENTATION_CONTEXT('2D SPACE',''
  ) );
#2398 = PCURVE('',#1819,#2399);
#2399 = DEFINITIONAL_REPRESENTATION('',(#2400),#2404);
#2400 = LINE('',#2401,#2402);
#2401 = CARTESIAN_POINT('',(0.,0.));
#2402 = VECTOR('',#2403,1.);
#2403 = DIRECTION('',(0.,-1.));
#2404 = ( GEOMETRIC_REPRESENTATION_CONTEXT(2) 
PARAMETRIC_REPRESENTATION_CONTEXT() REPRESENTATION_CONTEXT('2D SPACE',''
  ) );
#2405 = ORIENTED_EDGE('',*,*,#2122,.F.);
#2406 = ADVANCED_FACE('',(#2407),#1256,.T.);
#2407 = FACE_BOUND('',#2408,.T.);
#2408 = EDGE_LOOP('',(#2409,#2410,#2411,#2431));
#2409 = ORIENTED_EDGE('',*,*,#1240,.T.);
#2410 = ORIENTED_EDGE('',*,*,#2145,.T.);
#2411 = ORIENTED_EDGE('',*,*,#2412,.F.);
#2412 = EDGE_CURVE('',#1399,#2146,#2413,.T.);
#2413 = SURFACE_CURVE('',#2414,(#2419,#2425),.PCURVE_S1.);
#2414 = CIRCLE('',#2415,3.);
#2415 = AXIS2_PLACEMENT_3D('',#2416,#2417,#2418);
#2416 = CARTESIAN_POINT('',(346.96,150.,127.));
#2417 = DIRECTION('',(1.,0.,-0.));
#2418 = DIRECTION('',(0.,1.,0.));
#2419 = PCURVE('',#1256,#2420);
#2420 = DEFINITIONAL_REPRESENTATION('',(#2421),#2424);
#2421 = B_SPLINE_CURVE_WITH_KNOTS('',1,(#2422,#2423),.UNSPECIFIED.,.F.,
  .F.,(2,2),(0.,1.570796326795),.PIECEWISE_BEZIER_KNOTS.);
#2422 = CARTESIAN_POINT('',(0.,340.96));
#2423 = CARTESIAN_POINT('',(1.570796326795,340.96));
#2424 = ( GEOMETRIC_REPRESENTATION_CONTEXT(2) 
PARAMETRIC_REPRESENTATION_CONTEXT() REPRESENTATION_CONTEXT('2D SPACE',''
  ) );
#2425 = PCURVE('',#1647,#2426);
#2426 = DEFINITIONAL_REPRESENTATION('',(#2427),#2430);
#2427 = B_SPLINE_CURVE_WITH_KNOTS('',1,(#2428,#2429),.UNSPECIFIED.,.F.,
  .F.,(2,2),(0.,1.570796326795),.PIECEWISE_BEZIER_KNOTS.);
#2428 = CARTESIAN_POINT('',(0.,0.));
#2429 = CARTESIAN_POINT('',(0.,1.570796326795));
#2430 = ( GEOMETRIC_REPRESENTATION_CONTEXT(2) 
PARAMETRIC_REPRESENTATION_CONTEXT() REPRESENTATION_CONTEXT('2D SPACE',''
  ) );
#2431 = ORIENTED_EDGE('',*,*,#1398,.F.);
#2432 = ADVANCED_FACE('',(#2433),#1462,.F.);
#2433 = FACE_BOUND('',#2434,.F.);
#2434 = EDGE_LOOP('',(#2435,#2456,#2457,#2478));
#2435 = ORIENTED_EDGE('',*,*,#2436,.F.);
#2436 = EDGE_CURVE('',#2297,#1446,#2437,.T.);
#2437 = SURFACE_CURVE('',#2438,(#2442,#2449),.PCURVE_S1.);
#2438 = LINE('',#2439,#2440);
#2439 = CARTESIAN_POINT('',(13.,149.,120.));
#2440 = VECTOR('',#2441,1.);
#2441 = DIRECTION('',(-0.,1.,0.));
#2442 = PCURVE('',#1462,#2443);
#2443 = DEFINITIONAL_REPRESENTATION('',(#2444),#2448);
#2444 = LINE('',#2445,#2446);
#2445 = CARTESIAN_POINT('',(0.,0.));
#2446 = VECTOR('',#2447,1.);
#2447 = DIRECTION('',(0.,1.));
#2448 = ( GEOMETRIC_REPRESENTATION_CONTEXT(2) 
PARAMETRIC_REPRESENTATION_CONTEXT() REPRESENTATION_CONTEXT('2D SPACE',''
  ) );
#2449 = PCURVE('',#1488,#2450);
#2450 = DEFINITIONAL_REPRESENTATION('',(#2451),#2455);
#2451 = LINE('',#2452,#2453);
#2452 = CARTESIAN_POINT('',(106.,0.));
#2453 = VECTOR('',#2454,1.);
#2454 = DIRECTION('',(0.,-1.));
#2455 = ( GEOMETRIC_REPRESENTATION_CONTEXT(2) 
PARAMETRIC_REPRESENTATION_CONTEXT() REPRESENTATION_CONTEXT('2D SPACE',''
  ) );
#2456 = ORIENTED_EDGE('',*,*,#2296,.T.);
#2457 = ORIENTED_EDGE('',*,*,#2458,.T.);
#2458 = EDGE_CURVE('',#2299,#1448,#2459,.T.);
#2459 = SURFACE_CURVE('',#2460,(#2464,#2471),.PCURVE_S1.);
#2460 = LINE('',#2461,#2462);
#2461 = CARTESIAN_POINT('',(339.96,149.,120.));
#2462 = VECTOR('',#2463,1.);
#2463 = DIRECTION('',(-0.,1.,0.));
#2464 = PCURVE('',#1462,#2465);
#2465 = DEFINITIONAL_REPRESENTATION('',(#2466),#2470);
#2466 = LINE('',#2467,#2468);
#2467 = CARTESIAN_POINT('',(326.96,0.));
#2468 = VECTOR('',#2469,1.);
#2469 = DIRECTION('',(0.,1.));
#2470 = ( GEOMETRIC_REPRESENTATION_CONTEXT(2) 
PARAMETRIC_REPRESENTATION_CONTEXT() REPRESENTATION_CONTEXT('2D SPACE',''
  ) );
#2471 = PCURVE('',#1538,#2472);
#2472 = DEFINITIONAL_REPRESENTATION('',(#2473),#2477);
#2473 = LINE('',#2474,#2475);
#2474 = CARTESIAN_POINT('',(106.,0.));
#2475 = VECTOR('',#2476,1.);
#2476 = DIRECTION('',(0.,-1.));
#2477 = ( GEOMETRIC_REPRESENTATION_CONTEXT(2) 
PARAMETRIC_REPRESENTATION_CONTEXT() REPRESENTATION_CONTEXT('2D SPACE',''
  ) );
#2478 = ORIENTED_EDGE('',*,*,#1445,.F.);
#2479 = ADVANCED_FACE('',(#2480),#1538,.F.);
#2480 = FACE_BOUND('',#2481,.F.);
#2481 = EDGE_LOOP('',(#2482,#2483,#2484,#2505));
#2482 = ORIENTED_EDGE('',*,*,#2458,.F.);
#2483 = ORIENTED_EDGE('',*,*,#2361,.T.);
#2484 = ORIENTED_EDGE('',*,*,#2485,.T.);
#2485 = EDGE_CURVE('',#2341,#1500,#2486,.T.);
#2486 = SURFACE_CURVE('',#2487,(#2491,#2498),.PCURVE_S1.);
#2487 = LINE('',#2488,#2489);
#2488 = CARTESIAN_POINT('',(339.96,149.,14.));
#2489 = VECTOR('',#2490,1.);
#2490 = DIRECTION('',(-0.,1.,0.));
#2491 = PCURVE('',#1538,#2492);
#2492 = DEFINITIONAL_REPRESENTATION('',(#2493),#2497);
#2493 = LINE('',#2494,#2495);
#2494 = CARTESIAN_POINT('',(0.,0.));
#2495 = VECTOR('',#2496,1.);
#2496 = DIRECTION('',(0.,-1.));
#2497 = ( GEOMETRIC_REPRESENTATION_CONTEXT(2) 
PARAMETRIC_REPRESENTATION_CONTEXT() REPRESENTATION_CONTEXT('2D SPACE',''
  ) );
#2498 = PCURVE('',#1514,#2499);
#2499 = DEFINITIONAL_REPRESENTATION('',(#2500),#2504);
#2500 = LINE('',#2501,#2502);
#2501 = CARTESIAN_POINT('',(326.96,0.));
#2502 = VECTOR('',#2503,1.);
#2503 = DIRECTION('',(0.,1.));
#2504 = ( GEOMETRIC_REPRESENTATION_CONTEXT(2) 
PARAMETRIC_REPRESENTATION_CONTEXT() REPRESENTATION_CONTEXT('2D SPACE',''
  ) );
#2505 = ORIENTED_EDGE('',*,*,#1525,.F.);
#2506 = ADVANCED_FACE('',(#2507),#1514,.T.);
#2507 = FACE_BOUND('',#2508,.T.);
#2508 = EDGE_LOOP('',(#2509,#2530,#2531,#2532));
#2509 = ORIENTED_EDGE('',*,*,#2510,.F.);
#2510 = EDGE_CURVE('',#2320,#1474,#2511,.T.);
#2511 = SURFACE_CURVE('',#2512,(#2516,#2523),.PCURVE_S1.);
#2512 = LINE('',#2513,#2514);
#2513 = CARTESIAN_POINT('',(13.,149.,14.));
#2514 = VECTOR('',#2515,1.);
#2515 = DIRECTION('',(-0.,1.,0.));
#2516 = PCURVE('',#1514,#2517);
#2517 = DEFINITIONAL_REPRESENTATION('',(#2518),#2522);
#2518 = LINE('',#2519,#2520);
#2519 = CARTESIAN_POINT('',(0.,0.));
#2520 = VECTOR('',#2521,1.);
#2521 = DIRECTION('',(0.,1.));
#2522 = ( GEOMETRIC_REPRESENTATION_CONTEXT(2) 
PARAMETRIC_REPRESENTATION_CONTEXT() REPRESENTATION_CONTEXT('2D SPACE',''
  ) );
#2523 = PCURVE('',#1488,#2524);
#2524 = DEFINITIONAL_REPRESENTATION('',(#2525),#2529);
#2525 = LINE('',#2526,#2527);
#2526 = CARTESIAN_POINT('',(0.,0.));
#2527 = VECTOR('',#2528,1.);
#2528 = DIRECTION('',(0.,-1.));
#2529 = ( GEOMETRIC_REPRESENTATION_CONTEXT(2) 
PARAMETRIC_REPRESENTATION_CONTEXT() REPRESENTATION_CONTEXT('2D SPACE',''
  ) );
#2530 = ORIENTED_EDGE('',*,*,#2340,.T.);
#2531 = ORIENTED_EDGE('',*,*,#2485,.T.);
#2532 = ORIENTED_EDGE('',*,*,#1499,.F.);
#2533 = ADVANCED_FACE('',(#2534),#1488,.T.);
#2534 = FACE_BOUND('',#2535,.T.);
#2535 = EDGE_LOOP('',(#2536,#2537,#2538,#2539));
#2536 = ORIENTED_EDGE('',*,*,#2436,.F.);
#2537 = ORIENTED_EDGE('',*,*,#2319,.T.);
#2538 = ORIENTED_EDGE('',*,*,#2510,.T.);
#2539 = ORIENTED_EDGE('',*,*,#1473,.F.);
#2540 = ADVANCED_FACE('',(#2541),#1592,.T.);
#2541 = FACE_BOUND('',#2542,.F.);
#2542 = EDGE_LOOP('',(#2543,#2704,#2724,#2725,#2726));
#2543 = ORIENTED_EDGE('',*,*,#2544,.F.);
#2544 = EDGE_CURVE('',#2545,#2547,#2549,.T.);
#2545 = VERTEX_POINT('',#2546);
#2546 = CARTESIAN_POINT('',(349.96,6.,130.));
#2547 = VERTEX_POINT('',#2548);
#2548 = CARTESIAN_POINT('',(349.96,1.,127.99282997994));
#2549 = SURFACE_CURVE('',#2550,(#2589,#2662),.PCURVE_S1.);
#2550 = B_SPLINE_CURVE_WITH_KNOTS('',7,(#2551,#2552,#2553,#2554,#2555,
    #2556,#2557,#2558,#2559,#2560,#2561,#2562,#2563,#2564,#2565,#2566,
    #2567,#2568,#2569,#2570,#2571,#2572,#2573,#2574,#2575,#2576,#2577,
    #2578,#2579,#2580,#2581,#2582,#2583,#2584,#2585,#2586,#2587,#2588),
  .UNSPECIFIED.,.F.,.F.,(8,6,6,6,6,6,8),(0.554329338894,0.740167570689,
    0.985444256,1.151628023153,1.268934761413,1.35254432713,
    1.403340432234),.UNSPECIFIED.);
#2551 = CARTESIAN_POINT('',(349.96,6.,130.));
#2552 = CARTESIAN_POINT('',(349.96,5.821059238915,130.));
#2553 = CARTESIAN_POINT('',(349.96,5.642125175478,130.00000004644));
#2554 = CARTESIAN_POINT('',(349.96,5.463083633689,129.99999976053));
#2555 = CARTESIAN_POINT('',(349.96,5.283828599935,129.99967513927));
#2556 = CARTESIAN_POINT('',(349.96,5.104298348636,129.99836986791));
#2557 = CARTESIAN_POINT('',(349.96,4.924501324484,129.99524778865));
#2558 = CARTESIAN_POINT('',(349.96,4.506948139766,129.98165284847));
#2559 = CARTESIAN_POINT('',(349.96,4.269112248175,129.96915009452));
#2560 = CARTESIAN_POINT('',(349.96,4.03112717326,129.94976625863));
#2561 = CARTESIAN_POINT('',(349.96,3.793562112434,129.92112618294));
#2562 = CARTESIAN_POINT('',(349.96,3.55738982351,129.88106078705));
#2563 = CARTESIAN_POINT('',(349.96,3.323931107184,129.82776211203));
#2564 = CARTESIAN_POINT('',(349.96,2.939608411579,129.71382573518));
#2565 = CARTESIAN_POINT('',(349.95999999999,2.786405251769,
    129.66110259068));
#2566 = CARTESIAN_POINT('',(349.96000000003,2.635771710124,
    129.60125670539));
#2567 = CARTESIAN_POINT('',(349.9599999997,2.488320931246,
    129.53397339634));
#2568 = CARTESIAN_POINT('',(349.96000000303,2.344723760749,
    129.45904944245));
#2569 = CARTESIAN_POINT('',(349.95999997787,2.205699071601,
    129.37640829076));
#2570 = CARTESIAN_POINT('',(349.96,1.977624219635,129.22238866656));
#2571 = CARTESIAN_POINT('',(349.96,1.885897304256,129.15484321977));
#2572 = CARTESIAN_POINT('',(349.96,1.797084763811,129.08350987191));
#2573 = CARTESIAN_POINT('',(349.96,1.711452626564,129.00844450957));
#2574 = CARTESIAN_POINT('',(349.96,1.629265284179,128.92973568359));
#2575 = CARTESIAN_POINT('',(349.96,1.550783055494,128.84750650823));
#2576 = CARTESIAN_POINT('',(349.96,1.423143780342,128.70091291768));
#2577 = CARTESIAN_POINT('',(349.96,1.372037750381,128.63820069697));
#2578 = CARTESIAN_POINT('',(349.96,1.323033163711,128.57383740178));
#2579 = CARTESIAN_POINT('',(349.96,1.276218058602,128.50788801113));
#2580 = CARTESIAN_POINT('',(349.96,1.231676557701,128.4404251621));
#2581 = CARTESIAN_POINT('',(349.96,1.189488417448,128.37152933212));
#2582 = CARTESIAN_POINT('',(349.96,1.125572908308,128.25861526537));
#2583 = CARTESIAN_POINT('',(349.96,1.102311425584,128.21544155712));
#2584 = CARTESIAN_POINT('',(349.96,1.079961936173,128.17178890432));
#2585 = CARTESIAN_POINT('',(349.96,1.058541071625,128.12767892888));
#2586 = CARTESIAN_POINT('',(349.96,1.038064346302,128.08313384078));
#2587 = CARTESIAN_POINT('',(349.96,1.018546196032,128.03817641634));
#2588 = CARTESIAN_POINT('',(349.96,0.999999997284,127.99282998105));
#2589 = PCURVE('',#1592,#2590);
#2590 = DEFINITIONAL_REPRESENTATION('',(#2591),#2661);
#2591 = B_SPLINE_CURVE_WITH_KNOTS('',3,(#2592,#2593,#2594,#2595,#2596,
    #2597,#2598,#2599,#2600,#2601,#2602,#2603,#2604,#2605,#2606,#2607,
    #2608,#2609,#2610,#2611,#2612,#2613,#2614,#2615,#2616,#2617,#2618,
    #2619,#2620,#2621,#2622,#2623,#2624,#2625,#2626,#2627,#2628,#2629,
    #2630,#2631,#2632,#2633,#2634,#2635,#2636,#2637,#2638,#2639,#2640,
    #2641,#2642,#2643,#2644,#2645,#2646,#2647,#2648,#2649,#2650,#2651,
    #2652,#2653,#2654,#2655,#2656,#2657,#2658,#2659,#2660),
  .UNSPECIFIED.,.F.,.F.,(4,1,1,1,1,1,1,1,1,1,1,1,1,1,1,1,1,1,1,1,1,1,1,1
    ,1,1,1,1,1,1,1,1,1,1,1,1,1,1,1,1,1,1,1,1,1,1,1,1,1,1,1,1,1,1,1,1,1,1
    ,1,1,1,1,1,1,1,1,4),(0.554329338894,0.567193143339,0.580056947784,
    0.592920752228,0.605784556673,0.618648361117,0.631512165562,
    0.644375970006,0.657239774451,0.670103578895,0.68296738334,
    0.695831187784,0.708694992229,0.721558796673,0.734422601118,
    0.747286405562,0.760150210007,0.773014014452,0.785877818896,
    0.798741623341,0.811605427785,0.82446923223,0.837333036674,
    0.850196841119,0.863060645563,0.875924450008,0.888788254452,
    0.901652058897,0.914515863341,0.927379667786,0.94024347223,
    0.953107276675,0.96597108112,0.978834885564,0.991698690009,
    1.004562494453,1.017426298898,1.030290103342,1.043153907787,
    1.056017712231,1.068881516676,1.08174532112,1.094609125565,
    1.107472930009,1.120336734454,1.133200538898,1.146064343343,
    1.158928147788,1.171791952232,1.184655756677,1.197519561121,
    1.210383365566,1.22324717001,1.236110974455,1.248974778899,
    1.261838583344,1.274702387788,1.287566192233,1.300429996677,
    1.313293801122,1.326157605566,1.339021410011,1.351885214456,
    1.3647490189,1.377612823345,1.390476627789,1.403340432234),
  .QUASI_UNIFORM_KNOTS.);
#2592 = CARTESIAN_POINT('',(0.,1.570796326795));
#2593 = CARTESIAN_POINT('',(-9.633869426545E-03,1.57079647482));
#2594 = CARTESIAN_POINT('',(-2.890133590064E-02,1.570517776103));
#2595 = CARTESIAN_POINT('',(-5.775656676041E-02,1.569265627339));
#2596 = CARTESIAN_POINT('',(-8.652042281428E-02,1.567181570622));
#2597 = CARTESIAN_POINT('',(-0.115148387948,1.564270216773));
#2598 = CARTESIAN_POINT('',(-0.143597004929,1.560537704711));
#2599 = CARTESIAN_POINT('',(-0.171824280262,1.555991855506));
#2600 = CARTESIAN_POINT('',(-0.199789991374,1.550642021118));
#2601 = CARTESIAN_POINT('',(-0.227455977764,1.544498991889));
#2602 = CARTESIAN_POINT('',(-0.254786388252,1.537574868134));
#2603 = CARTESIAN_POINT('',(-0.281747887112,1.529882924696));
#2604 = CARTESIAN_POINT('',(-0.308309817145,1.521437463254));
#2605 = CARTESIAN_POINT('',(-0.334444314541,1.512253660552));
#2606 = CARTESIAN_POINT('',(-0.360126396254,1.502347401232));
#2607 = CARTESIAN_POINT('',(-0.385333947893,1.491735147789));
#2608 = CARTESIAN_POINT('',(-0.410047891839,1.48043366299));
#2609 = CARTESIAN_POINT('',(-0.434249613873,1.468461182927));
#2610 = CARTESIAN_POINT('',(-0.457925952843,1.455834924536));
#2611 = CARTESIAN_POINT('',(-0.481065565899,1.442572469955));
#2612 = CARTESIAN_POINT('',(-0.503659462299,1.42869143538));
#2613 = CARTESIAN_POINT('',(-0.525700748741,1.414209449039));
#2614 = CARTESIAN_POINT('',(-0.547184564349,1.399144052633));
#2615 = CARTESIAN_POINT('',(-0.568107947638,1.383512630731));
#2616 = CARTESIAN_POINT('',(-0.588469708774,1.367332341017));
#2617 = CARTESIAN_POINT('',(-0.608270291444,1.350620053284));
#2618 = CARTESIAN_POINT('',(-0.627511632216,1.333392295454));
#2619 = CARTESIAN_POINT('',(-0.64619701852,1.315665207272));
#2620 = CARTESIAN_POINT('',(-0.664330947743,1.297454501544));
#2621 = CARTESIAN_POINT('',(-0.681918989323,1.27877543255));
#2622 = CARTESIAN_POINT('',(-0.698967650769,1.259642772247));
#2623 = CARTESIAN_POINT('',(-0.715484250903,1.24007079051));
#2624 = CARTESIAN_POINT('',(-0.731476793309,1.220073251553));
#2625 = CARTESIAN_POINT('',(-0.746953870046,1.199663378926));
#2626 = CARTESIAN_POINT('',(-0.761924486216,1.178853964315));
#2627 = CARTESIAN_POINT('',(-0.77639821529,1.157656963357));
#2628 = CARTESIAN_POINT('',(-0.790383512386,1.136085999633));
#2629 = CARTESIAN_POINT('',(-0.803889809686,1.114153336969));
#2630 = CARTESIAN_POINT('',(-0.816926703023,1.091870853819));
#2631 = CARTESIAN_POINT('',(-0.829503920753,1.069250022267));
#2632 = CARTESIAN_POINT('',(-0.841631245484,1.046301939643));
#2633 = CARTESIAN_POINT('',(-0.853318457642,1.023037351256));
#2634 = CARTESIAN_POINT('',(-0.864575281763,0.999466680682));
#2635 = CARTESIAN_POINT('',(-0.87541134002,0.975600062947));
#2636 = CARTESIAN_POINT('',(-0.88583611093,0.951447382415));
#2637 = CARTESIAN_POINT('',(-0.89585889387,0.927018312474));
#2638 = CARTESIAN_POINT('',(-0.905488775921,0.902322366437));
#2639 = CARTESIAN_POINT('',(-0.9147346113,0.877368924449));
#2640 = CARTESIAN_POINT('',(-0.923604973049,0.852167367333));
#2641 = CARTESIAN_POINT('',(-0.932108502047,0.826726032738));
#2642 = CARTESIAN_POINT('',(-0.940253248398,0.801054062962));
#2643 = CARTESIAN_POINT('',(-0.94804711209,0.775160163154));
#2644 = CARTESIAN_POINT('',(-0.955497738863,0.749052863921));
#2645 = CARTESIAN_POINT('',(-0.962612521639,0.722740510646));
#2646 = CARTESIAN_POINT('',(-0.969398578047,0.696231327185));
#2647 = CARTESIAN_POINT('',(-0.975862734577,0.669533476753));
#2648 = CARTESIAN_POINT('',(-0.982011522729,0.642655078051));
#2649 = CARTESIAN_POINT('',(-0.987851133317,0.61560441827));
#2650 = CARTESIAN_POINT('',(-0.993387613702,0.588389093917));
#2651 = CARTESIAN_POINT('',(-0.998626616573,0.561017136252));
#2652 = CARTESIAN_POINT('',(-1.003573543299,0.533496360265));
#2653 = CARTESIAN_POINT('',(-1.008233512361,0.505834537294));
#2654 = CARTESIAN_POINT('',(-1.012611385352,0.478039217042));
#2655 = CARTESIAN_POINT('',(-1.016711639113,0.450118633403));
#2656 = CARTESIAN_POINT('',(-1.020538804988,0.422078640575));
#2657 = CARTESIAN_POINT('',(-1.024096966117,0.393925712924));
#2658 = CARTESIAN_POINT('',(-1.027389578938,0.365669348697));
#2659 = CARTESIAN_POINT('',(-1.029409839532,0.346768153572));
#2660 = CARTESIAN_POINT('',(-1.030376826764,0.337303056911));
#2661 = ( GEOMETRIC_REPRESENTATION_CONTEXT(2) 
PARAMETRIC_REPRESENTATION_CONTEXT() REPRESENTATION_CONTEXT('2D SPACE',''
  ) );
#2662 = PCURVE('',#1819,#2663);
#2663 = DEFINITIONAL_REPRESENTATION('',(#2664),#2703);
#2664 = B_SPLINE_CURVE_WITH_KNOTS('',7,(#2665,#2666,#2667,#2668,#2669,
    #2670,#2671,#2672,#2673,#2674,#2675,#2676,#2677,#2678,#2679,#2680,
    #2681,#2682,#2683,#2684,#2685,#2686,#2687,#2688,#2689,#2690,#2691,
    #2692,#2693,#2694,#2695,#2696,#2697,#2698,#2699,#2700,#2701,#2702),
  .UNSPECIFIED.,.F.,.F.,(8,6,6,6,6,6,8),(0.554329338894,0.740167570689,
    0.985444256,1.151628023153,1.268934761413,1.35254432713,
    1.403340432234),.UNSPECIFIED.);
#2665 = CARTESIAN_POINT('',(126.,-3.));
#2666 = CARTESIAN_POINT('',(126.,-2.821059238915));
#2667 = CARTESIAN_POINT('',(126.00000004644,-2.642125175478));
#2668 = CARTESIAN_POINT('',(125.99999976053,-2.463083633689));
#2669 = CARTESIAN_POINT('',(125.99967513927,-2.283828599935));
#2670 = CARTESIAN_POINT('',(125.99836986791,-2.104298348636));
#2671 = CARTESIAN_POINT('',(125.99524778865,-1.924501324484));
#2672 = CARTESIAN_POINT('',(125.98165284847,-1.506948139766));
#2673 = CARTESIAN_POINT('',(125.96915009452,-1.269112248175));
#2674 = CARTESIAN_POINT('',(125.94976625863,-1.03112717326));
#2675 = CARTESIAN_POINT('',(125.92112618294,-0.793562112434));
#2676 = CARTESIAN_POINT('',(125.88106078705,-0.55738982351));
#2677 = CARTESIAN_POINT('',(125.82776211203,-0.323931107184));
#2678 = CARTESIAN_POINT('',(125.71382573518,6.039158842086E-02));
#2679 = CARTESIAN_POINT('',(125.66110259068,0.213594748231));
#2680 = CARTESIAN_POINT('',(125.60125670539,0.364228289876));
#2681 = CARTESIAN_POINT('',(125.53397339634,0.511679068754));
#2682 = CARTESIAN_POINT('',(125.45904944245,0.655276239251));
#2683 = CARTESIAN_POINT('',(125.37640829076,0.794300928399));
#2684 = CARTESIAN_POINT('',(125.22238866656,1.022375780365));
#2685 = CARTESIAN_POINT('',(125.15484321977,1.114102695744));
#2686 = CARTESIAN_POINT('',(125.08350987191,1.202915236189));
#2687 = CARTESIAN_POINT('',(125.00844450957,1.288547373436));
#2688 = CARTESIAN_POINT('',(124.92973568359,1.370734715821));
#2689 = CARTESIAN_POINT('',(124.84750650823,1.449216944506));
#2690 = CARTESIAN_POINT('',(124.70091291768,1.576856219658));
#2691 = CARTESIAN_POINT('',(124.63820069697,1.627962249619));
#2692 = CARTESIAN_POINT('',(124.57383740178,1.676966836289));
#2693 = CARTESIAN_POINT('',(124.50788801113,1.723781941398));
#2694 = CARTESIAN_POINT('',(124.4404251621,1.768323442299));
#2695 = CARTESIAN_POINT('',(124.37152933212,1.810511582552));
#2696 = CARTESIAN_POINT('',(124.25861526537,1.874427091692));
#2697 = CARTESIAN_POINT('',(124.21544155712,1.897688574416));
#2698 = CARTESIAN_POINT('',(124.17178890432,1.920038063827));
#2699 = CARTESIAN_POINT('',(124.12767892888,1.941458928375));
#2700 = CARTESIAN_POINT('',(124.08313384078,1.961935653698));
#2701 = CARTESIAN_POINT('',(124.03817641634,1.981453803968));
#2702 = CARTESIAN_POINT('',(123.99282998105,2.000000002716));
#2703 = ( GEOMETRIC_REPRESENTATION_CONTEXT(2) 
PARAMETRIC_REPRESENTATION_CONTEXT() REPRESENTATION_CONTEXT('2D SPACE',''
  ) );
#2704 = ORIENTED_EDGE('',*,*,#2705,.F.);
#2705 = EDGE_CURVE('',#1553,#2545,#2706,.T.);
#2706 = SURFACE_CURVE('',#2707,(#2712,#2718),.PCURVE_S1.);
#2707 = CIRCLE('',#2708,3.);
#2708 = AXIS2_PLACEMENT_3D('',#2709,#2710,#2711);
#2709 = CARTESIAN_POINT('',(349.96,6.,127.));
#2710 = DIRECTION('',(0.,-1.,-0.));
#2711 = DIRECTION('',(1.,0.,0.));
#2712 = PCURVE('',#1592,#2713);
#2713 = DEFINITIONAL_REPRESENTATION('',(#2714),#2717);
#2714 = B_SPLINE_CURVE_WITH_KNOTS('',1,(#2715,#2716),.UNSPECIFIED.,.F.,
  .F.,(2,2),(0.,1.570796326795),.PIECEWISE_BEZIER_KNOTS.);
#2715 = CARTESIAN_POINT('',(0.,0.));
#2716 = CARTESIAN_POINT('',(0.,1.570796326795));
#2717 = ( GEOMETRIC_REPRESENTATION_CONTEXT(2) 
PARAMETRIC_REPRESENTATION_CONTEXT() REPRESENTATION_CONTEXT('2D SPACE',''
  ) );
#2718 = PCURVE('',#1679,#2719);
#2719 = DEFINITIONAL_REPRESENTATION('',(#2720),#2723);
#2720 = B_SPLINE_CURVE_WITH_KNOTS('',1,(#2721,#2722),.UNSPECIFIED.,.F.,
  .F.,(2,2),(0.,1.570796326795),.PIECEWISE_BEZIER_KNOTS.);
#2721 = CARTESIAN_POINT('',(0.,141.));
#2722 = CARTESIAN_POINT('',(1.570796326795,141.));
#2723 = ( GEOMETRIC_REPRESENTATION_CONTEXT(2) 
PARAMETRIC_REPRESENTATION_CONTEXT() REPRESENTATION_CONTEXT('2D SPACE',''
  ) );
#2724 = ORIENTED_EDGE('',*,*,#1577,.T.);
#2725 = ORIENTED_EDGE('',*,*,#1695,.T.);
#2726 = ORIENTED_EDGE('',*,*,#2727,.F.);
#2727 = EDGE_CURVE('',#2547,#1696,#2728,.T.);
#2728 = SURFACE_CURVE('',#2729,(#2756,#2786),.PCURVE_S1.);
#2729 = B_SPLINE_CURVE_WITH_KNOTS('',7,(#2730,#2731,#2732,#2733,#2734,
    #2735,#2736,#2737,#2738,#2739,#2740,#2741,#2742,#2743,#2744,#2745,
    #2746,#2747,#2748,#2749,#2750,#2751,#2752,#2753,#2754,#2755),
  .UNSPECIFIED.,.F.,.F.,(8,6,6,6,8),(0.,0.254892427134,0.405704897626,
    0.583178412174,1.),.UNSPECIFIED.);
#2730 = CARTESIAN_POINT('',(350.27662479035,1.,127.));
#2731 = CARTESIAN_POINT('',(350.27662479035,1.,127.15822239024));
#2732 = CARTESIAN_POINT('',(350.25901222681,1.,127.31656692964));
#2733 = CARTESIAN_POINT('',(350.22374008526,1.,127.4724988778));
#2734 = CARTESIAN_POINT('',(350.17167558598,1.,127.62396270299));
#2735 = CARTESIAN_POINT('',(350.10409904639,1.,127.76928161396));
#2736 = CARTESIAN_POINT('',(350.02265731753,1.,127.90715334812));
#2737 = CARTESIAN_POINT('',(349.87403023359,1.,128.11324835389));
#2738 = CARTESIAN_POINT('',(349.81455868967,1.,128.18698396261));
#2739 = CARTESIAN_POINT('',(349.75121416322,1.,128.2576953293));
#2740 = CARTESIAN_POINT('',(349.68434495106,1.,128.32529047662));
#2741 = CARTESIAN_POINT('',(349.61428856095,1.,128.38972495651));
#2742 = CARTESIAN_POINT('',(349.5413621186,1.,128.45099309527));
#2743 = CARTESIAN_POINT('',(349.37699468061,1.,128.57752108182));
#2744 = CARTESIAN_POINT('',(349.28456678022,1.,128.64156673855));
#2745 = CARTESIAN_POINT('',(349.18902849466,1.,128.70130571129));
#2746 = CARTESIAN_POINT('',(349.09079970919,1.,128.7568291303));
#2747 = CARTESIAN_POINT('',(348.99025465573,1.,128.80825871953));
#2748 = CARTESIAN_POINT('',(348.8877157955,1.,128.85573576249));
#2749 = CARTESIAN_POINT('',(348.53855937245,1.,129.00198533673));
#2750 = CARTESIAN_POINT('',(348.28453868893,1.,129.08341540475));
#2751 = CARTESIAN_POINT('',(348.0243539796,1.,129.14597103877));
#2752 = CARTESIAN_POINT('',(347.76032307868,1.,129.19140081704));
#2753 = CARTESIAN_POINT('',(347.4942254412,1.,129.22116323517));
#2754 = CARTESIAN_POINT('',(347.22724944654,1.,129.2360679775));
#2755 = CARTESIAN_POINT('',(346.96,1.,129.2360679775));
#2756 = PCURVE('',#1592,#2757);
#2757 = DEFINITIONAL_REPRESENTATION('',(#2758),#2785);
#2758 = B_SPLINE_CURVE_WITH_KNOTS('',7,(#2759,#2760,#2761,#2762,#2763,
    #2764,#2765,#2766,#2767,#2768,#2769,#2770,#2771,#2772,#2773,#2774,
    #2775,#2776,#2777,#2778,#2779,#2780,#2781,#2782,#2783,#2784),
  .UNSPECIFIED.,.F.,.F.,(8,6,6,6,8),(0.,0.254892427134,0.405704897626,
    0.583178412174,1.),.UNSPECIFIED.);
#2759 = CARTESIAN_POINT('',(-0.985110783338,0.));
#2760 = CARTESIAN_POINT('',(-0.985110783338,5.274079674869E-02));
#2761 = CARTESIAN_POINT('',(-0.987556990533,0.105522290314));
#2762 = CARTESIAN_POINT('',(-0.992455793887,0.157739328743));
#2763 = CARTESIAN_POINT('',(-0.999737332221,0.208947476834));
#2764 = CARTESIAN_POINT('',(-1.009322770517,0.258760671628));
#2765 = CARTESIAN_POINT('',(-1.021100297374,0.3068258271));
#2766 = CARTESIAN_POINT('',(-1.043075746993,0.380033618514));
#2767 = CARTESIAN_POINT('',(-1.051961409996,0.406543638616));
#2768 = CARTESIAN_POINT('',(-1.061537858075,0.432300979727));
#2769 = CARTESIAN_POINT('',(-1.071778295405,0.457265517502));
#2770 = CARTESIAN_POINT('',(-1.082655549288,0.481405020882));
#2771 = CARTESIAN_POINT('',(-1.094142533626,0.504693964848));
#2772 = CARTESIAN_POINT('',(-1.120416690628,0.553493904162));
#2773 = CARTESIAN_POINT('',(-1.135427143929,0.578667993613));
#2774 = CARTESIAN_POINT('',(-1.151202791877,0.602605704016));
#2775 = CARTESIAN_POINT('',(-1.167700760219,0.625283489034));
#2776 = CARTESIAN_POINT('',(-1.18487751051,0.646683003659));
#2777 = CARTESIAN_POINT('',(-1.202689769755,0.666790944388));
#2778 = CARTESIAN_POINT('',(-1.264323820484,0.729772001745));
#2779 = CARTESIAN_POINT('',(-1.31075457082,0.766700907886));
#2780 = CARTESIAN_POINT('',(-1.359917315511,0.796407013589));
#2781 = CARTESIAN_POINT('',(-1.411229992766,0.818736799828));
#2782 = CARTESIAN_POINT('',(-1.4639513711,0.833615922673));
#2783 = CARTESIAN_POINT('',(-1.517346437485,0.841068670568));
#2784 = CARTESIAN_POINT('',(-1.570796326795,0.841068670568));
#2785 = ( GEOMETRIC_REPRESENTATION_CONTEXT(2) 
PARAMETRIC_REPRESENTATION_CONTEXT() REPRESENTATION_CONTEXT('2D SPACE',''
  ) );
#2786 = PCURVE('',#1732,#2787);
#2787 = DEFINITIONAL_REPRESENTATION('',(#2788),#2815);
#2788 = B_SPLINE_CURVE_WITH_KNOTS('',7,(#2789,#2790,#2791,#2792,#2793,
    #2794,#2795,#2796,#2797,#2798,#2799,#2800,#2801,#2802,#2803,#2804,
    #2805,#2806,#2807,#2808,#2809,#2810,#2811,#2812,#2813,#2814),
  .UNSPECIFIED.,.F.,.F.,(8,6,6,6,8),(0.,0.254892427134,0.405704897626,
    0.583178412174,1.),.UNSPECIFIED.);
#2789 = CARTESIAN_POINT('',(1.,146.31662479035));
#2790 = CARTESIAN_POINT('',(1.158222390246,146.31662479035));
#2791 = CARTESIAN_POINT('',(1.316566929644,146.29901222681));
#2792 = CARTESIAN_POINT('',(1.472498877808,146.26374008526));
#2793 = CARTESIAN_POINT('',(1.623962702991,146.21167558598));
#2794 = CARTESIAN_POINT('',(1.769281613964,146.14409904639));
#2795 = CARTESIAN_POINT('',(1.90715334812,146.06265731753));
#2796 = CARTESIAN_POINT('',(2.113248353897,145.91403023359));
#2797 = CARTESIAN_POINT('',(2.186983962617,145.85455868967));
#2798 = CARTESIAN_POINT('',(2.257695329303,145.79121416322));
#2799 = CARTESIAN_POINT('',(2.325290476625,145.72434495106));
#2800 = CARTESIAN_POINT('',(2.389724956517,145.65428856095));
#2801 = CARTESIAN_POINT('',(2.450993095276,145.5813621186));
#2802 = CARTESIAN_POINT('',(2.577521081829,145.41699468061));
#2803 = CARTESIAN_POINT('',(2.641566738559,145.32456678022));
#2804 = CARTESIAN_POINT('',(2.701305711299,145.22902849466));
#2805 = CARTESIAN_POINT('',(2.756829130307,145.13079970919));
#2806 = CARTESIAN_POINT('',(2.808258719534,145.03025465573));
#2807 = CARTESIAN_POINT('',(2.855735762492,144.9277157955));
#2808 = CARTESIAN_POINT('',(3.001985336738,144.57855937245));
#2809 = CARTESIAN_POINT('',(3.083415404757,144.32453868893));
#2810 = CARTESIAN_POINT('',(3.145971038772,144.0643539796));
#2811 = CARTESIAN_POINT('',(3.191400817047,143.80032307868));
#2812 = CARTESIAN_POINT('',(3.221163235177,143.5342254412));
#2813 = CARTESIAN_POINT('',(3.2360679775,143.26724944654));
#2814 = CARTESIAN_POINT('',(3.2360679775,143.));
#2815 = ( GEOMETRIC_REPRESENTATION_CONTEXT(2) 
PARAMETRIC_REPRESENTATION_CONTEXT() REPRESENTATION_CONTEXT('2D SPACE',''
  ) );
#2816 = ADVANCED_FACE('',(#2817),#1647,.T.);
#2817 = FACE_BOUND('',#2818,.F.);
#2818 = EDGE_LOOP('',(#2819,#2820,#2821,#2822,#2844));
#2819 = ORIENTED_EDGE('',*,*,#2168,.T.);
#2820 = ORIENTED_EDGE('',*,*,#2412,.F.);
#2821 = ORIENTED_EDGE('',*,*,#1632,.T.);
#2822 = ORIENTED_EDGE('',*,*,#2823,.T.);
#2823 = EDGE_CURVE('',#1608,#2824,#2826,.T.);
#2824 = VERTEX_POINT('',#2825);
#2825 = CARTESIAN_POINT('',(349.96,147.,130.));
#2826 = SURFACE_CURVE('',#2827,(#2832,#2838),.PCURVE_S1.);
#2827 = CIRCLE('',#2828,3.);
#2828 = AXIS2_PLACEMENT_3D('',#2829,#2830,#2831);
#2829 = CARTESIAN_POINT('',(349.96,147.,127.));
#2830 = DIRECTION('',(6.123233995737E-17,-1.,0.));
#2831 = DIRECTION('',(1.,6.123233995737E-17,0.));
#2832 = PCURVE('',#1647,#2833);
#2833 = DEFINITIONAL_REPRESENTATION('',(#2834),#2837);
#2834 = B_SPLINE_CURVE_WITH_KNOTS('',1,(#2835,#2836),.UNSPECIFIED.,.F.,
  .F.,(2,2),(0.,1.570796326795),.PIECEWISE_BEZIER_KNOTS.);
#2835 = CARTESIAN_POINT('',(-1.570796326795,0.));
#2836 = CARTESIAN_POINT('',(-1.570796326795,1.570796326795));
#2837 = ( GEOMETRIC_REPRESENTATION_CONTEXT(2) 
PARAMETRIC_REPRESENTATION_CONTEXT() REPRESENTATION_CONTEXT('2D SPACE',''
  ) );
#2838 = PCURVE('',#1679,#2839);
#2839 = DEFINITIONAL_REPRESENTATION('',(#2840),#2843);
#2840 = B_SPLINE_CURVE_WITH_KNOTS('',1,(#2841,#2842),.UNSPECIFIED.,.F.,
  .F.,(2,2),(0.,1.570796326795),.PIECEWISE_BEZIER_KNOTS.);
#2841 = CARTESIAN_POINT('',(0.,0.));
#2842 = CARTESIAN_POINT('',(1.570796326795,0.));
#2843 = ( GEOMETRIC_REPRESENTATION_CONTEXT(2) 
PARAMETRIC_REPRESENTATION_CONTEXT() REPRESENTATION_CONTEXT('2D SPACE',''
  ) );
#2844 = ORIENTED_EDGE('',*,*,#2845,.F.);
#2845 = EDGE_CURVE('',#2100,#2824,#2846,.T.);
#2846 = SURFACE_CURVE('',#2847,(#2886,#2928),.PCURVE_S1.);
#2847 = B_SPLINE_CURVE_WITH_KNOTS('',7,(#2848,#2849,#2850,#2851,#2852,
    #2853,#2854,#2855,#2856,#2857,#2858,#2859,#2860,#2861,#2862,#2863,
    #2864,#2865,#2866,#2867,#2868,#2869,#2870,#2871,#2872,#2873,#2874,
    #2875,#2876,#2877,#2878,#2879,#2880,#2881,#2882,#2883,#2884,#2885),
  .UNSPECIFIED.,.F.,.F.,(8,6,6,6,6,6,8),(0.,0.201785011764,
    0.285394577481,0.402701315741,0.568885082893,0.814161768206,1.),
  .UNSPECIFIED.);
#2848 = CARTESIAN_POINT('',(349.96,152.1961524227,127.));
#2849 = CARTESIAN_POINT('',(349.96,152.1961524227,127.19432595731));
#2850 = CARTESIAN_POINT('',(349.96,152.17919490187,127.3887057421));
#2851 = CARTESIAN_POINT('',(349.96,152.14526436205,127.5812954923));
#2852 = CARTESIAN_POINT('',(349.96,152.09469500767,127.77037949447));
#2853 = CARTESIAN_POINT('',(349.96,152.02807523481,127.95436082911));
#2854 = CARTESIAN_POINT('',(349.96,151.94622862197,128.13176963912));
#2855 = CARTESIAN_POINT('',(349.96,151.81051158255,128.37152933213));
#2856 = CARTESIAN_POINT('',(349.96,151.76832344229,128.4404251621));
#2857 = CARTESIAN_POINT('',(349.96,151.72378194139,128.50788801113));
#2858 = CARTESIAN_POINT('',(349.96,151.67696683628,128.57383740178));
#2859 = CARTESIAN_POINT('',(349.96,151.62796224961,128.63820069698));
#2860 = CARTESIAN_POINT('',(349.96,151.57685621965,128.70091291768));
#2861 = CARTESIAN_POINT('',(349.96,151.4492169445,128.84750650823));
#2862 = CARTESIAN_POINT('',(349.96,151.37073471581,128.92973568359));
#2863 = CARTESIAN_POINT('',(349.96,151.28854737343,129.00844450958));
#2864 = CARTESIAN_POINT('',(349.96,151.20291523618,129.08350987191));
#2865 = CARTESIAN_POINT('',(349.96,151.11410269574,129.15484321978));
#2866 = CARTESIAN_POINT('',(349.96,151.02237578036,129.22238866656));
#2867 = CARTESIAN_POINT('',(349.96,150.79430092445,129.37640826818));
#2868 = CARTESIAN_POINT('',(349.96,150.65527623956,129.45904944887));
#2869 = CARTESIAN_POINT('',(349.96,150.51167906873,129.53397339568));
#2870 = CARTESIAN_POINT('',(349.96,150.36422828987,129.60125670543));
#2871 = CARTESIAN_POINT('',(349.96,150.21359474822,129.66110259068));
#2872 = CARTESIAN_POINT('',(349.96,150.06039158841,129.71382573518));
#2873 = CARTESIAN_POINT('',(349.96,149.67606889281,129.82776211203));
#2874 = CARTESIAN_POINT('',(349.96,149.44261017649,129.88106078705));
#2875 = CARTESIAN_POINT('',(349.96,149.20643788755,129.92112618294));
#2876 = CARTESIAN_POINT('',(349.96,148.96887282674,129.94976625863));
#2877 = CARTESIAN_POINT('',(349.96,148.73088775181,129.96915009452));
#2878 = CARTESIAN_POINT('',(349.96,148.49305186023,129.98165284847));
#2879 = CARTESIAN_POINT('',(349.96,148.07549867551,129.99524778865));
#2880 = CARTESIAN_POINT('',(349.96,147.89570165136,129.99836986791));
#2881 = CARTESIAN_POINT('',(349.96,147.71617140006,129.99967513927));
#2882 = CARTESIAN_POINT('',(349.96,147.53691636631,129.99999976053));
#2883 = CARTESIAN_POINT('',(349.96,147.35787482452,130.00000004644));
#2884 = CARTESIAN_POINT('',(349.96,147.17894076108,130.));
#2885 = CARTESIAN_POINT('',(349.96,147.,130.));
#2886 = PCURVE('',#1647,#2887);
#2887 = DEFINITIONAL_REPRESENTATION('',(#2888),#2927);
#2888 = B_SPLINE_CURVE_WITH_KNOTS('',7,(#2889,#2890,#2891,#2892,#2893,
    #2894,#2895,#2896,#2897,#2898,#2899,#2900,#2901,#2902,#2903,#2904,
    #2905,#2906,#2907,#2908,#2909,#2910,#2911,#2912,#2913,#2914,#2915,
    #2916,#2917,#2918,#2919,#2920,#2921,#2922,#2923,#2924,#2925,#2926),
  .UNSPECIFIED.,.F.,.F.,(8,6,6,6,6,6,8),(0.,0.201785011764,
    0.285394577481,0.402701315741,0.568885082893,0.814161768206,1.),
  .UNSPECIFIED.);
#2889 = CARTESIAN_POINT('',(-0.523598775598,0.));
#2890 = CARTESIAN_POINT('',(-0.523598775598,6.477531910328E-02));
#2891 = CARTESIAN_POINT('',(-0.525011870517,0.1295684005));
#2892 = CARTESIAN_POINT('',(-0.527839503847,0.194209552322));
#2893 = CARTESIAN_POINT('',(-0.53209716702,0.25856941609));
#2894 = CARTESIAN_POINT('',(-0.537823070075,0.322528588995));
#2895 = CARTESIAN_POINT('',(-0.545076729409,0.385951558954));
#2896 = CARTESIAN_POINT('',(-0.55759477568,0.474650230271));
#2897 = CARTESIAN_POINT('',(-0.561536793934,0.500517362874));
#2898 = CARTESIAN_POINT('',(-0.565758866297,0.526256056977));
#2899 = CARTESIAN_POINT('',(-0.570266987424,0.551856335331));
#2900 = CARTESIAN_POINT('',(-0.575067767015,0.57730825257));
#2901 = CARTESIAN_POINT('',(-0.580168389152,0.602601611076));
#2902 = CARTESIAN_POINT('',(-0.593164414483,0.662975497624));
#2903 = CARTESIAN_POINT('',(-0.601357945107,0.697893125803));
#2904 = CARTESIAN_POINT('',(-0.610178297255,0.732448648924));
#2905 = CARTESIAN_POINT('',(-0.619649451701,0.766613131681));
#2906 = CARTESIAN_POINT('',(-0.629797825368,0.800357313746));
#2907 = CARTESIAN_POINT('',(-0.64065186045,0.833650307598));
#2908 = CARTESIAN_POINT('',(-0.668660353473,0.912936062623));
#2909 = CARTESIAN_POINT('',(-0.686556689083,0.958443784247));
#2910 = CARTESIAN_POINT('',(-0.70601625391,1.002885690104));
#2911 = CARTESIAN_POINT('',(-0.727133783553,1.046166701503));
#2912 = CARTESIAN_POINT('',(-0.75001189245,1.088183749947));
#2913 = CARTESIAN_POINT('',(-0.774754636811,1.128820741025));
#2914 = CARTESIAN_POINT('',(-0.840865178703,1.225695280351));
#2915 = CARTESIAN_POINT('',(-0.884533441369,1.280142455332));
#2916 = CARTESIAN_POINT('',(-0.932782330537,1.330901883056));
#2917 = CARTESIAN_POINT('',(-0.985888779381,1.377511038381));
#2918 = CARTESIAN_POINT('',(-1.044032145642,1.419409437546));
#2919 = CARTESIAN_POINT('',(-1.107061508109,1.455979533687));
#2920 = CARTESIAN_POINT('',(-1.225502228498,1.509902920152));
#2921 = CARTESIAN_POINT('',(-1.27904792145,1.529760600022));
#2922 = CARTESIAN_POINT('',(-1.334846356427,1.545986689688));
#2923 = CARTESIAN_POINT('',(-1.392516928035,1.558344813734));
#2924 = CARTESIAN_POINT('',(-1.451504830604,1.566645599373));
#2925 = CARTESIAN_POINT('',(-1.511149406433,1.570796326795));
#2926 = CARTESIAN_POINT('',(-1.570796326795,1.570796326795));
#2927 = ( GEOMETRIC_REPRESENTATION_CONTEXT(2) 
PARAMETRIC_REPRESENTATION_CONTEXT() REPRESENTATION_CONTEXT('2D SPACE',''
  ) );
#2928 = PCURVE('',#1819,#2929);
#2929 = DEFINITIONAL_REPRESENTATION('',(#2930),#2969);
#2930 = B_SPLINE_CURVE_WITH_KNOTS('',7,(#2931,#2932,#2933,#2934,#2935,
    #2936,#2937,#2938,#2939,#2940,#2941,#2942,#2943,#2944,#2945,#2946,
    #2947,#2948,#2949,#2950,#2951,#2952,#2953,#2954,#2955,#2956,#2957,
    #2958,#2959,#2960,#2961,#2962,#2963,#2964,#2965,#2966,#2967,#2968),
  .UNSPECIFIED.,.F.,.F.,(8,6,6,6,6,6,8),(0.,0.201785011764,
    0.285394577481,0.402701315741,0.568885082893,0.814161768206,1.),
  .UNSPECIFIED.);
#2931 = CARTESIAN_POINT('',(123.,-149.1961524227));
#2932 = CARTESIAN_POINT('',(123.19432595731,-149.1961524227));
#2933 = CARTESIAN_POINT('',(123.3887057421,-149.1791949018));
#2934 = CARTESIAN_POINT('',(123.5812954923,-149.145264362));
#2935 = CARTESIAN_POINT('',(123.77037949447,-149.0946950076));
#2936 = CARTESIAN_POINT('',(123.95436082911,-149.0280752348));
#2937 = CARTESIAN_POINT('',(124.13176963912,-148.9462286219));
#2938 = CARTESIAN_POINT('',(124.37152933213,-148.8105115825));
#2939 = CARTESIAN_POINT('',(124.4404251621,-148.7683234422));
#2940 = CARTESIAN_POINT('',(124.50788801113,-148.7237819413));
#2941 = CARTESIAN_POINT('',(124.57383740178,-148.6769668362));
#2942 = CARTESIAN_POINT('',(124.63820069698,-148.6279622496));
#2943 = CARTESIAN_POINT('',(124.70091291768,-148.5768562196));
#2944 = CARTESIAN_POINT('',(124.84750650823,-148.4492169445));
#2945 = CARTESIAN_POINT('',(124.92973568359,-148.3707347158));
#2946 = CARTESIAN_POINT('',(125.00844450958,-148.2885473734));
#2947 = CARTESIAN_POINT('',(125.08350987191,-148.2029152361));
#2948 = CARTESIAN_POINT('',(125.15484321978,-148.1141026957));
#2949 = CARTESIAN_POINT('',(125.22238866656,-148.0223757803));
#2950 = CARTESIAN_POINT('',(125.37640826818,-147.7943009244));
#2951 = CARTESIAN_POINT('',(125.45904944887,-147.6552762395));
#2952 = CARTESIAN_POINT('',(125.53397339568,-147.5116790687));
#2953 = CARTESIAN_POINT('',(125.60125670543,-147.3642282898));
#2954 = CARTESIAN_POINT('',(125.66110259068,-147.2135947482));
#2955 = CARTESIAN_POINT('',(125.71382573518,-147.0603915884));
#2956 = CARTESIAN_POINT('',(125.82776211203,-146.6760688928));
#2957 = CARTESIAN_POINT('',(125.88106078705,-146.4426101764));
#2958 = CARTESIAN_POINT('',(125.92112618294,-146.2064378875));
#2959 = CARTESIAN_POINT('',(125.94976625863,-145.9688728267));
#2960 = CARTESIAN_POINT('',(125.96915009452,-145.7308877518));
#2961 = CARTESIAN_POINT('',(125.98165284847,-145.4930518602));
#2962 = CARTESIAN_POINT('',(125.99524778865,-145.0754986755));
#2963 = CARTESIAN_POINT('',(125.99836986791,-144.8957016513));
#2964 = CARTESIAN_POINT('',(125.99967513927,-144.7161714));
#2965 = CARTESIAN_POINT('',(125.99999976053,-144.5369163663));
#2966 = CARTESIAN_POINT('',(126.00000004644,-144.3578748245));
#2967 = CARTESIAN_POINT('',(126.,-144.178940761));
#2968 = CARTESIAN_POINT('',(126.,-144.));
#2969 = ( GEOMETRIC_REPRESENTATION_CONTEXT(2) 
PARAMETRIC_REPRESENTATION_CONTEXT() REPRESENTATION_CONTEXT('2D SPACE',''
  ) );
#2970 = ADVANCED_FACE('',(#2971),#1679,.T.);
#2971 = FACE_BOUND('',#2972,.T.);
#2972 = EDGE_LOOP('',(#2973,#2974,#2995,#2996));
#2973 = ORIENTED_EDGE('',*,*,#2823,.T.);
#2974 = ORIENTED_EDGE('',*,*,#2975,.T.);
#2975 = EDGE_CURVE('',#2824,#2545,#2976,.T.);
#2976 = SURFACE_CURVE('',#2977,(#2981,#2988),.PCURVE_S1.);
#2977 = LINE('',#2978,#2979);
#2978 = CARTESIAN_POINT('',(349.96,147.,130.));
#2979 = VECTOR('',#2980,1.);
#2980 = DIRECTION('',(0.,-1.,0.));
#2981 = PCURVE('',#1679,#2982);
#2982 = DEFINITIONAL_REPRESENTATION('',(#2983),#2987);
#2983 = LINE('',#2984,#2985);
#2984 = CARTESIAN_POINT('',(1.570796326795,0.));
#2985 = VECTOR('',#2986,1.);
#2986 = DIRECTION('',(0.,1.));
#2987 = ( GEOMETRIC_REPRESENTATION_CONTEXT(2) 
PARAMETRIC_REPRESENTATION_CONTEXT() REPRESENTATION_CONTEXT('2D SPACE',''
  ) );
#2988 = PCURVE('',#1819,#2989);
#2989 = DEFINITIONAL_REPRESENTATION('',(#2990),#2994);
#2990 = LINE('',#2991,#2992);
#2991 = CARTESIAN_POINT('',(126.,-144.));
#2992 = VECTOR('',#2993,1.);
#2993 = DIRECTION('',(0.,1.));
#2994 = ( GEOMETRIC_REPRESENTATION_CONTEXT(2) 
PARAMETRIC_REPRESENTATION_CONTEXT() REPRESENTATION_CONTEXT('2D SPACE',''
  ) );
#2995 = ORIENTED_EDGE('',*,*,#2705,.F.);
#2996 = ORIENTED_EDGE('',*,*,#1665,.F.);
#2997 = ADVANCED_FACE('',(#2998),#1760,.T.);
#2998 = FACE_BOUND('',#2999,.T.);
#2999 = EDGE_LOOP('',(#3000,#3023,#3044,#3045));
#3000 = ORIENTED_EDGE('',*,*,#3001,.F.);
#3001 = EDGE_CURVE('',#3002,#1718,#3004,.T.);
#3002 = VERTEX_POINT('',#3003);
#3003 = CARTESIAN_POINT('',(203.96,1.,126.));
#3004 = SURFACE_CURVE('',#3005,(#3009,#3016),.PCURVE_S1.);
#3005 = LINE('',#3006,#3007);
#3006 = CARTESIAN_POINT('',(203.96,1.,126.));
#3007 = VECTOR('',#3008,1.);
#3008 = DIRECTION('',(0.,0.,1.));
#3009 = PCURVE('',#1760,#3010);
#3010 = DEFINITIONAL_REPRESENTATION('',(#3011),#3015);
#3011 = LINE('',#3012,#3013);
#3012 = CARTESIAN_POINT('',(0.,0.));
#3013 = VECTOR('',#3014,1.);
#3014 = DIRECTION('',(1.,0.));
#3015 = ( GEOMETRIC_REPRESENTATION_CONTEXT(2) 
PARAMETRIC_REPRESENTATION_CONTEXT() REPRESENTATION_CONTEXT('2D SPACE',''
  ) );
#3016 = PCURVE('',#1732,#3017);
#3017 = DEFINITIONAL_REPRESENTATION('',(#3018),#3022);
#3018 = LINE('',#3019,#3020);
#3019 = CARTESIAN_POINT('',(0.,0.));
#3020 = VECTOR('',#3021,1.);
#3021 = DIRECTION('',(1.,0.));
#3022 = ( GEOMETRIC_REPRESENTATION_CONTEXT(2) 
PARAMETRIC_REPRESENTATION_CONTEXT() REPRESENTATION_CONTEXT('2D SPACE',''
  ) );
#3023 = ORIENTED_EDGE('',*,*,#3024,.T.);
#3024 = EDGE_CURVE('',#3002,#1856,#3025,.T.);
#3025 = SURFACE_CURVE('',#3026,(#3030,#3037),.PCURVE_S1.);
#3026 = LINE('',#3027,#3028);
#3027 = CARTESIAN_POINT('',(203.96,1.,126.));
#3028 = VECTOR('',#3029,1.);
#3029 = DIRECTION('',(-0.,1.,0.));
#3030 = PCURVE('',#1760,#3031);
#3031 = DEFINITIONAL_REPRESENTATION('',(#3032),#3036);
#3032 = LINE('',#3033,#3034);
#3033 = CARTESIAN_POINT('',(0.,0.));
#3034 = VECTOR('',#3035,1.);
#3035 = DIRECTION('',(0.,-1.));
#3036 = ( GEOMETRIC_REPRESENTATION_CONTEXT(2) 
PARAMETRIC_REPRESENTATION_CONTEXT() REPRESENTATION_CONTEXT('2D SPACE',''
  ) );
#3037 = PCURVE('',#1889,#3038);
#3038 = DEFINITIONAL_REPRESENTATION('',(#3039),#3043);
#3039 = LINE('',#3040,#3041);
#3040 = CARTESIAN_POINT('',(0.,0.));
#3041 = VECTOR('',#3042,1.);
#3042 = DIRECTION('',(0.,1.));
#3043 = ( GEOMETRIC_REPRESENTATION_CONTEXT(2) 
PARAMETRIC_REPRESENTATION_CONTEXT() REPRESENTATION_CONTEXT('2D SPACE',''
  ) );
#3044 = ORIENTED_EDGE('',*,*,#1855,.F.);
#3045 = ORIENTED_EDGE('',*,*,#1743,.F.);
#3046 = ADVANCED_FACE('',(#3047),#1732,.T.);
#3047 = FACE_BOUND('',#3048,.T.);
#3048 = EDGE_LOOP('',(#3049,#3072,#3093,#3094,#3095));
#3049 = ORIENTED_EDGE('',*,*,#3050,.F.);
#3050 = EDGE_CURVE('',#3051,#2547,#3053,.T.);
#3051 = VERTEX_POINT('',#3052);
#3052 = CARTESIAN_POINT('',(349.96,1.,126.));
#3053 = SURFACE_CURVE('',#3054,(#3058,#3065),.PCURVE_S1.);
#3054 = LINE('',#3055,#3056);
#3055 = CARTESIAN_POINT('',(349.96,1.,126.));
#3056 = VECTOR('',#3057,1.);
#3057 = DIRECTION('',(0.,0.,1.));
#3058 = PCURVE('',#1732,#3059);
#3059 = DEFINITIONAL_REPRESENTATION('',(#3060),#3064);
#3060 = LINE('',#3061,#3062);
#3061 = CARTESIAN_POINT('',(0.,146.));
#3062 = VECTOR('',#3063,1.);
#3063 = DIRECTION('',(1.,0.));
#3064 = ( GEOMETRIC_REPRESENTATION_CONTEXT(2) 
PARAMETRIC_REPRESENTATION_CONTEXT() REPRESENTATION_CONTEXT('2D SPACE',''
  ) );
#3065 = PCURVE('',#1819,#3066);
#3066 = DEFINITIONAL_REPRESENTATION('',(#3067),#3071);
#3067 = LINE('',#3068,#3069);
#3068 = CARTESIAN_POINT('',(122.,2.));
#3069 = VECTOR('',#3070,1.);
#3070 = DIRECTION('',(1.,0.));
#3071 = ( GEOMETRIC_REPRESENTATION_CONTEXT(2) 
PARAMETRIC_REPRESENTATION_CONTEXT() REPRESENTATION_CONTEXT('2D SPACE',''
  ) );
#3072 = ORIENTED_EDGE('',*,*,#3073,.F.);
#3073 = EDGE_CURVE('',#3002,#3051,#3074,.T.);
#3074 = SURFACE_CURVE('',#3075,(#3079,#3086),.PCURVE_S1.);
#3075 = LINE('',#3076,#3077);
#3076 = CARTESIAN_POINT('',(203.96,1.,126.));
#3077 = VECTOR('',#3078,1.);
#3078 = DIRECTION('',(1.,0.,-0.));
#3079 = PCURVE('',#1732,#3080);
#3080 = DEFINITIONAL_REPRESENTATION('',(#3081),#3085);
#3081 = LINE('',#3082,#3083);
#3082 = CARTESIAN_POINT('',(0.,0.));
#3083 = VECTOR('',#3084,1.);
#3084 = DIRECTION('',(0.,1.));
#3085 = ( GEOMETRIC_REPRESENTATION_CONTEXT(2) 
PARAMETRIC_REPRESENTATION_CONTEXT() REPRESENTATION_CONTEXT('2D SPACE',''
  ) );
#3086 = PCURVE('',#1889,#3087);
#3087 = DEFINITIONAL_REPRESENTATION('',(#3088),#3092);
#3088 = LINE('',#3089,#3090);
#3089 = CARTESIAN_POINT('',(0.,0.));
#3090 = VECTOR('',#3091,1.);
#3091 = DIRECTION('',(1.,0.));
#3092 = ( GEOMETRIC_REPRESENTATION_CONTEXT(2) 
PARAMETRIC_REPRESENTATION_CONTEXT() REPRESENTATION_CONTEXT('2D SPACE',''
  ) );
#3093 = ORIENTED_EDGE('',*,*,#3001,.T.);
#3094 = ORIENTED_EDGE('',*,*,#1717,.F.);
#3095 = ORIENTED_EDGE('',*,*,#2727,.F.);
#3096 = ADVANCED_FACE('',(#3097),#1819,.F.);
#3097 = FACE_BOUND('',#3098,.F.);
#3098 = EDGE_LOOP('',(#3099,#3100,#3101,#3102,#3103,#3104,#3105,#3106));
#3099 = ORIENTED_EDGE('',*,*,#1801,.F.);
#3100 = ORIENTED_EDGE('',*,*,#2385,.T.);
#3101 = ORIENTED_EDGE('',*,*,#2097,.T.);
#3102 = ORIENTED_EDGE('',*,*,#2845,.T.);
#3103 = ORIENTED_EDGE('',*,*,#2975,.T.);
#3104 = ORIENTED_EDGE('',*,*,#2544,.T.);
#3105 = ORIENTED_EDGE('',*,*,#3050,.F.);
#3106 = ORIENTED_EDGE('',*,*,#3107,.T.);
#3107 = EDGE_CURVE('',#3051,#1804,#3108,.T.);
#3108 = SURFACE_CURVE('',#3109,(#3113,#3120),.PCURVE_S1.);
#3109 = LINE('',#3110,#3111);
#3110 = CARTESIAN_POINT('',(349.96,1.,126.));
#3111 = VECTOR('',#3112,1.);
#3112 = DIRECTION('',(-0.,1.,0.));
#3113 = PCURVE('',#1819,#3114);
#3114 = DEFINITIONAL_REPRESENTATION('',(#3115),#3119);
#3115 = LINE('',#3116,#3117);
#3116 = CARTESIAN_POINT('',(122.,2.));
#3117 = VECTOR('',#3118,1.);
#3118 = DIRECTION('',(0.,-1.));
#3119 = ( GEOMETRIC_REPRESENTATION_CONTEXT(2) 
PARAMETRIC_REPRESENTATION_CONTEXT() REPRESENTATION_CONTEXT('2D SPACE',''
  ) );
#3120 = PCURVE('',#1889,#3121);
#3121 = DEFINITIONAL_REPRESENTATION('',(#3122),#3126);
#3122 = LINE('',#3123,#3124);
#3123 = CARTESIAN_POINT('',(146.,0.));
#3124 = VECTOR('',#3125,1.);
#3125 = DIRECTION('',(0.,1.));
#3126 = ( GEOMETRIC_REPRESENTATION_CONTEXT(2) 
PARAMETRIC_REPRESENTATION_CONTEXT() REPRESENTATION_CONTEXT('2D SPACE',''
  ) );
#3127 = ADVANCED_FACE('',(#3128),#1889,.T.);
#3128 = FACE_BOUND('',#3129,.T.);
#3129 = EDGE_LOOP('',(#3130,#3131,#3132,#3133));
#3130 = ORIENTED_EDGE('',*,*,#3024,.F.);
#3131 = ORIENTED_EDGE('',*,*,#3073,.T.);
#3132 = ORIENTED_EDGE('',*,*,#3107,.T.);
#3133 = ORIENTED_EDGE('',*,*,#1876,.F.);
#3134 = ( GEOMETRIC_REPRESENTATION_CONTEXT(3) 
GLOBAL_UNCERTAINTY_ASSIGNED_CONTEXT((#3138)) 
GLOBAL_UNIT_ASSIGNED_CONTEXT((#3135,#3136,#3137)) REPRESENTATION_CONTEXT
('Context #1','3D Context with UNIT and UNCERTAINTY') );
#3135 = ( LENGTH_UNIT() NAMED_UNIT(*) SI_UNIT(.MILLI.,.METRE.) );
#3136 = ( NAMED_UNIT(*) PLANE_ANGLE_UNIT() SI_UNIT($,.RADIAN.) );
#3137 = ( NAMED_UNIT(*) SI_UNIT($,.STERADIAN.) SOLID_ANGLE_UNIT() );
#3138 = UNCERTAINTY_MEASURE_WITH_UNIT(LENGTH_MEASURE(1.E-06),#3135,
  'distance_accuracy_value','confusion accuracy');
#3139 = CONTEXT_DEPENDENT_SHAPE_REPRESENTATION(#3140,#3142);
#3140 = ( REPRESENTATION_RELATIONSHIP('','',#71,#48) 
REPRESENTATION_RELATIONSHIP_WITH_TRANSFORMATION(#3141) 
SHAPE_REPRESENTATION_RELATIONSHIP() );
#3141 = ITEM_DEFINED_TRANSFORMATION('','',#11,#49);
#3142 = PRODUCT_DEFINITION_SHAPE('Placement','Placement of an item',
  #3143);
#3143 = NEXT_ASSEMBLY_USAGE_OCCURRENCE('1','=>[0:1:1:3]','',#43,#66,$);
#3144 = PRODUCT_RELATED_PRODUCT_CATEGORY('part',$,(#68));
#3145 = SHAPE_DEFINITION_REPRESENTATION(#3146,#3152);
#3146 = PRODUCT_DEFINITION_SHAPE('','',#3147);
#3147 = PRODUCT_DEFINITION('design','',#3148,#3151);
#3148 = PRODUCT_DEFINITION_FORMATION('','',#3149);
#3149 = PRODUCT('DISPLAY_REFERENCE','DISPLAY_REFERENCE','',(#3150));
#3150 = PRODUCT_CONTEXT('',#2,'mechanical');
#3151 = PRODUCT_DEFINITION_CONTEXT('part definition',#2,'design');
#3152 = SHAPE_REPRESENTATION('',(#11,#3153),#3157);
#3153 = AXIS2_PLACEMENT_3D('',#3154,#3155,#3156);
#3154 = CARTESIAN_POINT('',(4.,3.,9.62));
#3155 = DIRECTION('',(0.,0.,1.));
#3156 = DIRECTION('',(1.,0.,-0.));
#3157 = ( GEOMETRIC_REPRESENTATION_CONTEXT(3) 
GLOBAL_UNCERTAINTY_ASSIGNED_CONTEXT((#3161)) 
GLOBAL_UNIT_ASSIGNED_CONTEXT((#3158,#3159,#3160)) REPRESENTATION_CONTEXT
('Context #1','3D Context with UNIT and UNCERTAINTY') );
#3158 = ( LENGTH_UNIT() NAMED_UNIT(*) SI_UNIT(.MILLI.,.METRE.) );
#3159 = ( NAMED_UNIT(*) PLANE_ANGLE_UNIT() SI_UNIT($,.RADIAN.) );
#3160 = ( NAMED_UNIT(*) SI_UNIT($,.STERADIAN.) SOLID_ANGLE_UNIT() );
#3161 = UNCERTAINTY_MEASURE_WITH_UNIT(LENGTH_MEASURE(1.E-07),#3158,
  'distance_accuracy_value','confusion accuracy');
#3162 = CONTEXT_DEPENDENT_SHAPE_REPRESENTATION(#3163,#3165);
#3163 = ( REPRESENTATION_RELATIONSHIP('','',#3152,#10) 
REPRESENTATION_RELATIONSHIP_WITH_TRANSFORMATION(#3164) 
SHAPE_REPRESENTATION_RELATIONSHIP() );
#3164 = ITEM_DEFINED_TRANSFORMATION('','',#11,#19);
#3165 = PRODUCT_DEFINITION_SHAPE('Placement','Placement of an item',
  #3166);
#3166 = NEXT_ASSEMBLY_USAGE_OCCURRENCE('4','DISPLAY_REFERENCE','',#5,
  #3147,$);
#3167 = PRODUCT_RELATED_PRODUCT_CATEGORY('part',$,(#3149));
#3168 = SHAPE_DEFINITION_REPRESENTATION(#3169,#3175);
#3169 = PRODUCT_DEFINITION_SHAPE('','',#3170);
#3170 = PRODUCT_DEFINITION('design','',#3171,#3174);
#3171 = PRODUCT_DEFINITION_FORMATION('','',#3172);
#3172 = PRODUCT('SOLID','SOLID','',(#3173));
#3173 = PRODUCT_CONTEXT('',#2,'mechanical');
#3174 = PRODUCT_DEFINITION_CONTEXT('part definition',#2,'design');
#3175 = ADVANCED_BREP_SHAPE_REPRESENTATION('',(#11,#3176),#3506);
#3176 = MANIFOLD_SOLID_BREP('',#3177);
#3177 = CLOSED_SHELL('',(#3178,#3298,#3398,#3445,#3492,#3499));
#3178 = ADVANCED_FACE('',(#3179),#3193,.F.);
#3179 = FACE_BOUND('',#3180,.F.);
#3180 = EDGE_LOOP('',(#3181,#3216,#3244,#3272));
#3181 = ORIENTED_EDGE('',*,*,#3182,.F.);
#3182 = EDGE_CURVE('',#3183,#3185,#3187,.T.);
#3183 = VERTEX_POINT('',#3184);
#3184 = CARTESIAN_POINT('',(0.,0.,0.));
#3185 = VERTEX_POINT('',#3186);
#3186 = CARTESIAN_POINT('',(0.,0.,110.76));
#3187 = SURFACE_CURVE('',#3188,(#3192,#3204),.PCURVE_S1.);
#3188 = LINE('',#3189,#3190);
#3189 = CARTESIAN_POINT('',(0.,0.,0.));
#3190 = VECTOR('',#3191,1.);
#3191 = DIRECTION('',(0.,0.,1.));
#3192 = PCURVE('',#3193,#3198);
#3193 = PLANE('',#3194);
#3194 = AXIS2_PLACEMENT_3D('',#3195,#3196,#3197);
#3195 = CARTESIAN_POINT('',(0.,0.,0.));
#3196 = DIRECTION('',(1.,0.,-0.));
#3197 = DIRECTION('',(0.,0.,1.));
#3198 = DEFINITIONAL_REPRESENTATION('',(#3199),#3203);
#3199 = LINE('',#3200,#3201);
#3200 = CARTESIAN_POINT('',(0.,0.));
#3201 = VECTOR('',#3202,1.);
#3202 = DIRECTION('',(1.,0.));
#3203 = ( GEOMETRIC_REPRESENTATION_CONTEXT(2) 
PARAMETRIC_REPRESENTATION_CONTEXT() REPRESENTATION_CONTEXT('2D SPACE',''
  ) );
#3204 = PCURVE('',#3205,#3210);
#3205 = PLANE('',#3206);
#3206 = AXIS2_PLACEMENT_3D('',#3207,#3208,#3209);
#3207 = CARTESIAN_POINT('',(0.,0.,0.));
#3208 = DIRECTION('',(-0.,1.,0.));
#3209 = DIRECTION('',(0.,0.,1.));
#3210 = DEFINITIONAL_REPRESENTATION('',(#3211),#3215);
#3211 = LINE('',#3212,#3213);
#3212 = CARTESIAN_POINT('',(0.,0.));
#3213 = VECTOR('',#3214,1.);
#3214 = DIRECTION('',(1.,0.));
#3215 = ( GEOMETRIC_REPRESENTATION_CONTEXT(2) 
PARAMETRIC_REPRESENTATION_CONTEXT() REPRESENTATION_CONTEXT('2D SPACE',''
  ) );
#3216 = ORIENTED_EDGE('',*,*,#3217,.T.);
#3217 = EDGE_CURVE('',#3183,#3218,#3220,.T.);
#3218 = VERTEX_POINT('',#3219);
#3219 = CARTESIAN_POINT('',(0.,21.,0.));
#3220 = SURFACE_CURVE('',#3221,(#3225,#3232),.PCURVE_S1.);
#3221 = LINE('',#3222,#3223);
#3222 = CARTESIAN_POINT('',(0.,0.,0.));
#3223 = VECTOR('',#3224,1.);
#3224 = DIRECTION('',(-0.,1.,0.));
#3225 = PCURVE('',#3193,#3226);
#3226 = DEFINITIONAL_REPRESENTATION('',(#3227),#3231);
#3227 = LINE('',#3228,#3229);
#3228 = CARTESIAN_POINT('',(0.,0.));
#3229 = VECTOR('',#3230,1.);
#3230 = DIRECTION('',(0.,-1.));
#3231 = ( GEOMETRIC_REPRESENTATION_CONTEXT(2) 
PARAMETRIC_REPRESENTATION_CONTEXT() REPRESENTATION_CONTEXT('2D SPACE',''
  ) );
#3232 = PCURVE('',#3233,#3238);
#3233 = PLANE('',#3234);
#3234 = AXIS2_PLACEMENT_3D('',#3235,#3236,#3237);
#3235 = CARTESIAN_POINT('',(0.,0.,0.));
#3236 = DIRECTION('',(0.,0.,1.));
#3237 = DIRECTION('',(1.,0.,-0.));
#3238 = DEFINITIONAL_REPRESENTATION('',(#3239),#3243);
#3239 = LINE('',#3240,#3241);
#3240 = CARTESIAN_POINT('',(0.,0.));
#3241 = VECTOR('',#3242,1.);
#3242 = DIRECTION('',(0.,1.));
#3243 = ( GEOMETRIC_REPRESENTATION_CONTEXT(2) 
PARAMETRIC_REPRESENTATION_CONTEXT() REPRESENTATION_CONTEXT('2D SPACE',''
  ) );
#3244 = ORIENTED_EDGE('',*,*,#3245,.T.);
#3245 = EDGE_CURVE('',#3218,#3246,#3248,.T.);
#3246 = VERTEX_POINT('',#3247);
#3247 = CARTESIAN_POINT('',(0.,21.,110.76));
#3248 = SURFACE_CURVE('',#3249,(#3253,#3260),.PCURVE_S1.);
#3249 = LINE('',#3250,#3251);
#3250 = CARTESIAN_POINT('',(0.,21.,0.));
#3251 = VECTOR('',#3252,1.);
#3252 = DIRECTION('',(0.,0.,1.));
#3253 = PCURVE('',#3193,#3254);
#3254 = DEFINITIONAL_REPRESENTATION('',(#3255),#3259);
#3255 = LINE('',#3256,#3257);
#3256 = CARTESIAN_POINT('',(0.,-21.));
#3257 = VECTOR('',#3258,1.);
#3258 = DIRECTION('',(1.,0.));
#3259 = ( GEOMETRIC_REPRESENTATION_CONTEXT(2) 
PARAMETRIC_REPRESENTATION_CONTEXT() REPRESENTATION_CONTEXT('2D SPACE',''
  ) );
#3260 = PCURVE('',#3261,#3266);
#3261 = PLANE('',#3262);
#3262 = AXIS2_PLACEMENT_3D('',#3263,#3264,#3265);
#3263 = CARTESIAN_POINT('',(0.,21.,0.));
#3264 = DIRECTION('',(-0.,1.,0.));
#3265 = DIRECTION('',(0.,0.,1.));
#3266 = DEFINITIONAL_REPRESENTATION('',(#3267),#3271);
#3267 = LINE('',#3268,#3269);
#3268 = CARTESIAN_POINT('',(0.,0.));
#3269 = VECTOR('',#3270,1.);
#3270 = DIRECTION('',(1.,0.));
#3271 = ( GEOMETRIC_REPRESENTATION_CONTEXT(2) 
PARAMETRIC_REPRESENTATION_CONTEXT() REPRESENTATION_CONTEXT('2D SPACE',''
  ) );
#3272 = ORIENTED_EDGE('',*,*,#3273,.F.);
#3273 = EDGE_CURVE('',#3185,#3246,#3274,.T.);
#3274 = SURFACE_CURVE('',#3275,(#3279,#3286),.PCURVE_S1.);
#3275 = LINE('',#3276,#3277);
#3276 = CARTESIAN_POINT('',(0.,0.,110.76));
#3277 = VECTOR('',#3278,1.);
#3278 = DIRECTION('',(-0.,1.,0.));
#3279 = PCURVE('',#3193,#3280);
#3280 = DEFINITIONAL_REPRESENTATION('',(#3281),#3285);
#3281 = LINE('',#3282,#3283);
#3282 = CARTESIAN_POINT('',(110.76,0.));
#3283 = VECTOR('',#3284,1.);
#3284 = DIRECTION('',(0.,-1.));
#3285 = ( GEOMETRIC_REPRESENTATION_CONTEXT(2) 
PARAMETRIC_REPRESENTATION_CONTEXT() REPRESENTATION_CONTEXT('2D SPACE',''
  ) );
#3286 = PCURVE('',#3287,#3292);
#3287 = PLANE('',#3288);
#3288 = AXIS2_PLACEMENT_3D('',#3289,#3290,#3291);
#3289 = CARTESIAN_POINT('',(0.,0.,110.76));
#3290 = DIRECTION('',(0.,0.,1.));
#3291 = DIRECTION('',(1.,0.,-0.));
#3292 = DEFINITIONAL_REPRESENTATION('',(#3293),#3297);
#3293 = LINE('',#3294,#3295);
#3294 = CARTESIAN_POINT('',(0.,0.));
#3295 = VECTOR('',#3296,1.);
#3296 = DIRECTION('',(0.,1.));
#3297 = ( GEOMETRIC_REPRESENTATION_CONTEXT(2) 
PARAMETRIC_REPRESENTATION_CONTEXT() REPRESENTATION_CONTEXT('2D SPACE',''
  ) );
#3298 = ADVANCED_FACE('',(#3299),#3313,.T.);
#3299 = FACE_BOUND('',#3300,.T.);
#3300 = EDGE_LOOP('',(#3301,#3331,#3354,#3377));
#3301 = ORIENTED_EDGE('',*,*,#3302,.F.);
#3302 = EDGE_CURVE('',#3303,#3305,#3307,.T.);
#3303 = VERTEX_POINT('',#3304);
#3304 = CARTESIAN_POINT('',(192.96,0.,0.));
#3305 = VERTEX_POINT('',#3306);
#3306 = CARTESIAN_POINT('',(192.96,0.,110.76));
#3307 = SURFACE_CURVE('',#3308,(#3312,#3324),.PCURVE_S1.);
#3308 = LINE('',#3309,#3310);
#3309 = CARTESIAN_POINT('',(192.96,0.,0.));
#3310 = VECTOR('',#3311,1.);
#3311 = DIRECTION('',(0.,0.,1.));
#3312 = PCURVE('',#3313,#3318);
#3313 = PLANE('',#3314);
#3314 = AXIS2_PLACEMENT_3D('',#3315,#3316,#3317);
#3315 = CARTESIAN_POINT('',(192.96,0.,0.));
#3316 = DIRECTION('',(1.,0.,-0.));
#3317 = DIRECTION('',(0.,0.,1.));
#3318 = DEFINITIONAL_REPRESENTATION('',(#3319),#3323);
#3319 = LINE('',#3320,#3321);
#3320 = CARTESIAN_POINT('',(0.,0.));
#3321 = VECTOR('',#3322,1.);
#3322 = DIRECTION('',(1.,0.));
#3323 = ( GEOMETRIC_REPRESENTATION_CONTEXT(2) 
PARAMETRIC_REPRESENTATION_CONTEXT() REPRESENTATION_CONTEXT('2D SPACE',''
  ) );
#3324 = PCURVE('',#3205,#3325);
#3325 = DEFINITIONAL_REPRESENTATION('',(#3326),#3330);
#3326 = LINE('',#3327,#3328);
#3327 = CARTESIAN_POINT('',(0.,192.96));
#3328 = VECTOR('',#3329,1.);
#3329 = DIRECTION('',(1.,0.));
#3330 = ( GEOMETRIC_REPRESENTATION_CONTEXT(2) 
PARAMETRIC_REPRESENTATION_CONTEXT() REPRESENTATION_CONTEXT('2D SPACE',''
  ) );
#3331 = ORIENTED_EDGE('',*,*,#3332,.T.);
#3332 = EDGE_CURVE('',#3303,#3333,#3335,.T.);
#3333 = VERTEX_POINT('',#3334);
#3334 = CARTESIAN_POINT('',(192.96,21.,0.));
#3335 = SURFACE_CURVE('',#3336,(#3340,#3347),.PCURVE_S1.);
#3336 = LINE('',#3337,#3338);
#3337 = CARTESIAN_POINT('',(192.96,0.,0.));
#3338 = VECTOR('',#3339,1.);
#3339 = DIRECTION('',(-0.,1.,0.));
#3340 = PCURVE('',#3313,#3341);
#3341 = DEFINITIONAL_REPRESENTATION('',(#3342),#3346);
#3342 = LINE('',#3343,#3344);
#3343 = CARTESIAN_POINT('',(0.,0.));
#3344 = VECTOR('',#3345,1.);
#3345 = DIRECTION('',(0.,-1.));
#3346 = ( GEOMETRIC_REPRESENTATION_CONTEXT(2) 
PARAMETRIC_REPRESENTATION_CONTEXT() REPRESENTATION_CONTEXT('2D SPACE',''
  ) );
#3347 = PCURVE('',#3233,#3348);
#3348 = DEFINITIONAL_REPRESENTATION('',(#3349),#3353);
#3349 = LINE('',#3350,#3351);
#3350 = CARTESIAN_POINT('',(192.96,0.));
#3351 = VECTOR('',#3352,1.);
#3352 = DIRECTION('',(0.,1.));
#3353 = ( GEOMETRIC_REPRESENTATION_CONTEXT(2) 
PARAMETRIC_REPRESENTATION_CONTEXT() REPRESENTATION_CONTEXT('2D SPACE',''
  ) );
#3354 = ORIENTED_EDGE('',*,*,#3355,.T.);
#3355 = EDGE_CURVE('',#3333,#3356,#3358,.T.);
#3356 = VERTEX_POINT('',#3357);
#3357 = CARTESIAN_POINT('',(192.96,21.,110.76));
#3358 = SURFACE_CURVE('',#3359,(#3363,#3370),.PCURVE_S1.);
#3359 = LINE('',#3360,#3361);
#3360 = CARTESIAN_POINT('',(192.96,21.,0.));
#3361 = VECTOR('',#3362,1.);
#3362 = DIRECTION('',(0.,0.,1.));
#3363 = PCURVE('',#3313,#3364);
#3364 = DEFINITIONAL_REPRESENTATION('',(#3365),#3369);
#3365 = LINE('',#3366,#3367);
#3366 = CARTESIAN_POINT('',(0.,-21.));
#3367 = VECTOR('',#3368,1.);
#3368 = DIRECTION('',(1.,0.));
#3369 = ( GEOMETRIC_REPRESENTATION_CONTEXT(2) 
PARAMETRIC_REPRESENTATION_CONTEXT() REPRESENTATION_CONTEXT('2D SPACE',''
  ) );
#3370 = PCURVE('',#3261,#3371);
#3371 = DEFINITIONAL_REPRESENTATION('',(#3372),#3376);
#3372 = LINE('',#3373,#3374);
#3373 = CARTESIAN_POINT('',(0.,192.96));
#3374 = VECTOR('',#3375,1.);
#3375 = DIRECTION('',(1.,0.));
#3376 = ( GEOMETRIC_REPRESENTATION_CONTEXT(2) 
PARAMETRIC_REPRESENTATION_CONTEXT() REPRESENTATION_CONTEXT('2D SPACE',''
  ) );
#3377 = ORIENTED_EDGE('',*,*,#3378,.F.);
#3378 = EDGE_CURVE('',#3305,#3356,#3379,.T.);
#3379 = SURFACE_CURVE('',#3380,(#3384,#3391),.PCURVE_S1.);
#3380 = LINE('',#3381,#3382);
#3381 = CARTESIAN_POINT('',(192.96,0.,110.76));
#3382 = VECTOR('',#3383,1.);
#3383 = DIRECTION('',(-0.,1.,0.));
#3384 = PCURVE('',#3313,#3385);
#3385 = DEFINITIONAL_REPRESENTATION('',(#3386),#3390);
#3386 = LINE('',#3387,#3388);
#3387 = CARTESIAN_POINT('',(110.76,0.));
#3388 = VECTOR('',#3389,1.);
#3389 = DIRECTION('',(0.,-1.));
#3390 = ( GEOMETRIC_REPRESENTATION_CONTEXT(2) 
PARAMETRIC_REPRESENTATION_CONTEXT() REPRESENTATION_CONTEXT('2D SPACE',''
  ) );
#3391 = PCURVE('',#3287,#3392);
#3392 = DEFINITIONAL_REPRESENTATION('',(#3393),#3397);
#3393 = LINE('',#3394,#3395);
#3394 = CARTESIAN_POINT('',(192.96,0.));
#3395 = VECTOR('',#3396,1.);
#3396 = DIRECTION('',(0.,1.));
#3397 = ( GEOMETRIC_REPRESENTATION_CONTEXT(2) 
PARAMETRIC_REPRESENTATION_CONTEXT() REPRESENTATION_CONTEXT('2D SPACE',''
  ) );
#3398 = ADVANCED_FACE('',(#3399),#3205,.F.);
#3399 = FACE_BOUND('',#3400,.F.);
#3400 = EDGE_LOOP('',(#3401,#3422,#3423,#3444));
#3401 = ORIENTED_EDGE('',*,*,#3402,.F.);
#3402 = EDGE_CURVE('',#3183,#3303,#3403,.T.);
#3403 = SURFACE_CURVE('',#3404,(#3408,#3415),.PCURVE_S1.);
#3404 = LINE('',#3405,#3406);
#3405 = CARTESIAN_POINT('',(0.,0.,0.));
#3406 = VECTOR('',#3407,1.);
#3407 = DIRECTION('',(1.,0.,-0.));
#3408 = PCURVE('',#3205,#3409);
#3409 = DEFINITIONAL_REPRESENTATION('',(#3410),#3414);
#3410 = LINE('',#3411,#3412);
#3411 = CARTESIAN_POINT('',(0.,0.));
#3412 = VECTOR('',#3413,1.);
#3413 = DIRECTION('',(0.,1.));
#3414 = ( GEOMETRIC_REPRESENTATION_CONTEXT(2) 
PARAMETRIC_REPRESENTATION_CONTEXT() REPRESENTATION_CONTEXT('2D SPACE',''
  ) );
#3415 = PCURVE('',#3233,#3416);
#3416 = DEFINITIONAL_REPRESENTATION('',(#3417),#3421);
#3417 = LINE('',#3418,#3419);
#3418 = CARTESIAN_POINT('',(0.,0.));
#3419 = VECTOR('',#3420,1.);
#3420 = DIRECTION('',(1.,0.));
#3421 = ( GEOMETRIC_REPRESENTATION_CONTEXT(2) 
PARAMETRIC_REPRESENTATION_CONTEXT() REPRESENTATION_CONTEXT('2D SPACE',''
  ) );
#3422 = ORIENTED_EDGE('',*,*,#3182,.T.);
#3423 = ORIENTED_EDGE('',*,*,#3424,.T.);
#3424 = EDGE_CURVE('',#3185,#3305,#3425,.T.);
#3425 = SURFACE_CURVE('',#3426,(#3430,#3437),.PCURVE_S1.);
#3426 = LINE('',#3427,#3428);
#3427 = CARTESIAN_POINT('',(0.,0.,110.76));
#3428 = VECTOR('',#3429,1.);
#3429 = DIRECTION('',(1.,0.,-0.));
#3430 = PCURVE('',#3205,#3431);
#3431 = DEFINITIONAL_REPRESENTATION('',(#3432),#3436);
#3432 = LINE('',#3433,#3434);
#3433 = CARTESIAN_POINT('',(110.76,0.));
#3434 = VECTOR('',#3435,1.);
#3435 = DIRECTION('',(0.,1.));
#3436 = ( GEOMETRIC_REPRESENTATION_CONTEXT(2) 
PARAMETRIC_REPRESENTATION_CONTEXT() REPRESENTATION_CONTEXT('2D SPACE',''
  ) );
#3437 = PCURVE('',#3287,#3438);
#3438 = DEFINITIONAL_REPRESENTATION('',(#3439),#3443);
#3439 = LINE('',#3440,#3441);
#3440 = CARTESIAN_POINT('',(0.,0.));
#3441 = VECTOR('',#3442,1.);
#3442 = DIRECTION('',(1.,0.));
#3443 = ( GEOMETRIC_REPRESENTATION_CONTEXT(2) 
PARAMETRIC_REPRESENTATION_CONTEXT() REPRESENTATION_CONTEXT('2D SPACE',''
  ) );
#3444 = ORIENTED_EDGE('',*,*,#3302,.F.);
#3445 = ADVANCED_FACE('',(#3446),#3261,.T.);
#3446 = FACE_BOUND('',#3447,.T.);
#3447 = EDGE_LOOP('',(#3448,#3469,#3470,#3491));
#3448 = ORIENTED_EDGE('',*,*,#3449,.F.);
#3449 = EDGE_CURVE('',#3218,#3333,#3450,.T.);
#3450 = SURFACE_CURVE('',#3451,(#3455,#3462),.PCURVE_S1.);
#3451 = LINE('',#3452,#3453);
#3452 = CARTESIAN_POINT('',(0.,21.,0.));
#3453 = VECTOR('',#3454,1.);
#3454 = DIRECTION('',(1.,0.,-0.));
#3455 = PCURVE('',#3261,#3456);
#3456 = DEFINITIONAL_REPRESENTATION('',(#3457),#3461);
#3457 = LINE('',#3458,#3459);
#3458 = CARTESIAN_POINT('',(0.,0.));
#3459 = VECTOR('',#3460,1.);
#3460 = DIRECTION('',(0.,1.));
#3461 = ( GEOMETRIC_REPRESENTATION_CONTEXT(2) 
PARAMETRIC_REPRESENTATION_CONTEXT() REPRESENTATION_CONTEXT('2D SPACE',''
  ) );
#3462 = PCURVE('',#3233,#3463);
#3463 = DEFINITIONAL_REPRESENTATION('',(#3464),#3468);
#3464 = LINE('',#3465,#3466);
#3465 = CARTESIAN_POINT('',(0.,21.));
#3466 = VECTOR('',#3467,1.);
#3467 = DIRECTION('',(1.,0.));
#3468 = ( GEOMETRIC_REPRESENTATION_CONTEXT(2) 
PARAMETRIC_REPRESENTATION_CONTEXT() REPRESENTATION_CONTEXT('2D SPACE',''
  ) );
#3469 = ORIENTED_EDGE('',*,*,#3245,.T.);
#3470 = ORIENTED_EDGE('',*,*,#3471,.T.);
#3471 = EDGE_CURVE('',#3246,#3356,#3472,.T.);
#3472 = SURFACE_CURVE('',#3473,(#3477,#3484),.PCURVE_S1.);
#3473 = LINE('',#3474,#3475);
#3474 = CARTESIAN_POINT('',(0.,21.,110.76));
#3475 = VECTOR('',#3476,1.);
#3476 = DIRECTION('',(1.,0.,-0.));
#3477 = PCURVE('',#3261,#3478);
#3478 = DEFINITIONAL_REPRESENTATION('',(#3479),#3483);
#3479 = LINE('',#3480,#3481);
#3480 = CARTESIAN_POINT('',(110.76,0.));
#3481 = VECTOR('',#3482,1.);
#3482 = DIRECTION('',(0.,1.));
#3483 = ( GEOMETRIC_REPRESENTATION_CONTEXT(2) 
PARAMETRIC_REPRESENTATION_CONTEXT() REPRESENTATION_CONTEXT('2D SPACE',''
  ) );
#3484 = PCURVE('',#3287,#3485);
#3485 = DEFINITIONAL_REPRESENTATION('',(#3486),#3490);
#3486 = LINE('',#3487,#3488);
#3487 = CARTESIAN_POINT('',(0.,21.));
#3488 = VECTOR('',#3489,1.);
#3489 = DIRECTION('',(1.,0.));
#3490 = ( GEOMETRIC_REPRESENTATION_CONTEXT(2) 
PARAMETRIC_REPRESENTATION_CONTEXT() REPRESENTATION_CONTEXT('2D SPACE',''
  ) );
#3491 = ORIENTED_EDGE('',*,*,#3355,.F.);
#3492 = ADVANCED_FACE('',(#3493),#3233,.F.);
#3493 = FACE_BOUND('',#3494,.F.);
#3494 = EDGE_LOOP('',(#3495,#3496,#3497,#3498));
#3495 = ORIENTED_EDGE('',*,*,#3217,.F.);
#3496 = ORIENTED_EDGE('',*,*,#3402,.T.);
#3497 = ORIENTED_EDGE('',*,*,#3332,.T.);
#3498 = ORIENTED_EDGE('',*,*,#3449,.F.);
#3499 = ADVANCED_FACE('',(#3500),#3287,.T.);
#3500 = FACE_BOUND('',#3501,.T.);
#3501 = EDGE_LOOP('',(#3502,#3503,#3504,#3505));
#3502 = ORIENTED_EDGE('',*,*,#3273,.F.);
#3503 = ORIENTED_EDGE('',*,*,#3424,.T.);
#3504 = ORIENTED_EDGE('',*,*,#3378,.T.);
#3505 = ORIENTED_EDGE('',*,*,#3471,.F.);
#3506 = ( GEOMETRIC_REPRESENTATION_CONTEXT(3) 
GLOBAL_UNCERTAINTY_ASSIGNED_CONTEXT((#3510)) 
GLOBAL_UNIT_ASSIGNED_CONTEXT((#3507,#3508,#3509)) REPRESENTATION_CONTEXT
('Context #1','3D Context with UNIT and UNCERTAINTY') );
#3507 = ( LENGTH_UNIT() NAMED_UNIT(*) SI_UNIT(.MILLI.,.METRE.) );
#3508 = ( NAMED_UNIT(*) PLANE_ANGLE_UNIT() SI_UNIT($,.RADIAN.) );
#3509 = ( NAMED_UNIT(*) SI_UNIT($,.STERADIAN.) SOLID_ANGLE_UNIT() );
#3510 = UNCERTAINTY_MEASURE_WITH_UNIT(LENGTH_MEASURE(1.E-07),#3507,
  'distance_accuracy_value','confusion accuracy');
#3511 = CONTEXT_DEPENDENT_SHAPE_REPRESENTATION(#3512,#3514);
#3512 = ( REPRESENTATION_RELATIONSHIP('','',#3175,#3152) 
REPRESENTATION_RELATIONSHIP_WITH_TRANSFORMATION(#3513) 
SHAPE_REPRESENTATION_RELATIONSHIP() );
#3513 = ITEM_DEFINED_TRANSFORMATION('','',#11,#3153);
#3514 = PRODUCT_DEFINITION_SHAPE('Placement','Placement of an item',
  #3515);
#3515 = NEXT_ASSEMBLY_USAGE_OCCURRENCE('3','=>[0:1:1:5]','',#3147,#3170,
  $);
#3516 = PRODUCT_RELATED_PRODUCT_CATEGORY('part',$,(#3172));
#3517 = SHAPE_DEFINITION_REPRESENTATION(#3518,#3524);
#3518 = PRODUCT_DEFINITION_SHAPE('','',#3519);
#3519 = PRODUCT_DEFINITION('design','',#3520,#3523);
#3520 = PRODUCT_DEFINITION_FORMATION('','',#3521);
#3521 = PRODUCT('PRINTER_REFERENCE','PRINTER_REFERENCE','',(#3522));
#3522 = PRODUCT_CONTEXT('',#2,'mechanical');
#3523 = PRODUCT_DEFINITION_CONTEXT('part definition',#2,'design');
#3524 = SHAPE_REPRESENTATION('',(#11,#3525),#3529);
#3525 = AXIS2_PLACEMENT_3D('',#3526,#3527,#3528);
#3526 = CARTESIAN_POINT('',(205.96,3.,8.));
#3527 = DIRECTION('',(0.,0.,1.));
#3528 = DIRECTION('',(1.,0.,-0.));
#3529 = ( GEOMETRIC_REPRESENTATION_CONTEXT(3) 
GLOBAL_UNCERTAINTY_ASSIGNED_CONTEXT((#3533)) 
GLOBAL_UNIT_ASSIGNED_CONTEXT((#3530,#3531,#3532)) REPRESENTATION_CONTEXT
('Context #1','3D Context with UNIT and UNCERTAINTY') );
#3530 = ( LENGTH_UNIT() NAMED_UNIT(*) SI_UNIT(.MILLI.,.METRE.) );
#3531 = ( NAMED_UNIT(*) PLANE_ANGLE_UNIT() SI_UNIT($,.RADIAN.) );
#3532 = ( NAMED_UNIT(*) SI_UNIT($,.STERADIAN.) SOLID_ANGLE_UNIT() );
#3533 = UNCERTAINTY_MEASURE_WITH_UNIT(LENGTH_MEASURE(1.E-07),#3530,
  'distance_accuracy_value','confusion accuracy');
#3534 = CONTEXT_DEPENDENT_SHAPE_REPRESENTATION(#3535,#3537);
#3535 = ( REPRESENTATION_RELATIONSHIP('','',#3524,#10) 
REPRESENTATION_RELATIONSHIP_WITH_TRANSFORMATION(#3536) 
SHAPE_REPRESENTATION_RELATIONSHIP() );
#3536 = ITEM_DEFINED_TRANSFORMATION('','',#11,#23);
#3537 = PRODUCT_DEFINITION_SHAPE('Placement','Placement of an item',
  #3538);
#3538 = NEXT_ASSEMBLY_USAGE_OCCURRENCE('6','PRINTER_REFERENCE','',#5,
  #3519,$);
#3539 = PRODUCT_RELATED_PRODUCT_CATEGORY('part',$,(#3521));
#3540 = SHAPE_DEFINITION_REPRESENTATION(#3541,#3547);
#3541 = PRODUCT_DEFINITION_SHAPE('','',#3542);
#3542 = PRODUCT_DEFINITION('design','',#3543,#3546);
#3543 = PRODUCT_DEFINITION_FORMATION('','',#3544);
#3544 = PRODUCT('SOLID','SOLID','',(#3545));
#3545 = PRODUCT_CONTEXT('',#2,'mechanical');
#3546 = PRODUCT_DEFINITION_CONTEXT('part definition',#2,'design');
#3547 = ADVANCED_BREP_SHAPE_REPRESENTATION('',(#11,#3548),#3878);
#3548 = MANIFOLD_SOLID_BREP('',#3549);
#3549 = CLOSED_SHELL('',(#3550,#3670,#3770,#3817,#3864,#3871));
#3550 = ADVANCED_FACE('',(#3551),#3565,.F.);
#3551 = FACE_BOUND('',#3552,.F.);
#3552 = EDGE_LOOP('',(#3553,#3588,#3616,#3644));
#3553 = ORIENTED_EDGE('',*,*,#3554,.F.);
#3554 = EDGE_CURVE('',#3555,#3557,#3559,.T.);
#3555 = VERTEX_POINT('',#3556);
#3556 = CARTESIAN_POINT('',(0.,0.,0.));
#3557 = VERTEX_POINT('',#3558);
#3558 = CARTESIAN_POINT('',(0.,0.,122.));
#3559 = SURFACE_CURVE('',#3560,(#3564,#3576),.PCURVE_S1.);
#3560 = LINE('',#3561,#3562);
#3561 = CARTESIAN_POINT('',(0.,0.,0.));
#3562 = VECTOR('',#3563,1.);
#3563 = DIRECTION('',(0.,0.,1.));
#3564 = PCURVE('',#3565,#3570);
#3565 = PLANE('',#3566);
#3566 = AXIS2_PLACEMENT_3D('',#3567,#3568,#3569);
#3567 = CARTESIAN_POINT('',(0.,0.,0.));
#3568 = DIRECTION('',(1.,0.,-0.));
#3569 = DIRECTION('',(0.,0.,1.));
#3570 = DEFINITIONAL_REPRESENTATION('',(#3571),#3575);
#3571 = LINE('',#3572,#3573);
#3572 = CARTESIAN_POINT('',(0.,0.));
#3573 = VECTOR('',#3574,1.);
#3574 = DIRECTION('',(1.,0.));
#3575 = ( GEOMETRIC_REPRESENTATION_CONTEXT(2) 
PARAMETRIC_REPRESENTATION_CONTEXT() REPRESENTATION_CONTEXT('2D SPACE',''
  ) );
#3576 = PCURVE('',#3577,#3582);
#3577 = PLANE('',#3578);
#3578 = AXIS2_PLACEMENT_3D('',#3579,#3580,#3581);
#3579 = CARTESIAN_POINT('',(0.,0.,0.));
#3580 = DIRECTION('',(-0.,1.,0.));
#3581 = DIRECTION('',(0.,0.,1.));
#3582 = DEFINITIONAL_REPRESENTATION('',(#3583),#3587);
#3583 = LINE('',#3584,#3585);
#3584 = CARTESIAN_POINT('',(0.,0.));
#3585 = VECTOR('',#3586,1.);
#3586 = DIRECTION('',(1.,0.));
#3587 = ( GEOMETRIC_REPRESENTATION_CONTEXT(2) 
PARAMETRIC_REPRESENTATION_CONTEXT() REPRESENTATION_CONTEXT('2D SPACE',''
  ) );
#3588 = ORIENTED_EDGE('',*,*,#3589,.T.);
#3589 = EDGE_CURVE('',#3555,#3590,#3592,.T.);
#3590 = VERTEX_POINT('',#3591);
#3591 = CARTESIAN_POINT('',(0.,122.,0.));
#3592 = SURFACE_CURVE('',#3593,(#3597,#3604),.PCURVE_S1.);
#3593 = LINE('',#3594,#3595);
#3594 = CARTESIAN_POINT('',(0.,0.,0.));
#3595 = VECTOR('',#3596,1.);
#3596 = DIRECTION('',(-0.,1.,0.));
#3597 = PCURVE('',#3565,#3598);
#3598 = DEFINITIONAL_REPRESENTATION('',(#3599),#3603);
#3599 = LINE('',#3600,#3601);
#3600 = CARTESIAN_POINT('',(0.,0.));
#3601 = VECTOR('',#3602,1.);
#3602 = DIRECTION('',(0.,-1.));
#3603 = ( GEOMETRIC_REPRESENTATION_CONTEXT(2) 
PARAMETRIC_REPRESENTATION_CONTEXT() REPRESENTATION_CONTEXT('2D SPACE',''
  ) );
#3604 = PCURVE('',#3605,#3610);
#3605 = PLANE('',#3606);
#3606 = AXIS2_PLACEMENT_3D('',#3607,#3608,#3609);
#3607 = CARTESIAN_POINT('',(0.,0.,0.));
#3608 = DIRECTION('',(0.,0.,1.));
#3609 = DIRECTION('',(1.,0.,-0.));
#3610 = DEFINITIONAL_REPRESENTATION('',(#3611),#3615);
#3611 = LINE('',#3612,#3613);
#3612 = CARTESIAN_POINT('',(0.,0.));
#3613 = VECTOR('',#3614,1.);
#3614 = DIRECTION('',(0.,1.));
#3615 = ( GEOMETRIC_REPRESENTATION_CONTEXT(2) 
PARAMETRIC_REPRESENTATION_CONTEXT() REPRESENTATION_CONTEXT('2D SPACE',''
  ) );
#3616 = ORIENTED_EDGE('',*,*,#3617,.T.);
#3617 = EDGE_CURVE('',#3590,#3618,#3620,.T.);
#3618 = VERTEX_POINT('',#3619);
#3619 = CARTESIAN_POINT('',(0.,122.,122.));
#3620 = SURFACE_CURVE('',#3621,(#3625,#3632),.PCURVE_S1.);
#3621 = LINE('',#3622,#3623);
#3622 = CARTESIAN_POINT('',(0.,122.,0.));
#3623 = VECTOR('',#3624,1.);
#3624 = DIRECTION('',(0.,0.,1.));
#3625 = PCURVE('',#3565,#3626);
#3626 = DEFINITIONAL_REPRESENTATION('',(#3627),#3631);
#3627 = LINE('',#3628,#3629);
#3628 = CARTESIAN_POINT('',(0.,-122.));
#3629 = VECTOR('',#3630,1.);
#3630 = DIRECTION('',(1.,0.));
#3631 = ( GEOMETRIC_REPRESENTATION_CONTEXT(2) 
PARAMETRIC_REPRESENTATION_CONTEXT() REPRESENTATION_CONTEXT('2D SPACE',''
  ) );
#3632 = PCURVE('',#3633,#3638);
#3633 = PLANE('',#3634);
#3634 = AXIS2_PLACEMENT_3D('',#3635,#3636,#3637);
#3635 = CARTESIAN_POINT('',(0.,122.,0.));
#3636 = DIRECTION('',(-0.,1.,0.));
#3637 = DIRECTION('',(0.,0.,1.));
#3638 = DEFINITIONAL_REPRESENTATION('',(#3639),#3643);
#3639 = LINE('',#3640,#3641);
#3640 = CARTESIAN_POINT('',(0.,0.));
#3641 = VECTOR('',#3642,1.);
#3642 = DIRECTION('',(1.,0.));
#3643 = ( GEOMETRIC_REPRESENTATION_CONTEXT(2) 
PARAMETRIC_REPRESENTATION_CONTEXT() REPRESENTATION_CONTEXT('2D SPACE',''
  ) );
#3644 = ORIENTED_EDGE('',*,*,#3645,.F.);
#3645 = EDGE_CURVE('',#3557,#3618,#3646,.T.);
#3646 = SURFACE_CURVE('',#3647,(#3651,#3658),.PCURVE_S1.);
#3647 = LINE('',#3648,#3649);
#3648 = CARTESIAN_POINT('',(0.,0.,122.));
#3649 = VECTOR('',#3650,1.);
#3650 = DIRECTION('',(-0.,1.,0.));
#3651 = PCURVE('',#3565,#3652);
#3652 = DEFINITIONAL_REPRESENTATION('',(#3653),#3657);
#3653 = LINE('',#3654,#3655);
#3654 = CARTESIAN_POINT('',(122.,0.));
#3655 = VECTOR('',#3656,1.);
#3656 = DIRECTION('',(0.,-1.));
#3657 = ( GEOMETRIC_REPRESENTATION_CONTEXT(2) 
PARAMETRIC_REPRESENTATION_CONTEXT() REPRESENTATION_CONTEXT('2D SPACE',''
  ) );
#3658 = PCURVE('',#3659,#3664);
#3659 = PLANE('',#3660);
#3660 = AXIS2_PLACEMENT_3D('',#3661,#3662,#3663);
#3661 = CARTESIAN_POINT('',(0.,0.,122.));
#3662 = DIRECTION('',(0.,0.,1.));
#3663 = DIRECTION('',(1.,0.,-0.));
#3664 = DEFINITIONAL_REPRESENTATION('',(#3665),#3669);
#3665 = LINE('',#3666,#3667);
#3666 = CARTESIAN_POINT('',(0.,0.));
#3667 = VECTOR('',#3668,1.);
#3668 = DIRECTION('',(0.,1.));
#3669 = ( GEOMETRIC_REPRESENTATION_CONTEXT(2) 
PARAMETRIC_REPRESENTATION_CONTEXT() REPRESENTATION_CONTEXT('2D SPACE',''
  ) );
#3670 = ADVANCED_FACE('',(#3671),#3685,.T.);
#3671 = FACE_BOUND('',#3672,.T.);
#3672 = EDGE_LOOP('',(#3673,#3703,#3726,#3749));
#3673 = ORIENTED_EDGE('',*,*,#3674,.F.);
#3674 = EDGE_CURVE('',#3675,#3677,#3679,.T.);
#3675 = VERTEX_POINT('',#3676);
#3676 = CARTESIAN_POINT('',(142.,0.,0.));
#3677 = VERTEX_POINT('',#3678);
#3678 = CARTESIAN_POINT('',(142.,0.,122.));
#3679 = SURFACE_CURVE('',#3680,(#3684,#3696),.PCURVE_S1.);
#3680 = LINE('',#3681,#3682);
#3681 = CARTESIAN_POINT('',(142.,0.,0.));
#3682 = VECTOR('',#3683,1.);
#3683 = DIRECTION('',(0.,0.,1.));
#3684 = PCURVE('',#3685,#3690);
#3685 = PLANE('',#3686);
#3686 = AXIS2_PLACEMENT_3D('',#3687,#3688,#3689);
#3687 = CARTESIAN_POINT('',(142.,0.,0.));
#3688 = DIRECTION('',(1.,0.,-0.));
#3689 = DIRECTION('',(0.,0.,1.));
#3690 = DEFINITIONAL_REPRESENTATION('',(#3691),#3695);
#3691 = LINE('',#3692,#3693);
#3692 = CARTESIAN_POINT('',(0.,0.));
#3693 = VECTOR('',#3694,1.);
#3694 = DIRECTION('',(1.,0.));
#3695 = ( GEOMETRIC_REPRESENTATION_CONTEXT(2) 
PARAMETRIC_REPRESENTATION_CONTEXT() REPRESENTATION_CONTEXT('2D SPACE',''
  ) );
#3696 = PCURVE('',#3577,#3697);
#3697 = DEFINITIONAL_REPRESENTATION('',(#3698),#3702);
#3698 = LINE('',#3699,#3700);
#3699 = CARTESIAN_POINT('',(0.,142.));
#3700 = VECTOR('',#3701,1.);
#3701 = DIRECTION('',(1.,0.));
#3702 = ( GEOMETRIC_REPRESENTATION_CONTEXT(2) 
PARAMETRIC_REPRESENTATION_CONTEXT() REPRESENTATION_CONTEXT('2D SPACE',''
  ) );
#3703 = ORIENTED_EDGE('',*,*,#3704,.T.);
#3704 = EDGE_CURVE('',#3675,#3705,#3707,.T.);
#3705 = VERTEX_POINT('',#3706);
#3706 = CARTESIAN_POINT('',(142.,122.,0.));
#3707 = SURFACE_CURVE('',#3708,(#3712,#3719),.PCURVE_S1.);
#3708 = LINE('',#3709,#3710);
#3709 = CARTESIAN_POINT('',(142.,0.,0.));
#3710 = VECTOR('',#3711,1.);
#3711 = DIRECTION('',(-0.,1.,0.));
#3712 = PCURVE('',#3685,#3713);
#3713 = DEFINITIONAL_REPRESENTATION('',(#3714),#3718);
#3714 = LINE('',#3715,#3716);
#3715 = CARTESIAN_POINT('',(0.,0.));
#3716 = VECTOR('',#3717,1.);
#3717 = DIRECTION('',(0.,-1.));
#3718 = ( GEOMETRIC_REPRESENTATION_CONTEXT(2) 
PARAMETRIC_REPRESENTATION_CONTEXT() REPRESENTATION_CONTEXT('2D SPACE',''
  ) );
#3719 = PCURVE('',#3605,#3720);
#3720 = DEFINITIONAL_REPRESENTATION('',(#3721),#3725);
#3721 = LINE('',#3722,#3723);
#3722 = CARTESIAN_POINT('',(142.,0.));
#3723 = VECTOR('',#3724,1.);
#3724 = DIRECTION('',(0.,1.));
#3725 = ( GEOMETRIC_REPRESENTATION_CONTEXT(2) 
PARAMETRIC_REPRESENTATION_CONTEXT() REPRESENTATION_CONTEXT('2D SPACE',''
  ) );
#3726 = ORIENTED_EDGE('',*,*,#3727,.T.);
#3727 = EDGE_CURVE('',#3705,#3728,#3730,.T.);
#3728 = VERTEX_POINT('',#3729);
#3729 = CARTESIAN_POINT('',(142.,122.,122.));
#3730 = SURFACE_CURVE('',#3731,(#3735,#3742),.PCURVE_S1.);
#3731 = LINE('',#3732,#3733);
#3732 = CARTESIAN_POINT('',(142.,122.,0.));
#3733 = VECTOR('',#3734,1.);
#3734 = DIRECTION('',(0.,0.,1.));
#3735 = PCURVE('',#3685,#3736);
#3736 = DEFINITIONAL_REPRESENTATION('',(#3737),#3741);
#3737 = LINE('',#3738,#3739);
#3738 = CARTESIAN_POINT('',(0.,-122.));
#3739 = VECTOR('',#3740,1.);
#3740 = DIRECTION('',(1.,0.));
#3741 = ( GEOMETRIC_REPRESENTATION_CONTEXT(2) 
PARAMETRIC_REPRESENTATION_CONTEXT() REPRESENTATION_CONTEXT('2D SPACE',''
  ) );
#3742 = PCURVE('',#3633,#3743);
#3743 = DEFINITIONAL_REPRESENTATION('',(#3744),#3748);
#3744 = LINE('',#3745,#3746);
#3745 = CARTESIAN_POINT('',(0.,142.));
#3746 = VECTOR('',#3747,1.);
#3747 = DIRECTION('',(1.,0.));
#3748 = ( GEOMETRIC_REPRESENTATION_CONTEXT(2) 
PARAMETRIC_REPRESENTATION_CONTEXT() REPRESENTATION_CONTEXT('2D SPACE',''
  ) );
#3749 = ORIENTED_EDGE('',*,*,#3750,.F.);
#3750 = EDGE_CURVE('',#3677,#3728,#3751,.T.);
#3751 = SURFACE_CURVE('',#3752,(#3756,#3763),.PCURVE_S1.);
#3752 = LINE('',#3753,#3754);
#3753 = CARTESIAN_POINT('',(142.,0.,122.));
#3754 = VECTOR('',#3755,1.);
#3755 = DIRECTION('',(-0.,1.,0.));
#3756 = PCURVE('',#3685,#3757);
#3757 = DEFINITIONAL_REPRESENTATION('',(#3758),#3762);
#3758 = LINE('',#3759,#3760);
#3759 = CARTESIAN_POINT('',(122.,0.));
#3760 = VECTOR('',#3761,1.);
#3761 = DIRECTION('',(0.,-1.));
#3762 = ( GEOMETRIC_REPRESENTATION_CONTEXT(2) 
PARAMETRIC_REPRESENTATION_CONTEXT() REPRESENTATION_CONTEXT('2D SPACE',''
  ) );
#3763 = PCURVE('',#3659,#3764);
#3764 = DEFINITIONAL_REPRESENTATION('',(#3765),#3769);
#3765 = LINE('',#3766,#3767);
#3766 = CARTESIAN_POINT('',(142.,0.));
#3767 = VECTOR('',#3768,1.);
#3768 = DIRECTION('',(0.,1.));
#3769 = ( GEOMETRIC_REPRESENTATION_CONTEXT(2) 
PARAMETRIC_REPRESENTATION_CONTEXT() REPRESENTATION_CONTEXT('2D SPACE',''
  ) );
#3770 = ADVANCED_FACE('',(#3771),#3577,.F.);
#3771 = FACE_BOUND('',#3772,.F.);
#3772 = EDGE_LOOP('',(#3773,#3794,#3795,#3816));
#3773 = ORIENTED_EDGE('',*,*,#3774,.F.);
#3774 = EDGE_CURVE('',#3555,#3675,#3775,.T.);
#3775 = SURFACE_CURVE('',#3776,(#3780,#3787),.PCURVE_S1.);
#3776 = LINE('',#3777,#3778);
#3777 = CARTESIAN_POINT('',(0.,0.,0.));
#3778 = VECTOR('',#3779,1.);
#3779 = DIRECTION('',(1.,0.,-0.));
#3780 = PCURVE('',#3577,#3781);
#3781 = DEFINITIONAL_REPRESENTATION('',(#3782),#3786);
#3782 = LINE('',#3783,#3784);
#3783 = CARTESIAN_POINT('',(0.,0.));
#3784 = VECTOR('',#3785,1.);
#3785 = DIRECTION('',(0.,1.));
#3786 = ( GEOMETRIC_REPRESENTATION_CONTEXT(2) 
PARAMETRIC_REPRESENTATION_CONTEXT() REPRESENTATION_CONTEXT('2D SPACE',''
  ) );
#3787 = PCURVE('',#3605,#3788);
#3788 = DEFINITIONAL_REPRESENTATION('',(#3789),#3793);
#3789 = LINE('',#3790,#3791);
#3790 = CARTESIAN_POINT('',(0.,0.));
#3791 = VECTOR('',#3792,1.);
#3792 = DIRECTION('',(1.,0.));
#3793 = ( GEOMETRIC_REPRESENTATION_CONTEXT(2) 
PARAMETRIC_REPRESENTATION_CONTEXT() REPRESENTATION_CONTEXT('2D SPACE',''
  ) );
#3794 = ORIENTED_EDGE('',*,*,#3554,.T.);
#3795 = ORIENTED_EDGE('',*,*,#3796,.T.);
#3796 = EDGE_CURVE('',#3557,#3677,#3797,.T.);
#3797 = SURFACE_CURVE('',#3798,(#3802,#3809),.PCURVE_S1.);
#3798 = LINE('',#3799,#3800);
#3799 = CARTESIAN_POINT('',(0.,0.,122.));
#3800 = VECTOR('',#3801,1.);
#3801 = DIRECTION('',(1.,0.,-0.));
#3802 = PCURVE('',#3577,#3803);
#3803 = DEFINITIONAL_REPRESENTATION('',(#3804),#3808);
#3804 = LINE('',#3805,#3806);
#3805 = CARTESIAN_POINT('',(122.,0.));
#3806 = VECTOR('',#3807,1.);
#3807 = DIRECTION('',(0.,1.));
#3808 = ( GEOMETRIC_REPRESENTATION_CONTEXT(2) 
PARAMETRIC_REPRESENTATION_CONTEXT() REPRESENTATION_CONTEXT('2D SPACE',''
  ) );
#3809 = PCURVE('',#3659,#3810);
#3810 = DEFINITIONAL_REPRESENTATION('',(#3811),#3815);
#3811 = LINE('',#3812,#3813);
#3812 = CARTESIAN_POINT('',(0.,0.));
#3813 = VECTOR('',#3814,1.);
#3814 = DIRECTION('',(1.,0.));
#3815 = ( GEOMETRIC_REPRESENTATION_CONTEXT(2) 
PARAMETRIC_REPRESENTATION_CONTEXT() REPRESENTATION_CONTEXT('2D SPACE',''
  ) );
#3816 = ORIENTED_EDGE('',*,*,#3674,.F.);
#3817 = ADVANCED_FACE('',(#3818),#3633,.T.);
#3818 = FACE_BOUND('',#3819,.T.);
#3819 = EDGE_LOOP('',(#3820,#3841,#3842,#3863));
#3820 = ORIENTED_EDGE('',*,*,#3821,.F.);
#3821 = EDGE_CURVE('',#3590,#3705,#3822,.T.);
#3822 = SURFACE_CURVE('',#3823,(#3827,#3834),.PCURVE_S1.);
#3823 = LINE('',#3824,#3825);
#3824 = CARTESIAN_POINT('',(0.,122.,0.));
#3825 = VECTOR('',#3826,1.);
#3826 = DIRECTION('',(1.,0.,-0.));
#3827 = PCURVE('',#3633,#3828);
#3828 = DEFINITIONAL_REPRESENTATION('',(#3829),#3833);
#3829 = LINE('',#3830,#3831);
#3830 = CARTESIAN_POINT('',(0.,0.));
#3831 = VECTOR('',#3832,1.);
#3832 = DIRECTION('',(0.,1.));
#3833 = ( GEOMETRIC_REPRESENTATION_CONTEXT(2) 
PARAMETRIC_REPRESENTATION_CONTEXT() REPRESENTATION_CONTEXT('2D SPACE',''
  ) );
#3834 = PCURVE('',#3605,#3835);
#3835 = DEFINITIONAL_REPRESENTATION('',(#3836),#3840);
#3836 = LINE('',#3837,#3838);
#3837 = CARTESIAN_POINT('',(0.,122.));
#3838 = VECTOR('',#3839,1.);
#3839 = DIRECTION('',(1.,0.));
#3840 = ( GEOMETRIC_REPRESENTATION_CONTEXT(2) 
PARAMETRIC_REPRESENTATION_CONTEXT() REPRESENTATION_CONTEXT('2D SPACE',''
  ) );
#3841 = ORIENTED_EDGE('',*,*,#3617,.T.);
#3842 = ORIENTED_EDGE('',*,*,#3843,.T.);
#3843 = EDGE_CURVE('',#3618,#3728,#3844,.T.);
#3844 = SURFACE_CURVE('',#3845,(#3849,#3856),.PCURVE_S1.);
#3845 = LINE('',#3846,#3847);
#3846 = CARTESIAN_POINT('',(0.,122.,122.));
#3847 = VECTOR('',#3848,1.);
#3848 = DIRECTION('',(1.,0.,-0.));
#3849 = PCURVE('',#3633,#3850);
#3850 = DEFINITIONAL_REPRESENTATION('',(#3851),#3855);
#3851 = LINE('',#3852,#3853);
#3852 = CARTESIAN_POINT('',(122.,0.));
#3853 = VECTOR('',#3854,1.);
#3854 = DIRECTION('',(0.,1.));
#3855 = ( GEOMETRIC_REPRESENTATION_CONTEXT(2) 
PARAMETRIC_REPRESENTATION_CONTEXT() REPRESENTATION_CONTEXT('2D SPACE',''
  ) );
#3856 = PCURVE('',#3659,#3857);
#3857 = DEFINITIONAL_REPRESENTATION('',(#3858),#3862);
#3858 = LINE('',#3859,#3860);
#3859 = CARTESIAN_POINT('',(0.,122.));
#3860 = VECTOR('',#3861,1.);
#3861 = DIRECTION('',(1.,0.));
#3862 = ( GEOMETRIC_REPRESENTATION_CONTEXT(2) 
PARAMETRIC_REPRESENTATION_CONTEXT() REPRESENTATION_CONTEXT('2D SPACE',''
  ) );
#3863 = ORIENTED_EDGE('',*,*,#3727,.F.);
#3864 = ADVANCED_FACE('',(#3865),#3605,.F.);
#3865 = FACE_BOUND('',#3866,.F.);
#3866 = EDGE_LOOP('',(#3867,#3868,#3869,#3870));
#3867 = ORIENTED_EDGE('',*,*,#3589,.F.);
#3868 = ORIENTED_EDGE('',*,*,#3774,.T.);
#3869 = ORIENTED_EDGE('',*,*,#3704,.T.);
#3870 = ORIENTED_EDGE('',*,*,#3821,.F.);
#3871 = ADVANCED_FACE('',(#3872),#3659,.T.);
#3872 = FACE_BOUND('',#3873,.T.);
#3873 = EDGE_LOOP('',(#3874,#3875,#3876,#3877));
#3874 = ORIENTED_EDGE('',*,*,#3645,.F.);
#3875 = ORIENTED_EDGE('',*,*,#3796,.T.);
#3876 = ORIENTED_EDGE('',*,*,#3750,.T.);
#3877 = ORIENTED_EDGE('',*,*,#3843,.F.);
#3878 = ( GEOMETRIC_REPRESENTATION_CONTEXT(3) 
GLOBAL_UNCERTAINTY_ASSIGNED_CONTEXT((#3882)) 
GLOBAL_UNIT_ASSIGNED_CONTEXT((#3879,#3880,#3881)) REPRESENTATION_CONTEXT
('Context #1','3D Context with UNIT and UNCERTAINTY') );
#3879 = ( LENGTH_UNIT() NAMED_UNIT(*) SI_UNIT(.MILLI.,.METRE.) );
#3880 = ( NAMED_UNIT(*) PLANE_ANGLE_UNIT() SI_UNIT($,.RADIAN.) );
#3881 = ( NAMED_UNIT(*) SI_UNIT($,.STERADIAN.) SOLID_ANGLE_UNIT() );
#3882 = UNCERTAINTY_MEASURE_WITH_UNIT(LENGTH_MEASURE(1.E-07),#3879,
  'distance_accuracy_value','confusion accuracy');
#3883 = CONTEXT_DEPENDENT_SHAPE_REPRESENTATION(#3884,#3886);
#3884 = ( REPRESENTATION_RELATIONSHIP('','',#3547,#3524) 
REPRESENTATION_RELATIONSHIP_WITH_TRANSFORMATION(#3885) 
SHAPE_REPRESENTATION_RELATIONSHIP() );
#3885 = ITEM_DEFINED_TRANSFORMATION('','',#11,#3525);
#3886 = PRODUCT_DEFINITION_SHAPE('Placement','Placement of an item',
  #3887);
#3887 = NEXT_ASSEMBLY_USAGE_OCCURRENCE('5','=>[0:1:1:7]','',#3519,#3542,
  $);
#3888 = PRODUCT_RELATED_PRODUCT_CATEGORY('part',$,(#3544));
#3889 = SHAPE_DEFINITION_REPRESENTATION(#3890,#3896);
#3890 = PRODUCT_DEFINITION_SHAPE('','',#3891);
#3891 = PRODUCT_DEFINITION('design','',#3892,#3895);
#3892 = PRODUCT_DEFINITION_FORMATION('','',#3893);
#3893 = PRODUCT('RASPBERRY_PI_REFERENCE','RASPBERRY_PI_REFERENCE','',(
    #3894));
#3894 = PRODUCT_CONTEXT('',#2,'mechanical');
#3895 = PRODUCT_DEFINITION_CONTEXT('part definition',#2,'design');
#3896 = SHAPE_REPRESENTATION('',(#11,#3897),#3901);
#3897 = AXIS2_PLACEMENT_3D('',#3898,#3899,#3900);
#3898 = CARTESIAN_POINT('',(24.,39.,4.));
#3899 = DIRECTION('',(0.,0.,1.));
#3900 = DIRECTION('',(1.,0.,-0.));
#3901 = ( GEOMETRIC_REPRESENTATION_CONTEXT(3) 
GLOBAL_UNCERTAINTY_ASSIGNED_CONTEXT((#3905)) 
GLOBAL_UNIT_ASSIGNED_CONTEXT((#3902,#3903,#3904)) REPRESENTATION_CONTEXT
('Context #1','3D Context with UNIT and UNCERTAINTY') );
#3902 = ( LENGTH_UNIT() NAMED_UNIT(*) SI_UNIT(.MILLI.,.METRE.) );
#3903 = ( NAMED_UNIT(*) PLANE_ANGLE_UNIT() SI_UNIT($,.RADIAN.) );
#3904 = ( NAMED_UNIT(*) SI_UNIT($,.STERADIAN.) SOLID_ANGLE_UNIT() );
#3905 = UNCERTAINTY_MEASURE_WITH_UNIT(LENGTH_MEASURE(1.E-07),#3902,
  'distance_accuracy_value','confusion accuracy');
#3906 = CONTEXT_DEPENDENT_SHAPE_REPRESENTATION(#3907,#3909);
#3907 = ( REPRESENTATION_RELATIONSHIP('','',#3896,#10) 
REPRESENTATION_RELATIONSHIP_WITH_TRANSFORMATION(#3908) 
SHAPE_REPRESENTATION_RELATIONSHIP() );
#3908 = ITEM_DEFINED_TRANSFORMATION('','',#11,#27);
#3909 = PRODUCT_DEFINITION_SHAPE('Placement','Placement of an item',
  #3910);
#3910 = NEXT_ASSEMBLY_USAGE_OCCURRENCE('8','RASPBERRY_PI_REFERENCE','',
  #5,#3891,$);
#3911 = PRODUCT_RELATED_PRODUCT_CATEGORY('part',$,(#3893));
#3912 = SHAPE_DEFINITION_REPRESENTATION(#3913,#3919);
#3913 = PRODUCT_DEFINITION_SHAPE('','',#3914);
#3914 = PRODUCT_DEFINITION('design','',#3915,#3918);
#3915 = PRODUCT_DEFINITION_FORMATION('','',#3916);
#3916 = PRODUCT('SOLID','SOLID','',(#3917));
#3917 = PRODUCT_CONTEXT('',#2,'mechanical');
#3918 = PRODUCT_DEFINITION_CONTEXT('part definition',#2,'design');
#3919 = ADVANCED_BREP_SHAPE_REPRESENTATION('',(#11,#3920),#4250);
#3920 = MANIFOLD_SOLID_BREP('',#3921);
#3921 = CLOSED_SHELL('',(#3922,#4042,#4142,#4189,#4236,#4243));
#3922 = ADVANCED_FACE('',(#3923),#3937,.F.);
#3923 = FACE_BOUND('',#3924,.F.);
#3924 = EDGE_LOOP('',(#3925,#3960,#3988,#4016));
#3925 = ORIENTED_EDGE('',*,*,#3926,.F.);
#3926 = EDGE_CURVE('',#3927,#3929,#3931,.T.);
#3927 = VERTEX_POINT('',#3928);
#3928 = CARTESIAN_POINT('',(0.,0.,0.));
#3929 = VERTEX_POINT('',#3930);
#3930 = CARTESIAN_POINT('',(0.,0.,30.));
#3931 = SURFACE_CURVE('',#3932,(#3936,#3948),.PCURVE_S1.);
#3932 = LINE('',#3933,#3934);
#3933 = CARTESIAN_POINT('',(0.,0.,0.));
#3934 = VECTOR('',#3935,1.);
#3935 = DIRECTION('',(0.,0.,1.));
#3936 = PCURVE('',#3937,#3942);
#3937 = PLANE('',#3938);
#3938 = AXIS2_PLACEMENT_3D('',#3939,#3940,#3941);
#3939 = CARTESIAN_POINT('',(0.,0.,0.));
#3940 = DIRECTION('',(1.,0.,-0.));
#3941 = DIRECTION('',(0.,0.,1.));
#3942 = DEFINITIONAL_REPRESENTATION('',(#3943),#3947);
#3943 = LINE('',#3944,#3945);
#3944 = CARTESIAN_POINT('',(0.,0.));
#3945 = VECTOR('',#3946,1.);
#3946 = DIRECTION('',(1.,0.));
#3947 = ( GEOMETRIC_REPRESENTATION_CONTEXT(2) 
PARAMETRIC_REPRESENTATION_CONTEXT() REPRESENTATION_CONTEXT('2D SPACE',''
  ) );
#3948 = PCURVE('',#3949,#3954);
#3949 = PLANE('',#3950);
#3950 = AXIS2_PLACEMENT_3D('',#3951,#3952,#3953);
#3951 = CARTESIAN_POINT('',(0.,0.,0.));
#3952 = DIRECTION('',(-0.,1.,0.));
#3953 = DIRECTION('',(0.,0.,1.));
#3954 = DEFINITIONAL_REPRESENTATION('',(#3955),#3959);
#3955 = LINE('',#3956,#3957);
#3956 = CARTESIAN_POINT('',(0.,0.));
#3957 = VECTOR('',#3958,1.);
#3958 = DIRECTION('',(1.,0.));
#3959 = ( GEOMETRIC_REPRESENTATION_CONTEXT(2) 
PARAMETRIC_REPRESENTATION_CONTEXT() REPRESENTATION_CONTEXT('2D SPACE',''
  ) );
#3960 = ORIENTED_EDGE('',*,*,#3961,.T.);
#3961 = EDGE_CURVE('',#3927,#3962,#3964,.T.);
#3962 = VERTEX_POINT('',#3963);
#3963 = CARTESIAN_POINT('',(0.,56.,0.));
#3964 = SURFACE_CURVE('',#3965,(#3969,#3976),.PCURVE_S1.);
#3965 = LINE('',#3966,#3967);
#3966 = CARTESIAN_POINT('',(0.,0.,0.));
#3967 = VECTOR('',#3968,1.);
#3968 = DIRECTION('',(-0.,1.,0.));
#3969 = PCURVE('',#3937,#3970);
#3970 = DEFINITIONAL_REPRESENTATION('',(#3971),#3975);
#3971 = LINE('',#3972,#3973);
#3972 = CARTESIAN_POINT('',(0.,0.));
#3973 = VECTOR('',#3974,1.);
#3974 = DIRECTION('',(0.,-1.));
#3975 = ( GEOMETRIC_REPRESENTATION_CONTEXT(2) 
PARAMETRIC_REPRESENTATION_CONTEXT() REPRESENTATION_CONTEXT('2D SPACE',''
  ) );
#3976 = PCURVE('',#3977,#3982);
#3977 = PLANE('',#3978);
#3978 = AXIS2_PLACEMENT_3D('',#3979,#3980,#3981);
#3979 = CARTESIAN_POINT('',(0.,0.,0.));
#3980 = DIRECTION('',(0.,0.,1.));
#3981 = DIRECTION('',(1.,0.,-0.));
#3982 = DEFINITIONAL_REPRESENTATION('',(#3983),#3987);
#3983 = LINE('',#3984,#3985);
#3984 = CARTESIAN_POINT('',(0.,0.));
#3985 = VECTOR('',#3986,1.);
#3986 = DIRECTION('',(0.,1.));
#3987 = ( GEOMETRIC_REPRESENTATION_CONTEXT(2) 
PARAMETRIC_REPRESENTATION_CONTEXT() REPRESENTATION_CONTEXT('2D SPACE',''
  ) );
#3988 = ORIENTED_EDGE('',*,*,#3989,.T.);
#3989 = EDGE_CURVE('',#3962,#3990,#3992,.T.);
#3990 = VERTEX_POINT('',#3991);
#3991 = CARTESIAN_POINT('',(0.,56.,30.));
#3992 = SURFACE_CURVE('',#3993,(#3997,#4004),.PCURVE_S1.);
#3993 = LINE('',#3994,#3995);
#3994 = CARTESIAN_POINT('',(0.,56.,0.));
#3995 = VECTOR('',#3996,1.);
#3996 = DIRECTION('',(0.,0.,1.));
#3997 = PCURVE('',#3937,#3998);
#3998 = DEFINITIONAL_REPRESENTATION('',(#3999),#4003);
#3999 = LINE('',#4000,#4001);
#4000 = CARTESIAN_POINT('',(0.,-56.));
#4001 = VECTOR('',#4002,1.);
#4002 = DIRECTION('',(1.,0.));
#4003 = ( GEOMETRIC_REPRESENTATION_CONTEXT(2) 
PARAMETRIC_REPRESENTATION_CONTEXT() REPRESENTATION_CONTEXT('2D SPACE',''
  ) );
#4004 = PCURVE('',#4005,#4010);
#4005 = PLANE('',#4006);
#4006 = AXIS2_PLACEMENT_3D('',#4007,#4008,#4009);
#4007 = CARTESIAN_POINT('',(0.,56.,0.));
#4008 = DIRECTION('',(-0.,1.,0.));
#4009 = DIRECTION('',(0.,0.,1.));
#4010 = DEFINITIONAL_REPRESENTATION('',(#4011),#4015);
#4011 = LINE('',#4012,#4013);
#4012 = CARTESIAN_POINT('',(0.,0.));
#4013 = VECTOR('',#4014,1.);
#4014 = DIRECTION('',(1.,0.));
#4015 = ( GEOMETRIC_REPRESENTATION_CONTEXT(2) 
PARAMETRIC_REPRESENTATION_CONTEXT() REPRESENTATION_CONTEXT('2D SPACE',''
  ) );
#4016 = ORIENTED_EDGE('',*,*,#4017,.F.);
#4017 = EDGE_CURVE('',#3929,#3990,#4018,.T.);
#4018 = SURFACE_CURVE('',#4019,(#4023,#4030),.PCURVE_S1.);
#4019 = LINE('',#4020,#4021);
#4020 = CARTESIAN_POINT('',(0.,0.,30.));
#4021 = VECTOR('',#4022,1.);
#4022 = DIRECTION('',(-0.,1.,0.));
#4023 = PCURVE('',#3937,#4024);
#4024 = DEFINITIONAL_REPRESENTATION('',(#4025),#4029);
#4025 = LINE('',#4026,#4027);
#4026 = CARTESIAN_POINT('',(30.,0.));
#4027 = VECTOR('',#4028,1.);
#4028 = DIRECTION('',(0.,-1.));
#4029 = ( GEOMETRIC_REPRESENTATION_CONTEXT(2) 
PARAMETRIC_REPRESENTATION_CONTEXT() REPRESENTATION_CONTEXT('2D SPACE',''
  ) );
#4030 = PCURVE('',#4031,#4036);
#4031 = PLANE('',#4032);
#4032 = AXIS2_PLACEMENT_3D('',#4033,#4034,#4035);
#4033 = CARTESIAN_POINT('',(0.,0.,30.));
#4034 = DIRECTION('',(0.,0.,1.));
#4035 = DIRECTION('',(1.,0.,-0.));
#4036 = DEFINITIONAL_REPRESENTATION('',(#4037),#4041);
#4037 = LINE('',#4038,#4039);
#4038 = CARTESIAN_POINT('',(0.,0.));
#4039 = VECTOR('',#4040,1.);
#4040 = DIRECTION('',(0.,1.));
#4041 = ( GEOMETRIC_REPRESENTATION_CONTEXT(2) 
PARAMETRIC_REPRESENTATION_CONTEXT() REPRESENTATION_CONTEXT('2D SPACE',''
  ) );
#4042 = ADVANCED_FACE('',(#4043),#4057,.T.);
#4043 = FACE_BOUND('',#4044,.T.);
#4044 = EDGE_LOOP('',(#4045,#4075,#4098,#4121));
#4045 = ORIENTED_EDGE('',*,*,#4046,.F.);
#4046 = EDGE_CURVE('',#4047,#4049,#4051,.T.);
#4047 = VERTEX_POINT('',#4048);
#4048 = CARTESIAN_POINT('',(85.,0.,0.));
#4049 = VERTEX_POINT('',#4050);
#4050 = CARTESIAN_POINT('',(85.,0.,30.));
#4051 = SURFACE_CURVE('',#4052,(#4056,#4068),.PCURVE_S1.);
#4052 = LINE('',#4053,#4054);
#4053 = CARTESIAN_POINT('',(85.,0.,0.));
#4054 = VECTOR('',#4055,1.);
#4055 = DIRECTION('',(0.,0.,1.));
#4056 = PCURVE('',#4057,#4062);
#4057 = PLANE('',#4058);
#4058 = AXIS2_PLACEMENT_3D('',#4059,#4060,#4061);
#4059 = CARTESIAN_POINT('',(85.,0.,0.));
#4060 = DIRECTION('',(1.,0.,-0.));
#4061 = DIRECTION('',(0.,0.,1.));
#4062 = DEFINITIONAL_REPRESENTATION('',(#4063),#4067);
#4063 = LINE('',#4064,#4065);
#4064 = CARTESIAN_POINT('',(0.,0.));
#4065 = VECTOR('',#4066,1.);
#4066 = DIRECTION('',(1.,0.));
#4067 = ( GEOMETRIC_REPRESENTATION_CONTEXT(2) 
PARAMETRIC_REPRESENTATION_CONTEXT() REPRESENTATION_CONTEXT('2D SPACE',''
  ) );
#4068 = PCURVE('',#3949,#4069);
#4069 = DEFINITIONAL_REPRESENTATION('',(#4070),#4074);
#4070 = LINE('',#4071,#4072);
#4071 = CARTESIAN_POINT('',(0.,85.));
#4072 = VECTOR('',#4073,1.);
#4073 = DIRECTION('',(1.,0.));
#4074 = ( GEOMETRIC_REPRESENTATION_CONTEXT(2) 
PARAMETRIC_REPRESENTATION_CONTEXT() REPRESENTATION_CONTEXT('2D SPACE',''
  ) );
#4075 = ORIENTED_EDGE('',*,*,#4076,.T.);
#4076 = EDGE_CURVE('',#4047,#4077,#4079,.T.);
#4077 = VERTEX_POINT('',#4078);
#4078 = CARTESIAN_POINT('',(85.,56.,0.));
#4079 = SURFACE_CURVE('',#4080,(#4084,#4091),.PCURVE_S1.);
#4080 = LINE('',#4081,#4082);
#4081 = CARTESIAN_POINT('',(85.,0.,0.));
#4082 = VECTOR('',#4083,1.);
#4083 = DIRECTION('',(-0.,1.,0.));
#4084 = PCURVE('',#4057,#4085);
#4085 = DEFINITIONAL_REPRESENTATION('',(#4086),#4090);
#4086 = LINE('',#4087,#4088);
#4087 = CARTESIAN_POINT('',(0.,0.));
#4088 = VECTOR('',#4089,1.);
#4089 = DIRECTION('',(0.,-1.));
#4090 = ( GEOMETRIC_REPRESENTATION_CONTEXT(2) 
PARAMETRIC_REPRESENTATION_CONTEXT() REPRESENTATION_CONTEXT('2D SPACE',''
  ) );
#4091 = PCURVE('',#3977,#4092);
#4092 = DEFINITIONAL_REPRESENTATION('',(#4093),#4097);
#4093 = LINE('',#4094,#4095);
#4094 = CARTESIAN_POINT('',(85.,0.));
#4095 = VECTOR('',#4096,1.);
#4096 = DIRECTION('',(0.,1.));
#4097 = ( GEOMETRIC_REPRESENTATION_CONTEXT(2) 
PARAMETRIC_REPRESENTATION_CONTEXT() REPRESENTATION_CONTEXT('2D SPACE',''
  ) );
#4098 = ORIENTED_EDGE('',*,*,#4099,.T.);
#4099 = EDGE_CURVE('',#4077,#4100,#4102,.T.);
#4100 = VERTEX_POINT('',#4101);
#4101 = CARTESIAN_POINT('',(85.,56.,30.));
#4102 = SURFACE_CURVE('',#4103,(#4107,#4114),.PCURVE_S1.);
#4103 = LINE('',#4104,#4105);
#4104 = CARTESIAN_POINT('',(85.,56.,0.));
#4105 = VECTOR('',#4106,1.);
#4106 = DIRECTION('',(0.,0.,1.));
#4107 = PCURVE('',#4057,#4108);
#4108 = DEFINITIONAL_REPRESENTATION('',(#4109),#4113);
#4109 = LINE('',#4110,#4111);
#4110 = CARTESIAN_POINT('',(0.,-56.));
#4111 = VECTOR('',#4112,1.);
#4112 = DIRECTION('',(1.,0.));
#4113 = ( GEOMETRIC_REPRESENTATION_CONTEXT(2) 
PARAMETRIC_REPRESENTATION_CONTEXT() REPRESENTATION_CONTEXT('2D SPACE',''
  ) );
#4114 = PCURVE('',#4005,#4115);
#4115 = DEFINITIONAL_REPRESENTATION('',(#4116),#4120);
#4116 = LINE('',#4117,#4118);
#4117 = CARTESIAN_POINT('',(0.,85.));
#4118 = VECTOR('',#4119,1.);
#4119 = DIRECTION('',(1.,0.));
#4120 = ( GEOMETRIC_REPRESENTATION_CONTEXT(2) 
PARAMETRIC_REPRESENTATION_CONTEXT() REPRESENTATION_CONTEXT('2D SPACE',''
  ) );
#4121 = ORIENTED_EDGE('',*,*,#4122,.F.);
#4122 = EDGE_CURVE('',#4049,#4100,#4123,.T.);
#4123 = SURFACE_CURVE('',#4124,(#4128,#4135),.PCURVE_S1.);
#4124 = LINE('',#4125,#4126);
#4125 = CARTESIAN_POINT('',(85.,0.,30.));
#4126 = VECTOR('',#4127,1.);
#4127 = DIRECTION('',(-0.,1.,0.));
#4128 = PCURVE('',#4057,#4129);
#4129 = DEFINITIONAL_REPRESENTATION('',(#4130),#4134);
#4130 = LINE('',#4131,#4132);
#4131 = CARTESIAN_POINT('',(30.,0.));
#4132 = VECTOR('',#4133,1.);
#4133 = DIRECTION('',(0.,-1.));
#4134 = ( GEOMETRIC_REPRESENTATION_CONTEXT(2) 
PARAMETRIC_REPRESENTATION_CONTEXT() REPRESENTATION_CONTEXT('2D SPACE',''
  ) );
#4135 = PCURVE('',#4031,#4136);
#4136 = DEFINITIONAL_REPRESENTATION('',(#4137),#4141);
#4137 = LINE('',#4138,#4139);
#4138 = CARTESIAN_POINT('',(85.,0.));
#4139 = VECTOR('',#4140,1.);
#4140 = DIRECTION('',(0.,1.));
#4141 = ( GEOMETRIC_REPRESENTATION_CONTEXT(2) 
PARAMETRIC_REPRESENTATION_CONTEXT() REPRESENTATION_CONTEXT('2D SPACE',''
  ) );
#4142 = ADVANCED_FACE('',(#4143),#3949,.F.);
#4143 = FACE_BOUND('',#4144,.F.);
#4144 = EDGE_LOOP('',(#4145,#4166,#4167,#4188));
#4145 = ORIENTED_EDGE('',*,*,#4146,.F.);
#4146 = EDGE_CURVE('',#3927,#4047,#4147,.T.);
#4147 = SURFACE_CURVE('',#4148,(#4152,#4159),.PCURVE_S1.);
#4148 = LINE('',#4149,#4150);
#4149 = CARTESIAN_POINT('',(0.,0.,0.));
#4150 = VECTOR('',#4151,1.);
#4151 = DIRECTION('',(1.,0.,-0.));
#4152 = PCURVE('',#3949,#4153);
#4153 = DEFINITIONAL_REPRESENTATION('',(#4154),#4158);
#4154 = LINE('',#4155,#4156);
#4155 = CARTESIAN_POINT('',(0.,0.));
#4156 = VECTOR('',#4157,1.);
#4157 = DIRECTION('',(0.,1.));
#4158 = ( GEOMETRIC_REPRESENTATION_CONTEXT(2) 
PARAMETRIC_REPRESENTATION_CONTEXT() REPRESENTATION_CONTEXT('2D SPACE',''
  ) );
#4159 = PCURVE('',#3977,#4160);
#4160 = DEFINITIONAL_REPRESENTATION('',(#4161),#4165);
#4161 = LINE('',#4162,#4163);
#4162 = CARTESIAN_POINT('',(0.,0.));
#4163 = VECTOR('',#4164,1.);
#4164 = DIRECTION('',(1.,0.));
#4165 = ( GEOMETRIC_REPRESENTATION_CONTEXT(2) 
PARAMETRIC_REPRESENTATION_CONTEXT() REPRESENTATION_CONTEXT('2D SPACE',''
  ) );
#4166 = ORIENTED_EDGE('',*,*,#3926,.T.);
#4167 = ORIENTED_EDGE('',*,*,#4168,.T.);
#4168 = EDGE_CURVE('',#3929,#4049,#4169,.T.);
#4169 = SURFACE_CURVE('',#4170,(#4174,#4181),.PCURVE_S1.);
#4170 = LINE('',#4171,#4172);
#4171 = CARTESIAN_POINT('',(0.,0.,30.));
#4172 = VECTOR('',#4173,1.);
#4173 = DIRECTION('',(1.,0.,-0.));
#4174 = PCURVE('',#3949,#4175);
#4175 = DEFINITIONAL_REPRESENTATION('',(#4176),#4180);
#4176 = LINE('',#4177,#4178);
#4177 = CARTESIAN_POINT('',(30.,0.));
#4178 = VECTOR('',#4179,1.);
#4179 = DIRECTION('',(0.,1.));
#4180 = ( GEOMETRIC_REPRESENTATION_CONTEXT(2) 
PARAMETRIC_REPRESENTATION_CONTEXT() REPRESENTATION_CONTEXT('2D SPACE',''
  ) );
#4181 = PCURVE('',#4031,#4182);
#4182 = DEFINITIONAL_REPRESENTATION('',(#4183),#4187);
#4183 = LINE('',#4184,#4185);
#4184 = CARTESIAN_POINT('',(0.,0.));
#4185 = VECTOR('',#4186,1.);
#4186 = DIRECTION('',(1.,0.));
#4187 = ( GEOMETRIC_REPRESENTATION_CONTEXT(2) 
PARAMETRIC_REPRESENTATION_CONTEXT() REPRESENTATION_CONTEXT('2D SPACE',''
  ) );
#4188 = ORIENTED_EDGE('',*,*,#4046,.F.);
#4189 = ADVANCED_FACE('',(#4190),#4005,.T.);
#4190 = FACE_BOUND('',#4191,.T.);
#4191 = EDGE_LOOP('',(#4192,#4213,#4214,#4235));
#4192 = ORIENTED_EDGE('',*,*,#4193,.F.);
#4193 = EDGE_CURVE('',#3962,#4077,#4194,.T.);
#4194 = SURFACE_CURVE('',#4195,(#4199,#4206),.PCURVE_S1.);
#4195 = LINE('',#4196,#4197);
#4196 = CARTESIAN_POINT('',(0.,56.,0.));
#4197 = VECTOR('',#4198,1.);
#4198 = DIRECTION('',(1.,0.,-0.));
#4199 = PCURVE('',#4005,#4200);
#4200 = DEFINITIONAL_REPRESENTATION('',(#4201),#4205);
#4201 = LINE('',#4202,#4203);
#4202 = CARTESIAN_POINT('',(0.,0.));
#4203 = VECTOR('',#4204,1.);
#4204 = DIRECTION('',(0.,1.));
#4205 = ( GEOMETRIC_REPRESENTATION_CONTEXT(2) 
PARAMETRIC_REPRESENTATION_CONTEXT() REPRESENTATION_CONTEXT('2D SPACE',''
  ) );
#4206 = PCURVE('',#3977,#4207);
#4207 = DEFINITIONAL_REPRESENTATION('',(#4208),#4212);
#4208 = LINE('',#4209,#4210);
#4209 = CARTESIAN_POINT('',(0.,56.));
#4210 = VECTOR('',#4211,1.);
#4211 = DIRECTION('',(1.,0.));
#4212 = ( GEOMETRIC_REPRESENTATION_CONTEXT(2) 
PARAMETRIC_REPRESENTATION_CONTEXT() REPRESENTATION_CONTEXT('2D SPACE',''
  ) );
#4213 = ORIENTED_EDGE('',*,*,#3989,.T.);
#4214 = ORIENTED_EDGE('',*,*,#4215,.T.);
#4215 = EDGE_CURVE('',#3990,#4100,#4216,.T.);
#4216 = SURFACE_CURVE('',#4217,(#4221,#4228),.PCURVE_S1.);
#4217 = LINE('',#4218,#4219);
#4218 = CARTESIAN_POINT('',(0.,56.,30.));
#4219 = VECTOR('',#4220,1.);
#4220 = DIRECTION('',(1.,0.,-0.));
#4221 = PCURVE('',#4005,#4222);
#4222 = DEFINITIONAL_REPRESENTATION('',(#4223),#4227);
#4223 = LINE('',#4224,#4225);
#4224 = CARTESIAN_POINT('',(30.,0.));
#4225 = VECTOR('',#4226,1.);
#4226 = DIRECTION('',(0.,1.));
#4227 = ( GEOMETRIC_REPRESENTATION_CONTEXT(2) 
PARAMETRIC_REPRESENTATION_CONTEXT() REPRESENTATION_CONTEXT('2D SPACE',''
  ) );
#4228 = PCURVE('',#4031,#4229);
#4229 = DEFINITIONAL_REPRESENTATION('',(#4230),#4234);
#4230 = LINE('',#4231,#4232);
#4231 = CARTESIAN_POINT('',(0.,56.));
#4232 = VECTOR('',#4233,1.);
#4233 = DIRECTION('',(1.,0.));
#4234 = ( GEOMETRIC_REPRESENTATION_CONTEXT(2) 
PARAMETRIC_REPRESENTATION_CONTEXT() REPRESENTATION_CONTEXT('2D SPACE',''
  ) );
#4235 = ORIENTED_EDGE('',*,*,#4099,.F.);
#4236 = ADVANCED_FACE('',(#4237),#3977,.F.);
#4237 = FACE_BOUND('',#4238,.F.);
#4238 = EDGE_LOOP('',(#4239,#4240,#4241,#4242));
#4239 = ORIENTED_EDGE('',*,*,#3961,.F.);
#4240 = ORIENTED_EDGE('',*,*,#4146,.T.);
#4241 = ORIENTED_EDGE('',*,*,#4076,.T.);
#4242 = ORIENTED_EDGE('',*,*,#4193,.F.);
#4243 = ADVANCED_FACE('',(#4244),#4031,.T.);
#4244 = FACE_BOUND('',#4245,.T.);
#4245 = EDGE_LOOP('',(#4246,#4247,#4248,#4249));
#4246 = ORIENTED_EDGE('',*,*,#4017,.F.);
#4247 = ORIENTED_EDGE('',*,*,#4168,.T.);
#4248 = ORIENTED_EDGE('',*,*,#4122,.T.);
#4249 = ORIENTED_EDGE('',*,*,#4215,.F.);
#4250 = ( GEOMETRIC_REPRESENTATION_CONTEXT(3) 
GLOBAL_UNCERTAINTY_ASSIGNED_CONTEXT((#4254)) 
GLOBAL_UNIT_ASSIGNED_CONTEXT((#4251,#4252,#4253)) REPRESENTATION_CONTEXT
('Context #1','3D Context with UNIT and UNCERTAINTY') );
#4251 = ( LENGTH_UNIT() NAMED_UNIT(*) SI_UNIT(.MILLI.,.METRE.) );
#4252 = ( NAMED_UNIT(*) PLANE_ANGLE_UNIT() SI_UNIT($,.RADIAN.) );
#4253 = ( NAMED_UNIT(*) SI_UNIT($,.STERADIAN.) SOLID_ANGLE_UNIT() );
#4254 = UNCERTAINTY_MEASURE_WITH_UNIT(LENGTH_MEASURE(1.E-07),#4251,
  'distance_accuracy_value','confusion accuracy');
#4255 = CONTEXT_DEPENDENT_SHAPE_REPRESENTATION(#4256,#4258);
#4256 = ( REPRESENTATION_RELATIONSHIP('','',#3919,#3896) 
REPRESENTATION_RELATIONSHIP_WITH_TRANSFORMATION(#4257) 
SHAPE_REPRESENTATION_RELATIONSHIP() );
#4257 = ITEM_DEFINED_TRANSFORMATION('','',#11,#3897);
#4258 = PRODUCT_DEFINITION_SHAPE('Placement','Placement of an item',
  #4259);
#4259 = NEXT_ASSEMBLY_USAGE_OCCURRENCE('7','=>[0:1:1:9]','',#3891,#3914,
  $);
#4260 = PRODUCT_RELATED_PRODUCT_CATEGORY('part',$,(#3916));
#4261 = SHAPE_DEFINITION_REPRESENTATION(#4262,#4268);
#4262 = PRODUCT_DEFINITION_SHAPE('','',#4263);
#4263 = PRODUCT_DEFINITION('design','',#4264,#4267);
#4264 = PRODUCT_DEFINITION_FORMATION('','',#4265);
#4265 = PRODUCT('PSU_REFERENCE','PSU_REFERENCE','',(#4266));
#4266 = PRODUCT_CONTEXT('',#2,'mechanical');
#4267 = PRODUCT_DEFINITION_CONTEXT('part definition',#2,'design');
#4268 = SHAPE_REPRESENTATION('',(#11,#4269),#4273);
#4269 = AXIS2_PLACEMENT_3D('',#4270,#4271,#4272);
#4270 = CARTESIAN_POINT('',(24.,90.,4.));
#4271 = DIRECTION('',(0.,0.,1.));
#4272 = DIRECTION('',(1.,0.,-0.));
#4273 = ( GEOMETRIC_REPRESENTATION_CONTEXT(3) 
GLOBAL_UNCERTAINTY_ASSIGNED_CONTEXT((#4277)) 
GLOBAL_UNIT_ASSIGNED_CONTEXT((#4274,#4275,#4276)) REPRESENTATION_CONTEXT
('Context #1','3D Context with UNIT and UNCERTAINTY') );
#4274 = ( LENGTH_UNIT() NAMED_UNIT(*) SI_UNIT(.MILLI.,.METRE.) );
#4275 = ( NAMED_UNIT(*) PLANE_ANGLE_UNIT() SI_UNIT($,.RADIAN.) );
#4276 = ( NAMED_UNIT(*) SI_UNIT($,.STERADIAN.) SOLID_ANGLE_UNIT() );
#4277 = UNCERTAINTY_MEASURE_WITH_UNIT(LENGTH_MEASURE(1.E-07),#4274,
  'distance_accuracy_value','confusion accuracy');
#4278 = CONTEXT_DEPENDENT_SHAPE_REPRESENTATION(#4279,#4281);
#4279 = ( REPRESENTATION_RELATIONSHIP('','',#4268,#10) 
REPRESENTATION_RELATIONSHIP_WITH_TRANSFORMATION(#4280) 
SHAPE_REPRESENTATION_RELATIONSHIP() );
#4280 = ITEM_DEFINED_TRANSFORMATION('','',#11,#31);
#4281 = PRODUCT_DEFINITION_SHAPE('Placement','Placement of an item',
  #4282);
#4282 = NEXT_ASSEMBLY_USAGE_OCCURRENCE('10','PSU_REFERENCE','',#5,#4263,
  $);
#4283 = PRODUCT_RELATED_PRODUCT_CATEGORY('part',$,(#4265));
#4284 = SHAPE_DEFINITION_REPRESENTATION(#4285,#4291);
#4285 = PRODUCT_DEFINITION_SHAPE('','',#4286);
#4286 = PRODUCT_DEFINITION('design','',#4287,#4290);
#4287 = PRODUCT_DEFINITION_FORMATION('','',#4288);
#4288 = PRODUCT('SOLID','SOLID','',(#4289));
#4289 = PRODUCT_CONTEXT('',#2,'mechanical');
#4290 = PRODUCT_DEFINITION_CONTEXT('part definition',#2,'design');
#4291 = ADVANCED_BREP_SHAPE_REPRESENTATION('',(#11,#4292),#4622);
#4292 = MANIFOLD_SOLID_BREP('',#4293);
#4293 = CLOSED_SHELL('',(#4294,#4414,#4514,#4561,#4608,#4615));
#4294 = ADVANCED_FACE('',(#4295),#4309,.F.);
#4295 = FACE_BOUND('',#4296,.F.);
#4296 = EDGE_LOOP('',(#4297,#4332,#4360,#4388));
#4297 = ORIENTED_EDGE('',*,*,#4298,.F.);
#4298 = EDGE_CURVE('',#4299,#4301,#4303,.T.);
#4299 = VERTEX_POINT('',#4300);
#4300 = CARTESIAN_POINT('',(0.,0.,0.));
#4301 = VERTEX_POINT('',#4302);
#4302 = CARTESIAN_POINT('',(0.,0.,35.));
#4303 = SURFACE_CURVE('',#4304,(#4308,#4320),.PCURVE_S1.);
#4304 = LINE('',#4305,#4306);
#4305 = CARTESIAN_POINT('',(0.,0.,0.));
#4306 = VECTOR('',#4307,1.);
#4307 = DIRECTION('',(0.,0.,1.));
#4308 = PCURVE('',#4309,#4314);
#4309 = PLANE('',#4310);
#4310 = AXIS2_PLACEMENT_3D('',#4311,#4312,#4313);
#4311 = CARTESIAN_POINT('',(0.,0.,0.));
#4312 = DIRECTION('',(1.,0.,-0.));
#4313 = DIRECTION('',(0.,0.,1.));
#4314 = DEFINITIONAL_REPRESENTATION('',(#4315),#4319);
#4315 = LINE('',#4316,#4317);
#4316 = CARTESIAN_POINT('',(0.,0.));
#4317 = VECTOR('',#4318,1.);
#4318 = DIRECTION('',(1.,0.));
#4319 = ( GEOMETRIC_REPRESENTATION_CONTEXT(2) 
PARAMETRIC_REPRESENTATION_CONTEXT() REPRESENTATION_CONTEXT('2D SPACE',''
  ) );
#4320 = PCURVE('',#4321,#4326);
#4321 = PLANE('',#4322);
#4322 = AXIS2_PLACEMENT_3D('',#4323,#4324,#4325);
#4323 = CARTESIAN_POINT('',(0.,0.,0.));
#4324 = DIRECTION('',(-0.,1.,0.));
#4325 = DIRECTION('',(0.,0.,1.));
#4326 = DEFINITIONAL_REPRESENTATION('',(#4327),#4331);
#4327 = LINE('',#4328,#4329);
#4328 = CARTESIAN_POINT('',(0.,0.));
#4329 = VECTOR('',#4330,1.);
#4330 = DIRECTION('',(1.,0.));
#4331 = ( GEOMETRIC_REPRESENTATION_CONTEXT(2) 
PARAMETRIC_REPRESENTATION_CONTEXT() REPRESENTATION_CONTEXT('2D SPACE',''
  ) );
#4332 = ORIENTED_EDGE('',*,*,#4333,.T.);
#4333 = EDGE_CURVE('',#4299,#4334,#4336,.T.);
#4334 = VERTEX_POINT('',#4335);
#4335 = CARTESIAN_POINT('',(0.,55.,0.));
#4336 = SURFACE_CURVE('',#4337,(#4341,#4348),.PCURVE_S1.);
#4337 = LINE('',#4338,#4339);
#4338 = CARTESIAN_POINT('',(0.,0.,0.));
#4339 = VECTOR('',#4340,1.);
#4340 = DIRECTION('',(-0.,1.,0.));
#4341 = PCURVE('',#4309,#4342);
#4342 = DEFINITIONAL_REPRESENTATION('',(#4343),#4347);
#4343 = LINE('',#4344,#4345);
#4344 = CARTESIAN_POINT('',(0.,0.));
#4345 = VECTOR('',#4346,1.);
#4346 = DIRECTION('',(0.,-1.));
#4347 = ( GEOMETRIC_REPRESENTATION_CONTEXT(2) 
PARAMETRIC_REPRESENTATION_CONTEXT() REPRESENTATION_CONTEXT('2D SPACE',''
  ) );
#4348 = PCURVE('',#4349,#4354);
#4349 = PLANE('',#4350);
#4350 = AXIS2_PLACEMENT_3D('',#4351,#4352,#4353);
#4351 = CARTESIAN_POINT('',(0.,0.,0.));
#4352 = DIRECTION('',(0.,0.,1.));
#4353 = DIRECTION('',(1.,0.,-0.));
#4354 = DEFINITIONAL_REPRESENTATION('',(#4355),#4359);
#4355 = LINE('',#4356,#4357);
#4356 = CARTESIAN_POINT('',(0.,0.));
#4357 = VECTOR('',#4358,1.);
#4358 = DIRECTION('',(0.,1.));
#4359 = ( GEOMETRIC_REPRESENTATION_CONTEXT(2) 
PARAMETRIC_REPRESENTATION_CONTEXT() REPRESENTATION_CONTEXT('2D SPACE',''
  ) );
#4360 = ORIENTED_EDGE('',*,*,#4361,.T.);
#4361 = EDGE_CURVE('',#4334,#4362,#4364,.T.);
#4362 = VERTEX_POINT('',#4363);
#4363 = CARTESIAN_POINT('',(0.,55.,35.));
#4364 = SURFACE_CURVE('',#4365,(#4369,#4376),.PCURVE_S1.);
#4365 = LINE('',#4366,#4367);
#4366 = CARTESIAN_POINT('',(0.,55.,0.));
#4367 = VECTOR('',#4368,1.);
#4368 = DIRECTION('',(0.,0.,1.));
#4369 = PCURVE('',#4309,#4370);
#4370 = DEFINITIONAL_REPRESENTATION('',(#4371),#4375);
#4371 = LINE('',#4372,#4373);
#4372 = CARTESIAN_POINT('',(0.,-55.));
#4373 = VECTOR('',#4374,1.);
#4374 = DIRECTION('',(1.,0.));
#4375 = ( GEOMETRIC_REPRESENTATION_CONTEXT(2) 
PARAMETRIC_REPRESENTATION_CONTEXT() REPRESENTATION_CONTEXT('2D SPACE',''
  ) );
#4376 = PCURVE('',#4377,#4382);
#4377 = PLANE('',#4378);
#4378 = AXIS2_PLACEMENT_3D('',#4379,#4380,#4381);
#4379 = CARTESIAN_POINT('',(0.,55.,0.));
#4380 = DIRECTION('',(-0.,1.,0.));
#4381 = DIRECTION('',(0.,0.,1.));
#4382 = DEFINITIONAL_REPRESENTATION('',(#4383),#4387);
#4383 = LINE('',#4384,#4385);
#4384 = CARTESIAN_POINT('',(0.,0.));
#4385 = VECTOR('',#4386,1.);
#4386 = DIRECTION('',(1.,0.));
#4387 = ( GEOMETRIC_REPRESENTATION_CONTEXT(2) 
PARAMETRIC_REPRESENTATION_CONTEXT() REPRESENTATION_CONTEXT('2D SPACE',''
  ) );
#4388 = ORIENTED_EDGE('',*,*,#4389,.F.);
#4389 = EDGE_CURVE('',#4301,#4362,#4390,.T.);
#4390 = SURFACE_CURVE('',#4391,(#4395,#4402),.PCURVE_S1.);
#4391 = LINE('',#4392,#4393);
#4392 = CARTESIAN_POINT('',(0.,0.,35.));
#4393 = VECTOR('',#4394,1.);
#4394 = DIRECTION('',(-0.,1.,0.));
#4395 = PCURVE('',#4309,#4396);
#4396 = DEFINITIONAL_REPRESENTATION('',(#4397),#4401);
#4397 = LINE('',#4398,#4399);
#4398 = CARTESIAN_POINT('',(35.,0.));
#4399 = VECTOR('',#4400,1.);
#4400 = DIRECTION('',(0.,-1.));
#4401 = ( GEOMETRIC_REPRESENTATION_CONTEXT(2) 
PARAMETRIC_REPRESENTATION_CONTEXT() REPRESENTATION_CONTEXT('2D SPACE',''
  ) );
#4402 = PCURVE('',#4403,#4408);
#4403 = PLANE('',#4404);
#4404 = AXIS2_PLACEMENT_3D('',#4405,#4406,#4407);
#4405 = CARTESIAN_POINT('',(0.,0.,35.));
#4406 = DIRECTION('',(0.,0.,1.));
#4407 = DIRECTION('',(1.,0.,-0.));
#4408 = DEFINITIONAL_REPRESENTATION('',(#4409),#4413);
#4409 = LINE('',#4410,#4411);
#4410 = CARTESIAN_POINT('',(0.,0.));
#4411 = VECTOR('',#4412,1.);
#4412 = DIRECTION('',(0.,1.));
#4413 = ( GEOMETRIC_REPRESENTATION_CONTEXT(2) 
PARAMETRIC_REPRESENTATION_CONTEXT() REPRESENTATION_CONTEXT('2D SPACE',''
  ) );
#4414 = ADVANCED_FACE('',(#4415),#4429,.T.);
#4415 = FACE_BOUND('',#4416,.T.);
#4416 = EDGE_LOOP('',(#4417,#4447,#4470,#4493));
#4417 = ORIENTED_EDGE('',*,*,#4418,.F.);
#4418 = EDGE_CURVE('',#4419,#4421,#4423,.T.);
#4419 = VERTEX_POINT('',#4420);
#4420 = CARTESIAN_POINT('',(100.,0.,0.));
#4421 = VERTEX_POINT('',#4422);
#4422 = CARTESIAN_POINT('',(100.,0.,35.));
#4423 = SURFACE_CURVE('',#4424,(#4428,#4440),.PCURVE_S1.);
#4424 = LINE('',#4425,#4426);
#4425 = CARTESIAN_POINT('',(100.,0.,0.));
#4426 = VECTOR('',#4427,1.);
#4427 = DIRECTION('',(0.,0.,1.));
#4428 = PCURVE('',#4429,#4434);
#4429 = PLANE('',#4430);
#4430 = AXIS2_PLACEMENT_3D('',#4431,#4432,#4433);
#4431 = CARTESIAN_POINT('',(100.,0.,0.));
#4432 = DIRECTION('',(1.,0.,-0.));
#4433 = DIRECTION('',(0.,0.,1.));
#4434 = DEFINITIONAL_REPRESENTATION('',(#4435),#4439);
#4435 = LINE('',#4436,#4437);
#4436 = CARTESIAN_POINT('',(0.,0.));
#4437 = VECTOR('',#4438,1.);
#4438 = DIRECTION('',(1.,0.));
#4439 = ( GEOMETRIC_REPRESENTATION_CONTEXT(2) 
PARAMETRIC_REPRESENTATION_CONTEXT() REPRESENTATION_CONTEXT('2D SPACE',''
  ) );
#4440 = PCURVE('',#4321,#4441);
#4441 = DEFINITIONAL_REPRESENTATION('',(#4442),#4446);
#4442 = LINE('',#4443,#4444);
#4443 = CARTESIAN_POINT('',(0.,100.));
#4444 = VECTOR('',#4445,1.);
#4445 = DIRECTION('',(1.,0.));
#4446 = ( GEOMETRIC_REPRESENTATION_CONTEXT(2) 
PARAMETRIC_REPRESENTATION_CONTEXT() REPRESENTATION_CONTEXT('2D SPACE',''
  ) );
#4447 = ORIENTED_EDGE('',*,*,#4448,.T.);
#4448 = EDGE_CURVE('',#4419,#4449,#4451,.T.);
#4449 = VERTEX_POINT('',#4450);
#4450 = CARTESIAN_POINT('',(100.,55.,0.));
#4451 = SURFACE_CURVE('',#4452,(#4456,#4463),.PCURVE_S1.);
#4452 = LINE('',#4453,#4454);
#4453 = CARTESIAN_POINT('',(100.,0.,0.));
#4454 = VECTOR('',#4455,1.);
#4455 = DIRECTION('',(-0.,1.,0.));
#4456 = PCURVE('',#4429,#4457);
#4457 = DEFINITIONAL_REPRESENTATION('',(#4458),#4462);
#4458 = LINE('',#4459,#4460);
#4459 = CARTESIAN_POINT('',(0.,0.));
#4460 = VECTOR('',#4461,1.);
#4461 = DIRECTION('',(0.,-1.));
#4462 = ( GEOMETRIC_REPRESENTATION_CONTEXT(2) 
PARAMETRIC_REPRESENTATION_CONTEXT() REPRESENTATION_CONTEXT('2D SPACE',''
  ) );
#4463 = PCURVE('',#4349,#4464);
#4464 = DEFINITIONAL_REPRESENTATION('',(#4465),#4469);
#4465 = LINE('',#4466,#4467);
#4466 = CARTESIAN_POINT('',(100.,0.));
#4467 = VECTOR('',#4468,1.);
#4468 = DIRECTION('',(0.,1.));
#4469 = ( GEOMETRIC_REPRESENTATION_CONTEXT(2) 
PARAMETRIC_REPRESENTATION_CONTEXT() REPRESENTATION_CONTEXT('2D SPACE',''
  ) );
#4470 = ORIENTED_EDGE('',*,*,#4471,.T.);
#4471 = EDGE_CURVE('',#4449,#4472,#4474,.T.);
#4472 = VERTEX_POINT('',#4473);
#4473 = CARTESIAN_POINT('',(100.,55.,35.));
#4474 = SURFACE_CURVE('',#4475,(#4479,#4486),.PCURVE_S1.);
#4475 = LINE('',#4476,#4477);
#4476 = CARTESIAN_POINT('',(100.,55.,0.));
#4477 = VECTOR('',#4478,1.);
#4478 = DIRECTION('',(0.,0.,1.));
#4479 = PCURVE('',#4429,#4480);
#4480 = DEFINITIONAL_REPRESENTATION('',(#4481),#4485);
#4481 = LINE('',#4482,#4483);
#4482 = CARTESIAN_POINT('',(0.,-55.));
#4483 = VECTOR('',#4484,1.);
#4484 = DIRECTION('',(1.,0.));
#4485 = ( GEOMETRIC_REPRESENTATION_CONTEXT(2) 
PARAMETRIC_REPRESENTATION_CONTEXT() REPRESENTATION_CONTEXT('2D SPACE',''
  ) );
#4486 = PCURVE('',#4377,#4487);
#4487 = DEFINITIONAL_REPRESENTATION('',(#4488),#4492);
#4488 = LINE('',#4489,#4490);
#4489 = CARTESIAN_POINT('',(0.,100.));
#4490 = VECTOR('',#4491,1.);
#4491 = DIRECTION('',(1.,0.));
#4492 = ( GEOMETRIC_REPRESENTATION_CONTEXT(2) 
PARAMETRIC_REPRESENTATION_CONTEXT() REPRESENTATION_CONTEXT('2D SPACE',''
  ) );
#4493 = ORIENTED_EDGE('',*,*,#4494,.F.);
#4494 = EDGE_CURVE('',#4421,#4472,#4495,.T.);
#4495 = SURFACE_CURVE('',#4496,(#4500,#4507),.PCURVE_S1.);
#4496 = LINE('',#4497,#4498);
#4497 = CARTESIAN_POINT('',(100.,0.,35.));
#4498 = VECTOR('',#4499,1.);
#4499 = DIRECTION('',(-0.,1.,0.));
#4500 = PCURVE('',#4429,#4501);
#4501 = DEFINITIONAL_REPRESENTATION('',(#4502),#4506);
#4502 = LINE('',#4503,#4504);
#4503 = CARTESIAN_POINT('',(35.,0.));
#4504 = VECTOR('',#4505,1.);
#4505 = DIRECTION('',(0.,-1.));
#4506 = ( GEOMETRIC_REPRESENTATION_CONTEXT(2) 
PARAMETRIC_REPRESENTATION_CONTEXT() REPRESENTATION_CONTEXT('2D SPACE',''
  ) );
#4507 = PCURVE('',#4403,#4508);
#4508 = DEFINITIONAL_REPRESENTATION('',(#4509),#4513);
#4509 = LINE('',#4510,#4511);
#4510 = CARTESIAN_POINT('',(100.,0.));
#4511 = VECTOR('',#4512,1.);
#4512 = DIRECTION('',(0.,1.));
#4513 = ( GEOMETRIC_REPRESENTATION_CONTEXT(2) 
PARAMETRIC_REPRESENTATION_CONTEXT() REPRESENTATION_CONTEXT('2D SPACE',''
  ) );
#4514 = ADVANCED_FACE('',(#4515),#4321,.F.);
#4515 = FACE_BOUND('',#4516,.F.);
#4516 = EDGE_LOOP('',(#4517,#4538,#4539,#4560));
#4517 = ORIENTED_EDGE('',*,*,#4518,.F.);
#4518 = EDGE_CURVE('',#4299,#4419,#4519,.T.);
#4519 = SURFACE_CURVE('',#4520,(#4524,#4531),.PCURVE_S1.);
#4520 = LINE('',#4521,#4522);
#4521 = CARTESIAN_POINT('',(0.,0.,0.));
#4522 = VECTOR('',#4523,1.);
#4523 = DIRECTION('',(1.,0.,-0.));
#4524 = PCURVE('',#4321,#4525);
#4525 = DEFINITIONAL_REPRESENTATION('',(#4526),#4530);
#4526 = LINE('',#4527,#4528);
#4527 = CARTESIAN_POINT('',(0.,0.));
#4528 = VECTOR('',#4529,1.);
#4529 = DIRECTION('',(0.,1.));
#4530 = ( GEOMETRIC_REPRESENTATION_CONTEXT(2) 
PARAMETRIC_REPRESENTATION_CONTEXT() REPRESENTATION_CONTEXT('2D SPACE',''
  ) );
#4531 = PCURVE('',#4349,#4532);
#4532 = DEFINITIONAL_REPRESENTATION('',(#4533),#4537);
#4533 = LINE('',#4534,#4535);
#4534 = CARTESIAN_POINT('',(0.,0.));
#4535 = VECTOR('',#4536,1.);
#4536 = DIRECTION('',(1.,0.));
#4537 = ( GEOMETRIC_REPRESENTATION_CONTEXT(2) 
PARAMETRIC_REPRESENTATION_CONTEXT() REPRESENTATION_CONTEXT('2D SPACE',''
  ) );
#4538 = ORIENTED_EDGE('',*,*,#4298,.T.);
#4539 = ORIENTED_EDGE('',*,*,#4540,.T.);
#4540 = EDGE_CURVE('',#4301,#4421,#4541,.T.);
#4541 = SURFACE_CURVE('',#4542,(#4546,#4553),.PCURVE_S1.);
#4542 = LINE('',#4543,#4544);
#4543 = CARTESIAN_POINT('',(0.,0.,35.));
#4544 = VECTOR('',#4545,1.);
#4545 = DIRECTION('',(1.,0.,-0.));
#4546 = PCURVE('',#4321,#4547);
#4547 = DEFINITIONAL_REPRESENTATION('',(#4548),#4552);
#4548 = LINE('',#4549,#4550);
#4549 = CARTESIAN_POINT('',(35.,0.));
#4550 = VECTOR('',#4551,1.);
#4551 = DIRECTION('',(0.,1.));
#4552 = ( GEOMETRIC_REPRESENTATION_CONTEXT(2) 
PARAMETRIC_REPRESENTATION_CONTEXT() REPRESENTATION_CONTEXT('2D SPACE',''
  ) );
#4553 = PCURVE('',#4403,#4554);
#4554 = DEFINITIONAL_REPRESENTATION('',(#4555),#4559);
#4555 = LINE('',#4556,#4557);
#4556 = CARTESIAN_POINT('',(0.,0.));
#4557 = VECTOR('',#4558,1.);
#4558 = DIRECTION('',(1.,0.));
#4559 = ( GEOMETRIC_REPRESENTATION_CONTEXT(2) 
PARAMETRIC_REPRESENTATION_CONTEXT() REPRESENTATION_CONTEXT('2D SPACE',''
  ) );
#4560 = ORIENTED_EDGE('',*,*,#4418,.F.);
#4561 = ADVANCED_FACE('',(#4562),#4377,.T.);
#4562 = FACE_BOUND('',#4563,.T.);
#4563 = EDGE_LOOP('',(#4564,#4585,#4586,#4607));
#4564 = ORIENTED_EDGE('',*,*,#4565,.F.);
#4565 = EDGE_CURVE('',#4334,#4449,#4566,.T.);
#4566 = SURFACE_CURVE('',#4567,(#4571,#4578),.PCURVE_S1.);
#4567 = LINE('',#4568,#4569);
#4568 = CARTESIAN_POINT('',(0.,55.,0.));
#4569 = VECTOR('',#4570,1.);
#4570 = DIRECTION('',(1.,0.,-0.));
#4571 = PCURVE('',#4377,#4572);
#4572 = DEFINITIONAL_REPRESENTATION('',(#4573),#4577);
#4573 = LINE('',#4574,#4575);
#4574 = CARTESIAN_POINT('',(0.,0.));
#4575 = VECTOR('',#4576,1.);
#4576 = DIRECTION('',(0.,1.));
#4577 = ( GEOMETRIC_REPRESENTATION_CONTEXT(2) 
PARAMETRIC_REPRESENTATION_CONTEXT() REPRESENTATION_CONTEXT('2D SPACE',''
  ) );
#4578 = PCURVE('',#4349,#4579);
#4579 = DEFINITIONAL_REPRESENTATION('',(#4580),#4584);
#4580 = LINE('',#4581,#4582);
#4581 = CARTESIAN_POINT('',(0.,55.));
#4582 = VECTOR('',#4583,1.);
#4583 = DIRECTION('',(1.,0.));
#4584 = ( GEOMETRIC_REPRESENTATION_CONTEXT(2) 
PARAMETRIC_REPRESENTATION_CONTEXT() REPRESENTATION_CONTEXT('2D SPACE',''
  ) );
#4585 = ORIENTED_EDGE('',*,*,#4361,.T.);
#4586 = ORIENTED_EDGE('',*,*,#4587,.T.);
#4587 = EDGE_CURVE('',#4362,#4472,#4588,.T.);
#4588 = SURFACE_CURVE('',#4589,(#4593,#4600),.PCURVE_S1.);
#4589 = LINE('',#4590,#4591);
#4590 = CARTESIAN_POINT('',(0.,55.,35.));
#4591 = VECTOR('',#4592,1.);
#4592 = DIRECTION('',(1.,0.,-0.));
#4593 = PCURVE('',#4377,#4594);
#4594 = DEFINITIONAL_REPRESENTATION('',(#4595),#4599);
#4595 = LINE('',#4596,#4597);
#4596 = CARTESIAN_POINT('',(35.,0.));
#4597 = VECTOR('',#4598,1.);
#4598 = DIRECTION('',(0.,1.));
#4599 = ( GEOMETRIC_REPRESENTATION_CONTEXT(2) 
PARAMETRIC_REPRESENTATION_CONTEXT() REPRESENTATION_CONTEXT('2D SPACE',''
  ) );
#4600 = PCURVE('',#4403,#4601);
#4601 = DEFINITIONAL_REPRESENTATION('',(#4602),#4606);
#4602 = LINE('',#4603,#4604);
#4603 = CARTESIAN_POINT('',(0.,55.));
#4604 = VECTOR('',#4605,1.);
#4605 = DIRECTION('',(1.,0.));
#4606 = ( GEOMETRIC_REPRESENTATION_CONTEXT(2) 
PARAMETRIC_REPRESENTATION_CONTEXT() REPRESENTATION_CONTEXT('2D SPACE',''
  ) );
#4607 = ORIENTED_EDGE('',*,*,#4471,.F.);
#4608 = ADVANCED_FACE('',(#4609),#4349,.F.);
#4609 = FACE_BOUND('',#4610,.F.);
#4610 = EDGE_LOOP('',(#4611,#4612,#4613,#4614));
#4611 = ORIENTED_EDGE('',*,*,#4333,.F.);
#4612 = ORIENTED_EDGE('',*,*,#4518,.T.);
#4613 = ORIENTED_EDGE('',*,*,#4448,.T.);
#4614 = ORIENTED_EDGE('',*,*,#4565,.F.);
#4615 = ADVANCED_FACE('',(#4616),#4403,.T.);
#4616 = FACE_BOUND('',#4617,.T.);
#4617 = EDGE_LOOP('',(#4618,#4619,#4620,#4621));
#4618 = ORIENTED_EDGE('',*,*,#4389,.F.);
#4619 = ORIENTED_EDGE('',*,*,#4540,.T.);
#4620 = ORIENTED_EDGE('',*,*,#4494,.T.);
#4621 = ORIENTED_EDGE('',*,*,#4587,.F.);
#4622 = ( GEOMETRIC_REPRESENTATION_CONTEXT(3) 
GLOBAL_UNCERTAINTY_ASSIGNED_CONTEXT((#4626)) 
GLOBAL_UNIT_ASSIGNED_CONTEXT((#4623,#4624,#4625)) REPRESENTATION_CONTEXT
('Context #1','3D Context with UNIT and UNCERTAINTY') );
#4623 = ( LENGTH_UNIT() NAMED_UNIT(*) SI_UNIT(.MILLI.,.METRE.) );
#4624 = ( NAMED_UNIT(*) PLANE_ANGLE_UNIT() SI_UNIT($,.RADIAN.) );
#4625 = ( NAMED_UNIT(*) SI_UNIT($,.STERADIAN.) SOLID_ANGLE_UNIT() );
#4626 = UNCERTAINTY_MEASURE_WITH_UNIT(LENGTH_MEASURE(1.E-07),#4623,
  'distance_accuracy_value','confusion accuracy');
#4627 = CONTEXT_DEPENDENT_SHAPE_REPRESENTATION(#4628,#4630);
#4628 = ( REPRESENTATION_RELATIONSHIP('','',#4291,#4268) 
REPRESENTATION_RELATIONSHIP_WITH_TRANSFORMATION(#4629) 
SHAPE_REPRESENTATION_RELATIONSHIP() );
#4629 = ITEM_DEFINED_TRANSFORMATION('','',#11,#4269);
#4630 = PRODUCT_DEFINITION_SHAPE('Placement','Placement of an item',
  #4631);
#4631 = NEXT_ASSEMBLY_USAGE_OCCURRENCE('9','=>[0:1:1:11]','',#4263,#4286
  ,$);
#4632 = PRODUCT_RELATED_PRODUCT_CATEGORY('part',$,(#4288));
ENDSEC;
END-ISO-10303-21;
